id_parcela,ciclo_agricola,anomalia_predicha,anomaly_score,vol_total_m3_ha,n_eventos,vol_media_evento,vol_cv,max_gap_dias,costo_total_mxn,sistema_riego_num,ground_truth,tipo_anomalia_real
84cb8d9b-98e2-45bd-9d7e-beb70a27b3fa,OI-2024,1,-0.70779,16828.76,8.0,2103.595,0.3042,33.0,943516.3,0.0,1,AGRICULTOR_INEFICIENTE
84cb8d9b-98e2-45bd-9d7e-beb70a27b3fa,OI-2026,1,-0.67559,14456.26,8.0,1807.0325,0.5857,69.0,786242.98,0.0,1,AGRICULTOR_INEFICIENTE
6455e61d-8caf-4f10-939c-43bfc496bba0,OI-2023,1,-0.67042,9892.18,10.0,989.218,1.7607,77.0,502605.4,1.0,1,GAP_FALLA_EQUIPO
84cb8d9b-98e2-45bd-9d7e-beb70a27b3fa,PV-2025,1,-0.66763,14903.42,9.0,1655.9356,0.1925,42.0,825584.61,0.0,1,AGRICULTOR_INEFICIENTE
8dd75c08-6935-4e65-9ad3-e3872fb57333,PV-2025,1,-0.65704,14838.75,10.0,1483.875,1.5088,34.0,559495.29,0.0,1,SOBRE_RIEGO
5374f8cc-a791-41ed-8bd8-7bf2489fe200,PV-2026,1,-0.6569,18842.75,10.0,1884.275,1.0397,36.0,517354.02,0.0,1,SOBRE_RIEGO
9cf09513-1f3f-4105-afa9-7c5b2e337f45,OI-2022,1,-0.64609,16373.71,8.0,2046.7137,1.1806,42.0,256164.25,0.0,1,SOBRE_RIEGO
84cb8d9b-98e2-45bd-9d7e-beb70a27b3fa,PV-2026,1,-0.62811,13476.92,8.0,1684.615,0.4603,47.0,754662.18,0.0,1,AGRICULTOR_INEFICIENTE
20312ef3-0be2-4016-865f-3a96bc15510f,PV-2022,1,-0.62217,4854.99,29.0,167.4134,0.9172,15.0,70724.83,3.0,1,SOBRE_RIEGO
84cb8d9b-98e2-45bd-9d7e-beb70a27b3fa,PV-2021,1,-0.616,14350.43,13.0,1103.8792,0.8317,32.0,819025.46,0.0,1,AGRICULTOR_INEFICIENTE
dc122a8d-5138-4221-80ec-bb67ad9e3e42,PV-2022,1,-0.61379,3753.33,15.0,250.222,0.9252,56.0,50275.82,3.0,1,GAP_FALLA_EQUIPO
84cb8d9b-98e2-45bd-9d7e-beb70a27b3fa,PV-2024,1,-0.60921,14234.12,15.0,948.9413,0.6943,22.0,748989.29,0.0,1,AGRICULTOR_INEFICIENTE
84cb8d9b-98e2-45bd-9d7e-beb70a27b3fa,PV-2022,1,-0.60677,13499.28,13.0,1038.4062,0.9635,37.0,743500.16,0.0,1,SOBRE_RIEGO
7fe1aeb7-a6db-4eef-9ec2-7b519d1ca0e8,OI-2022,1,-0.60574,11210.24,20.0,560.512,1.2405,52.0,367573.68,1.0,1,SOBRE_RIEGO
84cb8d9b-98e2-45bd-9d7e-beb70a27b3fa,OI-2025,1,-0.6049,14386.64,11.0,1307.8764,0.5141,31.0,776783.72,0.0,1,AGRICULTOR_INEFICIENTE
4bc49af1-136c-4f88-a323-d6246ea051d9,OI-2025,1,-0.60411,17900.98,9.0,1988.9978,0.7057,50.0,285414.81,0.0,1,AGRICULTOR_INEFICIENTE
4f4516bb-0eab-4eac-84d9-da5e113b8512,OI-2024,1,-0.59005,9339.02,27.0,345.8896,0.5774,17.0,134639.28,3.0,1,AGRICULTOR_INEFICIENTE
5ddf7399-e390-4a8e-ace0-651a67542da2,PV-2021,1,-0.58928,4703.24,11.0,427.5673,0.3237,69.0,115090.58,2.0,1,GAP_FALLA_EQUIPO
4f4516bb-0eab-4eac-84d9-da5e113b8512,PV-2023,1,-0.589,11119.0,25.0,444.76,0.725,28.0,166184.83,3.0,1,AGRICULTOR_INEFICIENTE
24efb028-0f2a-46ea-b50f-4a1f908475d4,OI-2024,1,-0.58736,7723.16,6.0,1287.1933,0.5446,85.0,423467.06,0.0,1,GAP_FALLA_EQUIPO
4bc49af1-136c-4f88-a323-d6246ea051d9,OI-2024,1,-0.58456,19840.77,14.0,1417.1979,0.7286,33.0,306324.55,0.0,1,AGRICULTOR_INEFICIENTE
73ec67e9-2d0d-479d-9858-abe2341544c1,PV-2022,1,-0.58284,3861.91,21.0,183.9005,0.9235,16.0,100360.99,3.0,0,
81ce05c0-a141-4331-89e6-fa83efbf9bf8,PV-2023,1,-0.58213,6943.95,5.0,1388.79,0.7678,80.0,90606.42,0.0,1,GAP_FALLA_EQUIPO
4f4516bb-0eab-4eac-84d9-da5e113b8512,PV-2022,1,-0.58208,6296.08,29.0,217.1062,0.5807,15.0,96964.56,3.0,1,AGRICULTOR_INEFICIENTE
73ec67e9-2d0d-479d-9858-abe2341544c1,PV-2021,1,-0.57999,5301.37,27.0,196.347,0.8415,19.0,142991.54,3.0,0,
8fd3f47d-3254-4408-a5b0-10664476d9d4,PV-2026,1,-0.57928,5324.36,8.0,665.545,1.1214,69.0,53982.53,0.0,1,GAP_FALLA_EQUIPO
4bc49af1-136c-4f88-a323-d6246ea051d9,OI-2023,1,-0.57879,18318.31,14.0,1308.4507,0.7465,27.0,284550.53,0.0,1,AGRICULTOR_INEFICIENTE
72d50679-68dd-402b-bd63-b2628f1a0e85,PV-2024,1,-0.57829,15318.0,14.0,1094.1429,0.9804,23.0,468079.85,0.0,1,AGRICULTOR_INEFICIENTE
20312ef3-0be2-4016-865f-3a96bc15510f,PV-2025,1,-0.57505,4279.24,23.0,186.0539,0.4506,23.0,61252.79,3.0,0,
ce83cb07-58f6-4daf-a6e3-1ee72480447b,PV-2026,1,-0.57503,6465.31,13.0,497.3315,1.2617,78.0,142310.41,1.0,1,GAP_FALLA_EQUIPO
20312ef3-0be2-4016-865f-3a96bc15510f,OI-2021,1,-0.57184,7710.86,28.0,275.3879,0.7287,17.0,114737.48,3.0,0,
73ec67e9-2d0d-479d-9858-abe2341544c1,OI-2021,1,-0.57132,6392.72,29.0,220.4386,0.5773,30.0,165856.23,3.0,0,
24efb028-0f2a-46ea-b50f-4a1f908475d4,PV-2026,1,-0.57113,11523.68,14.0,823.12,0.9061,33.0,694443.07,0.0,0,
ce83cb07-58f6-4daf-a6e3-1ee72480447b,PV-2025,1,-0.571,3970.28,10.0,397.028,0.5258,84.0,81076.63,1.0,1,GAP_FALLA_EQUIPO
5b42b176-533f-4532-b451-d849de55963a,OI-2026,1,-0.5688,4178.54,23.0,181.6757,0.7446,15.0,68303.12,3.0,0,
4f4516bb-0eab-4eac-84d9-da5e113b8512,PV-2025,1,-0.56711,7791.87,29.0,268.6852,0.7304,21.0,120359.92,3.0,1,AGRICULTOR_INEFICIENTE
73ec67e9-2d0d-479d-9858-abe2341544c1,PV-2025,1,-0.56645,5076.46,26.0,195.2485,0.8197,22.0,134069.15,3.0,0,
11975aea-1fcd-4e2d-ae3d-29a313100272,PV-2022,1,-0.5643,14570.07,9.0,1618.8967,1.0092,44.0,307165.27,0.0,1,SOBRE_RIEGO
dc122a8d-5138-4221-80ec-bb67ad9e3e42,OI-2023,1,-0.56322,6021.34,28.0,215.0479,0.6458,18.0,83232.35,3.0,1,SOBRE_RIEGO
80d1f05a-57f2-4f59-9063-a3b48172ddb7,PV-2023,1,-0.56219,16692.69,12.0,1391.0575,0.5078,34.0,336895.38,0.0,1,AGRICULTOR_INEFICIENTE
8e0af854-161a-4747-93bd-4ebb2b94ed33,OI-2021,1,-0.55833,5857.81,8.0,732.2263,0.4854,111.0,168041.85,0.0,1,GAP_FALLA_EQUIPO
4bc49af1-136c-4f88-a323-d6246ea051d9,PV-2025,1,-0.55736,12779.57,8.0,1597.4462,0.4721,61.0,205342.15,0.0,1,AGRICULTOR_INEFICIENTE
5b42b176-533f-4532-b451-d849de55963a,OI-2023,1,-0.55656,4566.61,25.0,182.6644,0.638,18.0,73611.14,3.0,0,
4f4516bb-0eab-4eac-84d9-da5e113b8512,OI-2025,1,-0.55622,5761.97,27.0,213.4063,0.7585,18.0,89753.09,3.0,1,AGRICULTOR_INEFICIENTE
771180ae-c504-4a02-9b84-a7f4c89db4f4,OI-2023,1,-0.55616,12200.6,14.0,871.4714,1.396,21.0,191962.18,0.0,1,SOBRE_RIEGO
5b42b176-533f-4532-b451-d849de55963a,PV-2026,1,-0.55549,4461.46,25.0,178.4584,0.624,19.0,72127.12,3.0,0,
39c46048-03d3-49a2-b1cf-5857f4a994ba,OI-2025,1,-0.55545,6948.55,5.0,1389.71,1.0118,42.0,79827.4,0.0,1,GAP_FALLA_EQUIPO
708876d7-8bb5-49d0-b979-c85cc6c5e2b1,OI-2022,1,-0.5542,5132.62,8.0,641.5775,0.9377,82.0,71457.78,0.0,1,GAP_FALLA_EQUIPO
20312ef3-0be2-4016-865f-3a96bc15510f,PV-2023,1,-0.55384,6116.89,28.0,218.4604,0.6091,22.0,92382.61,3.0,0,
dc122a8d-5138-4221-80ec-bb67ad9e3e42,PV-2025,1,-0.55291,3671.93,18.0,203.9961,0.5529,29.0,50505.34,3.0,0,
80d1f05a-57f2-4f59-9063-a3b48172ddb7,PV-2022,1,-0.55206,12633.56,10.0,1263.356,0.4942,79.0,268570.43,0.0,1,AGRICULTOR_INEFICIENTE
84cb8d9b-98e2-45bd-9d7e-beb70a27b3fa,OI-2022,1,-0.55167,12159.86,11.0,1105.4418,0.686,52.0,684869.78,0.0,1,AGRICULTOR_INEFICIENTE
414fd37d-37c0-4b39-993e-bb5a8b045983,OI-2025,1,-0.55103,13677.93,20.0,683.8965,0.7275,14.0,155700.64,1.0,1,AGRICULTOR_INEFICIENTE
73ec67e9-2d0d-479d-9858-abe2341544c1,OI-2022,1,-0.55094,5603.12,26.0,215.5046,0.7985,25.0,145548.98,3.0,0,
e09b8211-34e7-403b-bbec-9f09bd9ff890,PV-2025,1,-0.55059,4806.2,10.0,480.62,0.6279,87.0,144171.59,1.0,1,GAP_FALLA_EQUIPO
84cb8d9b-98e2-45bd-9d7e-beb70a27b3fa,PV-2023,1,-0.54949,12304.68,15.0,820.312,0.6643,43.0,668299.74,0.0,1,SOBRE_RIEGO
80d1f05a-57f2-4f59-9063-a3b48172ddb7,PV-2021,1,-0.54829,15053.57,9.0,1672.6189,0.8099,38.0,304170.63,0.0,1,AGRICULTOR_INEFICIENTE
eaab97a5-81fb-4333-a9a5-d40aa75821f1,OI-2024,1,-0.54578,10387.08,8.0,1298.385,1.2482,32.0,348655.07,0.0,0,
20312ef3-0be2-4016-865f-3a96bc15510f,OI-2024,1,-0.54561,4812.92,18.0,267.3844,0.5603,52.0,72059.65,3.0,0,
5b42b176-533f-4532-b451-d849de55963a,PV-2023,1,-0.54532,4378.63,24.0,182.4429,0.5936,22.0,72575.27,3.0,0,
dc122a8d-5138-4221-80ec-bb67ad9e3e42,OI-2024,1,-0.5449,5828.38,26.0,224.1685,0.8025,24.0,80271.31,3.0,0,
5b42b176-533f-4532-b451-d849de55963a,OI-2024,1,-0.54012,8006.3,24.0,333.5958,0.492,25.0,130657.61,3.0,0,
4bc49af1-136c-4f88-a323-d6246ea051d9,PV-2024,1,-0.53991,14141.69,8.0,1767.7112,0.7165,42.0,246357.68,0.0,1,AGRICULTOR_INEFICIENTE
ae8a9a32-53d2-4954-9f13-750bbde63be5,PV-2025,1,-0.53899,13013.92,15.0,867.5947,0.5147,31.0,301011.99,2.0,1,AGRICULTOR_INEFICIENTE
6e1d231a-7c6d-466d-b23f-8de651b9faf6,PV-2023,1,-0.53805,4013.83,11.0,364.8936,0.6727,55.0,41220.83,1.0,1,GAP_FALLA_EQUIPO
84cb8d9b-98e2-45bd-9d7e-beb70a27b3fa,OI-2021,1,-0.53791,12340.05,12.0,1028.3375,0.5646,31.0,664911.8,0.0,1,AGRICULTOR_INEFICIENTE
20312ef3-0be2-4016-865f-3a96bc15510f,OI-2026,1,-0.53675,5567.14,23.0,242.0496,0.8336,32.0,84421.72,3.0,0,
5b42b176-533f-4532-b451-d849de55963a,PV-2021,1,-0.53585,4962.7,21.0,236.319,0.8523,18.0,80660.27,3.0,0,
2b6901dc-2863-4df0-90fe-3d18dacaed9e,PV-2025,1,-0.53477,12227.33,8.0,1528.4162,0.3919,30.0,271105.42,0.0,0,
0b2da096-0ecb-4bf6-ac84-73ef1c426da4,OI-2025,1,-0.53324,7632.1,21.0,363.4333,1.2408,26.0,173392.5,1.0,1,SOBRE_RIEGO
80d1f05a-57f2-4f59-9063-a3b48172ddb7,OI-2026,1,-0.53208,13909.38,8.0,1738.6725,0.6934,44.0,292709.18,0.0,1,AGRICULTOR_INEFICIENTE
df18e8a3-c48f-4d3f-8e79-a11a309e1f9c,OI-2023,1,-0.532,11404.4,8.0,1425.55,0.3437,36.0,134448.51,0.0,0,
73ec67e9-2d0d-479d-9858-abe2341544c1,PV-2024,1,-0.5311,6193.04,24.0,258.0433,0.8011,20.0,161948.69,3.0,0,
4d0094a6-0933-44de-9e4b-2b7adaf0a536,OI-2022,1,-0.53038,4798.56,14.0,342.7543,1.1352,35.0,76411.72,2.0,1,GAP_FALLA_EQUIPO
5b42b176-533f-4532-b451-d849de55963a,OI-2021,1,-0.52961,4572.74,18.0,254.0411,0.7614,42.0,73936.68,3.0,0,
73ec67e9-2d0d-479d-9858-abe2341544c1,PV-2023,1,-0.52924,4531.88,23.0,197.0383,0.696,24.0,116251.14,3.0,0,
bbe0d9f4-8075-4afd-a43e-5602f914bd48,OI-2022,1,-0.52888,12805.02,13.0,985.0015,1.2747,31.0,214228.3,0.0,1,SOBRE_RIEGO
4f4516bb-0eab-4eac-84d9-da5e113b8512,OI-2023,1,-0.52882,9443.79,19.0,497.0416,0.5871,40.0,144222.48,3.0,1,AGRICULTOR_INEFICIENTE
24efb028-0f2a-46ea-b50f-4a1f908475d4,PV-2021,1,-0.52876,7332.34,8.0,916.5425,1.0061,61.0,436777.16,0.0,0,
4f4516bb-0eab-4eac-84d9-da5e113b8512,PV-2021,1,-0.52738,8734.7,22.0,397.0318,0.7224,25.0,135878.67,3.0,1,AGRICULTOR_INEFICIENTE
73ec67e9-2d0d-479d-9858-abe2341544c1,PV-2026,1,-0.52695,4310.2,22.0,195.9182,0.7392,27.0,114472.44,3.0,0,
8fd3f47d-3254-4408-a5b0-10664476d9d4,PV-2022,1,-0.5269,7461.03,8.0,932.6287,0.2935,74.0,80169.02,0.0,0,
41ed1b06-1867-4659-bea8-b866163d48b1,OI-2021,1,-0.52644,5677.15,10.0,567.715,0.8694,56.0,151663.97,2.0,1,GAP_FALLA_EQUIPO
bb35a022-70e0-4ac1-800a-ab127035358b,PV-2025,1,-0.52482,13002.99,8.0,1625.3737,0.7672,44.0,228771.31,0.0,1,SOBRE_RIEGO
ae8a9a32-53d2-4954-9f13-750bbde63be5,OI-2025,1,-0.52422,10392.76,20.0,519.638,0.9578,29.0,243546.93,2.0,1,AGRICULTOR_INEFICIENTE
80d1f05a-57f2-4f59-9063-a3b48172ddb7,OI-2024,1,-0.52285,15552.18,15.0,1036.812,0.5507,24.0,339972.49,0.0,1,AGRICULTOR_INEFICIENTE
8dd75c08-6935-4e65-9ad3-e3872fb57333,PV-2024,1,-0.522,13076.37,14.0,934.0264,0.9169,42.0,490081.49,0.0,1,SOBRE_RIEGO
ddc49f6a-26d2-449f-b5f9-028051bf0aee,OI-2026,1,-0.52195,12308.57,9.0,1367.6189,1.1194,39.0,164539.06,0.0,1,SOBRE_RIEGO
4bc49af1-136c-4f88-a323-d6246ea051d9,OI-2021,1,-0.52124,14988.93,11.0,1362.63,0.4947,29.0,244244.87,0.0,1,AGRICULTOR_INEFICIENTE
e26db415-b822-4431-a95e-0515c3451f73,OI-2021,1,-0.52124,4109.82,20.0,205.491,0.5925,16.0,43390.6,1.0,0,
a7af1a60-ec79-4e98-826b-a73dcc19a9eb,OI-2026,1,-0.52033,5804.76,11.0,527.7055,0.8896,52.0,165386.54,2.0,1,GAP_FALLA_EQUIPO
4bc49af1-136c-4f88-a323-d6246ea051d9,PV-2023,1,-0.52025,15629.79,12.0,1302.4825,0.5084,30.0,244402.25,0.0,1,AGRICULTOR_INEFICIENTE
574471ae-d1bc-4521-b3c4-b421e7a0c220,PV-2024,1,-0.51953,8840.76,8.0,1105.095,0.6948,99.0,132814.17,0.0,0,
20312ef3-0be2-4016-865f-3a96bc15510f,PV-2024,1,-0.51897,4179.34,20.0,208.967,0.6162,24.0,63660.48,3.0,0,
dc122a8d-5138-4221-80ec-bb67ad9e3e42,OI-2022,1,-0.51876,5135.79,18.0,285.3217,0.6775,46.0,71679.45,3.0,0,
2806f43a-b402-42bd-8b82-02cabf484236,PV-2022,1,-0.51872,3709.85,21.0,176.6595,0.661,32.0,55190.85,2.0,0,
ae8a9a32-53d2-4954-9f13-750bbde63be5,PV-2023,1,-0.51748,11527.23,18.0,640.4017,0.7879,29.0,269783.91,2.0,1,AGRICULTOR_INEFICIENTE
20312ef3-0be2-4016-865f-3a96bc15510f,PV-2026,1,-0.51728,4850.05,21.0,230.9548,0.5757,19.0,70800.31,3.0,0,
dc122a8d-5138-4221-80ec-bb67ad9e3e42,PV-2021,1,-0.51672,4807.9,22.0,218.5409,0.6976,25.0,66006.48,3.0,0,
73ec67e9-2d0d-479d-9858-abe2341544c1,OI-2025,1,-0.51659,6035.71,24.0,251.4879,0.6491,20.0,156167.32,3.0,0,
80d1f05a-57f2-4f59-9063-a3b48172ddb7,OI-2025,1,-0.51553,12437.61,8.0,1554.7012,0.6224,28.0,250345.25,0.0,1,AGRICULTOR_INEFICIENTE
ce83cb07-58f6-4daf-a6e3-1ee72480447b,PV-2021,1,-0.51459,6530.41,17.0,384.1418,1.2507,36.0,135376.71,1.0,1,SOBRE_RIEGO
5b42b176-533f-4532-b451-d849de55963a,PV-2025,1,-0.51455,6368.29,24.0,265.3454,0.6257,36.0,109848.42,3.0,0,
36f15d6e-4d25-40f3-b122-fdf75c24a3e7,PV-2024,1,-0.51424,6220.97,14.0,444.355,1.1039,37.0,70736.63,2.0,0,
414fd37d-37c0-4b39-993e-bb5a8b045983,PV-2026,1,-0.5133,13061.31,15.0,870.754,0.8117,24.0,142300.19,1.0,1,AGRICULTOR_INEFICIENTE
dc122a8d-5138-4221-80ec-bb67ad9e3e42,OI-2026,1,-0.51285,4697.65,20.0,234.8825,0.6928,21.0,63807.62,3.0,0,
90ef94c9-b6d4-4971-a5d5-adb12732ced8,PV-2025,1,-0.51191,4067.99,18.0,225.9994,0.6164,44.0,195349.59,2.0,0,
4bc49af1-136c-4f88-a323-d6246ea051d9,OI-2022,1,-0.51183,15380.49,13.0,1183.1146,0.6505,27.0,243496.55,0.0,1,AGRICULTOR_INEFICIENTE
bcb2fc36-de4b-4e1d-bee5-0eadbf5913f9,PV-2025,1,-0.51057,5156.13,20.0,257.8065,0.8202,52.0,104032.04,2.0,0,
90ef94c9-b6d4-4971-a5d5-adb12732ced8,OI-2023,1,-0.5104,6117.4,18.0,339.8556,0.4753,45.0,305358.51,2.0,0,
2806f43a-b402-42bd-8b82-02cabf484236,OI-2023,1,-0.50905,3779.49,18.0,209.9717,0.6418,39.0,56744.44,2.0,0,
eaab97a5-81fb-4333-a9a5-d40aa75821f1,PV-2021,1,-0.50901,10514.29,8.0,1314.2862,0.4313,44.0,402027.44,0.0,0,
e2e90477-85a7-455c-b284-40068b21097f,PV-2023,1,-0.50898,9242.72,21.0,440.1295,0.7897,20.0,266548.36,1.0,0,
20312ef3-0be2-4016-865f-3a96bc15510f,PV-2021,1,-0.50878,6334.08,21.0,301.6229,0.5015,34.0,94381.84,3.0,0,
4f4516bb-0eab-4eac-84d9-da5e113b8512,OI-2026,1,-0.50743,6307.39,25.0,252.2956,0.6325,26.0,99619.81,3.0,1,AGRICULTOR_INEFICIENTE
bcb2fc36-de4b-4e1d-bee5-0eadbf5913f9,OI-2022,1,-0.5069,4691.14,19.0,246.9021,0.4106,42.0,91586.65,2.0,0,
5b42b176-533f-4532-b451-d849de55963a,PV-2022,0,-0.50669,5877.23,21.0,279.8681,0.4654,29.0,95703.9,3.0,0,
0b620e00-7f77-445d-9956-430be1ed2748,PV-2023,0,-0.50637,7246.5,10.0,724.65,0.6501,96.0,218428.34,0.0,1,GAP_FALLA_EQUIPO
2bd9c0f3-366d-4de6-a41d-ba1dc3b5496e,PV-2026,0,-0.50595,5474.89,14.0,391.0636,1.0067,14.0,75832.15,1.0,0,
dc122a8d-5138-4221-80ec-bb67ad9e3e42,PV-2026,0,-0.50589,4709.28,19.0,247.8568,0.5887,30.0,65117.53,3.0,0,
5b42b176-533f-4532-b451-d849de55963a,OI-2025,0,-0.50546,7373.94,21.0,351.14,0.5852,20.0,126624.93,3.0,0,
20312ef3-0be2-4016-865f-3a96bc15510f,OI-2025,0,-0.50459,8285.63,19.0,436.0858,0.6694,21.0,124722.48,3.0,0,
2806f43a-b402-42bd-8b82-02cabf484236,OI-2025,0,-0.50458,6584.05,21.0,313.5262,0.7112,54.0,103293.08,2.0,0,
80d1f05a-57f2-4f59-9063-a3b48172ddb7,OI-2022,0,-0.50368,13332.06,9.0,1481.34,0.5937,32.0,285427.34,0.0,1,AGRICULTOR_INEFICIENTE
4f4516bb-0eab-4eac-84d9-da5e113b8512,PV-2026,0,-0.50335,6410.52,24.0,267.105,0.6734,25.0,97431.82,3.0,1,AGRICULTOR_INEFICIENTE
90ef94c9-b6d4-4971-a5d5-adb12732ced8,PV-2021,0,-0.50312,5152.02,21.0,245.3343,0.5808,21.0,255158.27,2.0,0,
0dedce00-440c-4056-9c53-737cbeff6dd1,PV-2021,0,-0.50307,3764.91,14.0,268.9221,0.9082,32.0,99322.66,2.0,0,
85be4752-4bd9-4eff-a359-e17047ad49e1,PV-2026,0,-0.50244,4279.01,15.0,285.2673,0.5688,49.0,64458.38,2.0,0,
4f4516bb-0eab-4eac-84d9-da5e113b8512,OI-2021,0,-0.50205,6541.8,22.0,297.3545,0.7938,24.0,100897.04,3.0,1,AGRICULTOR_INEFICIENTE
72d50679-68dd-402b-bd63-b2628f1a0e85,OI-2025,0,-0.50147,13411.05,10.0,1341.105,0.5153,40.0,390396.61,0.0,1,AGRICULTOR_INEFICIENTE
72d50679-68dd-402b-bd63-b2628f1a0e85,OI-2022,0,-0.50082,12451.42,9.0,1383.4911,0.8118,33.0,381999.41,0.0,1,AGRICULTOR_INEFICIENTE
0dedce00-440c-4056-9c53-737cbeff6dd1,OI-2025,0,-0.50028,9205.31,20.0,460.2655,0.4691,34.0,255113.33,2.0,0,
708876d7-8bb5-49d0-b979-c85cc6c5e2b1,PV-2023,0,-0.49978,14047.36,14.0,1003.3829,1.0163,37.0,204982.21,0.0,1,SOBRE_RIEGO
6455e61d-8caf-4f10-939c-43bfc496bba0,OI-2024,0,-0.49956,6533.25,20.0,326.6625,0.6336,13.0,329435.79,1.0,0,
eebee71b-b00b-4a44-b941-73e1c260c706,OI-2021,0,-0.49933,11697.78,12.0,974.815,1.0234,56.0,375373.39,0.0,1,SOBRE_RIEGO
6e1d231a-7c6d-466d-b23f-8de651b9faf6,OI-2026,0,-0.49898,3874.33,14.0,276.7379,0.6325,18.0,41528.6,1.0,0,
53f14776-275a-40b9-8de5-b27b5e0adc8d,PV-2025,0,-0.49896,7337.32,16.0,458.5825,1.1313,31.0,232003.76,1.0,0,
ae8a9a32-53d2-4954-9f13-750bbde63be5,OI-2022,0,-0.49888,9109.75,21.0,433.7976,0.5808,22.0,213930.45,2.0,1,AGRICULTOR_INEFICIENTE
20312ef3-0be2-4016-865f-3a96bc15510f,OI-2023,0,-0.49885,5762.3,23.0,250.5348,0.639,23.0,84557.74,3.0,0,
20312ef3-0be2-4016-865f-3a96bc15510f,OI-2022,0,-0.49852,6731.08,23.0,292.6557,0.651,26.0,99485.4,3.0,0,
73ec67e9-2d0d-479d-9858-abe2341544c1,OI-2023,0,-0.49832,4971.05,20.0,248.5525,0.6737,36.0,130539.28,3.0,0,
dc122a8d-5138-4221-80ec-bb67ad9e3e42,OI-2025,0,-0.49824,7912.0,18.0,439.5556,0.5509,28.0,107761.5,3.0,0,
4d0094a6-0933-44de-9e4b-2b7adaf0a536,PV-2024,0,-0.49814,3868.54,20.0,193.427,0.5443,24.0,62165.13,2.0,0,
f1f61c27-c2a8-4515-87a8-f83ec5642de8,PV-2026,0,-0.49788,8769.99,9.0,974.4433,0.5913,66.0,495671.49,0.0,0,
6455e61d-8caf-4f10-939c-43bfc496bba0,OI-2022,0,-0.49764,8211.15,20.0,410.5575,0.6986,31.0,411890.63,1.0,0,
6455e61d-8caf-4f10-939c-43bfc496bba0,OI-2025,0,-0.49723,7776.68,20.0,388.834,0.5566,25.0,396348.96,1.0,0,
73ec67e9-2d0d-479d-9858-abe2341544c1,OI-2026,0,-0.49652,7216.62,18.0,400.9233,0.5855,22.0,184743.1,3.0,0,
36f15d6e-4d25-40f3-b122-fdf75c24a3e7,PV-2021,0,-0.49648,7791.82,15.0,519.4547,0.9775,45.0,87991.92,2.0,0,
6455e61d-8caf-4f10-939c-43bfc496bba0,PV-2024,0,-0.49535,4610.88,14.0,329.3486,0.9696,23.0,231954.58,1.0,0,
7fe1aeb7-a6db-4eef-9ec2-7b519d1ca0e8,OI-2023,0,-0.49524,10662.99,19.0,561.21,0.5916,28.0,362238.76,1.0,0,
6e1d231a-7c6d-466d-b23f-8de651b9faf6,OI-2025,0,-0.49473,6065.4,21.0,288.8286,0.4777,17.0,59962.82,1.0,0,
6e1d231a-7c6d-466d-b23f-8de651b9faf6,OI-2023,0,-0.49455,4879.38,19.0,256.8095,0.463,18.0,51394.69,1.0,0,
6455e61d-8caf-4f10-939c-43bfc496bba0,PV-2025,0,-0.4933,8818.6,14.0,629.9,0.6004,35.0,452026.17,1.0,0,
dc122a8d-5138-4221-80ec-bb67ad9e3e42,OI-2021,0,-0.49292,5564.85,22.0,252.9477,0.6425,26.0,78271.33,3.0,0,
36f15d6e-4d25-40f3-b122-fdf75c24a3e7,PV-2025,0,-0.49269,3911.09,14.0,279.3636,0.6611,31.0,43264.78,2.0,0,
73ec67e9-2d0d-479d-9858-abe2341544c1,OI-2024,0,-0.4923,5923.43,20.0,296.1715,0.6025,19.0,159700.52,3.0,0,
e26db415-b822-4431-a95e-0515c3451f73,OI-2023,0,-0.49202,4623.12,17.0,271.9482,0.6732,17.0,45839.58,1.0,0,
5b42b176-533f-4532-b451-d849de55963a,OI-2022,0,-0.49201,6707.83,19.0,353.0437,0.8286,27.0,104437.16,3.0,0,
90ef94c9-b6d4-4971-a5d5-adb12732ced8,PV-2023,0,-0.49195,7898.63,17.0,464.6253,0.6497,26.0,373572.95,2.0,0,
4bc49af1-136c-4f88-a323-d6246ea051d9,PV-2026,0,-0.49148,11946.49,9.0,1327.3878,1.0232,33.0,209094.72,0.0,1,AGRICULTOR_INEFICIENTE
11975aea-1fcd-4e2d-ae3d-29a313100272,OI-2022,0,-0.49146,6021.27,8.0,752.6587,0.4227,66.0,127797.82,0.0,1,GAP_FALLA_EQUIPO
4f4516bb-0eab-4eac-84d9-da5e113b8512,PV-2024,0,-0.49142,6302.4,22.0,286.4727,0.6727,22.0,95655.53,3.0,1,AGRICULTOR_INEFICIENTE
ae8a9a32-53d2-4954-9f13-750bbde63be5,OI-2023,0,-0.49118,10872.04,14.0,776.5743,0.5499,31.0,256938.28,2.0,1,AGRICULTOR_INEFICIENTE
24efb028-0f2a-46ea-b50f-4a1f908475d4,OI-2026,0,-0.491,8177.1,8.0,1022.1375,0.4807,31.0,493434.07,0.0,0,
110e99d5-e49b-4fdc-9245-75e5e3cdda0a,OI-2023,0,-0.49081,5940.47,7.0,848.6386,1.0057,42.0,204419.47,0.0,1,GAP_FALLA_EQUIPO
708876d7-8bb5-49d0-b979-c85cc6c5e2b1,OI-2023,0,-0.49063,8164.53,8.0,1020.5663,0.3894,71.0,120925.68,0.0,0,
90ef94c9-b6d4-4971-a5d5-adb12732ced8,OI-2024,0,-0.4897,5418.94,21.0,258.0448,0.6808,31.0,262826.88,2.0,0,
719dd666-3ab9-43f9-b273-9404281dcdf3,OI-2022,0,-0.48969,9290.33,8.0,1161.2912,0.6121,79.0,172140.09,0.0,0,
dc122a8d-5138-4221-80ec-bb67ad9e3e42,PV-2024,0,-0.48918,6688.36,19.0,352.0189,0.5236,24.0,93789.95,3.0,0,
63b4f127-a33b-462d-94a1-1b5da940952d,PV-2024,0,-0.48855,9964.63,8.0,1245.5788,0.4132,49.0,314993.99,0.0,0,
dc122a8d-5138-4221-80ec-bb67ad9e3e42,PV-2023,0,-0.48846,5533.99,20.0,276.6995,0.7916,28.0,73277.57,3.0,0,
5374f8cc-a791-41ed-8bd8-7bf2489fe200,PV-2023,0,-0.48827,9755.43,8.0,1219.4288,0.3305,38.0,287792.18,0.0,0,
28b7273a-4fa1-48db-9372-3de80f7a3002,OI-2025,0,-0.48796,4836.64,12.0,403.0533,0.7392,19.0,51143.19,0.0,0,
ae8a9a32-53d2-4954-9f13-750bbde63be5,PV-2022,0,-0.48781,10337.5,19.0,544.0789,0.7305,33.0,239435.33,2.0,1,AGRICULTOR_INEFICIENTE
72d50679-68dd-402b-bd63-b2628f1a0e85,PV-2026,0,-0.48731,11431.93,9.0,1270.2144,0.4715,52.0,339694.79,0.0,1,AGRICULTOR_INEFICIENTE
63b4f127-a33b-462d-94a1-1b5da940952d,OI-2021,0,-0.48707,6192.84,9.0,688.0933,0.3979,67.0,200694.51,0.0,0,
a7af1a60-ec79-4e98-826b-a73dcc19a9eb,OI-2024,0,-0.48695,6219.6,14.0,444.2571,0.5735,58.0,186253.19,2.0,0,
d2251f14-05cb-4a11-9a43-087ac9a45584,PV-2025,0,-0.4869,4783.93,14.0,341.7093,0.5248,44.0,83653.05,2.0,0,
24efb028-0f2a-46ea-b50f-4a1f908475d4,PV-2023,0,-0.48684,8422.01,9.0,935.7789,1.0172,50.0,454712.32,0.0,0,
2bd9c0f3-366d-4de6-a41d-ba1dc3b5496e,PV-2023,0,-0.48674,6284.52,21.0,299.2629,0.4671,17.0,84896.1,1.0,0,
2bd9c0f3-366d-4de6-a41d-ba1dc3b5496e,PV-2025,0,-0.48632,4196.63,15.0,279.7753,0.4389,36.0,53139.83,1.0,0,
414fd37d-37c0-4b39-993e-bb5a8b045983,PV-2021,0,-0.48576,12385.77,19.0,651.8826,0.6247,26.0,134966.49,1.0,1,AGRICULTOR_INEFICIENTE
41ed1b06-1867-4659-bea8-b866163d48b1,PV-2023,0,-0.48569,6124.89,16.0,382.8056,0.7171,59.0,170905.94,2.0,0,
0dedce00-440c-4056-9c53-737cbeff6dd1,OI-2022,0,-0.48565,4490.14,18.0,249.4522,0.4848,18.0,123312.82,2.0,0,
f1f61c27-c2a8-4515-87a8-f83ec5642de8,PV-2021,0,-0.48546,9494.08,9.0,1054.8978,0.4517,45.0,515882.16,0.0,0,
72d50679-68dd-402b-bd63-b2628f1a0e85,PV-2021,0,-0.48542,13408.56,14.0,957.7543,0.8633,31.0,397298.14,0.0,1,AGRICULTOR_INEFICIENTE
6455e61d-8caf-4f10-939c-43bfc496bba0,OI-2021,0,-0.48539,5405.46,21.0,257.4029,0.7213,30.0,263999.03,1.0,0,
df18e8a3-c48f-4d3f-8e79-a11a309e1f9c,OI-2026,0,-0.48518,4744.77,10.0,474.477,0.8155,51.0,59438.62,0.0,1,GAP_FALLA_EQUIPO
e09b8211-34e7-403b-bbec-9f09bd9ff890,PV-2021,0,-0.48487,7987.91,14.0,570.565,0.9694,52.0,215655.97,1.0,0,
39c46048-03d3-49a2-b1cf-5857f4a994ba,OI-2026,0,-0.48467,10194.18,8.0,1274.2725,0.5811,61.0,110441.33,0.0,0,
8dd75c08-6935-4e65-9ad3-e3872fb57333,PV-2023,0,-0.48422,11160.14,15.0,744.0093,0.8894,41.0,448141.69,0.0,0,
84cb8d9b-98e2-45bd-9d7e-beb70a27b3fa,OI-2023,0,-0.48386,10405.49,13.0,800.4223,0.7568,37.0,568762.3,0.0,1,AGRICULTOR_INEFICIENTE
11975aea-1fcd-4e2d-ae3d-29a313100272,PV-2024,0,-0.48377,5176.54,15.0,345.1027,0.4489,54.0,116489.54,0.0,0,
9cf09513-1f3f-4105-afa9-7c5b2e337f45,PV-2021,0,-0.48364,9725.44,9.0,1080.6044,0.5121,78.0,157839.49,0.0,0,
72d50679-68dd-402b-bd63-b2628f1a0e85,PV-2022,0,-0.48326,13234.93,12.0,1102.9108,0.8462,42.0,390366.86,0.0,1,AGRICULTOR_INEFICIENTE
f1f61c27-c2a8-4515-87a8-f83ec5642de8,OI-2022,0,-0.48247,7697.4,8.0,962.175,0.605,64.0,427315.43,0.0,0,
4bc49af1-136c-4f88-a323-d6246ea051d9,PV-2022,0,-0.48233,11674.18,9.0,1297.1311,0.7449,59.0,180348.56,0.0,1,AGRICULTOR_INEFICIENTE
41ed1b06-1867-4659-bea8-b866163d48b1,OI-2024,0,-0.48206,4467.03,19.0,235.1068,0.8521,32.0,119228.52,2.0,0,
90ef94c9-b6d4-4971-a5d5-adb12732ced8,OI-2025,0,-0.4819,7257.81,18.0,403.2117,0.6468,28.0,350170.38,2.0,0,
2b6901dc-2863-4df0-90fe-3d18dacaed9e,OI-2023,0,-0.48159,9606.16,8.0,1200.77,0.4866,15.0,210832.59,0.0,0,
36f15d6e-4d25-40f3-b122-fdf75c24a3e7,OI-2023,0,-0.48154,5777.63,17.0,339.8606,0.4553,19.0,58255.21,2.0,0,
23684d78-b19c-4460-b442-1f259112b2de,PV-2023,0,-0.48142,8228.81,9.0,914.3122,0.7051,92.0,150767.23,0.0,0,
72d50679-68dd-402b-bd63-b2628f1a0e85,OI-2024,0,-0.48138,12856.8,13.0,988.9846,0.558,21.0,391834.66,0.0,1,AGRICULTOR_INEFICIENTE
41ed1b06-1867-4659-bea8-b866163d48b1,PV-2025,0,-0.48053,5657.54,20.0,282.877,0.7895,50.0,155770.81,2.0,0,
0b620e00-7f77-445d-9956-430be1ed2748,PV-2024,0,-0.48017,6155.82,9.0,683.98,0.7324,75.0,189581.31,0.0,1,GAP_FALLA_EQUIPO
24efb028-0f2a-46ea-b50f-4a1f908475d4,OI-2022,0,-0.47995,8775.65,10.0,877.565,0.7582,56.0,510053.22,0.0,0,
80d1f05a-57f2-4f59-9063-a3b48172ddb7,OI-2023,0,-0.47959,13967.9,15.0,931.1933,0.5458,22.0,288775.86,0.0,1,AGRICULTOR_INEFICIENTE
e2e90477-85a7-455c-b284-40068b21097f,PV-2021,0,-0.47785,4473.89,20.0,223.6945,0.5584,42.0,126355.33,1.0,0,
24efb028-0f2a-46ea-b50f-4a1f908475d4,PV-2022,0,-0.47746,9460.3,13.0,727.7154,0.5873,48.0,562606.23,0.0,1,SOBRE_RIEGO
90ef94c9-b6d4-4971-a5d5-adb12732ced8,PV-2024,0,-0.47716,4659.9,19.0,245.2579,0.6444,32.0,221521.75,2.0,0,
e26db415-b822-4431-a95e-0515c3451f73,PV-2022,0,-0.47715,6135.62,14.0,438.2586,0.6604,61.0,59402.0,1.0,0,
ce83cb07-58f6-4daf-a6e3-1ee72480447b,OI-2025,0,-0.4767,4111.82,18.0,228.4344,0.7685,26.0,83056.95,1.0,0,
f1f61c27-c2a8-4515-87a8-f83ec5642de8,OI-2023,0,-0.47639,10023.11,15.0,668.2073,0.5546,43.0,533953.32,0.0,0,
4d0094a6-0933-44de-9e4b-2b7adaf0a536,PV-2026,0,-0.47632,8781.25,21.0,418.1548,0.7402,29.0,143885.77,2.0,0,
6e1d231a-7c6d-466d-b23f-8de651b9faf6,PV-2025,0,-0.47618,5852.19,14.0,418.0136,1.0245,32.0,58111.21,1.0,1,SOBRE_RIEGO
39c46048-03d3-49a2-b1cf-5857f4a994ba,PV-2026,0,-0.47593,9411.29,8.0,1176.4113,0.3475,40.0,104299.92,0.0,0,
b1da7fe5-e177-4f94-81e5-3dad69d2c13d,PV-2021,0,-0.47581,12313.53,9.0,1368.17,0.5576,46.0,215273.27,0.0,1,SOBRE_RIEGO
ae8a9a32-53d2-4954-9f13-750bbde63be5,PV-2021,0,-0.47578,8302.16,17.0,488.3624,0.763,19.0,191975.11,2.0,1,AGRICULTOR_INEFICIENTE
90ef94c9-b6d4-4971-a5d5-adb12732ced8,OI-2026,0,-0.47575,7101.25,15.0,473.4167,0.5641,27.0,326835.76,2.0,0,
414fd37d-37c0-4b39-993e-bb5a8b045983,PV-2022,0,-0.47555,8383.26,18.0,465.7367,0.4526,50.0,89041.17,1.0,1,AGRICULTOR_INEFICIENTE
414fd37d-37c0-4b39-993e-bb5a8b045983,PV-2025,0,-0.47538,11096.66,15.0,739.7773,0.8487,30.0,123227.37,1.0,1,AGRICULTOR_INEFICIENTE
85f2d080-8d9e-4f3c-984f-4684eeeca5f8,PV-2024,0,-0.47525,7220.08,8.0,902.51,0.8884,68.0,182257.97,0.0,1,GAP_FALLA_EQUIPO
7fe1aeb7-a6db-4eef-9ec2-7b519d1ca0e8,OI-2025,0,-0.47509,7021.38,18.0,390.0767,0.5135,14.0,244223.38,1.0,0,
ac602a78-243d-432b-a1a1-be778eeb67d7,OI-2025,0,-0.47492,6459.23,8.0,807.4037,0.4807,53.0,58753.51,0.0,0,
ae8a9a32-53d2-4954-9f13-750bbde63be5,OI-2024,0,-0.47469,9403.19,19.0,494.9047,0.5402,28.0,225549.89,2.0,1,AGRICULTOR_INEFICIENTE
85f2d080-8d9e-4f3c-984f-4684eeeca5f8,PV-2023,0,-0.47453,4904.18,8.0,613.0225,0.711,55.0,115483.34,0.0,0,
e2e90477-85a7-455c-b284-40068b21097f,OI-2023,0,-0.47439,8405.1,14.0,600.3643,0.9911,28.0,250844.55,1.0,0,
5ddf7399-e390-4a8e-ace0-651a67542da2,PV-2026,0,-0.47406,4689.41,17.0,275.8476,0.8953,29.0,118821.07,2.0,0,
24efb028-0f2a-46ea-b50f-4a1f908475d4,OI-2021,0,-0.47389,6406.98,9.0,711.8867,0.4281,42.0,390197.28,0.0,0,
2806f43a-b402-42bd-8b82-02cabf484236,PV-2023,0,-0.47367,7329.53,21.0,349.0252,0.8566,25.0,112715.19,2.0,0,
6e1d231a-7c6d-466d-b23f-8de651b9faf6,PV-2026,0,-0.47364,4341.08,16.0,271.3175,0.5445,30.0,43075.24,1.0,0,
e41f09df-92a9-4973-9fca-1571103ba530,PV-2021,0,-0.47347,12635.29,10.0,1263.529,0.5288,41.0,321823.24,0.0,1,SOBRE_RIEGO
708876d7-8bb5-49d0-b979-c85cc6c5e2b1,PV-2026,0,-0.47344,9909.35,9.0,1101.0389,0.7837,71.0,144575.25,0.0,0,
2bd9c0f3-366d-4de6-a41d-ba1dc3b5496e,PV-2024,0,-0.4734,5828.56,18.0,323.8089,0.8227,50.0,76469.62,1.0,0,
0dedce00-440c-4056-9c53-737cbeff6dd1,PV-2026,0,-0.4731,4404.98,16.0,275.3113,0.8844,27.0,116253.55,2.0,0,
24efb028-0f2a-46ea-b50f-4a1f908475d4,PV-2025,0,-0.47283,9314.47,10.0,931.447,0.7569,50.0,531089.36,0.0,0,
f1f61c27-c2a8-4515-87a8-f83ec5642de8,PV-2022,0,-0.47278,6768.73,10.0,676.873,0.7009,64.0,374506.02,0.0,1,GAP_FALLA_EQUIPO
4d0094a6-0933-44de-9e4b-2b7adaf0a536,OI-2021,0,-0.47277,9258.26,20.0,462.913,0.6254,40.0,143216.55,2.0,0,
2806f43a-b402-42bd-8b82-02cabf484236,PV-2021,0,-0.47253,8019.9,19.0,422.1,0.833,19.0,120434.83,2.0,0,
a7af1a60-ec79-4e98-826b-a73dcc19a9eb,PV-2025,0,-0.47235,7255.88,20.0,362.794,0.7354,19.0,231072.62,2.0,0,
90ef94c9-b6d4-4971-a5d5-adb12732ced8,OI-2021,0,-0.47199,6590.79,17.0,387.6935,0.6958,26.0,324457.75,2.0,0,
bcb2fc36-de4b-4e1d-bee5-0eadbf5913f9,PV-2024,0,-0.47152,3915.08,19.0,206.0568,0.6674,26.0,80181.9,2.0,0,
a7af1a60-ec79-4e98-826b-a73dcc19a9eb,PV-2026,0,-0.47135,5789.95,21.0,275.7119,0.669,39.0,179961.11,2.0,0,
80d1f05a-57f2-4f59-9063-a3b48172ddb7,PV-2024,0,-0.47134,11373.99,10.0,1137.399,0.5185,60.0,225351.69,0.0,1,AGRICULTOR_INEFICIENTE
4d0094a6-0933-44de-9e4b-2b7adaf0a536,OI-2026,0,-0.47124,5765.49,16.0,360.3431,0.4609,46.0,92883.47,2.0,0,
90ef94c9-b6d4-4971-a5d5-adb12732ced8,PV-2026,0,-0.47107,6071.71,14.0,433.6936,0.7468,32.0,292402.17,2.0,0,
bcb2fc36-de4b-4e1d-bee5-0eadbf5913f9,PV-2023,0,-0.471,8458.44,19.0,445.1811,0.6346,17.0,174499.64,2.0,0,
6455e61d-8caf-4f10-939c-43bfc496bba0,PV-2023,0,-0.4709,5131.6,20.0,256.58,0.7069,33.0,256767.23,1.0,0,
36f15d6e-4d25-40f3-b122-fdf75c24a3e7,PV-2026,0,-0.47082,6882.74,15.0,458.8493,0.9166,31.0,76298.69,2.0,0,
4f4516bb-0eab-4eac-84d9-da5e113b8512,OI-2022,0,-0.47034,6708.55,19.0,353.0816,0.6536,27.0,102480.16,3.0,1,AGRICULTOR_INEFICIENTE
5204630a-2183-4700-a82d-29970e4ce006,PV-2025,0,-0.4703,6093.57,21.0,290.17,0.7443,20.0,213994.26,1.0,0,
53f14776-275a-40b9-8de5-b27b5e0adc8d,OI-2021,0,-0.47026,8279.35,20.0,413.9675,0.6163,45.0,270926.34,1.0,0,
d2251f14-05cb-4a11-9a43-087ac9a45584,PV-2023,0,-0.47015,7373.06,18.0,409.6144,0.4578,44.0,128451.69,2.0,0,
5374f8cc-a791-41ed-8bd8-7bf2489fe200,OI-2025,0,-0.46994,8497.54,11.0,772.5036,0.6684,86.0,246702.04,0.0,0,
4d0094a6-0933-44de-9e4b-2b7adaf0a536,OI-2024,0,-0.46972,5444.06,19.0,286.5295,0.4315,23.0,88506.63,2.0,0,
53f14776-275a-40b9-8de5-b27b5e0adc8d,PV-2021,0,-0.46967,7478.41,20.0,373.9205,0.8945,30.0,244368.35,1.0,0,
5204630a-2183-4700-a82d-29970e4ce006,OI-2023,0,-0.46961,4796.41,16.0,299.7756,0.8071,13.0,173934.02,1.0,0,
f1f61c27-c2a8-4515-87a8-f83ec5642de8,PV-2024,0,-0.46944,9786.11,10.0,978.611,0.7887,35.0,518772.77,0.0,1,SOBRE_RIEGO
41ed1b06-1867-4659-bea8-b866163d48b1,OI-2026,0,-0.46936,4600.1,18.0,255.5611,0.8731,25.0,126556.13,2.0,0,
ae8a9a32-53d2-4954-9f13-750bbde63be5,OI-2026,0,-0.46876,8551.22,19.0,450.0642,0.793,21.0,202775.18,2.0,1,AGRICULTOR_INEFICIENTE
708876d7-8bb5-49d0-b979-c85cc6c5e2b1,PV-2024,0,-0.46838,7434.39,8.0,929.2987,0.328,23.0,107711.47,0.0,0,
6455e61d-8caf-4f10-939c-43bfc496bba0,PV-2022,0,-0.46835,7776.76,17.0,457.4565,0.6999,32.0,375499.19,1.0,0,
90ef94c9-b6d4-4971-a5d5-adb12732ced8,OI-2022,0,-0.46719,6551.3,14.0,467.95,0.6479,32.0,316721.43,2.0,0,
5204630a-2183-4700-a82d-29970e4ce006,PV-2022,0,-0.46718,6205.74,21.0,295.5114,0.5807,20.0,214210.43,1.0,0,
110e99d5-e49b-4fdc-9245-75e5e3cdda0a,OI-2024,0,-0.46717,7907.34,10.0,790.734,0.3178,59.0,272985.42,0.0,0,
5b42b176-533f-4532-b451-d849de55963a,PV-2024,0,-0.46689,5800.64,19.0,305.2968,0.7155,24.0,93991.53,3.0,0,
24efb028-0f2a-46ea-b50f-4a1f908475d4,OI-2023,0,-0.46672,8536.45,14.0,609.7464,0.7524,30.0,486229.38,0.0,0,
36f15d6e-4d25-40f3-b122-fdf75c24a3e7,OI-2026,0,-0.46669,5249.04,18.0,291.6133,0.7927,20.0,60514.68,2.0,0,
dbecd833-7ff4-4846-8f3c-3b260384d73a,PV-2025,0,-0.46661,12100.24,9.0,1344.4711,0.6032,40.0,197118.33,0.0,0,
41ed1b06-1867-4659-bea8-b866163d48b1,PV-2026,0,-0.46625,5702.73,19.0,300.1437,0.4187,37.0,154115.12,2.0,0,
4b339871-4fca-449d-98bd-84685db111bc,OI-2026,0,-0.46622,8756.11,9.0,972.9011,0.8717,70.0,265576.37,0.0,0,
36f15d6e-4d25-40f3-b122-fdf75c24a3e7,OI-2022,0,-0.46579,5409.67,19.0,284.7195,0.8107,35.0,59386.39,2.0,0,
6e1d231a-7c6d-466d-b23f-8de651b9faf6,OI-2021,0,-0.46576,5600.93,21.0,266.711,0.6002,25.0,55911.52,1.0,0,
574471ae-d1bc-4521-b3c4-b421e7a0c220,PV-2022,0,-0.46532,6186.97,8.0,773.3713,0.9142,25.0,96955.99,0.0,0,
bbe0d9f4-8075-4afd-a43e-5602f914bd48,PV-2025,0,-0.4652,6216.39,7.0,888.0557,0.6891,53.0,98891.22,0.0,1,GAP_FALLA_EQUIPO
8e0af854-161a-4747-93bd-4ebb2b94ed33,PV-2025,0,-0.46505,9509.4,8.0,1188.675,0.3906,33.0,267191.55,0.0,0,
3592f728-76b2-471d-8c46-86b264b33dfe,PV-2026,0,-0.465,8537.55,8.0,1067.1937,0.7496,71.0,153703.65,0.0,0,
0dedce00-440c-4056-9c53-737cbeff6dd1,OI-2026,0,-0.46498,5423.99,15.0,361.5993,0.8128,46.0,140899.19,2.0,0,
5204630a-2183-4700-a82d-29970e4ce006,OI-2024,0,-0.46469,4076.09,19.0,214.5311,0.6701,33.0,147648.14,1.0,0,
5204630a-2183-4700-a82d-29970e4ce006,OI-2022,0,-0.46455,4919.89,20.0,245.9945,0.5057,21.0,178893.05,1.0,0,
28b7273a-4fa1-48db-9372-3de80f7a3002,OI-2021,0,-0.46376,8898.14,9.0,988.6822,0.5686,73.0,97777.46,0.0,0,
f1f61c27-c2a8-4515-87a8-f83ec5642de8,PV-2025,0,-0.46285,9780.54,12.0,815.045,0.5284,47.0,524640.31,0.0,0,
6e1d231a-7c6d-466d-b23f-8de651b9faf6,PV-2021,0,-0.46266,5167.45,19.0,271.9711,0.5403,26.0,52533.56,1.0,0,
a7af1a60-ec79-4e98-826b-a73dcc19a9eb,PV-2022,0,-0.46245,6713.52,21.0,319.6914,0.6388,22.0,200953.17,2.0,0,
110e99d5-e49b-4fdc-9245-75e5e3cdda0a,OI-2022,0,-0.46213,8758.03,12.0,729.8358,0.9674,60.0,280504.23,0.0,0,
53f14776-275a-40b9-8de5-b27b5e0adc8d,PV-2026,0,-0.46202,5592.01,21.0,266.2862,0.7886,31.0,184708.42,1.0,0,
ae8a9a32-53d2-4954-9f13-750bbde63be5,OI-2021,0,-0.46195,7766.28,17.0,456.84,0.5187,22.0,178498.36,2.0,1,AGRICULTOR_INEFICIENTE
414fd37d-37c0-4b39-993e-bb5a8b045983,PV-2023,0,-0.46183,10411.59,18.0,578.4217,0.6833,24.0,110591.21,1.0,1,AGRICULTOR_INEFICIENTE
e26db415-b822-4431-a95e-0515c3451f73,OI-2022,0,-0.46182,7525.68,14.0,537.5486,0.8126,18.0,72364.77,1.0,0,
41ed1b06-1867-4659-bea8-b866163d48b1,OI-2023,0,-0.46175,5583.5,14.0,398.8214,0.7308,46.0,151702.75,2.0,0,
6455e61d-8caf-4f10-939c-43bfc496bba0,OI-2026,0,-0.46127,5770.92,18.0,320.6067,0.538,21.0,288219.99,1.0,0,
24efb028-0f2a-46ea-b50f-4a1f908475d4,OI-2025,0,-0.46121,7383.77,14.0,527.4121,0.8496,33.0,444009.27,0.0,0,
f1f61c27-c2a8-4515-87a8-f83ec5642de8,OI-2021,0,-0.46077,9773.75,12.0,814.4792,0.5135,28.0,518306.14,0.0,0,
a7af1a60-ec79-4e98-826b-a73dcc19a9eb,OI-2023,0,-0.4607,7433.16,19.0,391.2189,0.5336,24.0,237235.47,2.0,0,
a7af1a60-ec79-4e98-826b-a73dcc19a9eb,OI-2022,0,-0.46067,5502.15,21.0,262.0071,0.7533,25.0,166907.54,2.0,0,
d88385c8-4b9e-45eb-9816-10d6e78cee59,PV-2021,0,-0.46065,4791.14,16.0,299.4462,0.6418,50.0,105824.18,1.0,0,
5374f8cc-a791-41ed-8bd8-7bf2489fe200,OI-2023,0,-0.46063,8981.5,9.0,997.9444,0.3798,59.0,260215.21,0.0,0,
4d0094a6-0933-44de-9e4b-2b7adaf0a536,OI-2025,0,-0.46016,7541.83,19.0,396.9384,0.4986,20.0,117977.84,2.0,0,
1fc08bdf-c173-4241-a21e-4f4728eb1215,PV-2023,0,-0.45974,11326.26,10.0,1132.626,0.6611,19.0,111159.47,0.0,0,
5ddf7399-e390-4a8e-ace0-651a67542da2,PV-2023,0,-0.4594,7652.76,21.0,364.4171,0.6656,25.0,189517.61,2.0,0,
63b4f127-a33b-462d-94a1-1b5da940952d,OI-2022,0,-0.45929,8550.52,8.0,1068.815,0.8109,19.0,271787.56,0.0,0,
eaab97a5-81fb-4333-a9a5-d40aa75821f1,PV-2026,0,-0.45925,6526.95,14.0,466.2107,1.0374,29.0,220089.96,0.0,0,
2bd9c0f3-366d-4de6-a41d-ba1dc3b5496e,OI-2026,0,-0.45923,6125.49,21.0,291.69,0.7986,29.0,79415.07,1.0,0,
414fd37d-37c0-4b39-993e-bb5a8b045983,OI-2023,0,-0.45908,11089.45,15.0,739.2967,0.5588,29.0,122081.31,1.0,1,AGRICULTOR_INEFICIENTE
d88385c8-4b9e-45eb-9816-10d6e78cee59,OI-2023,0,-0.45877,8160.23,20.0,408.0115,0.8535,39.0,186631.24,1.0,0,
4b339871-4fca-449d-98bd-84685db111bc,OI-2024,0,-0.4586,9259.03,11.0,841.73,0.4606,68.0,290652.56,0.0,0,
110e99d5-e49b-4fdc-9245-75e5e3cdda0a,PV-2022,0,-0.45838,9740.32,8.0,1217.54,0.5453,46.0,361047.94,0.0,0,
574471ae-d1bc-4521-b3c4-b421e7a0c220,OI-2024,0,-0.45832,9306.75,8.0,1163.3437,0.6604,63.0,147325.76,0.0,0,
0434faa6-0ac6-4466-bf7e-b1e0490a88c1,PV-2024,0,-0.45809,5630.31,16.0,351.8944,0.9925,32.0,144680.88,1.0,0,
110e99d5-e49b-4fdc-9245-75e5e3cdda0a,OI-2021,0,-0.45807,10007.63,10.0,1000.763,0.7616,61.0,367380.22,0.0,1,SOBRE_RIEGO
90ef94c9-b6d4-4971-a5d5-adb12732ced8,PV-2022,0,-0.45806,5995.47,16.0,374.7169,0.6908,27.0,288380.63,2.0,0,
d2251f14-05cb-4a11-9a43-087ac9a45584,PV-2021,0,-0.45797,4347.95,17.0,255.7618,0.6767,33.0,77982.26,2.0,0,
7fe1aeb7-a6db-4eef-9ec2-7b519d1ca0e8,OI-2021,0,-0.45741,4654.28,20.0,232.714,0.731,25.0,155654.75,1.0,0,
5ddf7399-e390-4a8e-ace0-651a67542da2,OI-2026,0,-0.45682,4728.0,20.0,236.4,0.6314,23.0,113015.97,2.0,0,
5204630a-2183-4700-a82d-29970e4ce006,PV-2021,0,-0.45661,7492.01,20.0,374.6005,0.5168,37.0,263802.69,1.0,0,
d2251f14-05cb-4a11-9a43-087ac9a45584,OI-2021,0,-0.45612,5115.63,19.0,269.2437,0.496,25.0,85769.86,2.0,1,SOBRE_RIEGO
b1da7fe5-e177-4f94-81e5-3dad69d2c13d,PV-2022,0,-0.45601,9183.58,15.0,612.2387,1.0712,39.0,152419.31,0.0,0,
41ed1b06-1867-4659-bea8-b866163d48b1,PV-2022,0,-0.45597,4931.17,18.0,273.9539,0.8469,28.0,136421.13,2.0,0,
0dedce00-440c-4056-9c53-737cbeff6dd1,OI-2021,0,-0.45587,7469.77,19.0,393.1458,0.5162,22.0,192598.77,2.0,0,
8dd75c08-6935-4e65-9ad3-e3872fb57333,OI-2024,0,-0.45577,9748.16,14.0,696.2971,0.5324,15.0,362594.97,0.0,0,
f1f61c27-c2a8-4515-87a8-f83ec5642de8,OI-2025,0,-0.45567,6664.02,9.0,740.4467,0.434,25.0,355023.44,0.0,0,
39c46048-03d3-49a2-b1cf-5857f4a994ba,PV-2025,0,-0.45561,11521.79,9.0,1280.1989,0.7308,38.0,122070.94,0.0,1,SOBRE_RIEGO
ae8a9a32-53d2-4954-9f13-750bbde63be5,PV-2026,0,-0.45557,8998.87,19.0,473.6247,0.6677,28.0,206941.55,2.0,1,AGRICULTOR_INEFICIENTE
2806f43a-b402-42bd-8b82-02cabf484236,PV-2024,0,-0.4553,5232.88,18.0,290.7156,0.5902,41.0,81537.13,2.0,0,
eebee71b-b00b-4a44-b941-73e1c260c706,PV-2025,0,-0.45527,10575.29,12.0,881.2742,0.7628,61.0,318975.5,0.0,0,
d2251f14-05cb-4a11-9a43-087ac9a45584,OI-2026,0,-0.45503,4801.59,14.0,342.9707,0.5293,30.0,86694.68,2.0,0,
6906ce52-e8b0-4489-ac75-5548d7c2b754,PV-2024,0,-0.45501,7936.55,9.0,881.8389,1.0517,43.0,86813.87,0.0,0,
80d1f05a-57f2-4f59-9063-a3b48172ddb7,PV-2025,0,-0.45492,10807.46,10.0,1080.746,0.3491,33.0,229780.17,0.0,1,AGRICULTOR_INEFICIENTE
2806f43a-b402-42bd-8b82-02cabf484236,OI-2024,0,-0.4549,5278.79,19.0,277.8311,0.498,27.0,82033.28,2.0,0,
e26db415-b822-4431-a95e-0515c3451f73,OI-2025,0,-0.45487,6782.9,21.0,322.9952,0.7334,22.0,67302.39,1.0,0,
6e1d231a-7c6d-466d-b23f-8de651b9faf6,PV-2022,0,-0.45483,5328.46,17.0,313.4388,0.5108,31.0,53211.59,1.0,0,
414fd37d-37c0-4b39-993e-bb5a8b045983,OI-2024,0,-0.45467,9566.06,19.0,503.4768,0.6487,41.0,106548.52,1.0,1,AGRICULTOR_INEFICIENTE
8d37e9e0-efee-4c3a-9e27-ef1f52101aa1,OI-2026,0,-0.45464,7297.04,8.0,912.13,0.8084,52.0,61909.74,0.0,0,
d88385c8-4b9e-45eb-9816-10d6e78cee59,OI-2026,0,-0.45438,7406.74,15.0,493.7827,0.8173,58.0,172285.08,1.0,0,
5204630a-2183-4700-a82d-29970e4ce006,OI-2026,0,-0.45419,7259.12,17.0,427.0071,0.7648,45.0,251783.64,1.0,0,
4bc49af1-136c-4f88-a323-d6246ea051d9,OI-2026,0,-0.45409,13043.57,14.0,931.6836,0.8068,31.0,220308.85,0.0,1,AGRICULTOR_INEFICIENTE
e09b8211-34e7-403b-bbec-9f09bd9ff890,OI-2023,0,-0.45399,4798.94,18.0,266.6078,0.5546,41.0,133062.65,1.0,0,
72d50679-68dd-402b-bd63-b2628f1a0e85,OI-2026,0,-0.45396,12358.56,13.0,950.6585,0.541,26.0,376530.63,0.0,1,AGRICULTOR_INEFICIENTE
7fe1aeb7-a6db-4eef-9ec2-7b519d1ca0e8,OI-2026,0,-0.4539,8359.58,15.0,557.3053,0.8672,38.0,275244.1,1.0,0,
e26db415-b822-4431-a95e-0515c3451f73,PV-2026,0,-0.45389,10058.86,18.0,558.8256,0.7483,28.0,106036.23,1.0,0,
f8519eec-b857-4faf-96f4-3f07477339cb,OI-2024,0,-0.45364,7844.53,15.0,522.9687,0.9729,20.0,83414.98,0.0,0,
0dedce00-440c-4056-9c53-737cbeff6dd1,PV-2025,0,-0.45359,4999.21,17.0,294.0712,0.7156,41.0,137973.83,2.0,0,
85be4752-4bd9-4eff-a359-e17047ad49e1,PV-2022,0,-0.45358,7661.54,19.0,403.2389,0.6342,46.0,113030.59,2.0,0,
85be4752-4bd9-4eff-a359-e17047ad49e1,PV-2023,0,-0.45332,7377.49,14.0,526.9636,0.5646,21.0,105805.52,2.0,0,
24efb028-0f2a-46ea-b50f-4a1f908475d4,PV-2024,0,-0.45317,7274.62,9.0,808.2911,0.5262,43.0,449649.25,0.0,0,
4b339871-4fca-449d-98bd-84685db111bc,OI-2021,0,-0.45306,11500.25,12.0,958.3542,0.6217,55.0,374092.8,0.0,0,
4d0094a6-0933-44de-9e4b-2b7adaf0a536,PV-2021,0,-0.45277,5783.12,19.0,304.3747,0.8641,22.0,90086.24,2.0,0,
0dedce00-440c-4056-9c53-737cbeff6dd1,PV-2024,0,-0.45269,6297.45,19.0,331.4447,0.8966,26.0,170907.15,2.0,0,
3592f728-76b2-471d-8c46-86b264b33dfe,OI-2025,0,-0.45252,9001.41,10.0,900.141,0.907,16.0,159076.39,0.0,0,
df18e8a3-c48f-4d3f-8e79-a11a309e1f9c,OI-2025,0,-0.45247,9171.56,8.0,1146.445,0.8514,26.0,117940.8,0.0,0,
36f15d6e-4d25-40f3-b122-fdf75c24a3e7,OI-2021,0,-0.45232,6685.04,21.0,318.3352,0.6717,22.0,74277.66,2.0,0,
63b4f127-a33b-462d-94a1-1b5da940952d,OI-2024,0,-0.45218,11496.37,10.0,1149.637,0.7783,40.0,363313.11,0.0,0,
d2251f14-05cb-4a11-9a43-087ac9a45584,OI-2023,0,-0.45214,7869.18,14.0,562.0843,0.5146,26.0,135352.1,2.0,0,
8dd75c08-6935-4e65-9ad3-e3872fb57333,OI-2022,0,-0.45193,6184.15,11.0,562.1955,0.6937,64.0,239149.74,0.0,0,
bb35a022-70e0-4ac1-800a-ab127035358b,PV-2022,0,-0.45187,10353.17,8.0,1294.1463,0.5838,32.0,179847.25,0.0,0,
771180ae-c504-4a02-9b84-a7f4c89db4f4,OI-2026,0,-0.4517,11089.76,9.0,1232.1956,0.8982,41.0,173766.17,0.0,0,
53f14776-275a-40b9-8de5-b27b5e0adc8d,OI-2023,0,-0.45162,5602.13,20.0,280.1065,0.5799,17.0,180463.17,1.0,0,
e26db415-b822-4431-a95e-0515c3451f73,OI-2024,0,-0.45156,4920.91,15.0,328.0607,0.6194,32.0,52203.75,1.0,0,
719dd666-3ab9-43f9-b273-9404281dcdf3,OI-2021,0,-0.45144,10445.43,9.0,1160.6033,0.7054,19.0,193603.38,0.0,0,
d2251f14-05cb-4a11-9a43-087ac9a45584,PV-2022,0,-0.45133,7690.86,14.0,549.3471,0.6514,20.0,138686.19,2.0,0,
414fd37d-37c0-4b39-993e-bb5a8b045983,OI-2026,0,-0.45124,10178.72,17.0,598.7482,0.7612,31.0,115214.82,1.0,1,AGRICULTOR_INEFICIENTE
e2e90477-85a7-455c-b284-40068b21097f,PV-2025,0,-0.45118,4958.95,19.0,260.9974,0.4917,36.0,135903.24,1.0,0,
0dedce00-440c-4056-9c53-737cbeff6dd1,PV-2022,0,-0.45078,6590.77,14.0,470.7693,0.503,31.0,168677.25,2.0,0,
1fc08bdf-c173-4241-a21e-4f4728eb1215,PV-2022,0,-0.4507,6993.25,15.0,466.2167,0.6141,61.0,66931.53,0.0,0,
e26db415-b822-4431-a95e-0515c3451f73,PV-2021,0,-0.45069,6026.23,21.0,286.9633,0.6768,29.0,62986.55,1.0,0,
ce83cb07-58f6-4daf-a6e3-1ee72480447b,PV-2023,0,-0.45061,5466.08,21.0,260.2895,0.5935,24.0,108754.85,1.0,0,
bcb2fc36-de4b-4e1d-bee5-0eadbf5913f9,OI-2025,0,-0.45049,7386.78,15.0,492.452,0.4796,27.0,151243.01,2.0,0,
eaab97a5-81fb-4333-a9a5-d40aa75821f1,OI-2025,0,-0.45021,6357.53,9.0,706.3922,0.8403,56.0,221924.73,0.0,1,GAP_FALLA_EQUIPO
4d0094a6-0933-44de-9e4b-2b7adaf0a536,OI-2023,0,-0.44999,6754.5,21.0,321.6429,0.6811,21.0,107989.92,2.0,0,
8dd75c08-6935-4e65-9ad3-e3872fb57333,PV-2026,0,-0.44998,7655.97,8.0,956.9963,0.497,55.0,319011.19,0.0,0,
85be4752-4bd9-4eff-a359-e17047ad49e1,OI-2024,0,-0.44951,4933.57,18.0,274.0872,0.7421,24.0,74520.47,2.0,0,
84213f57-d0b1-4502-888a-1315fad8b140,PV-2022,0,-0.44938,6514.2,14.0,465.3,0.8936,52.0,183506.21,0.0,0,
7fe1aeb7-a6db-4eef-9ec2-7b519d1ca0e8,PV-2023,0,-0.4491,5216.13,18.0,289.785,0.4915,24.0,184829.54,1.0,0,
0434faa6-0ac6-4466-bf7e-b1e0490a88c1,PV-2025,0,-0.44896,4312.92,17.0,253.7012,0.645,24.0,110436.24,1.0,0,
d2251f14-05cb-4a11-9a43-087ac9a45584,PV-2024,0,-0.44883,5838.71,19.0,307.3005,0.8222,20.0,102725.77,2.0,0,
7fe1aeb7-a6db-4eef-9ec2-7b519d1ca0e8,PV-2024,0,-0.44849,5003.01,19.0,263.3163,0.6524,18.0,168372.54,1.0,0,
d2251f14-05cb-4a11-9a43-087ac9a45584,PV-2026,0,-0.44819,5440.68,14.0,388.62,0.5366,35.0,96786.95,2.0,0,
5204630a-2183-4700-a82d-29970e4ce006,OI-2021,0,-0.44805,7436.71,20.0,371.8355,0.7378,31.0,262339.44,1.0,0,
11975aea-1fcd-4e2d-ae3d-29a313100272,OI-2024,0,-0.44786,9196.21,8.0,1149.5263,0.9037,50.0,208208.76,0.0,0,
8dd75c08-6935-4e65-9ad3-e3872fb57333,OI-2025,0,-0.44764,10077.67,12.0,839.8058,0.4219,33.0,398524.88,0.0,0,
5ddf7399-e390-4a8e-ace0-651a67542da2,OI-2023,0,-0.44762,7814.69,17.0,459.6876,0.6978,36.0,189568.56,2.0,0,
eaab97a5-81fb-4333-a9a5-d40aa75821f1,OI-2021,0,-0.44747,8636.64,8.0,1079.58,0.4248,32.0,297237.33,0.0,0,
5ddf7399-e390-4a8e-ace0-651a67542da2,OI-2021,0,-0.44731,5589.04,19.0,294.16,0.5063,24.0,138858.54,2.0,0,
85f2d080-8d9e-4f3c-984f-4684eeeca5f8,PV-2022,0,-0.44679,9652.42,11.0,877.4927,1.0456,44.0,245119.64,0.0,0,
53f14776-275a-40b9-8de5-b27b5e0adc8d,PV-2022,0,-0.44676,5565.51,18.0,309.195,0.7931,18.0,176994.28,1.0,0,
41ed1b06-1867-4659-bea8-b866163d48b1,PV-2024,0,-0.44647,5377.13,21.0,256.0538,0.6306,27.0,141070.83,2.0,0,
53f14776-275a-40b9-8de5-b27b5e0adc8d,OI-2026,0,-0.44646,5544.43,20.0,277.2215,0.8102,34.0,173721.93,1.0,0,
e09b8211-34e7-403b-bbec-9f09bd9ff890,OI-2024,0,-0.44602,5416.25,19.0,285.0658,0.6326,16.0,150486.79,1.0,0,
36f15d6e-4d25-40f3-b122-fdf75c24a3e7,PV-2023,0,-0.44587,5744.9,18.0,319.1611,0.541,29.0,64726.21,2.0,0,
ddc49f6a-26d2-449f-b5f9-028051bf0aee,PV-2021,0,-0.44548,6674.28,8.0,834.285,0.7541,55.0,90300.43,0.0,0,
6906ce52-e8b0-4489-ac75-5548d7c2b754,PV-2023,0,-0.44541,9579.99,11.0,870.9082,0.8769,61.0,104855.72,0.0,0,
719dd666-3ab9-43f9-b273-9404281dcdf3,OI-2023,0,-0.44513,7993.4,8.0,999.175,0.4896,60.0,144621.84,0.0,0,
6455e61d-8caf-4f10-939c-43bfc496bba0,PV-2026,0,-0.44482,5892.3,14.0,420.8786,0.5959,21.0,289496.63,1.0,0,
0dedce00-440c-4056-9c53-737cbeff6dd1,OI-2023,0,-0.44474,4958.46,15.0,330.564,0.5744,22.0,136448.5,2.0,0,
72d50679-68dd-402b-bd63-b2628f1a0e85,PV-2025,0,-0.44459,9486.75,8.0,1185.8438,0.537,44.0,308763.54,0.0,1,SOBRE_RIEGO
71f0c5b7-f2df-4df3-a9aa-ba4a6c0333ea,OI-2021,0,-0.44459,6232.97,14.0,445.2121,0.9684,26.0,96198.86,0.0,0,
a7af1a60-ec79-4e98-826b-a73dcc19a9eb,PV-2024,0,-0.44451,5853.02,19.0,308.0537,0.5477,38.0,175390.83,2.0,0,
a7af1a60-ec79-4e98-826b-a73dcc19a9eb,OI-2025,0,-0.44433,6315.21,16.0,394.7006,0.5048,31.0,196625.99,2.0,0,
d2251f14-05cb-4a11-9a43-087ac9a45584,OI-2022,0,-0.44395,6765.49,21.0,322.1662,0.6081,31.0,120736.66,2.0,0,
bb35a022-70e0-4ac1-800a-ab127035358b,OI-2024,0,-0.44363,9379.69,13.0,721.5146,1.0659,28.0,167627.36,0.0,0,
a7af1a60-ec79-4e98-826b-a73dcc19a9eb,PV-2023,0,-0.4436,6810.42,19.0,358.4432,0.7534,23.0,205973.65,2.0,0,
110e99d5-e49b-4fdc-9245-75e5e3cdda0a,OI-2025,0,-0.4435,10204.74,13.0,784.98,0.5332,18.0,364035.73,0.0,0,
85be4752-4bd9-4eff-a359-e17047ad49e1,OI-2022,0,-0.44338,6312.54,14.0,450.8957,0.7115,40.0,87231.32,2.0,0,
36f15d6e-4d25-40f3-b122-fdf75c24a3e7,PV-2022,0,-0.44331,5854.04,20.0,292.702,0.701,26.0,61391.31,2.0,0,
d88385c8-4b9e-45eb-9816-10d6e78cee59,OI-2025,0,-0.44289,5484.4,18.0,304.6889,0.4539,35.0,123248.32,1.0,0,
7fe1aeb7-a6db-4eef-9ec2-7b519d1ca0e8,PV-2022,0,-0.44265,8804.46,16.0,550.2788,0.6476,35.0,297217.6,1.0,0,
0434faa6-0ac6-4466-bf7e-b1e0490a88c1,OI-2021,0,-0.44244,5747.02,21.0,273.6676,0.7151,30.0,147941.87,1.0,0,
e26db415-b822-4431-a95e-0515c3451f73,PV-2023,0,-0.44244,7792.2,17.0,458.3647,0.5935,46.0,77175.52,1.0,0,
53f14776-275a-40b9-8de5-b27b5e0adc8d,PV-2024,0,-0.44242,6198.4,15.0,413.2267,0.6344,53.0,210676.02,1.0,0,
7fe1aeb7-a6db-4eef-9ec2-7b519d1ca0e8,OI-2024,0,-0.4424,7077.25,20.0,353.8625,0.6198,22.0,245557.6,1.0,0,
6e1d231a-7c6d-466d-b23f-8de651b9faf6,OI-2024,0,-0.44238,5620.75,17.0,330.6324,0.648,19.0,58747.41,1.0,1,SOBRE_RIEGO
d88385c8-4b9e-45eb-9816-10d6e78cee59,OI-2024,0,-0.44223,7885.78,14.0,563.27,0.9205,32.0,178347.31,1.0,0,
85be4752-4bd9-4eff-a359-e17047ad49e1,OI-2021,0,-0.44212,6289.53,16.0,393.0956,0.8453,26.0,96324.93,2.0,0,
8fd3f47d-3254-4408-a5b0-10664476d9d4,OI-2021,0,-0.44187,8723.44,9.0,969.2711,0.4305,54.0,93025.29,0.0,0,
5ddf7399-e390-4a8e-ace0-651a67542da2,PV-2022,0,-0.44172,6428.75,14.0,459.1964,0.8103,28.0,151519.07,2.0,0,
ce83cb07-58f6-4daf-a6e3-1ee72480447b,OI-2021,0,-0.44151,6176.86,21.0,294.1362,0.6587,24.0,130828.71,1.0,0,
28b7273a-4fa1-48db-9372-3de80f7a3002,OI-2022,0,-0.4415,6482.19,10.0,648.219,0.4452,39.0,68938.12,0.0,0,
2806f43a-b402-42bd-8b82-02cabf484236,PV-2025,0,-0.44145,5988.76,16.0,374.2975,0.7256,19.0,92509.4,2.0,0,
4d0094a6-0933-44de-9e4b-2b7adaf0a536,PV-2023,0,-0.44126,6092.23,20.0,304.6115,0.7976,32.0,97635.68,2.0,0,
bcb2fc36-de4b-4e1d-bee5-0eadbf5913f9,OI-2024,0,-0.44119,8411.81,16.0,525.7381,0.6116,25.0,171272.6,2.0,0,
0434faa6-0ac6-4466-bf7e-b1e0490a88c1,PV-2021,0,-0.44111,5769.28,21.0,274.7276,0.656,32.0,145394.07,1.0,0,
41ed1b06-1867-4659-bea8-b866163d48b1,PV-2021,0,-0.44081,6957.62,17.0,409.2718,0.6816,21.0,188220.92,2.0,0,
8dd75c08-6935-4e65-9ad3-e3872fb57333,OI-2021,0,-0.44069,8033.89,8.0,1004.2363,0.4839,47.0,327517.62,0.0,0,
d2251f14-05cb-4a11-9a43-087ac9a45584,OI-2025,0,-0.44048,6955.55,14.0,496.825,0.7411,24.0,128001.97,2.0,0,
84862e04-c039-458d-ac28-4337f2a4dbd5,PV-2021,0,-0.44046,10718.2,9.0,1190.9111,0.8018,37.0,103744.29,0.0,0,
eebee71b-b00b-4a44-b941-73e1c260c706,PV-2021,0,-0.44031,12038.76,13.0,926.0585,0.5891,34.0,380702.06,0.0,0,
e26db415-b822-4431-a95e-0515c3451f73,OI-2026,0,-0.44025,6857.62,20.0,342.881,0.601,21.0,71009.93,1.0,0,
e26db415-b822-4431-a95e-0515c3451f73,PV-2024,0,-0.44021,8339.05,20.0,416.9525,0.7314,33.0,84921.6,1.0,0,
771180ae-c504-4a02-9b84-a7f4c89db4f4,PV-2025,0,-0.43979,9721.75,10.0,972.175,0.6976,67.0,162173.13,0.0,0,
6455e61d-8caf-4f10-939c-43bfc496bba0,PV-2021,0,-0.43978,5408.58,14.0,386.3271,0.5254,33.0,266047.48,1.0,0,
9cf09513-1f3f-4105-afa9-7c5b2e337f45,PV-2025,0,-0.43934,10517.33,13.0,809.0254,0.8083,59.0,165917.78,0.0,0,
a32a002d-da6e-42a1-94ea-8bdd8df754e1,OI-2023,0,-0.43879,7671.37,8.0,958.9212,0.7132,64.0,136521.7,0.0,0,
df18e8a3-c48f-4d3f-8e79-a11a309e1f9c,PV-2025,0,-0.43836,8203.61,10.0,820.361,0.7932,68.0,107201.63,0.0,0,
7fe1aeb7-a6db-4eef-9ec2-7b519d1ca0e8,PV-2026,0,-0.4382,5051.46,19.0,265.8663,0.6775,34.0,177125.72,1.0,0,
72d50679-68dd-402b-bd63-b2628f1a0e85,OI-2023,0,-0.43791,11848.0,13.0,911.3846,0.6225,28.0,366169.66,0.0,1,AGRICULTOR_INEFICIENTE
72d50679-68dd-402b-bd63-b2628f1a0e85,OI-2021,0,-0.43736,10755.2,15.0,717.0133,0.5641,21.0,329119.22,0.0,1,AGRICULTOR_INEFICIENTE
a7af1a60-ec79-4e98-826b-a73dcc19a9eb,OI-2021,0,-0.43732,6770.55,16.0,423.1594,0.765,26.0,206570.9,2.0,0,
110e99d5-e49b-4fdc-9245-75e5e3cdda0a,PV-2024,0,-0.43729,8371.29,8.0,1046.4113,0.5905,55.0,298585.2,0.0,1,GAP_FALLA_EQUIPO
a32a002d-da6e-42a1-94ea-8bdd8df754e1,PV-2026,0,-0.43726,9837.37,8.0,1229.6712,0.693,48.0,174074.77,0.0,0,
5204630a-2183-4700-a82d-29970e4ce006,PV-2026,0,-0.43723,6774.84,15.0,451.656,0.6845,50.0,232832.78,1.0,0,
2bd9c0f3-366d-4de6-a41d-ba1dc3b5496e,PV-2022,0,-0.4371,7168.55,19.0,377.2921,0.6629,45.0,95290.24,1.0,0,
36f15d6e-4d25-40f3-b122-fdf75c24a3e7,OI-2024,0,-0.43695,6366.1,16.0,397.8813,0.7785,28.0,67193.94,2.0,0,
2bd9c0f3-366d-4de6-a41d-ba1dc3b5496e,OI-2023,0,-0.43692,7616.44,14.0,544.0314,0.4745,44.0,100862.74,1.0,0,
6e1d231a-7c6d-466d-b23f-8de651b9faf6,OI-2022,0,-0.43676,8054.65,19.0,423.9289,0.5698,35.0,81152.17,1.0,0,
53f14776-275a-40b9-8de5-b27b5e0adc8d,PV-2023,0,-0.43668,7294.64,16.0,455.915,0.4729,23.0,243535.9,1.0,0,
36f15d6e-4d25-40f3-b122-fdf75c24a3e7,OI-2025,0,-0.43664,7236.64,18.0,402.0356,0.5596,32.0,80763.15,2.0,0,
ce83cb07-58f6-4daf-a6e3-1ee72480447b,OI-2022,0,-0.43652,5351.54,20.0,267.577,0.7674,30.0,113495.1,1.0,0,
8d3c5171-2c80-451b-b387-4557841fc06c,PV-2023,0,-0.43652,8995.94,15.0,599.7293,0.8949,24.0,301820.66,0.0,0,
a32a002d-da6e-42a1-94ea-8bdd8df754e1,OI-2026,0,-0.43648,8315.53,15.0,554.3687,0.4573,57.0,142214.85,0.0,0,
bcb2fc36-de4b-4e1d-bee5-0eadbf5913f9,OI-2021,0,-0.43642,7536.25,15.0,502.4167,0.7353,25.0,151873.02,2.0,0,
4b339871-4fca-449d-98bd-84685db111bc,PV-2026,0,-0.43638,9092.42,8.0,1136.5525,0.7712,46.0,286656.01,0.0,0,
0434faa6-0ac6-4466-bf7e-b1e0490a88c1,PV-2022,0,-0.43635,6947.81,20.0,347.3905,0.7752,21.0,172494.31,1.0,0,
0b620e00-7f77-445d-9956-430be1ed2748,OI-2026,0,-0.43632,7483.69,12.0,623.6408,0.6448,14.0,239270.8,0.0,0,
5ddf7399-e390-4a8e-ace0-651a67542da2,PV-2024,0,-0.43631,5696.61,17.0,335.0947,0.7541,21.0,143450.35,2.0,0,
b1da7fe5-e177-4f94-81e5-3dad69d2c13d,PV-2023,0,-0.43629,7070.57,11.0,642.7791,0.349,40.0,117445.6,0.0,0,
2bd9c0f3-366d-4de6-a41d-ba1dc3b5496e,PV-2021,0,-0.4362,6039.26,19.0,317.8558,0.6621,18.0,83599.76,1.0,0,
4d0094a6-0933-44de-9e4b-2b7adaf0a536,PV-2022,0,-0.43611,7747.64,18.0,430.4244,0.5745,29.0,124499.22,2.0,0,
414fd37d-37c0-4b39-993e-bb5a8b045983,OI-2021,0,-0.43611,9032.53,17.0,531.3253,0.6952,25.0,98849.15,1.0,1,AGRICULTOR_INEFICIENTE
8d3c5171-2c80-451b-b387-4557841fc06c,OI-2024,0,-0.43597,6275.21,8.0,784.4013,0.6126,45.0,223571.81,0.0,1,GAP_FALLA_EQUIPO
e26db415-b822-4431-a95e-0515c3451f73,PV-2025,0,-0.4358,5549.89,15.0,369.9927,0.6524,24.0,55472.06,1.0,0,
5374f8cc-a791-41ed-8bd8-7bf2489fe200,OI-2024,0,-0.43571,11484.82,11.0,1044.0745,0.637,25.0,314192.22,0.0,0,
e2e90477-85a7-455c-b284-40068b21097f,OI-2025,0,-0.4357,5691.59,20.0,284.5795,0.4738,29.0,162580.6,1.0,0,
85be4752-4bd9-4eff-a359-e17047ad49e1,PV-2025,0,-0.43515,5507.69,20.0,275.3845,0.6522,31.0,81852.53,2.0,0,
0b2da096-0ecb-4bf6-ac84-73ef1c426da4,OI-2026,0,-0.43487,5562.66,20.0,278.133,0.7543,22.0,128792.11,1.0,0,
84213f57-d0b1-4502-888a-1315fad8b140,OI-2022,0,-0.4348,9403.31,8.0,1175.4137,0.6821,28.0,245613.43,0.0,0,
ce83cb07-58f6-4daf-a6e3-1ee72480447b,OI-2026,0,-0.43458,8639.91,19.0,454.7321,0.6818,23.0,180963.17,1.0,0,
e2e90477-85a7-455c-b284-40068b21097f,OI-2021,0,-0.43458,6342.9,15.0,422.86,0.4262,38.0,178425.04,1.0,0,
bcb2fc36-de4b-4e1d-bee5-0eadbf5913f9,PV-2021,0,-0.43458,5863.54,18.0,325.7522,0.5236,30.0,120683.88,2.0,0,
0b2da096-0ecb-4bf6-ac84-73ef1c426da4,OI-2021,0,-0.43451,5319.15,20.0,265.9575,0.7153,21.0,123078.63,1.0,0,
eaab97a5-81fb-4333-a9a5-d40aa75821f1,PV-2023,0,-0.43439,9495.9,15.0,633.06,0.8263,27.0,362805.33,0.0,0,
e2e90477-85a7-455c-b284-40068b21097f,OI-2026,0,-0.43376,5112.46,19.0,269.0768,0.7952,26.0,146164.15,1.0,0,
241931f8-14fd-43b6-a903-b1ef92c1f158,PV-2021,0,-0.43374,9504.8,8.0,1188.1,0.5262,44.0,190315.14,0.0,0,
f1f61c27-c2a8-4515-87a8-f83ec5642de8,OI-2024,0,-0.43355,7998.62,12.0,666.5517,0.6145,52.0,419782.9,0.0,0,
414fd37d-37c0-4b39-993e-bb5a8b045983,OI-2022,0,-0.43334,8619.0,18.0,478.8333,0.6389,36.0,95030.04,1.0,1,AGRICULTOR_INEFICIENTE
346f404d-ae1e-4d9f-9b85-527337dd0e9b,PV-2024,0,-0.4332,9217.08,10.0,921.708,0.5278,66.0,138814.13,0.0,0,
719dd666-3ab9-43f9-b273-9404281dcdf3,OI-2026,0,-0.43317,9616.4,8.0,1202.05,0.6995,37.0,178776.39,0.0,0,
d88385c8-4b9e-45eb-9816-10d6e78cee59,PV-2026,0,-0.43316,8334.3,14.0,595.3071,0.8289,37.0,196083.65,1.0,0,
bcb2fc36-de4b-4e1d-bee5-0eadbf5913f9,OI-2026,0,-0.43289,6380.37,20.0,319.0185,0.604,21.0,127049.19,2.0,0,
d88385c8-4b9e-45eb-9816-10d6e78cee59,OI-2022,0,-0.43282,6475.84,19.0,340.8337,0.5386,19.0,149618.85,1.0,0,
d88385c8-4b9e-45eb-9816-10d6e78cee59,PV-2025,0,-0.43272,5455.47,20.0,272.7735,0.6575,21.0,127023.78,1.0,0,
e09b8211-34e7-403b-bbec-9f09bd9ff890,OI-2021,0,-0.43261,8188.27,19.0,430.9616,0.7105,30.0,220889.52,1.0,0,
41ed1b06-1867-4659-bea8-b866163d48b1,OI-2025,0,-0.4326,5900.82,14.0,421.4871,0.6964,27.0,157659.37,2.0,0,
84862e04-c039-458d-ac28-4337f2a4dbd5,OI-2022,0,-0.43231,7561.22,8.0,945.1525,0.4805,34.0,69246.24,0.0,0,
414fd37d-37c0-4b39-993e-bb5a8b045983,PV-2024,0,-0.43229,8937.18,14.0,638.37,0.5156,26.0,102436.83,1.0,1,AGRICULTOR_INEFICIENTE
bbe0d9f4-8075-4afd-a43e-5602f914bd48,OI-2021,0,-0.43225,8682.93,11.0,789.3573,0.7793,65.0,147070.81,0.0,1,SOBRE_RIEGO
5ddf7399-e390-4a8e-ace0-651a67542da2,PV-2025,0,-0.43223,5956.43,15.0,397.0953,0.5881,40.0,146329.03,2.0,0,
b1da7fe5-e177-4f94-81e5-3dad69d2c13d,OI-2021,0,-0.43205,9456.07,8.0,1182.0088,0.5395,31.0,153652.97,0.0,0,
e41f09df-92a9-4973-9fca-1571103ba530,PV-2025,0,-0.43196,8438.9,12.0,703.2417,1.054,36.0,211194.67,0.0,0,
3592f728-76b2-471d-8c46-86b264b33dfe,OI-2024,0,-0.43195,5862.71,9.0,651.4122,0.6397,45.0,99809.12,0.0,0,
241931f8-14fd-43b6-a903-b1ef92c1f158,OI-2024,0,-0.43178,8606.73,9.0,956.3033,0.9157,56.0,163495.04,0.0,0,
2806f43a-b402-42bd-8b82-02cabf484236,PV-2026,0,-0.43154,5743.38,15.0,382.892,0.5722,25.0,83223.37,2.0,0,
84213f57-d0b1-4502-888a-1315fad8b140,PV-2026,0,-0.4315,7886.37,9.0,876.2633,0.6724,65.0,230494.01,0.0,0,
0dedce00-440c-4056-9c53-737cbeff6dd1,OI-2024,0,-0.43116,6325.32,18.0,351.4067,0.7025,22.0,180139.63,2.0,0,
110e99d5-e49b-4fdc-9245-75e5e3cdda0a,PV-2025,0,-0.43066,9809.69,12.0,817.4742,0.569,54.0,363989.94,0.0,0,
2bd9c0f3-366d-4de6-a41d-ba1dc3b5496e,OI-2021,0,-0.43027,5564.29,14.0,397.4493,0.666,22.0,70337.27,1.0,0,
e09b8211-34e7-403b-bbec-9f09bd9ff890,OI-2026,0,-0.43021,8059.67,15.0,537.3113,0.4858,24.0,227794.92,1.0,0,
5204630a-2183-4700-a82d-29970e4ce006,PV-2024,0,-0.43016,4662.94,15.0,310.8627,0.5889,36.0,163745.76,1.0,0,
84862e04-c039-458d-ac28-4337f2a4dbd5,OI-2026,0,-0.42994,7268.54,13.0,559.1185,0.8331,22.0,66232.4,0.0,0,
0dedce00-440c-4056-9c53-737cbeff6dd1,PV-2023,0,-0.4297,6421.31,15.0,428.0873,0.7203,26.0,177617.21,2.0,0,
f1f61c27-c2a8-4515-87a8-f83ec5642de8,OI-2026,0,-0.42948,8304.5,12.0,692.0417,0.6968,29.0,425985.25,0.0,0,
d88385c8-4b9e-45eb-9816-10d6e78cee59,OI-2021,0,-0.42936,9063.57,16.0,566.4731,0.5712,30.0,222016.88,1.0,0,
a7af1a60-ec79-4e98-826b-a73dcc19a9eb,PV-2021,0,-0.42926,5847.77,17.0,343.9865,0.6755,26.0,187414.12,2.0,0,
84862e04-c039-458d-ac28-4337f2a4dbd5,PV-2022,0,-0.42921,9836.06,14.0,702.5757,0.4874,53.0,88679.23,0.0,0,
5ddf7399-e390-4a8e-ace0-651a67542da2,OI-2022,0,-0.42907,5486.07,20.0,274.3035,0.6677,25.0,138949.71,2.0,0,
8d3c5171-2c80-451b-b387-4557841fc06c,OI-2026,0,-0.429,7131.27,13.0,548.5592,0.3999,26.0,236211.84,0.0,0,
11975aea-1fcd-4e2d-ae3d-29a313100272,PV-2023,0,-0.42894,8705.22,9.0,967.2467,0.7744,62.0,184677.83,0.0,0,
71f0c5b7-f2df-4df3-a9aa-ba4a6c0333ea,OI-2022,0,-0.42885,7332.29,9.0,814.6989,0.4831,61.0,118952.82,0.0,0,
17040aa5-c01d-410a-b707-888eabdbfda6,OI-2023,0,-0.42865,8525.63,8.0,1065.7037,0.4528,45.0,205163.8,0.0,0,
4d0094a6-0933-44de-9e4b-2b7adaf0a536,PV-2025,0,-0.42822,6543.7,15.0,436.2467,0.7656,32.0,103601.39,2.0,0,
e2e90477-85a7-455c-b284-40068b21097f,OI-2022,0,-0.42817,6957.22,20.0,347.861,0.5946,23.0,194297.93,1.0,0,
85be4752-4bd9-4eff-a359-e17047ad49e1,OI-2025,0,-0.42798,6767.45,15.0,451.1633,0.6509,25.0,97172.49,2.0,0,
5ddf7399-e390-4a8e-ace0-651a67542da2,OI-2025,0,-0.42796,5553.91,17.0,326.7006,0.7775,28.0,134673.72,2.0,1,SOBRE_RIEGO
85be4752-4bd9-4eff-a359-e17047ad49e1,PV-2021,0,-0.42779,5441.57,18.0,302.3094,0.6539,25.0,81509.4,2.0,0,
708876d7-8bb5-49d0-b979-c85cc6c5e2b1,PV-2025,0,-0.4275,8537.14,10.0,853.714,0.3588,38.0,127619.23,0.0,0,
bb35a022-70e0-4ac1-800a-ab127035358b,OI-2022,0,-0.42744,8729.74,9.0,969.9711,1.0013,38.0,158398.46,0.0,0,
63b4f127-a33b-462d-94a1-1b5da940952d,OI-2026,0,-0.42732,9981.46,10.0,998.146,0.8949,37.0,319065.41,0.0,0,
ce83cb07-58f6-4daf-a6e3-1ee72480447b,PV-2024,0,-0.42718,6587.43,16.0,411.7144,0.8432,35.0,143186.39,1.0,0,
110e99d5-e49b-4fdc-9245-75e5e3cdda0a,PV-2023,0,-0.42701,8290.67,15.0,552.7113,0.8507,23.0,282144.54,0.0,0,
8e0af854-161a-4747-93bd-4ebb2b94ed33,PV-2026,0,-0.42676,6795.61,10.0,679.561,0.5499,55.0,210132.67,0.0,0,
0b2da096-0ecb-4bf6-ac84-73ef1c426da4,PV-2023,0,-0.42672,5024.52,16.0,314.0325,0.6578,23.0,113850.27,1.0,0,
8dd75c08-6935-4e65-9ad3-e3872fb57333,PV-2022,0,-0.42669,6567.3,10.0,656.73,0.8657,35.0,256661.8,0.0,0,
ddc49f6a-26d2-449f-b5f9-028051bf0aee,PV-2025,0,-0.42668,7252.21,9.0,805.8011,0.4907,54.0,90898.95,0.0,0,
41ed1b06-1867-4659-bea8-b866163d48b1,OI-2022,0,-0.42618,5655.28,16.0,353.455,0.5927,24.0,150315.47,2.0,0,
8d3c5171-2c80-451b-b387-4557841fc06c,OI-2022,0,-0.42599,7927.69,9.0,880.8544,0.7991,22.0,282355.24,0.0,0,
dbecd833-7ff4-4846-8f3c-3b260384d73a,OI-2022,0,-0.42593,7776.59,8.0,972.0737,0.6675,58.0,120386.31,0.0,0,
8fd3f47d-3254-4408-a5b0-10664476d9d4,OI-2022,0,-0.42576,5822.83,14.0,415.9164,0.5553,30.0,61990.83,0.0,0,
dbecd833-7ff4-4846-8f3c-3b260384d73a,PV-2024,0,-0.42567,9453.65,8.0,1181.7062,0.6245,44.0,141948.36,0.0,0,
d2251f14-05cb-4a11-9a43-087ac9a45584,OI-2024,0,-0.42567,5465.91,17.0,321.5241,0.6766,31.0,96623.8,2.0,0,
bcb2fc36-de4b-4e1d-bee5-0eadbf5913f9,PV-2022,0,-0.42565,6145.45,18.0,341.4139,0.6767,37.0,120808.7,2.0,0,
5204630a-2183-4700-a82d-29970e4ce006,OI-2025,0,-0.42548,6647.42,14.0,474.8157,0.8225,26.0,226413.8,1.0,0,
5374f8cc-a791-41ed-8bd8-7bf2489fe200,OI-2022,0,-0.42533,8607.56,10.0,860.756,0.6926,63.0,247650.45,0.0,0,
3592f728-76b2-471d-8c46-86b264b33dfe,PV-2024,0,-0.42526,8914.08,13.0,685.6985,0.6531,66.0,149623.13,0.0,0,
bcb2fc36-de4b-4e1d-bee5-0eadbf5913f9,OI-2023,0,-0.42521,6621.08,15.0,441.4053,0.7376,32.0,131795.51,2.0,0,
85be4752-4bd9-4eff-a359-e17047ad49e1,PV-2024,0,-0.42519,5693.57,18.0,316.3094,0.6186,32.0,81272.99,2.0,0,
1fc08bdf-c173-4241-a21e-4f4728eb1215,OI-2022,0,-0.42518,9566.93,15.0,637.7953,0.6443,18.0,88498.85,0.0,0,
11975aea-1fcd-4e2d-ae3d-29a313100272,OI-2023,0,-0.42516,10240.87,11.0,930.9882,0.9287,28.0,217050.4,0.0,0,
2bd9c0f3-366d-4de6-a41d-ba1dc3b5496e,OI-2024,0,-0.42513,6906.16,20.0,345.308,0.6595,22.0,93502.7,1.0,0,
ae8a9a32-53d2-4954-9f13-750bbde63be5,PV-2024,0,-0.42504,7209.42,20.0,360.471,0.6176,27.0,172455.64,2.0,1,AGRICULTOR_INEFICIENTE
ce83cb07-58f6-4daf-a6e3-1ee72480447b,OI-2024,0,-0.42493,6988.93,16.0,436.8081,0.8513,25.0,147825.3,1.0,0,
2bd9c0f3-366d-4de6-a41d-ba1dc3b5496e,OI-2025,0,-0.42418,7331.43,20.0,366.5715,0.5816,27.0,95993.95,1.0,0,
241931f8-14fd-43b6-a903-b1ef92c1f158,OI-2023,0,-0.42395,10331.63,15.0,688.7753,0.8584,45.0,210477.9,0.0,0,
ce83cb07-58f6-4daf-a6e3-1ee72480447b,PV-2022,0,-0.42392,5392.26,16.0,337.0163,0.5418,39.0,110644.39,1.0,0,
eebee71b-b00b-4a44-b941-73e1c260c706,OI-2023,0,-0.42389,8006.82,10.0,800.682,0.6544,65.0,242548.54,0.0,1,GAP_FALLA_EQUIPO
0b620e00-7f77-445d-9956-430be1ed2748,OI-2024,0,-0.4238,11282.23,11.0,1025.6573,0.6002,37.0,344660.81,0.0,0,
708876d7-8bb5-49d0-b979-c85cc6c5e2b1,OI-2025,0,-0.42339,7873.46,10.0,787.346,0.5506,67.0,111735.31,0.0,0,
85be4752-4bd9-4eff-a359-e17047ad49e1,OI-2026,0,-0.42317,6053.39,20.0,302.6695,0.6254,30.0,91852.7,2.0,0,
4b339871-4fca-449d-98bd-84685db111bc,OI-2022,0,-0.42275,9816.29,11.0,892.39,0.4267,45.0,315058.08,0.0,0,
8d3c5171-2c80-451b-b387-4557841fc06c,PV-2021,0,-0.4226,8063.95,14.0,575.9964,0.4098,38.0,257216.99,0.0,0,
9cf09513-1f3f-4105-afa9-7c5b2e337f45,OI-2026,0,-0.4224,8170.02,9.0,907.78,0.5087,19.0,133243.98,0.0,0,
63b4f127-a33b-462d-94a1-1b5da940952d,OI-2023,0,-0.42236,10926.77,12.0,910.5642,0.4935,33.0,328486.43,0.0,0,
84213f57-d0b1-4502-888a-1315fad8b140,OI-2024,0,-0.42236,9891.33,10.0,989.133,0.8843,25.0,255020.5,0.0,0,
0b620e00-7f77-445d-9956-430be1ed2748,PV-2022,0,-0.42231,9889.4,9.0,1098.8222,0.7655,32.0,314144.53,0.0,1,SOBRE_RIEGO
7fe1aeb7-a6db-4eef-9ec2-7b519d1ca0e8,PV-2025,0,-0.42227,6102.09,18.0,339.005,0.5664,32.0,208213.91,1.0,0,
e09b8211-34e7-403b-bbec-9f09bd9ff890,PV-2024,0,-0.42227,6194.54,20.0,309.727,0.6069,23.0,174587.8,1.0,0,
0434faa6-0ac6-4466-bf7e-b1e0490a88c1,OI-2023,0,-0.42211,5508.64,16.0,344.29,0.7218,21.0,141846.53,1.0,0,
0b620e00-7f77-445d-9956-430be1ed2748,OI-2022,0,-0.42179,8719.25,9.0,968.8056,0.9407,39.0,277886.67,0.0,0,
e2e90477-85a7-455c-b284-40068b21097f,PV-2024,0,-0.42172,6763.05,18.0,375.725,0.7894,32.0,193693.73,1.0,0,
e09b8211-34e7-403b-bbec-9f09bd9ff890,PV-2023,0,-0.42168,7432.48,19.0,391.1832,0.6795,25.0,206073.65,1.0,0,
5374f8cc-a791-41ed-8bd8-7bf2489fe200,PV-2021,0,-0.42161,8986.7,13.0,691.2846,0.8418,52.0,263734.45,0.0,0,
85be4752-4bd9-4eff-a359-e17047ad49e1,OI-2023,0,-0.42153,5821.77,16.0,363.8606,0.7107,27.0,86176.19,2.0,0,
e2e90477-85a7-455c-b284-40068b21097f,PV-2026,0,-0.42143,6243.61,16.0,390.2256,0.6143,19.0,174430.53,1.0,0,
ddc49f6a-26d2-449f-b5f9-028051bf0aee,OI-2021,0,-0.42125,7536.22,8.0,942.0275,0.5172,47.0,99153.18,0.0,0,
8e0af854-161a-4747-93bd-4ebb2b94ed33,OI-2025,0,-0.42125,8496.06,8.0,1062.0075,0.4754,34.0,257970.21,0.0,0,
0b2da096-0ecb-4bf6-ac84-73ef1c426da4,OI-2024,0,-0.42119,6736.7,16.0,421.0437,0.4581,36.0,150078.84,1.0,0,
bcb2fc36-de4b-4e1d-bee5-0eadbf5913f9,PV-2026,0,-0.42111,6656.19,15.0,443.746,0.6541,34.0,131572.16,2.0,0,
28b7273a-4fa1-48db-9372-3de80f7a3002,OI-2026,0,-0.42074,9766.6,11.0,887.8727,0.944,46.0,105152.75,0.0,0,
0434faa6-0ac6-4466-bf7e-b1e0490a88c1,OI-2022,0,-0.42064,5508.32,20.0,275.416,0.6693,27.0,142524.77,1.0,0,
a32a002d-da6e-42a1-94ea-8bdd8df754e1,OI-2021,0,-0.42049,10042.27,11.0,912.9336,0.5209,57.0,163104.08,0.0,0,
85f2d080-8d9e-4f3c-984f-4684eeeca5f8,PV-2021,0,-0.42033,9324.7,10.0,932.47,0.3797,42.0,223248.92,0.0,0,
2806f43a-b402-42bd-8b82-02cabf484236,OI-2021,0,-0.42017,6220.19,16.0,388.7619,0.6113,33.0,92329.25,2.0,0,
11975aea-1fcd-4e2d-ae3d-29a313100272,PV-2021,0,-0.42003,8729.03,13.0,671.4638,0.9362,50.0,191239.46,0.0,0,
8dd75c08-6935-4e65-9ad3-e3872fb57333,OI-2026,0,-0.41987,8257.04,13.0,635.1569,0.7188,53.0,315954.01,0.0,0,
e2e90477-85a7-455c-b284-40068b21097f,PV-2022,0,-0.41964,7487.85,16.0,467.9906,0.5042,29.0,215306.47,1.0,0,
11975aea-1fcd-4e2d-ae3d-29a313100272,PV-2025,0,-0.41958,8522.07,8.0,1065.2587,0.6904,52.0,195760.06,0.0,0,
719dd666-3ab9-43f9-b273-9404281dcdf3,PV-2021,0,-0.41954,9689.34,9.0,1076.5933,0.4437,38.0,186748.3,0.0,0,
dbecd833-7ff4-4846-8f3c-3b260384d73a,OI-2023,0,-0.41953,7461.05,15.0,497.4033,0.5657,19.0,115998.7,0.0,0,
df18e8a3-c48f-4d3f-8e79-a11a309e1f9c,OI-2021,0,-0.41937,6712.46,11.0,610.2236,0.8431,46.0,89487.86,0.0,0,
df18e8a3-c48f-4d3f-8e79-a11a309e1f9c,PV-2024,0,-0.41936,10280.11,10.0,1028.011,0.9035,40.0,136007.86,0.0,0,
84862e04-c039-458d-ac28-4337f2a4dbd5,OI-2024,0,-0.41934,10489.35,11.0,953.5773,0.6893,23.0,91755.93,0.0,0,
53f14776-275a-40b9-8de5-b27b5e0adc8d,OI-2022,0,-0.41931,7559.29,16.0,472.4556,0.57,28.0,241331.95,1.0,0,
0b2da096-0ecb-4bf6-ac84-73ef1c426da4,PV-2024,0,-0.41914,6102.88,18.0,339.0489,0.573,24.0,137310.18,1.0,0,
719dd666-3ab9-43f9-b273-9404281dcdf3,PV-2025,0,-0.41898,8422.41,11.0,765.6736,0.7482,64.0,155478.15,0.0,0,
8e0af854-161a-4747-93bd-4ebb2b94ed33,PV-2024,0,-0.41883,7418.44,8.0,927.305,0.4587,36.0,237026.08,0.0,0,
4bc49af1-136c-4f88-a323-d6246ea051d9,PV-2021,0,-0.41879,11784.79,12.0,982.0658,0.7238,41.0,185126.1,0.0,1,SOBRE_RIEGO
0434faa6-0ac6-4466-bf7e-b1e0490a88c1,OI-2026,0,-0.41844,7054.08,18.0,391.8933,0.5518,25.0,176568.39,1.0,0,
3592f728-76b2-471d-8c46-86b264b33dfe,OI-2023,0,-0.41841,7697.91,15.0,513.194,0.4874,20.0,134705.81,0.0,0,
53f14776-275a-40b9-8de5-b27b5e0adc8d,OI-2025,0,-0.41833,7864.13,16.0,491.5081,0.6126,33.0,250830.55,1.0,0,
80d1f05a-57f2-4f59-9063-a3b48172ddb7,PV-2026,0,-0.41807,11313.4,13.0,870.2615,0.7499,42.0,235051.52,0.0,1,AGRICULTOR_INEFICIENTE
2b6901dc-2863-4df0-90fe-3d18dacaed9e,OI-2025,0,-0.41804,5570.12,12.0,464.1767,0.5287,34.0,127856.08,0.0,0,
6e1d231a-7c6d-466d-b23f-8de651b9faf6,PV-2024,0,-0.41803,6757.15,14.0,482.6536,0.7298,31.0,66049.17,1.0,0,
2b6901dc-2863-4df0-90fe-3d18dacaed9e,OI-2024,0,-0.41799,10036.0,9.0,1115.1111,0.5734,26.0,223432.84,0.0,0,
bbe0d9f4-8075-4afd-a43e-5602f914bd48,PV-2023,0,-0.4179,9413.06,9.0,1045.8956,0.4338,40.0,170668.82,0.0,0,
1fc08bdf-c173-4241-a21e-4f4728eb1215,OI-2021,0,-0.41743,7086.45,14.0,506.175,0.5811,21.0,65318.05,0.0,0,
e09b8211-34e7-403b-bbec-9f09bd9ff890,PV-2022,0,-0.41726,7557.66,17.0,444.5682,0.6171,26.0,211089.88,1.0,0,
5ddf7399-e390-4a8e-ace0-651a67542da2,OI-2024,0,-0.41717,6246.72,16.0,390.42,0.6881,30.0,154764.44,2.0,0,
bb35a022-70e0-4ac1-800a-ab127035358b,PV-2023,0,-0.41709,8204.72,11.0,745.8836,0.5322,67.0,138551.43,0.0,0,
2806f43a-b402-42bd-8b82-02cabf484236,OI-2026,0,-0.417,6681.12,18.0,371.1733,0.6313,27.0,104816.35,2.0,0,
0b620e00-7f77-445d-9956-430be1ed2748,OI-2025,0,-0.41697,8565.06,15.0,571.004,0.6902,19.0,260431.82,0.0,0,
39c46048-03d3-49a2-b1cf-5857f4a994ba,OI-2022,0,-0.41692,10518.5,14.0,751.3214,0.8009,23.0,110968.79,0.0,1,SOBRE_RIEGO
39c46048-03d3-49a2-b1cf-5857f4a994ba,PV-2024,0,-0.4169,8044.17,9.0,893.7967,0.5768,56.0,90130.7,0.0,0,
0b620e00-7f77-445d-9956-430be1ed2748,PV-2026,0,-0.41685,9877.67,10.0,987.767,0.6036,24.0,311104.01,0.0,0,
85f2d080-8d9e-4f3c-984f-4684eeeca5f8,PV-2025,0,-0.41682,10294.56,10.0,1029.456,0.8943,39.0,238577.04,0.0,0,
8e0af854-161a-4747-93bd-4ebb2b94ed33,OI-2024,0,-0.4167,6360.52,11.0,578.2291,0.8312,31.0,194237.82,0.0,0,
a32a002d-da6e-42a1-94ea-8bdd8df754e1,PV-2024,0,-0.41665,7847.93,8.0,980.9913,0.5629,51.0,132364.79,0.0,0,
346f404d-ae1e-4d9f-9b85-527337dd0e9b,OI-2025,0,-0.41664,9135.65,10.0,913.565,0.9183,28.0,144998.18,0.0,0,
241931f8-14fd-43b6-a903-b1ef92c1f158,PV-2022,0,-0.41659,7447.52,11.0,677.0473,0.8432,22.0,160462.42,0.0,0,
b1da7fe5-e177-4f94-81e5-3dad69d2c13d,OI-2023,0,-0.41644,8208.03,9.0,912.0033,0.9172,51.0,145401.48,0.0,0,
d88385c8-4b9e-45eb-9816-10d6e78cee59,PV-2024,0,-0.41644,5945.95,19.0,312.9447,0.7188,25.0,134852.67,1.0,1,SOBRE_RIEGO
8d37e9e0-efee-4c3a-9e27-ef1f52101aa1,PV-2025,0,-0.41622,8556.85,9.0,950.7611,0.6814,24.0,74111.93,0.0,0,
11975aea-1fcd-4e2d-ae3d-29a313100272,PV-2026,0,-0.41618,9938.2,9.0,1104.2444,0.7132,52.0,211541.9,0.0,0,
23684d78-b19c-4460-b442-1f259112b2de,OI-2026,0,-0.41617,9405.7,14.0,671.8357,0.9662,35.0,186531.82,0.0,0,
346f404d-ae1e-4d9f-9b85-527337dd0e9b,PV-2021,0,-0.4161,6710.71,13.0,516.2085,0.8884,38.0,105234.61,0.0,0,
ac602a78-243d-432b-a1a1-be778eeb67d7,PV-2021,0,-0.41604,10972.88,11.0,997.5345,0.6622,42.0,96350.35,0.0,0,
eebee71b-b00b-4a44-b941-73e1c260c706,PV-2026,0,-0.41594,8035.9,14.0,573.9929,0.4319,41.0,247081.73,0.0,0,
2806f43a-b402-42bd-8b82-02cabf484236,OI-2022,0,-0.41589,6816.7,18.0,378.7056,0.6451,27.0,104059.57,2.0,0,
ddc49f6a-26d2-449f-b5f9-028051bf0aee,OI-2024,0,-0.41588,8932.03,12.0,744.3358,0.8475,21.0,120830.9,0.0,0,
6906ce52-e8b0-4489-ac75-5548d7c2b754,PV-2022,0,-0.41586,9608.28,11.0,873.48,0.426,28.0,106996.1,0.0,0,
8d3c5171-2c80-451b-b387-4557841fc06c,PV-2022,0,-0.41564,8591.93,11.0,781.0845,0.8605,25.0,290009.71,0.0,0,
ac602a78-243d-432b-a1a1-be778eeb67d7,PV-2022,0,-0.41559,11219.63,13.0,863.0485,0.5107,29.0,106122.44,0.0,0,
dbecd833-7ff4-4846-8f3c-3b260384d73a,PV-2022,0,-0.41557,7955.32,10.0,795.532,0.916,51.0,118323.33,0.0,0,
53f14776-275a-40b9-8de5-b27b5e0adc8d,OI-2024,0,-0.41535,5639.68,15.0,375.9787,0.555,39.0,178327.18,1.0,0,
9cf09513-1f3f-4105-afa9-7c5b2e337f45,PV-2026,0,-0.41527,8144.09,9.0,904.8989,0.5691,60.0,132739.56,0.0,0,
eaab97a5-81fb-4333-a9a5-d40aa75821f1,PV-2024,0,-0.41516,8091.36,15.0,539.424,0.8306,32.0,277648.23,0.0,0,
9cf09513-1f3f-4105-afa9-7c5b2e337f45,OI-2023,0,-0.41512,10612.84,11.0,964.8036,0.6491,53.0,170630.74,0.0,0,
8dd75c08-6935-4e65-9ad3-e3872fb57333,OI-2023,0,-0.41502,9986.37,12.0,832.1975,0.6093,29.0,386986.84,0.0,0,
6906ce52-e8b0-4489-ac75-5548d7c2b754,OI-2025,0,-0.41501,10787.85,14.0,770.5607,0.5629,51.0,119176.9,0.0,0,
ac602a78-243d-432b-a1a1-be778eeb67d7,OI-2026,0,-0.41486,8955.87,9.0,995.0967,0.498,47.0,80652.95,0.0,0,
3592f728-76b2-471d-8c46-86b264b33dfe,OI-2021,0,-0.4148,7895.53,8.0,986.9412,0.7829,42.0,132693.14,0.0,0,
84213f57-d0b1-4502-888a-1315fad8b140,PV-2025,0,-0.41476,9755.92,13.0,750.4554,0.7862,52.0,258395.74,0.0,0,
3592f728-76b2-471d-8c46-86b264b33dfe,PV-2023,0,-0.41468,6359.65,13.0,489.2038,0.7459,45.0,108404.84,0.0,0,
81ce05c0-a141-4331-89e6-fa83efbf9bf8,PV-2025,0,-0.41461,8498.42,11.0,772.5836,0.7086,66.0,121579.58,0.0,0,
e09b8211-34e7-403b-bbec-9f09bd9ff890,PV-2026,0,-0.41457,6568.67,19.0,345.7195,0.5948,28.0,190297.34,1.0,0,
ce83cb07-58f6-4daf-a6e3-1ee72480447b,OI-2023,0,-0.41441,7417.64,17.0,436.3318,0.5345,30.0,157578.46,1.0,0,
f1f61c27-c2a8-4515-87a8-f83ec5642de8,PV-2023,0,-0.41441,7756.11,11.0,705.1009,0.5609,36.0,393362.5,0.0,0,
df18e8a3-c48f-4d3f-8e79-a11a309e1f9c,OI-2022,0,-0.41412,6948.26,13.0,534.4815,0.8176,31.0,93004.38,0.0,0,
71f0c5b7-f2df-4df3-a9aa-ba4a6c0333ea,OI-2024,0,-0.41408,11136.87,10.0,1113.687,0.6677,44.0,174521.97,0.0,0,
0434faa6-0ac6-4466-bf7e-b1e0490a88c1,PV-2023,0,-0.41408,5954.6,16.0,372.1625,0.7635,23.0,155442.87,1.0,0,
d88385c8-4b9e-45eb-9816-10d6e78cee59,PV-2023,0,-0.41407,6890.38,20.0,344.519,0.7057,31.0,159845.71,1.0,0,
110e99d5-e49b-4fdc-9245-75e5e3cdda0a,PV-2026,0,-0.41406,9363.36,15.0,624.224,0.7503,33.0,331187.0,0.0,0,
23684d78-b19c-4460-b442-1f259112b2de,PV-2022,0,-0.41401,9369.95,11.0,851.8136,0.4256,49.0,182660.24,0.0,0,
f8519eec-b857-4faf-96f4-3f07477339cb,OI-2023,0,-0.41397,7385.65,11.0,671.4227,0.4511,47.0,75179.79,0.0,0,
8fd3f47d-3254-4408-a5b0-10664476d9d4,OI-2026,0,-0.41393,8094.38,8.0,1011.7975,0.6713,38.0,92781.35,0.0,0,
5204630a-2183-4700-a82d-29970e4ce006,PV-2023,0,-0.41369,6160.83,15.0,410.722,0.7444,26.0,212011.87,1.0,0,
b1da7fe5-e177-4f94-81e5-3dad69d2c13d,PV-2026,0,-0.41348,11229.95,14.0,802.1393,0.6002,47.0,182013.65,0.0,0,
eaab97a5-81fb-4333-a9a5-d40aa75821f1,OI-2023,0,-0.41339,9573.29,15.0,638.2193,0.6404,29.0,356803.45,0.0,0,
17040aa5-c01d-410a-b707-888eabdbfda6,OI-2022,0,-0.41318,8324.62,8.0,1040.5775,0.6092,51.0,195046.24,0.0,0,
9cf09513-1f3f-4105-afa9-7c5b2e337f45,OI-2025,0,-0.41303,9821.38,9.0,1091.2644,0.4911,39.0,160343.69,0.0,0,
771180ae-c504-4a02-9b84-a7f4c89db4f4,OI-2022,0,-0.41298,7914.45,11.0,719.4955,0.894,25.0,123303.56,0.0,0,
f8519eec-b857-4faf-96f4-3f07477339cb,PV-2023,0,-0.41294,10709.84,11.0,973.6218,0.5263,43.0,103335.6,0.0,0,
8e0af854-161a-4747-93bd-4ebb2b94ed33,PV-2022,0,-0.41287,9800.96,9.0,1088.9956,0.5346,45.0,282998.59,0.0,0,
a32a002d-da6e-42a1-94ea-8bdd8df754e1,PV-2022,0,-0.41276,10160.99,9.0,1128.9989,0.6158,29.0,171539.59,0.0,0,
2b6901dc-2863-4df0-90fe-3d18dacaed9e,OI-2022,0,-0.41273,7630.73,8.0,953.8412,0.6414,50.0,166378.78,0.0,0,
2b6901dc-2863-4df0-90fe-3d18dacaed9e,PV-2023,0,-0.41272,10529.84,15.0,701.9893,0.6716,22.0,229608.94,0.0,0,
8d37e9e0-efee-4c3a-9e27-ef1f52101aa1,OI-2023,0,-0.4126,7627.4,15.0,508.4933,0.5048,28.0,64626.14,0.0,0,
85f2d080-8d9e-4f3c-984f-4684eeeca5f8,OI-2026,0,-0.41241,9677.19,12.0,806.4325,0.8369,52.0,232074.08,0.0,0,
84213f57-d0b1-4502-888a-1315fad8b140,OI-2023,0,-0.41239,6869.45,10.0,686.945,0.524,22.0,191061.58,0.0,0,
eaab97a5-81fb-4333-a9a5-d40aa75821f1,OI-2026,0,-0.4123,9398.67,9.0,1044.2967,0.6079,40.0,320527.44,0.0,0,
17040aa5-c01d-410a-b707-888eabdbfda6,OI-2025,0,-0.4122,8456.49,9.0,939.61,0.5533,20.0,195720.75,0.0,0,
f8519eec-b857-4faf-96f4-3f07477339cb,PV-2021,0,-0.41216,10630.79,10.0,1063.079,0.6562,31.0,109695.35,0.0,0,
241931f8-14fd-43b6-a903-b1ef92c1f158,PV-2024,0,-0.41212,9022.6,9.0,1002.5111,0.7104,56.0,188330.83,0.0,0,
0b620e00-7f77-445d-9956-430be1ed2748,OI-2021,0,-0.41204,8539.2,15.0,569.28,0.4627,27.0,270525.16,0.0,0,
0434faa6-0ac6-4466-bf7e-b1e0490a88c1,PV-2026,0,-0.41202,7229.22,16.0,451.8263,0.5799,38.0,178728.25,1.0,0,
8e0af854-161a-4747-93bd-4ebb2b94ed33,OI-2022,0,-0.41198,9845.59,12.0,820.4658,0.8513,40.0,293887.55,0.0,0,
eebee71b-b00b-4a44-b941-73e1c260c706,OI-2024,0,-0.41174,9702.53,11.0,882.0482,0.4636,24.0,286110.05,0.0,0,
0b2da096-0ecb-4bf6-ac84-73ef1c426da4,OI-2023,0,-0.41171,5784.57,16.0,361.5356,0.7937,27.0,128172.66,1.0,0,
5374f8cc-a791-41ed-8bd8-7bf2489fe200,PV-2022,0,-0.41167,10157.85,15.0,677.19,0.6068,46.0,290928.01,0.0,0,
ac602a78-243d-432b-a1a1-be778eeb67d7,PV-2023,0,-0.41165,7916.21,14.0,565.4436,0.5589,52.0,70219.65,0.0,0,
3592f728-76b2-471d-8c46-86b264b33dfe,PV-2022,0,-0.41147,9657.91,11.0,877.9918,0.4088,30.0,161262.8,0.0,0,
28b7273a-4fa1-48db-9372-3de80f7a3002,PV-2024,0,-0.41136,8084.96,11.0,734.9964,0.6473,58.0,82769.71,0.0,0,
bb35a022-70e0-4ac1-800a-ab127035358b,OI-2023,0,-0.41124,10753.28,11.0,977.5709,0.511,28.0,196683.19,0.0,0,
2bd9c0f3-366d-4de6-a41d-ba1dc3b5496e,OI-2022,0,-0.41122,7048.91,14.0,503.4936,0.6792,24.0,90018.79,1.0,0,
8d3c5171-2c80-451b-b387-4557841fc06c,OI-2023,0,-0.41115,8334.51,8.0,1041.8137,0.7062,36.0,268153.12,0.0,0,
5374f8cc-a791-41ed-8bd8-7bf2489fe200,PV-2024,0,-0.41114,7446.8,13.0,572.8308,0.4765,50.0,214736.32,0.0,0,
0b2da096-0ecb-4bf6-ac84-73ef1c426da4,PV-2026,0,-0.41111,5952.97,15.0,396.8647,0.6834,22.0,133403.69,1.0,0,
dbecd833-7ff4-4846-8f3c-3b260384d73a,PV-2021,0,-0.41102,8115.95,8.0,1014.4937,0.5298,33.0,121841.41,0.0,0,
0434faa6-0ac6-4466-bf7e-b1e0490a88c1,OI-2024,0,-0.41081,6348.05,18.0,352.6694,0.7008,26.0,164129.68,1.0,0,
63b4f127-a33b-462d-94a1-1b5da940952d,PV-2022,0,-0.41078,10414.5,11.0,946.7727,0.6726,47.0,339907.27,0.0,0,
6906ce52-e8b0-4489-ac75-5548d7c2b754,PV-2025,0,-0.41069,10801.23,12.0,900.1025,0.7826,40.0,118202.27,0.0,0,
63b4f127-a33b-462d-94a1-1b5da940952d,PV-2023,0,-0.41055,6829.43,14.0,487.8164,0.4981,23.0,208453.77,0.0,0,
71f0c5b7-f2df-4df3-a9aa-ba4a6c0333ea,OI-2025,0,-0.41036,8624.24,15.0,574.9493,0.8636,28.0,137355.27,0.0,0,
0b2da096-0ecb-4bf6-ac84-73ef1c426da4,OI-2022,0,-0.41031,7321.74,16.0,457.6087,0.6004,23.0,156570.51,1.0,0,
f8519eec-b857-4faf-96f4-3f07477339cb,PV-2024,0,-0.40993,8197.75,10.0,819.775,0.8387,30.0,89938.25,0.0,0,
8dd75c08-6935-4e65-9ad3-e3872fb57333,PV-2021,0,-0.40989,7468.29,9.0,829.81,0.6833,54.0,271200.38,0.0,0,
e09b8211-34e7-403b-bbec-9f09bd9ff890,OI-2022,0,-0.40982,6569.71,19.0,345.7742,0.648,30.0,179518.64,1.0,0,
bb35a022-70e0-4ac1-800a-ab127035358b,PV-2024,0,-0.40963,9294.04,10.0,929.404,0.9188,31.0,158236.14,0.0,0,
bb35a022-70e0-4ac1-800a-ab127035358b,OI-2026,0,-0.40959,7203.46,14.0,514.5329,0.877,26.0,128858.93,0.0,0,
4b339871-4fca-449d-98bd-84685db111bc,PV-2025,0,-0.40955,8759.81,15.0,583.9873,0.4747,39.0,276758.95,0.0,0,
63b4f127-a33b-462d-94a1-1b5da940952d,PV-2021,0,-0.40952,7183.78,14.0,513.1271,0.7521,47.0,224396.46,0.0,0,
11975aea-1fcd-4e2d-ae3d-29a313100272,OI-2021,0,-0.40949,7384.31,9.0,820.4789,0.6766,58.0,169272.26,0.0,0,
e09b8211-34e7-403b-bbec-9f09bd9ff890,OI-2025,0,-0.40891,7748.07,16.0,484.2544,0.6979,30.0,201205.78,1.0,0,
eebee71b-b00b-4a44-b941-73e1c260c706,OI-2025,0,-0.40888,9378.0,13.0,721.3846,0.4684,26.0,295522.08,0.0,0,
eebee71b-b00b-4a44-b941-73e1c260c706,OI-2026,0,-0.40888,7683.62,8.0,960.4525,0.6484,42.0,240967.99,0.0,0,
0b620e00-7f77-445d-9956-430be1ed2748,PV-2025,0,-0.40866,9989.95,12.0,832.4958,0.525,41.0,330344.6,0.0,0,
bbe0d9f4-8075-4afd-a43e-5602f914bd48,OI-2025,0,-0.40815,9758.53,10.0,975.853,0.713,23.0,161801.48,0.0,0,
e2e90477-85a7-455c-b284-40068b21097f,OI-2024,0,-0.40813,6202.11,15.0,413.474,0.5273,34.0,176279.85,1.0,0,
4b339871-4fca-449d-98bd-84685db111bc,PV-2022,0,-0.40806,6456.42,9.0,717.38,0.6665,42.0,198349.36,0.0,0,
0b2da096-0ecb-4bf6-ac84-73ef1c426da4,PV-2021,0,-0.40801,6624.32,19.0,348.6484,0.6451,27.0,152038.54,1.0,0,
574471ae-d1bc-4521-b3c4-b421e7a0c220,PV-2021,0,-0.40799,7509.14,10.0,750.914,0.4473,44.0,110189.72,0.0,1,SOBRE_RIEGO
346f404d-ae1e-4d9f-9b85-527337dd0e9b,OI-2022,0,-0.40797,8288.45,9.0,920.9389,0.9157,33.0,131291.44,0.0,0,
708876d7-8bb5-49d0-b979-c85cc6c5e2b1,PV-2022,0,-0.40779,10883.79,13.0,837.2146,0.4767,30.0,161223.8,0.0,0,
ddc49f6a-26d2-449f-b5f9-028051bf0aee,PV-2026,0,-0.40751,7144.36,9.0,793.8178,0.7099,50.0,91548.67,0.0,0,
84213f57-d0b1-4502-888a-1315fad8b140,OI-2026,0,-0.40733,9042.64,9.0,1004.7378,0.546,25.0,245926.35,0.0,0,
771180ae-c504-4a02-9b84-a7f4c89db4f4,PV-2021,0,-0.40715,7223.85,13.0,555.6808,0.7384,55.0,113913.64,0.0,0,
d88385c8-4b9e-45eb-9816-10d6e78cee59,PV-2022,0,-0.40712,6735.76,17.0,396.2212,0.6446,33.0,150123.7,1.0,0,
574471ae-d1bc-4521-b3c4-b421e7a0c220,OI-2023,0,-0.40694,6709.81,14.0,479.2721,0.6556,21.0,107867.03,0.0,0,
771180ae-c504-4a02-9b84-a7f4c89db4f4,OI-2024,0,-0.40689,11007.67,14.0,786.2621,0.6055,48.0,174461.8,0.0,0,
346f404d-ae1e-4d9f-9b85-527337dd0e9b,PV-2025,0,-0.40677,9898.56,13.0,761.4277,0.4485,26.0,161976.84,0.0,0,
dbecd833-7ff4-4846-8f3c-3b260384d73a,OI-2024,0,-0.40656,10280.48,15.0,685.3653,0.751,27.0,164192.02,0.0,0,
9cf09513-1f3f-4105-afa9-7c5b2e337f45,PV-2024,0,-0.40634,8033.33,8.0,1004.1662,0.6698,38.0,124520.64,0.0,0,
ddc49f6a-26d2-449f-b5f9-028051bf0aee,PV-2024,0,-0.40628,8742.36,9.0,971.3733,0.8475,33.0,120203.53,0.0,0,
bb35a022-70e0-4ac1-800a-ab127035358b,PV-2026,0,-0.40609,6916.89,10.0,691.689,0.5007,29.0,118054.13,0.0,0,
84213f57-d0b1-4502-888a-1315fad8b140,PV-2024,0,-0.40598,10569.86,15.0,704.6573,0.5967,35.0,294723.01,0.0,0,
f8519eec-b857-4faf-96f4-3f07477339cb,PV-2026,0,-0.40583,7087.08,13.0,545.16,0.7514,29.0,70673.22,0.0,0,
8d37e9e0-efee-4c3a-9e27-ef1f52101aa1,PV-2023,0,-0.40576,8451.58,15.0,563.4387,0.7166,48.0,73890.48,0.0,0,
84862e04-c039-458d-ac28-4337f2a4dbd5,PV-2023,0,-0.40549,10126.94,11.0,920.6309,0.496,28.0,94558.91,0.0,0,
0b2da096-0ecb-4bf6-ac84-73ef1c426da4,PV-2025,0,-0.40535,7094.85,15.0,472.99,0.6367,25.0,163840.76,1.0,0,
9cf09513-1f3f-4105-afa9-7c5b2e337f45,PV-2023,0,-0.40527,8746.08,11.0,795.0982,0.3995,42.0,139890.94,0.0,0,
84862e04-c039-458d-ac28-4337f2a4dbd5,PV-2025,0,-0.40517,8825.58,9.0,980.62,0.5604,34.0,78231.15,0.0,0,
7fe1aeb7-a6db-4eef-9ec2-7b519d1ca0e8,PV-2021,0,-0.40504,5972.78,15.0,398.1853,0.596,26.0,201879.54,1.0,0,
8e0af854-161a-4747-93bd-4ebb2b94ed33,OI-2026,0,-0.40498,6767.1,11.0,615.1909,0.8129,42.0,206482.86,0.0,0,
241931f8-14fd-43b6-a903-b1ef92c1f158,PV-2023,0,-0.4049,8815.47,15.0,587.698,0.8229,43.0,180102.68,0.0,0,
708876d7-8bb5-49d0-b979-c85cc6c5e2b1,PV-2021,0,-0.40479,6980.95,13.0,536.9962,0.5261,45.0,108352.34,0.0,0,
28b7273a-4fa1-48db-9372-3de80f7a3002,PV-2023,0,-0.40479,7242.44,15.0,482.8293,0.7259,28.0,77983.09,0.0,0,
39c46048-03d3-49a2-b1cf-5857f4a994ba,OI-2021,0,-0.40475,8210.58,14.0,586.47,0.8236,37.0,84769.4,0.0,0,
84213f57-d0b1-4502-888a-1315fad8b140,OI-2025,0,-0.40454,10691.52,13.0,822.4246,0.6111,25.0,282653.07,0.0,1,SOBRE_RIEGO
84213f57-d0b1-4502-888a-1315fad8b140,PV-2021,0,-0.40427,9286.08,15.0,619.072,0.5264,25.0,261079.54,0.0,0,
84862e04-c039-458d-ac28-4337f2a4dbd5,OI-2021,0,-0.40427,8528.12,15.0,568.5413,0.7543,28.0,72607.48,0.0,0,
17040aa5-c01d-410a-b707-888eabdbfda6,OI-2024,0,-0.40423,10654.41,13.0,819.57,0.4851,35.0,247745.27,0.0,0,
0434faa6-0ac6-4466-bf7e-b1e0490a88c1,OI-2025,0,-0.40409,7201.43,15.0,480.0953,0.6344,26.0,188910.13,1.0,0,
85f2d080-8d9e-4f3c-984f-4684eeeca5f8,OI-2022,0,-0.40385,10186.52,15.0,679.1013,0.5763,24.0,238552.54,0.0,0,
71f0c5b7-f2df-4df3-a9aa-ba4a6c0333ea,PV-2021,0,-0.40373,11578.77,14.0,827.055,0.6571,32.0,185309.34,0.0,0,
ac602a78-243d-432b-a1a1-be778eeb67d7,OI-2023,0,-0.40364,9955.63,10.0,995.563,0.6607,46.0,88150.95,0.0,0,
6906ce52-e8b0-4489-ac75-5548d7c2b754,OI-2026,0,-0.40359,8951.83,10.0,895.183,0.6503,23.0,105553.99,0.0,0,
8d37e9e0-efee-4c3a-9e27-ef1f52101aa1,PV-2024,0,-0.40346,10091.34,14.0,720.81,0.5116,26.0,86384.87,0.0,0,
719dd666-3ab9-43f9-b273-9404281dcdf3,PV-2026,0,-0.40313,7448.95,15.0,496.5967,0.5036,41.0,141653.27,0.0,0,
8d3c5171-2c80-451b-b387-4557841fc06c,PV-2024,0,-0.40295,8181.09,9.0,909.01,0.4844,48.0,274875.34,0.0,0,
81ce05c0-a141-4331-89e6-fa83efbf9bf8,PV-2024,0,-0.40267,7919.01,12.0,659.9175,0.7174,56.0,110984.1,0.0,0,
1fc08bdf-c173-4241-a21e-4f4728eb1215,PV-2025,0,-0.40231,9066.82,13.0,697.4477,0.5284,50.0,85514.63,0.0,0,
df18e8a3-c48f-4d3f-8e79-a11a309e1f9c,PV-2026,0,-0.40219,7747.1,13.0,595.9308,0.5846,53.0,100481.11,0.0,0,
2b6901dc-2863-4df0-90fe-3d18dacaed9e,OI-2026,0,-0.40207,8745.3,9.0,971.7,0.8525,35.0,191816.54,0.0,0,
72d50679-68dd-402b-bd63-b2628f1a0e85,PV-2023,0,-0.40198,6698.12,15.0,446.5413,0.6135,28.0,201405.17,0.0,1,AGRICULTOR_INEFICIENTE
8d37e9e0-efee-4c3a-9e27-ef1f52101aa1,OI-2021,0,-0.40191,8856.33,9.0,984.0367,0.6847,36.0,77105.18,0.0,0,
4b339871-4fca-449d-98bd-84685db111bc,OI-2023,0,-0.40191,7459.66,13.0,573.82,0.7984,44.0,230097.25,0.0,0,
1fc08bdf-c173-4241-a21e-4f4728eb1215,OI-2024,0,-0.40181,10691.64,14.0,763.6886,0.614,38.0,99730.23,0.0,1,SOBRE_RIEGO
84862e04-c039-458d-ac28-4337f2a4dbd5,PV-2026,0,-0.40176,9144.54,15.0,609.636,0.5122,31.0,84552.54,0.0,0,
8e0af854-161a-4747-93bd-4ebb2b94ed33,PV-2021,0,-0.40175,9408.43,15.0,627.2287,0.7546,31.0,278805.87,0.0,0,
708876d7-8bb5-49d0-b979-c85cc6c5e2b1,OI-2026,0,-0.40158,8471.54,14.0,605.11,0.8412,26.0,121410.03,0.0,0,
8d3c5171-2c80-451b-b387-4557841fc06c,PV-2025,0,-0.40149,6993.31,11.0,635.7555,0.4752,37.0,232901.57,0.0,0,
85f2d080-8d9e-4f3c-984f-4684eeeca5f8,OI-2025,0,-0.40138,8621.86,9.0,957.9844,0.8064,48.0,202656.08,0.0,0,
6906ce52-e8b0-4489-ac75-5548d7c2b754,OI-2022,0,-0.40124,9834.42,12.0,819.535,0.8661,32.0,116025.8,0.0,0,
8d37e9e0-efee-4c3a-9e27-ef1f52101aa1,OI-2024,0,-0.40119,7811.61,13.0,600.8931,0.5205,28.0,68409.03,0.0,0,
eaab97a5-81fb-4333-a9a5-d40aa75821f1,PV-2022,0,-0.40089,9341.26,13.0,718.5585,0.6321,40.0,342600.18,0.0,0,
771180ae-c504-4a02-9b84-a7f4c89db4f4,OI-2021,0,-0.40071,9860.5,9.0,1095.6111,0.6096,40.0,154125.53,0.0,0,
dbecd833-7ff4-4846-8f3c-3b260384d73a,PV-2023,0,-0.4007,9443.29,9.0,1049.2544,0.6021,49.0,149021.89,0.0,0,
f8519eec-b857-4faf-96f4-3f07477339cb,OI-2026,0,-0.40067,10074.71,11.0,915.8827,0.5788,26.0,100540.54,0.0,0,
e41f09df-92a9-4973-9fca-1571103ba530,OI-2022,0,-0.40067,9492.46,13.0,730.1892,0.7661,22.0,237614.69,0.0,0,
8d37e9e0-efee-4c3a-9e27-ef1f52101aa1,PV-2021,0,-0.40051,9467.1,10.0,946.71,0.5359,34.0,81702.98,0.0,0,
71f0c5b7-f2df-4df3-a9aa-ba4a6c0333ea,PV-2022,0,-0.40051,9681.41,15.0,645.4273,0.7389,41.0,151251.11,0.0,0,
23684d78-b19c-4460-b442-1f259112b2de,OI-2023,0,-0.4005,7770.36,11.0,706.3964,0.4786,52.0,157932.91,0.0,0,
6906ce52-e8b0-4489-ac75-5548d7c2b754,PV-2021,0,-0.40042,8707.86,11.0,791.6236,0.4403,35.0,97178.3,0.0,0,
ac602a78-243d-432b-a1a1-be778eeb67d7,OI-2021,0,-0.40015,9680.8,15.0,645.3867,0.6668,28.0,90105.41,0.0,0,
17040aa5-c01d-410a-b707-888eabdbfda6,OI-2026,0,-0.40009,9280.75,15.0,618.7167,0.7994,39.0,201609.58,0.0,0,
0b2da096-0ecb-4bf6-ac84-73ef1c426da4,PV-2022,0,-0.40008,6266.64,15.0,417.776,0.6046,36.0,147995.56,1.0,0,
dbecd833-7ff4-4846-8f3c-3b260384d73a,OI-2026,0,-0.39995,10274.14,14.0,733.8671,0.7343,24.0,159272.69,0.0,0,
346f404d-ae1e-4d9f-9b85-527337dd0e9b,OI-2024,0,-0.39992,8884.21,15.0,592.2807,0.5473,23.0,134938.3,0.0,0,
85f2d080-8d9e-4f3c-984f-4684eeeca5f8,PV-2026,0,-0.39974,7044.45,12.0,587.0375,0.4821,44.0,167331.8,0.0,0,
b1da7fe5-e177-4f94-81e5-3dad69d2c13d,OI-2024,0,-0.3995,9749.73,15.0,649.982,0.5702,47.0,160686.0,0.0,0,
241931f8-14fd-43b6-a903-b1ef92c1f158,OI-2025,0,-0.39943,10732.97,14.0,766.6407,0.5341,35.0,207006.51,0.0,0,
eebee71b-b00b-4a44-b941-73e1c260c706,PV-2022,0,-0.39919,10190.16,11.0,926.3782,0.6266,42.0,305055.61,0.0,0,
8d37e9e0-efee-4c3a-9e27-ef1f52101aa1,OI-2022,0,-0.39918,8312.29,10.0,831.229,0.5084,37.0,73443.51,0.0,0,
ac602a78-243d-432b-a1a1-be778eeb67d7,PV-2024,0,-0.39898,9285.13,15.0,619.0087,0.6107,28.0,83003.42,0.0,0,
1fc08bdf-c173-4241-a21e-4f4728eb1215,PV-2026,0,-0.39894,8006.11,15.0,533.7407,0.563,31.0,76587.03,0.0,0,
84213f57-d0b1-4502-888a-1315fad8b140,OI-2021,0,-0.39884,7578.84,13.0,582.9877,0.765,24.0,209869.44,0.0,0,
f8519eec-b857-4faf-96f4-3f07477339cb,PV-2025,0,-0.39878,8892.56,9.0,988.0622,0.6269,36.0,89350.37,0.0,0,
110e99d5-e49b-4fdc-9245-75e5e3cdda0a,OI-2026,0,-0.39871,7060.51,12.0,588.3758,0.5926,27.0,245700.43,0.0,0,
a32a002d-da6e-42a1-94ea-8bdd8df754e1,PV-2025,0,-0.3987,7649.62,11.0,695.42,0.4493,44.0,131391.59,0.0,0,
1fc08bdf-c173-4241-a21e-4f4728eb1215,OI-2023,0,-0.39859,7779.31,15.0,518.6207,0.5358,32.0,75845.28,0.0,0,
39c46048-03d3-49a2-b1cf-5857f4a994ba,OI-2023,0,-0.39794,8756.15,12.0,729.6792,0.8454,32.0,98119.44,0.0,0,
8fd3f47d-3254-4408-a5b0-10664476d9d4,PV-2021,0,-0.39792,9566.31,14.0,683.3079,0.6347,49.0,103391.56,0.0,0,
9cf09513-1f3f-4105-afa9-7c5b2e337f45,PV-2022,0,-0.39791,7941.12,9.0,882.3467,0.765,30.0,124789.15,0.0,0,
346f404d-ae1e-4d9f-9b85-527337dd0e9b,PV-2023,0,-0.39789,7319.13,14.0,522.795,0.8071,29.0,127062.83,0.0,0,
11975aea-1fcd-4e2d-ae3d-29a313100272,OI-2025,0,-0.39777,6857.12,15.0,457.1413,0.69,30.0,154798.3,0.0,0,
4b339871-4fca-449d-98bd-84685db111bc,PV-2021,0,-0.39767,8149.82,10.0,814.982,0.8344,38.0,260752.31,0.0,0,
4b339871-4fca-449d-98bd-84685db111bc,PV-2023,0,-0.39757,9068.57,13.0,697.5823,0.4964,28.0,290201.35,0.0,0,
84862e04-c039-458d-ac28-4337f2a4dbd5,OI-2025,0,-0.39749,9533.38,10.0,953.338,0.6785,40.0,86141.61,0.0,0,
8fd3f47d-3254-4408-a5b0-10664476d9d4,OI-2025,0,-0.39735,7706.95,13.0,592.8423,0.5953,22.0,87645.92,0.0,0,
ddc49f6a-26d2-449f-b5f9-028051bf0aee,PV-2023,0,-0.39722,8917.1,10.0,891.71,0.4989,29.0,125359.77,0.0,0,
8fd3f47d-3254-4408-a5b0-10664476d9d4,OI-2023,0,-0.39711,9334.1,14.0,666.7214,0.5515,24.0,100053.2,0.0,0,
241931f8-14fd-43b6-a903-b1ef92c1f158,PV-2026,0,-0.39681,7290.82,14.0,520.7729,0.6711,50.0,149618.49,0.0,0,
8d37e9e0-efee-4c3a-9e27-ef1f52101aa1,PV-2022,0,-0.39669,8715.81,12.0,726.3175,0.562,49.0,75490.6,0.0,0,
81ce05c0-a141-4331-89e6-fa83efbf9bf8,PV-2022,0,-0.39664,10140.67,14.0,724.3336,0.5111,44.0,143772.16,0.0,0,
5374f8cc-a791-41ed-8bd8-7bf2489fe200,OI-2026,0,-0.39657,8381.44,15.0,558.7627,0.6828,25.0,232663.66,0.0,0,
a32a002d-da6e-42a1-94ea-8bdd8df754e1,OI-2025,0,-0.3965,8993.95,10.0,899.395,0.4719,40.0,158821.12,0.0,0,
4b339871-4fca-449d-98bd-84685db111bc,PV-2024,0,-0.39646,7245.48,9.0,805.0533,0.6153,28.0,211677.65,0.0,0,
b1da7fe5-e177-4f94-81e5-3dad69d2c13d,PV-2024,0,-0.39637,8228.2,15.0,548.5467,0.7709,29.0,130898.35,0.0,0,
81ce05c0-a141-4331-89e6-fa83efbf9bf8,OI-2023,0,-0.39612,9348.56,13.0,719.12,0.7496,51.0,137105.04,0.0,0,
81ce05c0-a141-4331-89e6-fa83efbf9bf8,OI-2024,0,-0.39596,6942.2,11.0,631.1091,0.6411,26.0,95953.09,0.0,0,
eaab97a5-81fb-4333-a9a5-d40aa75821f1,PV-2025,0,-0.39575,8450.74,13.0,650.0569,0.627,26.0,302746.68,0.0,0,
1fc08bdf-c173-4241-a21e-4f4728eb1215,OI-2025,0,-0.39565,7486.37,11.0,680.5791,0.5683,36.0,69125.9,0.0,0,
a32a002d-da6e-42a1-94ea-8bdd8df754e1,PV-2023,0,-0.39533,7869.05,15.0,524.6033,0.6806,24.0,131127.26,0.0,0,
f8519eec-b857-4faf-96f4-3f07477339cb,PV-2022,0,-0.39528,8933.92,15.0,595.5947,0.6224,28.0,89779.06,0.0,0,
bbe0d9f4-8075-4afd-a43e-5602f914bd48,OI-2026,0,-0.39527,7915.79,10.0,791.579,0.8091,44.0,135239.42,0.0,0,
3592f728-76b2-471d-8c46-86b264b33dfe,PV-2021,0,-0.39501,10491.23,13.0,807.0177,0.51,38.0,172539.82,0.0,0,
80d1f05a-57f2-4f59-9063-a3b48172ddb7,OI-2021,0,-0.39493,9438.21,9.0,1048.69,0.7036,42.0,191874.78,0.0,1,AGRICULTOR_INEFICIENTE
eaab97a5-81fb-4333-a9a5-d40aa75821f1,OI-2022,0,-0.39489,8421.86,10.0,842.186,0.563,33.0,309966.53,0.0,0,
28b7273a-4fa1-48db-9372-3de80f7a3002,PV-2025,0,-0.39484,10107.86,12.0,842.3217,0.6412,47.0,106392.22,0.0,0,
708876d7-8bb5-49d0-b979-c85cc6c5e2b1,OI-2021,0,-0.39475,9404.4,14.0,671.7429,0.4872,42.0,141689.07,0.0,0,
9cf09513-1f3f-4105-afa9-7c5b2e337f45,OI-2021,0,-0.39472,9299.04,9.0,1033.2267,0.5815,34.0,151935.78,0.0,0,
11975aea-1fcd-4e2d-ae3d-29a313100272,OI-2026,0,-0.39426,7095.35,9.0,788.3722,0.7203,34.0,162989.12,0.0,0,
8d3c5171-2c80-451b-b387-4557841fc06c,OI-2021,0,-0.39424,8758.48,10.0,875.848,0.5213,43.0,275785.29,0.0,0,
63b4f127-a33b-462d-94a1-1b5da940952d,OI-2025,0,-0.39416,8040.13,10.0,804.013,0.4805,31.0,261027.28,0.0,0,
346f404d-ae1e-4d9f-9b85-527337dd0e9b,PV-2026,0,-0.394,6618.14,14.0,472.7243,0.6254,28.0,104910.61,0.0,0,
f8519eec-b857-4faf-96f4-3f07477339cb,OI-2025,0,-0.39399,9663.35,11.0,878.4864,0.7221,29.0,102693.76,0.0,0,
1fc08bdf-c173-4241-a21e-4f4728eb1215,PV-2024,0,-0.39398,8981.08,10.0,898.108,0.7053,37.0,82761.29,0.0,1,SOBRE_RIEGO
e41f09df-92a9-4973-9fca-1571103ba530,PV-2023,0,-0.39397,9208.05,13.0,708.3115,0.5212,24.0,222443.91,0.0,0,
eebee71b-b00b-4a44-b941-73e1c260c706,OI-2022,0,-0.39392,6790.15,14.0,485.0107,0.622,28.0,206297.82,0.0,0,
e41f09df-92a9-4973-9fca-1571103ba530,PV-2022,0,-0.39381,9093.29,10.0,909.329,0.7915,36.0,231933.77,0.0,0,
23684d78-b19c-4460-b442-1f259112b2de,OI-2022,0,-0.39335,10474.38,13.0,805.7215,0.5552,38.0,213761.0,0.0,0,
0b620e00-7f77-445d-9956-430be1ed2748,PV-2021,0,-0.39318,8705.54,10.0,870.554,0.7148,35.0,290616.59,0.0,0,
bbe0d9f4-8075-4afd-a43e-5602f914bd48,PV-2026,0,-0.39308,8167.36,13.0,628.2585,0.6959,20.0,145501.38,0.0,0,
39c46048-03d3-49a2-b1cf-5857f4a994ba,PV-2023,0,-0.39307,9099.87,15.0,606.658,0.7081,34.0,98088.72,0.0,0,
df18e8a3-c48f-4d3f-8e79-a11a309e1f9c,PV-2022,0,-0.393,7073.8,11.0,643.0727,0.6385,39.0,95190.94,0.0,0,
23684d78-b19c-4460-b442-1f259112b2de,OI-2024,0,-0.39293,10110.92,15.0,674.0613,0.5462,31.0,189843.59,0.0,0,
e41f09df-92a9-4973-9fca-1571103ba530,OI-2021,0,-0.39293,10360.97,11.0,941.9064,0.5896,33.0,244005.04,0.0,0,
eebee71b-b00b-4a44-b941-73e1c260c706,PV-2023,0,-0.39267,9729.67,12.0,810.8058,0.707,46.0,281270.6,0.0,0,
71f0c5b7-f2df-4df3-a9aa-ba4a6c0333ea,PV-2026,0,-0.39258,8226.08,12.0,685.5067,0.4547,31.0,127992.8,0.0,0,
bbe0d9f4-8075-4afd-a43e-5602f914bd48,PV-2021,0,-0.39242,9901.13,12.0,825.0942,0.4694,32.0,165429.91,0.0,0,
771180ae-c504-4a02-9b84-a7f4c89db4f4,PV-2023,0,-0.39234,9661.77,14.0,690.1264,0.778,30.0,155068.76,0.0,0,
e41f09df-92a9-4973-9fca-1571103ba530,OI-2026,0,-0.39228,8115.91,15.0,541.0607,0.5547,38.0,203641.47,0.0,0,
1fc08bdf-c173-4241-a21e-4f4728eb1215,OI-2026,0,-0.39226,9147.69,13.0,703.6685,0.4878,30.0,87751.95,0.0,0,
346f404d-ae1e-4d9f-9b85-527337dd0e9b,OI-2023,0,-0.39226,8771.4,11.0,797.4,0.8378,38.0,152191.74,0.0,0,
4b339871-4fca-449d-98bd-84685db111bc,OI-2025,0,-0.39221,9440.45,11.0,858.2227,0.5741,29.0,296395.88,0.0,0,
6906ce52-e8b0-4489-ac75-5548d7c2b754,OI-2023,0,-0.39215,8873.18,10.0,887.318,0.5431,41.0,96898.46,0.0,0,
a32a002d-da6e-42a1-94ea-8bdd8df754e1,OI-2024,0,-0.39212,9349.29,10.0,934.929,0.7408,29.0,161315.1,0.0,0,
719dd666-3ab9-43f9-b273-9404281dcdf3,OI-2024,0,-0.39194,9113.3,15.0,607.5533,0.5387,44.0,166268.21,0.0,0,
241931f8-14fd-43b6-a903-b1ef92c1f158,PV-2025,0,-0.39191,6830.03,12.0,569.1692,0.7452,37.0,140648.54,0.0,0,
e41f09df-92a9-4973-9fca-1571103ba530,OI-2025,0,-0.39173,8928.6,13.0,686.8154,0.7854,30.0,211790.14,0.0,0,
bb35a022-70e0-4ac1-800a-ab127035358b,OI-2021,0,-0.3917,9514.4,14.0,679.6,0.4984,27.0,175927.61,0.0,0,
6906ce52-e8b0-4489-ac75-5548d7c2b754,PV-2026,0,-0.39157,9945.47,14.0,710.3907,0.55,27.0,112197.64,0.0,0,
2b6901dc-2863-4df0-90fe-3d18dacaed9e,PV-2022,0,-0.39145,8669.0,13.0,666.8462,0.8214,37.0,185370.71,0.0,0,
8d37e9e0-efee-4c3a-9e27-ef1f52101aa1,PV-2026,0,-0.39126,7786.3,11.0,707.8455,0.5758,31.0,70712.4,0.0,0,
84213f57-d0b1-4502-888a-1315fad8b140,PV-2023,0,-0.39123,7231.18,11.0,657.38,0.7611,41.0,194929.77,0.0,0,
28b7273a-4fa1-48db-9372-3de80f7a3002,PV-2026,0,-0.39088,10044.79,14.0,717.485,0.7423,32.0,104709.63,0.0,0,
0b620e00-7f77-445d-9956-430be1ed2748,OI-2023,0,-0.39085,7857.87,13.0,604.4515,0.5768,45.0,252786.41,0.0,0,
28b7273a-4fa1-48db-9372-3de80f7a3002,OI-2023,0,-0.39077,10348.83,13.0,796.0638,0.5599,34.0,116178.89,0.0,0,
8fd3f47d-3254-4408-a5b0-10664476d9d4,PV-2025,0,-0.39069,10157.12,14.0,725.5086,0.6414,42.0,106883.4,0.0,0,
28b7273a-4fa1-48db-9372-3de80f7a3002,PV-2022,0,-0.39044,9648.07,11.0,877.0973,0.7226,36.0,109723.25,0.0,0,
719dd666-3ab9-43f9-b273-9404281dcdf3,PV-2024,0,-0.39033,8588.28,13.0,660.6369,0.7859,26.0,159191.38,0.0,0,
df18e8a3-c48f-4d3f-8e79-a11a309e1f9c,PV-2023,0,-0.39028,8709.76,9.0,967.7511,0.6362,37.0,109500.35,0.0,0,
574471ae-d1bc-4521-b3c4-b421e7a0c220,PV-2023,0,-0.39025,8036.36,9.0,892.9289,0.6045,46.0,118582.65,0.0,0,
8d37e9e0-efee-4c3a-9e27-ef1f52101aa1,OI-2025,0,-0.39024,8033.16,11.0,730.2873,0.6927,42.0,67726.62,0.0,0,
71f0c5b7-f2df-4df3-a9aa-ba4a6c0333ea,OI-2026,0,-0.39022,9637.95,13.0,741.3808,0.5139,25.0,148369.48,0.0,0,
ac602a78-243d-432b-a1a1-be778eeb67d7,OI-2022,0,-0.38984,7660.44,12.0,638.37,0.6414,30.0,70177.2,0.0,0,
8d3c5171-2c80-451b-b387-4557841fc06c,OI-2025,0,-0.38972,8677.13,10.0,867.713,0.6621,33.0,281854.21,0.0,0,
23684d78-b19c-4460-b442-1f259112b2de,PV-2024,0,-0.38937,9254.29,10.0,925.429,0.515,42.0,180299.34,0.0,0,
17040aa5-c01d-410a-b707-888eabdbfda6,PV-2021,0,-0.38923,7862.39,10.0,786.239,0.5358,26.0,179441.82,0.0,0,
110e99d5-e49b-4fdc-9245-75e5e3cdda0a,PV-2021,0,-0.38903,8549.95,11.0,777.2682,0.558,39.0,298536.68,0.0,0,
39c46048-03d3-49a2-b1cf-5857f4a994ba,PV-2022,0,-0.38901,8667.22,15.0,577.8147,0.6038,33.0,90642.12,0.0,0,
574471ae-d1bc-4521-b3c4-b421e7a0c220,OI-2022,0,-0.38881,8731.44,9.0,970.16,0.5796,37.0,134784.19,0.0,0,
ac602a78-243d-432b-a1a1-be778eeb67d7,PV-2025,0,-0.38862,8224.39,12.0,685.3658,0.6423,30.0,70765.99,0.0,0,
b1da7fe5-e177-4f94-81e5-3dad69d2c13d,PV-2025,0,-0.38855,9135.11,10.0,913.511,0.734,40.0,150556.65,0.0,0,
3592f728-76b2-471d-8c46-86b264b33dfe,OI-2026,0,-0.38855,9005.41,15.0,600.3607,0.7221,34.0,149176.4,0.0,0,
dbecd833-7ff4-4846-8f3c-3b260384d73a,OI-2025,0,-0.38848,9201.22,11.0,836.4745,0.5406,27.0,144387.45,0.0,0,
39c46048-03d3-49a2-b1cf-5857f4a994ba,OI-2024,0,-0.38831,8120.1,13.0,624.6231,0.6712,48.0,89118.16,0.0,0,
ddc49f6a-26d2-449f-b5f9-028051bf0aee,OI-2023,0,-0.38815,9386.96,13.0,722.0738,0.659,48.0,126861.62,0.0,0,
e41f09df-92a9-4973-9fca-1571103ba530,OI-2024,0,-0.38815,9886.35,11.0,898.7591,0.6974,30.0,251716.88,0.0,0,
df18e8a3-c48f-4d3f-8e79-a11a309e1f9c,OI-2024,0,-0.38789,10025.27,13.0,771.1746,0.6857,27.0,130178.52,0.0,0,
23684d78-b19c-4460-b442-1f259112b2de,PV-2025,0,-0.38788,8680.03,15.0,578.6687,0.5745,27.0,161405.05,0.0,0,
85f2d080-8d9e-4f3c-984f-4684eeeca5f8,OI-2024,0,-0.38782,8634.87,9.0,959.43,0.573,36.0,202232.06,0.0,0,
ac602a78-243d-432b-a1a1-be778eeb67d7,OI-2024,0,-0.38779,8292.39,11.0,753.8536,0.6254,40.0,73291.9,0.0,0,
8d3c5171-2c80-451b-b387-4557841fc06c,PV-2026,0,-0.38768,7531.53,13.0,579.3485,0.6396,32.0,257263.25,0.0,0,
28b7273a-4fa1-48db-9372-3de80f7a3002,PV-2021,0,-0.38761,9154.37,12.0,762.8642,0.775,34.0,101558.16,0.0,0,
1fc08bdf-c173-4241-a21e-4f4728eb1215,PV-2021,0,-0.38758,8990.36,14.0,642.1686,0.6667,38.0,87522.11,0.0,0,
dbecd833-7ff4-4846-8f3c-3b260384d73a,PV-2026,0,-0.38748,10175.6,11.0,925.0545,0.5955,37.0,153804.97,0.0,0,
23684d78-b19c-4460-b442-1f259112b2de,PV-2021,0,-0.3871,9196.86,13.0,707.4508,0.5419,47.0,179865.07,0.0,0,
85f2d080-8d9e-4f3c-984f-4684eeeca5f8,OI-2021,0,-0.38692,8646.95,15.0,576.4633,0.6754,41.0,203019.69,0.0,0,
dbecd833-7ff4-4846-8f3c-3b260384d73a,OI-2021,0,-0.38687,9325.58,15.0,621.7053,0.6581,38.0,149101.48,0.0,0,
719dd666-3ab9-43f9-b273-9404281dcdf3,OI-2025,0,-0.38686,7798.81,10.0,779.881,0.4964,37.0,151012.54,0.0,0,
3592f728-76b2-471d-8c46-86b264b33dfe,PV-2025,0,-0.38682,9968.04,14.0,712.0029,0.6742,43.0,168793.77,0.0,0,
6906ce52-e8b0-4489-ac75-5548d7c2b754,OI-2024,0,-0.3868,7954.84,11.0,723.1673,0.5245,33.0,84416.46,0.0,0,
574471ae-d1bc-4521-b3c4-b421e7a0c220,OI-2026,0,-0.38673,7973.02,13.0,613.3092,0.6814,23.0,121575.95,0.0,0,
63b4f127-a33b-462d-94a1-1b5da940952d,PV-2025,0,-0.38665,8822.12,10.0,882.212,0.5817,32.0,255861.03,0.0,0,
17040aa5-c01d-410a-b707-888eabdbfda6,PV-2026,0,-0.38664,8394.55,10.0,839.455,0.6904,49.0,204538.47,0.0,0,
71f0c5b7-f2df-4df3-a9aa-ba4a6c0333ea,PV-2023,0,-0.38657,9325.9,13.0,717.3769,0.4892,36.0,144039.01,0.0,0,
241931f8-14fd-43b6-a903-b1ef92c1f158,OI-2021,0,-0.38639,9176.31,14.0,655.4507,0.7552,28.0,181685.67,0.0,0,
bb35a022-70e0-4ac1-800a-ab127035358b,PV-2021,0,-0.38632,8450.58,14.0,603.6129,0.5658,48.0,155114.26,0.0,0,
2b6901dc-2863-4df0-90fe-3d18dacaed9e,OI-2021,0,-0.3863,8609.42,9.0,956.6022,0.6831,35.0,187527.68,0.0,0,
ac602a78-243d-432b-a1a1-be778eeb67d7,PV-2026,0,-0.38618,8346.71,13.0,642.0546,0.5695,35.0,74458.54,0.0,0,
708876d7-8bb5-49d0-b979-c85cc6c5e2b1,OI-2024,0,-0.38614,8318.75,9.0,924.3056,0.6505,36.0,117459.4,0.0,0,
a32a002d-da6e-42a1-94ea-8bdd8df754e1,OI-2022,0,-0.38604,8827.35,13.0,679.0269,0.6147,22.0,153267.34,0.0,0,
f8519eec-b857-4faf-96f4-3f07477339cb,OI-2022,0,-0.38601,7667.53,12.0,638.9608,0.7037,37.0,80356.89,0.0,0,
8e0af854-161a-4747-93bd-4ebb2b94ed33,PV-2023,0,-0.38596,8647.69,13.0,665.2069,0.537,33.0,264373.62,0.0,0,
a32a002d-da6e-42a1-94ea-8bdd8df754e1,PV-2021,0,-0.38596,8514.74,15.0,567.6493,0.6756,41.0,139592.09,0.0,0,
f8519eec-b857-4faf-96f4-3f07477339cb,OI-2021,0,-0.38584,8874.5,12.0,739.5417,0.5567,38.0,91454.56,0.0,0,
ddc49f6a-26d2-449f-b5f9-028051bf0aee,OI-2025,0,-0.38571,9209.43,10.0,920.943,0.5863,37.0,122625.2,0.0,0,
3592f728-76b2-471d-8c46-86b264b33dfe,OI-2022,0,-0.38564,9176.88,15.0,611.792,0.6767,38.0,157766.0,0.0,0,
574471ae-d1bc-4521-b3c4-b421e7a0c220,OI-2025,0,-0.38535,7681.87,10.0,768.187,0.7186,44.0,118878.55,0.0,0,
81ce05c0-a141-4331-89e6-fa83efbf9bf8,OI-2021,0,-0.38528,7582.0,10.0,758.2,0.6459,39.0,106834.81,0.0,0,
84862e04-c039-458d-ac28-4337f2a4dbd5,OI-2023,0,-0.38502,8775.81,13.0,675.0623,0.7006,37.0,78608.28,0.0,0,
b1da7fe5-e177-4f94-81e5-3dad69d2c13d,OI-2026,0,-0.385,8571.81,14.0,612.2721,0.6605,24.0,137889.15,0.0,0,
81ce05c0-a141-4331-89e6-fa83efbf9bf8,PV-2021,0,-0.38492,8012.05,12.0,667.6708,0.4807,37.0,115378.68,0.0,0,
b1da7fe5-e177-4f94-81e5-3dad69d2c13d,OI-2022,0,-0.38487,9284.58,15.0,618.972,0.6466,32.0,149862.36,0.0,0,
e41f09df-92a9-4973-9fca-1571103ba530,PV-2024,0,-0.38478,8730.2,12.0,727.5167,0.7752,41.0,208477.68,0.0,0,
81ce05c0-a141-4331-89e6-fa83efbf9bf8,OI-2026,0,-0.3846,9495.25,14.0,678.2321,0.5265,31.0,132332.45,0.0,0,
17040aa5-c01d-410a-b707-888eabdbfda6,PV-2022,0,-0.38449,9114.3,14.0,651.0214,0.6574,30.0,221341.2,0.0,0,
81ce05c0-a141-4331-89e6-fa83efbf9bf8,PV-2026,0,-0.38406,9095.15,14.0,649.6536,0.5271,36.0,124727.93,0.0,0,
28b7273a-4fa1-48db-9372-3de80f7a3002,OI-2024,0,-0.38368,8461.21,12.0,705.1008,0.5058,33.0,91591.9,0.0,0,
81ce05c0-a141-4331-89e6-fa83efbf9bf8,OI-2022,0,-0.38364,10121.83,12.0,843.4858,0.7055,33.0,141801.76,0.0,0,
346f404d-ae1e-4d9f-9b85-527337dd0e9b,PV-2022,0,-0.3835,8833.65,12.0,736.1375,0.5309,44.0,143850.24,0.0,0,
bb35a022-70e0-4ac1-800a-ab127035358b,OI-2025,0,-0.38287,9068.17,12.0,755.6808,0.5715,26.0,161572.84,0.0,0,
5374f8cc-a791-41ed-8bd8-7bf2489fe200,OI-2021,0,-0.38279,9593.52,12.0,799.46,0.5933,29.0,266236.59,0.0,0,
2b6901dc-2863-4df0-90fe-3d18dacaed9e,PV-2024,0,-0.38245,9088.43,10.0,908.843,0.5854,34.0,199752.55,0.0,0,
bbe0d9f4-8075-4afd-a43e-5602f914bd48,OI-2023,0,-0.38244,9114.99,14.0,651.0707,0.7274,36.0,154279.74,0.0,0,
5374f8cc-a791-41ed-8bd8-7bf2489fe200,PV-2025,0,-0.38238,9214.31,12.0,767.8592,0.6511,33.0,271602.44,0.0,0,
bbe0d9f4-8075-4afd-a43e-5602f914bd48,PV-2024,0,-0.38225,7923.67,10.0,792.367,0.545,40.0,130798.41,0.0,0,
39c46048-03d3-49a2-b1cf-5857f4a994ba,PV-2021,0,-0.38223,7812.9,13.0,600.9923,0.6619,34.0,90280.61,0.0,0,
2b6901dc-2863-4df0-90fe-3d18dacaed9e,PV-2021,0,-0.38222,9547.18,12.0,795.5983,0.7261,35.0,214433.48,0.0,0,
8fd3f47d-3254-4408-a5b0-10664476d9d4,PV-2023,0,-0.38214,9800.12,12.0,816.6767,0.6863,33.0,102477.22,0.0,0,
e41f09df-92a9-4973-9fca-1571103ba530,PV-2026,0,-0.38212,8737.16,14.0,624.0829,0.6239,29.0,214569.37,0.0,0,
8fd3f47d-3254-4408-a5b0-10664476d9d4,PV-2024,0,-0.38177,8456.18,13.0,650.4754,0.5834,32.0,91810.42,0.0,0,
84862e04-c039-458d-ac28-4337f2a4dbd5,PV-2024,0,-0.38146,8083.55,12.0,673.6292,0.6801,33.0,78144.01,0.0,0,
71f0c5b7-f2df-4df3-a9aa-ba4a6c0333ea,PV-2025,0,-0.38126,8509.29,11.0,773.5718,0.4942,33.0,131895.47,0.0,0,
eebee71b-b00b-4a44-b941-73e1c260c706,PV-2024,0,-0.38106,7814.56,10.0,781.456,0.5971,37.0,241195.78,0.0,0,
9cf09513-1f3f-4105-afa9-7c5b2e337f45,OI-2024,0,-0.38102,8507.83,10.0,850.783,0.664,36.0,135427.29,0.0,0,
771180ae-c504-4a02-9b84-a7f4c89db4f4,OI-2025,0,-0.381,8776.19,12.0,731.3492,0.6182,27.0,136713.5,0.0,0,
17040aa5-c01d-410a-b707-888eabdbfda6,OI-2021,0,-0.38098,7395.83,11.0,672.3482,0.5437,35.0,170276.1,0.0,0,
e41f09df-92a9-4973-9fca-1571103ba530,OI-2023,0,-0.38094,7583.01,13.0,583.3085,0.552,33.0,190990.66,0.0,0,
8e0af854-161a-4747-93bd-4ebb2b94ed33,OI-2023,0,-0.38091,8575.64,11.0,779.6036,0.5279,37.0,258504.98,0.0,0,
8fd3f47d-3254-4408-a5b0-10664476d9d4,OI-2024,0,-0.38076,7874.37,12.0,656.1975,0.5896,33.0,85626.71,0.0,0,
bbe0d9f4-8075-4afd-a43e-5602f914bd48,PV-2022,0,-0.38048,8147.11,10.0,814.711,0.5914,31.0,139465.19,0.0,0,
346f404d-ae1e-4d9f-9b85-527337dd0e9b,OI-2021,0,-0.38046,9366.41,12.0,780.5342,0.7497,32.0,152475.08,0.0,0,
574471ae-d1bc-4521-b3c4-b421e7a0c220,OI-2021,0,-0.38025,8692.59,12.0,724.3825,0.7718,40.0,138805.11,0.0,0,
574471ae-d1bc-4521-b3c4-b421e7a0c220,PV-2025,0,-0.38019,8472.6,14.0,605.1857,0.526,35.0,132564.27,0.0,0,
63b4f127-a33b-462d-94a1-1b5da940952d,PV-2026,0,-0.38018,8959.56,12.0,746.63,0.6281,40.0,271566.4,0.0,0,
bbe0d9f4-8075-4afd-a43e-5602f914bd48,OI-2024,0,-0.38009,9228.42,11.0,838.9473,0.55,35.0,158957.52,0.0,0,
17040aa5-c01d-410a-b707-888eabdbfda6,PV-2024,0,-0.37972,8269.28,11.0,751.7527,0.5167,44.0,194261.58,0.0,0,
85f2d080-8d9e-4f3c-984f-4684eeeca5f8,OI-2023,0,-0.37945,8543.97,11.0,776.7245,0.7082,28.0,206767.24,0.0,0,
71f0c5b7-f2df-4df3-a9aa-ba4a6c0333ea,OI-2023,0,-0.37943,9612.35,14.0,686.5964,0.6059,30.0,149023.38,0.0,0,
81ce05c0-a141-4331-89e6-fa83efbf9bf8,OI-2025,0,-0.37917,8523.18,11.0,774.8345,0.5156,33.0,119557.72,0.0,0,
771180ae-c504-4a02-9b84-a7f4c89db4f4,PV-2022,0,-0.37857,9136.16,12.0,761.3467,0.7382,34.0,141558.29,0.0,0,
17040aa5-c01d-410a-b707-888eabdbfda6,PV-2025,0,-0.37851,8465.9,12.0,705.4917,0.5215,40.0,198069.53,0.0,0,
23684d78-b19c-4460-b442-1f259112b2de,PV-2026,0,-0.37814,8865.01,13.0,681.9238,0.6813,26.0,176451.22,0.0,0,
df18e8a3-c48f-4d3f-8e79-a11a309e1f9c,PV-2021,0,-0.37776,8814.12,13.0,678.0092,0.6178,31.0,111041.97,0.0,0,
23684d78-b19c-4460-b442-1f259112b2de,OI-2025,0,-0.37766,7398.52,12.0,616.5433,0.6112,31.0,146491.22,0.0,0,
2b6901dc-2863-4df0-90fe-3d18dacaed9e,PV-2026,0,-0.37723,8502.12,14.0,607.2943,0.5479,31.0,181560.81,0.0,0,
6906ce52-e8b0-4489-ac75-5548d7c2b754,OI-2021,0,-0.37716,9016.61,12.0,751.3842,0.5819,32.0,108183.51,0.0,0,
771180ae-c504-4a02-9b84-a7f4c89db4f4,PV-2026,0,-0.37702,9056.26,11.0,823.2964,0.5752,35.0,140010.81,0.0,0,
17040aa5-c01d-410a-b707-888eabdbfda6,PV-2023,0,-0.37686,7947.78,12.0,662.315,0.5236,33.0,182851.67,0.0,0,
574471ae-d1bc-4521-b3c4-b421e7a0c220,PV-2026,0,-0.37658,7940.87,11.0,721.8973,0.5947,31.0,129584.82,0.0,0,
241931f8-14fd-43b6-a903-b1ef92c1f158,OI-2022,0,-0.37599,7681.97,11.0,698.3609,0.6024,32.0,153621.91,0.0,0,
346f404d-ae1e-4d9f-9b85-527337dd0e9b,OI-2026,0,-0.37559,8511.27,14.0,607.9479,0.5999,30.0,135291.85,0.0,0,
ddc49f6a-26d2-449f-b5f9-028051bf0aee,OI-2022,0,-0.37548,7962.18,11.0,723.8345,0.6538,34.0,108671.91,0.0,0,
b1da7fe5-e177-4f94-81e5-3dad69d2c13d,OI-2025,0,-0.37537,8156.76,13.0,627.4431,0.621,36.0,136881.01,0.0,0,
771180ae-c504-4a02-9b84-a7f4c89db4f4,PV-2024,0,-0.37501,8826.33,13.0,678.9485,0.7049,32.0,139270.57,0.0,0,
ddc49f6a-26d2-449f-b5f9-028051bf0aee,PV-2022,0,-0.37422,8261.1,12.0,688.425,0.6509,37.0,111236.97,0.0,0,
23684d78-b19c-4460-b442-1f259112b2de,OI-2021,0,-0.37422,7862.94,14.0,561.6386,0.5941,30.0,147933.56,0.0,0,
719dd666-3ab9-43f9-b273-9404281dcdf3,PV-2023,0,-0.37377,8838.45,11.0,803.4955,0.7072,42.0,179712.02,0.0,0,
241931f8-14fd-43b6-a903-b1ef92c1f158,OI-2026,0,-0.37369,8426.25,14.0,601.875,0.6973,35.0,177681.24,0.0,0,
719dd666-3ab9-43f9-b273-9404281dcdf3,PV-2022,0,-0.37307,7912.64,12.0,659.3867,0.5661,33.0,151173.57,0.0,0,
71f0c5b7-f2df-4df3-a9aa-ba4a6c0333ea,PV-2024,0,-0.37288,7918.36,12.0,659.8633,0.6868,33.0,119224.22,0.0,0,
