id_costo,id_parcela,ciclo_agricola,cultivo,volumen_agua_total_m3,costo_agua_mxn,costo_fertilizantes_mxn,costo_agroquimicos_mxn,costo_semilla_mxn,costo_maquinaria_mxn,costo_mano_obra_mxn,ingreso_estimado_mxn,margen_contribucion_mxn
79919b69-6554-4895-84cb-8f37d093fd9b,63b4f127-a33b-462d-94a1-1b5da940952d,OI-2021,Frijol,128965.7,216662.38,247187.61,57530.02,77425.91,197679.92,193063.51,684549.39,-304999.96
da91b9dd-77fb-4d03-acb2-1ec5ec7c2399,63b4f127-a33b-462d-94a1-1b5da940952d,PV-2021,Maíz,236076.09,396607.83,239109.55,82427.78,99568.06,335023.37,206815.84,1205547.09,-154005.35
dab27d73-1773-4b88-8aef-1b496afcbd12,63b4f127-a33b-462d-94a1-1b5da940952d,OI-2022,Algodón,152719.07,256568.04,200251.8,174849.73,74707.82,316174.62,149919.18,4559000.73,3386529.54
dc224804-aa0b-447d-845c-074bd790e003,63b4f127-a33b-462d-94a1-1b5da940952d,PV-2022,Uva,207683.38,348908.09,151205.6,127674.03,72522.23,92752.48,187895.85,13977683.96,12996725.68
ffdd1a2d-0621-4b3e-a4d7-56345f107284,63b4f127-a33b-462d-94a1-1b5da940952d,OI-2023,Uva,142873.55,240027.57,245618.25,106592.42,95751.46,307723.96,150357.81,10582403.01,9436331.53
ec9e40c8-1f2f-4d7e-8af4-78aa4494c020,63b4f127-a33b-462d-94a1-1b5da940952d,PV-2023,Algodón,192827.75,323950.61,187907.03,182598.59,63876.26,168733.59,199573.91,5018972.59,3892332.61
c813a5a3-122f-41ab-8dcf-c4339b148e0b,63b4f127-a33b-462d-94a1-1b5da940952d,OI-2024,Chile,169739.54,285162.43,139129.18,147897.35,85643.76,153939.48,99400.05,9933449.39,9022277.13
b59cd790-b7c6-44d5-9b1c-20f7bd3dedf6,63b4f127-a33b-462d-94a1-1b5da940952d,PV-2024,Algodón,138248.57,232257.59,196905.08,174027.11,69509.43,233130.54,159733.6,2357184.33,1291620.98
ee52c99f-a034-4be9-b91b-a414c18e8f70,63b4f127-a33b-462d-94a1-1b5da940952d,OI-2025,Maíz,185239.62,311202.57,179188.15,123631.39,80594.84,195540.59,185656.52,1066462.92,-9351.14
83ff411e-43a3-478e-8597-88345232bac3,63b4f127-a33b-462d-94a1-1b5da940952d,PV-2025,Frijol,176750.11,296940.18,200538.04,166367.37,60218.35,162574.72,136511.46,803764.51,-219385.61
6df34417-dab8-4e0a-b0e5-2b48557fe0e9,ce83cb07-58f6-4daf-a6e3-1ee72480447b,OI-2021,Algodón,54484.6,91534.12,112448.51,101210.98,56664.33,109256.75,168617.37,1792277.43,1152545.37
53cc11a5-43c5-4cd2-924d-852ccb8a3615,ce83cb07-58f6-4daf-a6e3-1ee72480447b,PV-2021,Algodón,80820.32,135778.13,100379.54,114907.16,23593.97,201393.62,75190.5,2296471.46,1645228.53
92d95742-b2a7-4490-b8fa-0b90d8d6f76c,ce83cb07-58f6-4daf-a6e3-1ee72480447b,OI-2022,Chile,42827.24,71949.77,101776.37,68942.48,37951.17,173295.5,60560.22,5482249.17,4967773.66
c37666d0-32c8-4ffd-909c-373be35b32a4,ce83cb07-58f6-4daf-a6e3-1ee72480447b,PV-2022,Chile,95975.09,161238.14,112709.87,39433.28,93385.45,62510.3,99335.55,6548611.93,5979999.34
5cd04c8a-cfcb-47f6-8832-770d7dd259dd,ce83cb07-58f6-4daf-a6e3-1ee72480447b,OI-2023,Algodón,94841.38,159333.51,172358.73,47447.32,75927.22,118891.57,81143.38,2349564.06,1694462.33
0199a883-cfab-4dcc-83fc-bba62e8e80ae,ce83cb07-58f6-4daf-a6e3-1ee72480447b,PV-2023,Uva,108906.74,182963.32,92982.82,102454.59,67617.33,118749.93,122555.77,8861599.3,8174275.55
d02b2b6d-f182-42f0-98fe-ba4f6066101b,ce83cb07-58f6-4daf-a6e3-1ee72480447b,OI-2024,Uva,109357.39,183720.42,132837.28,70464.03,63945.08,148709.36,67778.3,4612795.6,3945341.12
394a12a7-1fa2-4375-a901-b096e2cdc2b0,ce83cb07-58f6-4daf-a6e3-1ee72480447b,PV-2024,Frijol,140576.6,236168.68,92289.18,96045.4,45505.11,70461.64,76194.43,449857.83,-166806.6
f1a34a40-bdda-4fac-a0e4-69693657df6e,ce83cb07-58f6-4daf-a6e3-1ee72480447b,OI-2025,Algodón,62235.94,104556.38,162022.06,74161.79,44680.46,127445.92,113782.82,2452896.5,1826247.08
3a2660b4-ce01-411c-a44a-3f5299f3f32f,ce83cb07-58f6-4daf-a6e3-1ee72480447b,PV-2025,Algodón,66219.54,111248.82,125872.26,46801.2,58853.12,115059.97,88804.19,2653744.94,2107105.38
d91b25f0-f1bc-4278-be8c-4a4e1a3b6cdc,5ddf7399-e390-4a8e-ace0-651a67542da2,OI-2021,Chile,147357.37,247560.38,87440.33,52669.89,45457.65,147706.58,177126.15,7509703.84,6751742.85
efb88a5d-22dd-450b-801d-79b414979f14,5ddf7399-e390-4a8e-ace0-651a67542da2,PV-2021,Chile,114912.32,193052.7,114024.47,81347.67,51524.91,210349.37,115519.13,7546658.12,6780839.86
b33d44be-c25d-4a68-a88b-f08f99b243f3,5ddf7399-e390-4a8e-ace0-651a67542da2,OI-2022,Frijol,179432.71,301446.95,118381.05,67128.64,76513.57,93322.58,95055.8,497020.81,-254827.78
a98f6447-109a-4409-81b5-1732d3660329,5ddf7399-e390-4a8e-ace0-651a67542da2,PV-2022,Frijol,95736.52,160837.35,142289.37,60315.03,46638.32,181496.69,163958.52,329897.49,-425637.78
40fb8ef4-f755-4626-8b63-9c7d2b284dce,5ddf7399-e390-4a8e-ace0-651a67542da2,OI-2023,Uva,79801.52,134066.55,129774.91,71785.75,47982.32,202571.4,97158.13,6669338.98,5985999.93
a38abe50-28b3-4491-aceb-52c4a0a90529,5ddf7399-e390-4a8e-ace0-651a67542da2,PV-2023,Maíz,104243.43,175128.96,185501.49,105066.92,84516.83,216228.29,111736.52,825107.53,-53071.47
6fa5bb7a-db7f-4a68-a5fd-c56d50e4e681,5ddf7399-e390-4a8e-ace0-651a67542da2,OI-2024,Maíz,87001.82,146163.06,127263.77,71086.43,62473.31,89490.92,69574.81,876683.48,310631.18
fca4e026-6669-4ae6-bfa2-a336519da45e,5ddf7399-e390-4a8e-ace0-651a67542da2,PV-2024,Maíz,123811.09,208002.62,168068.44,72479.33,74616.75,151338.46,80352.93,900622.44,145763.9
44d4205d-3806-481b-9ce9-e4dcf4e9899b,5ddf7399-e390-4a8e-ace0-651a67542da2,OI-2025,Frijol,76453.69,128442.2,103557.81,107704.62,78714.14,192399.16,166675.02,436388.23,-341104.71
00ee66da-f02e-493e-b924-1c5182f97187,5ddf7399-e390-4a8e-ace0-651a67542da2,PV-2025,Chile,147019.91,246993.44,138659.77,134024.89,33115.72,166573.45,118904.5,7765120.35,6926848.59
b3294846-594c-4a5b-bccd-22a64ca5f959,eebee71b-b00b-4a44-b941-73e1c260c706,OI-2021,Frijol,185732.15,312030.01,122006.3,100311.7,53037.36,262702.28,183528.26,731313.29,-302302.62
47179bde-3f11-4ff9-a450-dcc48f2a462d,eebee71b-b00b-4a44-b941-73e1c260c706,PV-2021,Maíz,218798.65,367581.73,148305.03,76084.64,87975.86,300341.23,71288.36,1031390.67,-20186.17
391e8921-6529-42bb-83da-4fb440a0370b,eebee71b-b00b-4a44-b941-73e1c260c706,OI-2022,Maíz,67820.67,113938.73,226576.34,107124.81,93776.81,107680.72,159126.56,1279086.37,470862.4
092be929-75e8-4237-90b0-6059c62a0f08,eebee71b-b00b-4a44-b941-73e1c260c706,PV-2022,Frijol,154866.06,260174.99,71541.86,138930.57,49816.23,213670.76,190180.51,660962.13,-263352.79
02f78159-f50a-4085-8f90-9e9b2547934e,eebee71b-b00b-4a44-b941-73e1c260c706,OI-2023,Chile,183275.63,307903.05,144562.81,83460.85,93641.29,199323.97,81229.05,7942365.17,7032244.16
dd4c67ed-a47c-43e6-b8e5-e4380445b414,eebee71b-b00b-4a44-b941-73e1c260c706,PV-2023,Algodón,152861.44,256807.22,243468.17,148001.52,50454.89,255900.37,115512.36,2774042.19,1703897.65
9eb91ffe-260c-4abc-8aa2-a084422456ee,eebee71b-b00b-4a44-b941-73e1c260c706,OI-2024,Maíz,91097.52,153043.83,132577.14,122665.78,50113.06,182908.61,126737.63,957980.69,189934.65
0c62bd98-4a72-4799-a749-cc17b08f7ef3,eebee71b-b00b-4a44-b941-73e1c260c706,PV-2024,Chile,128646.89,216126.78,237644.55,135649.94,70873.22,115746.96,187293.72,8200010.49,7236675.31
e047458a-0fc0-46d1-9a51-2847d4f095dc,eebee71b-b00b-4a44-b941-73e1c260c706,OI-2025,Frijol,145700.93,244777.56,97459.58,92239.09,68141.3,194300.46,68247.48,613856.18,-151309.29
39b36bff-0305-4a5d-a960-2e435a9e14de,eebee71b-b00b-4a44-b941-73e1c260c706,PV-2025,Chile,117480.34,197366.97,188105.68,139815.21,74276.36,99853.84,236500.02,6477218.42,5541300.34
f9b8d564-23e8-41f7-88da-2ddc14054ae5,b1da7fe5-e177-4f94-81e5-3dad69d2c13d,OI-2021,Chile,47233.77,79352.73,41117.66,35507.97,32605.87,83110.27,131563.72,4500503.21,4097244.99
5a46bbcb-d4f0-4845-bee5-263418615e83,b1da7fe5-e177-4f94-81e5-3dad69d2c13d,PV-2021,Uva,110686.73,185953.71,96144.76,80250.06,64749.11,113161.8,69497.5,6619324.04,6009567.09
3c5b9077-d1cc-4bf3-8ec2-9f063fe44c9a,b1da7fe5-e177-4f94-81e5-3dad69d2c13d,OI-2022,Algodón,101037.05,169742.25,88195.57,78855.51,48118.5,107210.83,72460.15,1519254.41,954671.61
381bc89e-adcc-4503-a91b-cdfee9430ea3,b1da7fe5-e177-4f94-81e5-3dad69d2c13d,PV-2022,Algodón,43428.85,72960.47,61441.76,68724.23,23636.67,154149.32,36736.15,2418867.11,2001218.52
6ee19fc9-4ed5-4890-a8de-98f44de99cb6,b1da7fe5-e177-4f94-81e5-3dad69d2c13d,OI-2023,Uva,73322.53,123181.85,125056.2,50033.12,60625.99,83954.84,56550.59,6421108.04,5921705.45
0f494aa7-1993-44b8-98f2-caaebd35d009,b1da7fe5-e177-4f94-81e5-3dad69d2c13d,PV-2023,Frijol,85489.41,143622.2,96112.84,49563.14,26900.1,143600.53,47483.23,297884.88,-209397.17
36fa123a-0c02-4c45-b19b-321aced941fd,b1da7fe5-e177-4f94-81e5-3dad69d2c13d,OI-2024,Frijol,79218.23,133086.62,73993.71,61501.81,49555.83,86928.98,86697.19,324223.43,-167540.71
cd5ca694-0114-406b-8db6-455c9518522b,b1da7fe5-e177-4f94-81e5-3dad69d2c13d,PV-2024,Frijol,92715.75,155762.46,48695.2,79569.86,36872.99,145267.26,60678.76,411760.49,-115086.05
f38998fb-a0fe-4270-a909-46e1658edd30,b1da7fe5-e177-4f94-81e5-3dad69d2c13d,OI-2025,Frijol,65451.52,109958.56,63285.59,92362.2,37925.23,115585.52,121174.38,351080.19,-189211.28
e0388b0e-faea-47b4-902c-3dc284037476,b1da7fe5-e177-4f94-81e5-3dad69d2c13d,PV-2025,Algodón,69718.4,117126.91,90273.37,42654.76,46802.78,103268.28,41877.17,2914235.12,2472231.85
c16d4a67-0deb-45f5-bb0e-c0c6296d9716,85be4752-4bd9-4eff-a359-e17047ad49e1,OI-2021,Algodón,99079.16,166453.0,129612.66,49456.59,16715.24,74201.24,96637.81,1703542.93,1170466.39
3479e89e-caa1-4312-9741-9635416c904c,85be4752-4bd9-4eff-a359-e17047ad49e1,PV-2021,Algodón,37661.72,63271.7,127080.25,48742.22,21003.95,101556.33,62513.17,2033548.59,1609380.97
e650fc7c-7916-41f9-946c-4950241703cc,85be4752-4bd9-4eff-a359-e17047ad49e1,OI-2022,Uva,87362.99,146769.83,118449.34,49713.63,47622.99,104453.65,92667.61,3970333.36,3410656.31
3dc27324-4eca-43a6-8175-77599ff07939,85be4752-4bd9-4eff-a359-e17047ad49e1,PV-2022,Chile,90051.72,151286.9,75136.92,71001.56,30266.59,73039.21,67359.55,4033068.12,3564977.39
bf886427-1bfc-47c3-b083-42ab833c2745,85be4752-4bd9-4eff-a359-e17047ad49e1,OI-2023,Chile,75111.93,126188.04,98082.98,48513.03,28114.56,64723.47,110499.14,3536435.2,3060313.99
8b00c4a0-7cb3-40ae-9d4f-c6952dd9903a,85be4752-4bd9-4eff-a359-e17047ad49e1,PV-2023,Maíz,79366.43,133335.61,60286.45,64330.8,40258.81,88354.73,82345.07,505994.09,37082.63
6ef912ef-d835-44f2-8bda-8583593cac0f,85be4752-4bd9-4eff-a359-e17047ad49e1,OI-2024,Maíz,103167.64,173321.64,58264.41,67875.73,65196.2,92461.38,69343.92,526569.14,105.86
495166e2-acb1-4f75-b213-fcad14c742ea,85be4752-4bd9-4eff-a359-e17047ad49e1,PV-2024,Chile,67891.47,114057.68,106259.13,65789.18,29020.24,141951.45,94616.01,4450627.89,3898934.21
c76d8f87-de83-40b2-a6cb-42819aa5fc5e,85be4752-4bd9-4eff-a359-e17047ad49e1,OI-2025,Frijol,71543.66,120193.35,38292.39,33276.63,42555.88,58790.67,65330.66,280277.88,-78161.7
9e3a068d-0a86-4a5e-a1a2-e82e2a9abc5d,85be4752-4bd9-4eff-a359-e17047ad49e1,PV-2025,Algodón,85862.37,144248.77,67191.78,60633.22,33039.2,38417.69,50334.34,1922804.28,1528939.27
b6413685-5cf0-4863-8a64-6156831212cd,ddc49f6a-26d2-449f-b5f9-028051bf0aee,OI-2021,Uva,68811.23,115602.86,53796.9,40241.46,44665.16,85564.27,68702.24,5008953.44,4600380.54
ee0cbb91-2a8a-49c8-afdc-e19e6bb7b6f2,ddc49f6a-26d2-449f-b5f9-028051bf0aee,PV-2021,Frijol,66669.43,112004.65,71830.02,50502.92,26056.62,62087.43,31825.97,275698.05,-78609.56
fc9a9d5a-6551-4dd5-bd1e-a16c23c0404e,ddc49f6a-26d2-449f-b5f9-028051bf0aee,OI-2022,Chile,81880.34,137558.98,93403.07,57037.11,26573.12,90648.16,54541.19,3793599.72,3333838.09
7934bdd0-d6d0-4646-9b9b-52bc87eafdf5,ddc49f6a-26d2-449f-b5f9-028051bf0aee,PV-2022,Uva,74087.99,124467.82,54224.32,24711.15,26076.72,70280.89,45035.49,3675270.85,3330474.46
c786df65-7ee1-46a9-a094-b465ffcaa98a,ddc49f6a-26d2-449f-b5f9-028051bf0aee,OI-2023,Maíz,82939.12,139337.72,83570.34,66471.59,25086.49,119100.21,60641.75,431447.26,-62760.84
e919317c-44e0-4060-bd2b-5b15a82aa02f,ddc49f6a-26d2-449f-b5f9-028051bf0aee,PV-2023,Frijol,34228.13,57503.27,42510.27,26658.44,31388.9,48373.75,66913.13,257818.55,-15529.21
9a842656-7f27-4826-8cb3-979e7d8e08e1,ddc49f6a-26d2-449f-b5f9-028051bf0aee,OI-2024,Uva,57976.36,97400.28,72856.96,40412.93,25468.87,86724.0,61359.15,4228692.71,3844470.52
90d3b6b4-2c5e-479e-94ef-b01079ad1843,ddc49f6a-26d2-449f-b5f9-028051bf0aee,PV-2024,Algodón,73833.69,124040.6,86268.08,49293.4,20274.1,87649.76,60209.54,2287151.64,1859416.16
e9a23e42-de41-4b3d-8bf5-a89bbd137fd0,ddc49f6a-26d2-449f-b5f9-028051bf0aee,OI-2025,Chile,95947.65,161192.06,67653.34,29781.33,23486.94,77713.37,96159.89,3597258.42,3141271.49
c14b97d7-0cf1-44fe-9a06-cb63e4042e9d,ddc49f6a-26d2-449f-b5f9-028051bf0aee,PV-2025,Chile,60937.15,102374.41,96665.56,31741.82,38972.45,87120.5,71377.71,3376783.3,2948530.85
d7366af8-158f-4649-b5c3-b17baa48497b,bbe0d9f4-8075-4afd-a43e-5602f914bd48,OI-2021,Chile,93061.15,156342.73,57655.71,68195.44,24794.28,111612.01,86954.59,4190232.03,3684677.27
ec401e09-e1ab-4e87-9c56-b1d73092eedc,bbe0d9f4-8075-4afd-a43e-5602f914bd48,PV-2021,Chile,52894.89,88863.41,62807.37,56174.42,31613.9,90486.19,78872.54,4364068.06,3955250.23
330e3ca5-df41-4e8f-97bd-1b579621a07a,bbe0d9f4-8075-4afd-a43e-5602f914bd48,OI-2022,Maíz,64161.86,107791.93,98175.75,85261.52,29694.72,95131.01,73223.56,692620.98,203342.5
82cb3047-ed97-4588-b4e2-84b4e876a9a5,bbe0d9f4-8075-4afd-a43e-5602f914bd48,PV-2022,Frijol,79139.01,132953.54,34343.83,65995.36,48367.77,69176.88,66875.22,368933.93,-48778.66
f2cfc0e3-ea03-4fb9-b521-bc0d0101bf19,bbe0d9f4-8075-4afd-a43e-5602f914bd48,OI-2023,Chile,58646.74,98526.53,92240.97,59323.62,32746.89,121006.08,92837.64,5103321.76,4606640.02
345ebc32-e355-45ed-9cfb-c3fb1f893639,bbe0d9f4-8075-4afd-a43e-5602f914bd48,PV-2023,Algodón,70644.41,118682.61,89669.83,53236.31,27693.43,86153.75,83895.37,2546385.26,2087053.95
774f1e4b-0db1-45d8-af76-7db787c0d7cf,bbe0d9f4-8075-4afd-a43e-5602f914bd48,OI-2024,Uva,93297.13,156739.19,93698.76,71096.85,64789.39,168236.15,87385.49,6010523.53,5368577.71
ea631b56-7dc5-4401-865f-b9ec798018a9,bbe0d9f4-8075-4afd-a43e-5602f914bd48,PV-2024,Maíz,64406.31,108202.6,101159.77,66630.9,22108.06,137633.69,38450.55,644302.84,170117.27
7378f7b2-7b61-4536-99c4-d7da01fc256d,bbe0d9f4-8075-4afd-a43e-5602f914bd48,OI-2025,Chile,105028.46,176447.82,85517.41,46147.94,68816.92,120721.39,77599.04,4388088.56,3812838.03
9be264c3-afec-4de1-8742-31a7aafaf39f,bbe0d9f4-8075-4afd-a43e-5602f914bd48,PV-2025,Frijol,107848.47,181185.43,68378.11,64987.22,66524.42,164708.43,69003.33,380224.79,-234562.16
3378537a-75d0-4061-b47f-610c3dbc93bf,84cb8d9b-98e2-45bd-9d7e-beb70a27b3fa,OI-2021,Uva,220029.99,369650.38,319069.15,272042.34,129202.81,262748.56,264664.27,13802338.39,12184960.88
88200dbd-f7a5-4d04-b320-e06cd02c780a,84cb8d9b-98e2-45bd-9d7e-beb70a27b3fa,PV-2021,Uva,150912.6,253533.16,264909.25,222603.02,131522.08,311413.37,232409.02,19031340.48,17614950.57
02a6864a-1cee-48ef-8411-c03e6863a6c2,84cb8d9b-98e2-45bd-9d7e-beb70a27b3fa,OI-2022,Frijol,204435.53,343451.68,302592.05,100183.78,236538.58,344673.63,189391.53,1127615.14,-389216.11
cdca1c81-0739-41ff-9548-5b7212f0c118,84cb8d9b-98e2-45bd-9d7e-beb70a27b3fa,PV-2022,Maíz,181816.99,305452.55,122408.8,217901.61,230690.67,376747.49,279263.98,1994766.43,462301.35
a2daec68-7f94-40c4-8bb9-57f476f04c35,84cb8d9b-98e2-45bd-9d7e-beb70a27b3fa,OI-2023,Algodón,186917.86,314022.01,242522.3,178542.16,93532.71,256483.7,364381.89,7667331.67,6217846.91
4a7d48be-aa69-4fdd-8b0a-2641648bd492,84cb8d9b-98e2-45bd-9d7e-beb70a27b3fa,PV-2023,Uva,234687.5,394275.0,410895.62,249641.64,203358.67,234294.73,211394.65,14701539.33,12997679.02
181377ef-2996-47ff-ae4f-a893d556bb63,84cb8d9b-98e2-45bd-9d7e-beb70a27b3fa,OI-2024,Chile,308504.96,518288.34,338938.44,128845.95,160398.3,547041.05,246131.76,17943778.66,16004134.83
b689a2ae-4429-4b40-9b50-dec3d7b3647e,84cb8d9b-98e2-45bd-9d7e-beb70a27b3fa,PV-2024,Uva,216496.75,363714.55,424514.1,186741.3,125195.37,348536.05,149314.07,15737430.13,14139414.68
b226c0b2-4cf8-4042-b902-da6ed352aee8,84cb8d9b-98e2-45bd-9d7e-beb70a27b3fa,OI-2025,Uva,256364.69,430692.68,321173.95,138565.78,104820.22,497120.87,278896.25,18589912.35,16818642.6
dfb0f159-72ad-4064-a343-89043ab9f09d,84cb8d9b-98e2-45bd-9d7e-beb70a27b3fa,PV-2025,Uva,153548.96,257962.26,265949.05,288979.41,128115.69,271202.53,297938.88,17380425.67,15870277.85
853a32eb-3644-4a90-8c0a-2a5a0b0b633a,6906ce52-e8b0-4489-ac75-5548d7c2b754,OI-2021,Maíz,50820.61,85378.62,65374.62,35061.2,27025.87,64214.3,73170.7,414644.8,64419.49
7f3a10a6-2bec-4fc7-8429-a5d3f3a41c04,6906ce52-e8b0-4489-ac75-5548d7c2b754,PV-2021,Chile,60816.59,102171.86,45264.23,28122.52,25321.26,31402.36,57597.98,3317258.09,3027377.87
4c0e1b1e-1b12-4ba4-8366-07aa70c26eaf,6906ce52-e8b0-4489-ac75-5548d7c2b754,OI-2022,Chile,73131.29,122860.57,87741.72,34231.16,31563.28,78306.83,48154.28,3582922.19,3180064.35
0d04f498-3429-4420-a845-232a7dece75e,6906ce52-e8b0-4489-ac75-5548d7c2b754,PV-2022,Chile,75698.88,127174.12,83639.2,31545.76,25827.09,63453.17,47640.13,2550560.84,2171281.37
0591fda3-7fbc-4a92-bfbc-3d3343cb0588,6906ce52-e8b0-4489-ac75-5548d7c2b754,OI-2023,Frijol,68049.05,114322.4,49025.24,56144.98,42986.0,52894.62,83249.76,266149.13,-132473.87
e84c42d9-e2f0-4fb4-80f3-fd917a46d853,6906ce52-e8b0-4489-ac75-5548d7c2b754,PV-2023,Uva,53611.85,90067.91,88974.7,64517.99,28379.14,71906.68,24044.73,3861920.0,3494028.85
00411282-18d3-4e78-92e9-f143f50a1b3e,6906ce52-e8b0-4489-ac75-5548d7c2b754,OI-2024,Maíz,33806.43,56794.81,99681.02,41715.38,33173.94,65602.42,33366.75,343993.05,13658.74
3eb882b9-5759-48a2-bdd9-4bd2d5c6b384,6906ce52-e8b0-4489-ac75-5548d7c2b754,PV-2024,Maíz,40916.33,68739.44,83622.58,26761.57,35586.53,59825.32,79107.36,404179.54,50536.75
f4c98953-6d3c-4397-b0f6-1a994d989ca7,6906ce52-e8b0-4489-ac75-5548d7c2b754,OI-2025,Algodón,34763.64,58402.92,70621.81,37396.08,24514.55,86304.51,45035.83,1109489.83,787214.15
d9bc7f9a-9b8c-4941-a6ce-7364f388be0b,6906ce52-e8b0-4489-ac75-5548d7c2b754,PV-2025,Frijol,85110.32,142985.33,61941.94,37978.88,22108.41,43852.31,22569.87,184697.93,-146738.82
62159ef1-f212-4140-bc13-92dff68d3d41,8dd75c08-6935-4e65-9ad3-e3872fb57333,OI-2021,Uva,243474.1,409036.48,210575.56,131779.77,63954.41,219006.73,160237.22,16151775.55,14957185.36
f392fae8-5c95-4abc-88c4-ec98f19fc9b8,8dd75c08-6935-4e65-9ad3-e3872fb57333,PV-2021,Algodón,165358.98,277803.08,242594.01,104406.44,64998.98,202132.81,215467.92,5935647.65,4828244.42
70233e31-9fe3-4fba-8b02-872f15bd2463,8dd75c08-6935-4e65-9ad3-e3872fb57333,OI-2022,Frijol,234048.44,393201.39,239444.37,134346.48,137502.03,237783.7,140227.7,814560.99,-467944.68
28ac1e1c-37e9-495d-83da-4d484c901d39,8dd75c08-6935-4e65-9ad3-e3872fb57333,PV-2022,Algodón,113638.17,190912.13,339349.24,130199.44,65173.68,160749.31,105873.3,5111172.84,4118915.74
edd0e4a2-c86f-43bb-b3cc-9aafcf40ce53,8dd75c08-6935-4e65-9ad3-e3872fb57333,OI-2023,Chile,235775.58,396102.98,131000.68,174301.33,156556.07,331057.28,155199.81,9541509.51,8197291.36
f1b59f09-01c3-4a21-86b4-16e9354f8070,8dd75c08-6935-4e65-9ad3-e3872fb57333,PV-2023,Frijol,212570.87,357119.06,186527.82,167429.89,84049.89,140263.94,165164.91,879966.79,-220588.72
2a0d14a4-94fb-48f1-9372-f71caa9cd4c8,8dd75c08-6935-4e65-9ad3-e3872fb57333,OI-2024,Chile,146531.73,246173.31,266005.21,117734.67,92137.98,336070.33,142686.08,10845353.9,9644546.32
046ff2de-4b90-45b1-89cb-8dffb731f99c,8dd75c08-6935-4e65-9ad3-e3872fb57333,PV-2024,Algodón,168579.22,283213.09,161692.93,164486.68,92704.05,227527.62,112714.82,4413267.09,3370927.9
47828e29-abac-472b-bd9d-fa2386de14c0,8dd75c08-6935-4e65-9ad3-e3872fb57333,OI-2025,Uva,191980.96,322528.02,239200.76,185751.16,116671.9,311976.51,189485.06,12413682.83,11048069.41
f4208daf-4b19-4f0b-ace0-e718721580ee,8dd75c08-6935-4e65-9ad3-e3872fb57333,PV-2025,Maíz,149646.79,251406.61,179855.1,181565.19,54917.14,284869.79,176432.81,1205694.14,76647.49
896a1d33-785f-46c0-8071-e3559247e989,4bc49af1-136c-4f88-a323-d6246ea051d9,OI-2021,Frijol,85462.67,143577.29,84749.14,61017.4,44795.65,75423.09,64166.2,260800.35,-212928.42
37e97be7-f5c2-439f-a719-080f736dff7c,4bc49af1-136c-4f88-a323-d6246ea051d9,PV-2021,Algodón,107896.07,181265.41,89718.03,75636.52,37246.37,95835.97,91313.76,2467912.13,1896896.07
8d73cd4a-2ecc-48c0-9c35-4f5bc804883f,4bc49af1-136c-4f88-a323-d6246ea051d9,OI-2022,Frijol,48450.77,81397.29,102092.51,64297.05,15178.94,128748.69,41216.64,300408.92,-132522.2
43f0d429-a7b1-4817-8057-fa9595319ea2,4bc49af1-136c-4f88-a323-d6246ea051d9,PV-2022,Frijol,80161.47,134671.28,94147.83,23119.15,43676.4,118513.35,88666.98,388284.63,-114510.36
ab23590e-c664-4fea-8cb4-0ebdee1328cc,4bc49af1-136c-4f88-a323-d6246ea051d9,OI-2023,Algodón,82287.67,138243.29,104472.46,59009.14,48817.02,90668.45,59592.16,2130263.25,1629460.72
365eae99-2431-4598-ba64-ee1b0c8ad281,4bc49af1-136c-4f88-a323-d6246ea051d9,PV-2023,Frijol,43236.51,72637.33,113703.82,27497.11,34964.12,90013.2,54903.75,336908.52,-56810.81
9f6addce-273e-4ba5-bc2a-608ffe94fd02,4bc49af1-136c-4f88-a323-d6246ea051d9,OI-2024,Uva,50217.61,84365.58,51833.98,63393.3,33165.2,112115.63,90055.68,3591600.61,3156671.25
0c8ec539-665d-4981-a62f-61d171686919,4bc49af1-136c-4f88-a323-d6246ea051d9,PV-2024,Chile,94309.03,158439.17,46825.3,39345.53,34262.56,112943.46,89951.3,2309656.91,1827889.6
04862a6d-48ac-4c3e-9cee-1ee5222de6d3,4bc49af1-136c-4f88-a323-d6246ea051d9,OI-2025,Chile,66491.96,111706.49,120870.22,61990.31,25919.24,49661.57,66616.32,4755800.64,4319036.48
d5ddb93b-b19e-4f3f-8795-cc8bca0d3485,4bc49af1-136c-4f88-a323-d6246ea051d9,PV-2025,Chile,83664.23,140555.9,83126.58,94366.17,67100.46,119270.92,122263.75,4858155.07,4231471.28
b0142d99-0fbc-4dc8-95bb-d577f7db1c5f,11975aea-1fcd-4e2d-ae3d-29a313100272,OI-2021,Uva,91163.32,153154.39,136036.34,85214.75,84843.41,102208.12,125283.01,5009886.93,4323146.9
ee372192-f42c-4fc0-8d3f-2db142e6911b,11975aea-1fcd-4e2d-ae3d-29a313100272,PV-2021,Chile,154525.97,259603.62,114985.3,126495.57,37976.54,171234.65,75149.06,5743987.93,4958543.18
5ff20c93-3978-4580-bcb5-b3dfd033ddc0,11975aea-1fcd-4e2d-ae3d-29a313100272,OI-2022,Frijol,84736.42,142357.18,166391.45,55582.9,78850.26,103445.67,72151.4,465309.27,-153469.59
028bd04a-33bf-4602-b52c-f8f64bfb03a8,11975aea-1fcd-4e2d-ae3d-29a313100272,PV-2022,Frijol,138146.01,232085.3,87913.54,51143.98,96023.71,120633.82,139603.93,424242.42,-303161.87
6a29dbcb-7feb-4467-a994-818d558be2b1,11975aea-1fcd-4e2d-ae3d-29a313100272,OI-2023,Algodón,130081.1,218536.25,84100.65,92936.94,83364.92,137152.19,144514.34,3021466.45,2260861.16
2e94e96c-820a-44a5-a06c-c04b86321bd0,11975aea-1fcd-4e2d-ae3d-29a313100272,PV-2023,Maíz,123717.52,207845.44,158961.41,95939.01,50265.75,126489.6,138496.11,902786.48,124789.17
a85d0593-b097-4b40-8e75-eb45dd3e262c,11975aea-1fcd-4e2d-ae3d-29a313100272,OI-2024,Algodón,166002.82,278884.73,83773.55,68709.49,102876.62,91856.68,82319.06,1866965.26,1158545.14
d23ca577-b15c-4fd3-848d-255142716f4c,11975aea-1fcd-4e2d-ae3d-29a313100272,PV-2024,Uva,86741.38,145725.52,55348.27,96414.38,61628.46,167605.44,109028.5,6794906.19,6159155.62
99f82790-0d8c-4e56-89c8-2e24e7cdf2e8,11975aea-1fcd-4e2d-ae3d-29a313100272,OI-2025,Maíz,77106.59,129539.07,154905.38,93473.39,80017.19,150159.17,67650.55,929818.58,254073.83
67b530c6-932f-4ff0-8173-4303447ed703,11975aea-1fcd-4e2d-ae3d-29a313100272,PV-2025,Uva,130503.81,219246.4,73978.27,64132.52,86029.65,200787.86,142065.63,6110908.6,5324668.27
f8b75bde-4698-4aa8-b7c8-b53346ff2bfd,8e0af854-161a-4747-93bd-4ebb2b94ed33,OI-2021,Maíz,143659.76,241348.4,164229.12,97429.83,58097.02,121004.14,198383.26,1199114.85,318623.1
afab4ca2-c83c-4249-a732-0ed2cf5d25f7,8e0af854-161a-4747-93bd-4ebb2b94ed33,PV-2021,Maíz,124471.06,209111.38,221863.7,126115.67,59200.55,315813.06,124833.51,1148050.87,91113.0
71582cf5-3bba-4916-97e4-a6ae3f2a2c18,8e0af854-161a-4747-93bd-4ebb2b94ed33,OI-2022,Chile,79249.48,133139.13,118988.89,102751.69,86930.74,260216.81,150161.74,7107463.29,6255274.29
006d25f0-cead-4eac-b9ba-963dfe5a0c93,8e0af854-161a-4747-93bd-4ebb2b94ed33,PV-2022,Maíz,138343.66,232417.34,172580.75,177061.71,130331.79,144948.61,127783.72,1263465.57,278341.64
5d37d793-c643-420d-9110-21f1e79fa987,8e0af854-161a-4747-93bd-4ebb2b94ed33,OI-2023,Maíz,138675.17,232974.29,175374.16,95828.87,65348.66,154165.02,195391.01,803767.43,-115314.58
456f1ff7-e249-46c4-a0a0-3536134e470c,8e0af854-161a-4747-93bd-4ebb2b94ed33,PV-2023,Algodón,182544.49,306674.75,169544.41,158581.1,66159.25,203152.89,127047.6,3603011.8,2571851.8
a093d39c-b414-4999-becb-38d4c9754aaf,8e0af854-161a-4747-93bd-4ebb2b94ed33,OI-2024,Algodón,103550.5,173964.85,131473.08,77839.29,86305.37,118591.89,56952.32,3118608.15,2473481.35
895b48dd-6a03-478e-b35e-3adeb7f11031,8e0af854-161a-4747-93bd-4ebb2b94ed33,PV-2024,Uva,132247.71,222176.16,143468.27,51020.82,118424.96,212692.28,120653.79,10687985.35,9819549.08
07b33990-bdd1-4e45-a186-3dc5877d6d39,8e0af854-161a-4747-93bd-4ebb2b94ed33,OI-2025,Frijol,58078.29,97571.54,153826.81,86672.68,70903.87,191213.1,100533.4,690382.51,-10338.88
c0453753-6120-4de1-93cf-056090e36ed7,8e0af854-161a-4747-93bd-4ebb2b94ed33,PV-2025,Chile,191495.85,321713.03,134193.03,54267.81,74510.78,259940.34,126480.95,6431413.18,5460307.24
e5d33351-c1fe-4632-b9c4-3939430afd52,53f14776-275a-40b9-8de5-b27b5e0adc8d,OI-2021,Maíz,243338.04,408807.91,145220.86,106942.84,105890.56,246766.14,236528.63,1419995.87,169838.92
1df46529-c63f-4428-b3cb-4fc09eae7ab3,53f14776-275a-40b9-8de5-b27b5e0adc8d,PV-2021,Chile,86559.51,145419.98,267927.35,84179.0,44546.34,177319.29,102816.88,7371843.94,6549635.1
ed182dc4-0934-4acf-934a-167068e33dc3,53f14776-275a-40b9-8de5-b27b5e0adc8d,OI-2022,Frijol,172195.87,289289.07,90686.78,167605.28,82680.78,172940.31,94158.08,913751.15,16390.85
02102f64-0390-410d-be40-434559735f89,53f14776-275a-40b9-8de5-b27b5e0adc8d,PV-2022,Chile,152225.67,255739.12,159245.33,104221.46,143772.47,191687.46,178339.96,9292875.78,8259869.97
30e8c838-6868-46c5-a3a9-08dea3ba09fc,53f14776-275a-40b9-8de5-b27b5e0adc8d,OI-2023,Frijol,169441.59,284661.87,220859.26,190739.8,74157.02,151874.5,189096.44,672558.44,-438830.45
915219da-8b92-42c0-85ae-e17df6552a04,53f14776-275a-40b9-8de5-b27b5e0adc8d,PV-2023,Chile,190033.69,319256.6,227804.47,78568.97,54326.56,98110.87,220713.53,8617408.18,7618627.19
82b026b2-5c06-4792-b5b3-239866c6df37,53f14776-275a-40b9-8de5-b27b5e0adc8d,OI-2024,Chile,82679.58,138901.7,206216.7,167756.97,99512.16,145672.37,149163.52,8016115.5,7108892.09
6079d68f-0eed-495b-8280-2f1f7ca98ee5,53f14776-275a-40b9-8de5-b27b5e0adc8d,PV-2024,Maíz,144214.89,242281.02,173499.05,41182.64,73302.15,149401.47,76497.91,1048756.58,292592.34
930bba28-cc6f-4a55-9944-2db34a6a2a4c,53f14776-275a-40b9-8de5-b27b5e0adc8d,OI-2025,Chile,114884.95,193006.72,202844.19,159259.32,97514.25,229721.07,137603.87,7601777.92,6581828.49
8a317ac4-7007-4a5e-bbf4-af378395f050,53f14776-275a-40b9-8de5-b27b5e0adc8d,PV-2025,Maíz,204710.29,343913.28,121627.53,135222.63,43011.0,260767.97,100358.77,1286411.96,281510.78
add41c4d-f0e1-458a-8620-f5538ea66a68,7fe1aeb7-a6db-4eef-9ec2-7b519d1ca0e8,OI-2021,Uva,135372.07,227425.08,220664.29,159298.92,84209.36,215798.0,217559.65,11043664.35,9918709.05
6195654b-e650-466d-8f1d-09fecfecca4c,7fe1aeb7-a6db-4eef-9ec2-7b519d1ca0e8,PV-2021,Maíz,211591.02,355472.92,176780.84,97563.9,83084.6,225929.43,143699.45,1257235.16,174704.03
85959d66-5fd7-4d6d-adb9-c5471fc28d7b,7fe1aeb7-a6db-4eef-9ec2-7b519d1ca0e8,OI-2022,Maíz,251145.81,421924.96,208593.78,78415.82,114780.43,230838.82,230081.58,1240337.44,-44297.94
f117175a-5d95-4243-acd6-d75a627306fe,7fe1aeb7-a6db-4eef-9ec2-7b519d1ca0e8,PV-2022,Uva,168054.41,282331.41,202443.27,79424.96,117422.13,276771.72,141969.22,14486096.72,13385734.0
07690523-7418-41c9-9583-cd4e1143b10f,7fe1aeb7-a6db-4eef-9ec2-7b519d1ca0e8,OI-2023,Frijol,175561.2,294942.82,189770.04,195724.83,72118.25,185409.42,165953.24,688392.18,-415526.43
8c20a22f-49d7-4b01-a3c2-71f19271cd75,7fe1aeb7-a6db-4eef-9ec2-7b519d1ca0e8,PV-2023,Chile,80952.51,136000.21,201221.91,81978.6,50485.51,185639.39,71166.94,5332650.62,4606158.06
bcc31eb2-1a21-409d-b222-4d419c3295a9,7fe1aeb7-a6db-4eef-9ec2-7b519d1ca0e8,OI-2024,Uva,148155.52,248901.27,82189.13,151661.68,98476.31,225107.17,188060.97,11727780.11,10733383.57
5b6ecafa-7809-42ae-b5d6-8dc3af3a7852,7fe1aeb7-a6db-4eef-9ec2-7b519d1ca0e8,PV-2024,Maíz,223410.21,375329.15,135770.28,140219.8,77738.01,150429.78,199663.26,1340317.79,261167.51
fc383712-5a8d-467a-b898-d5bf0278808d,7fe1aeb7-a6db-4eef-9ec2-7b519d1ca0e8,OI-2025,Uva,122153.28,205217.51,173089.89,104138.93,105152.46,142641.07,190066.84,11355248.13,10434941.42
0902ac2a-24b3-41c8-82db-cb35583d9862,7fe1aeb7-a6db-4eef-9ec2-7b519d1ca0e8,PV-2025,Maíz,132407.86,222445.2,250748.98,73241.75,79621.47,279746.15,146009.82,1111076.68,59263.32
20e41277-1aba-4828-ac4b-c1effc77fe3e,771180ae-c504-4a02-9b84-a7f4c89db4f4,OI-2021,Uva,99813.6,167686.86,55094.93,68413.98,37108.95,50985.63,62151.84,6498004.32,6056562.14
b0bc011c-26ec-4f65-a057-f0a4a82a57be,771180ae-c504-4a02-9b84-a7f4c89db4f4,PV-2021,Algodón,56482.72,94890.97,91509.58,79272.44,48895.12,55850.35,89008.34,2035852.17,1576425.38
b9050914-f807-4525-bfcb-84c615592bdf,771180ae-c504-4a02-9b84-a7f4c89db4f4,OI-2022,Uva,93696.56,157410.22,50559.29,73802.29,21885.69,61586.16,88443.02,5916903.98,5463217.32
5b36b767-30c0-4f7e-9f30-2efec72da6a5,771180ae-c504-4a02-9b84-a7f4c89db4f4,PV-2022,Uva,69652.72,117016.56,94378.7,57678.58,40219.12,73138.43,67741.4,5023685.1,4573512.31
256cf7a8-3179-4e55-b736-7091ad4c2405,771180ae-c504-4a02-9b84-a7f4c89db4f4,OI-2023,Frijol,56984.48,95733.93,121095.54,31092.17,46313.07,72424.08,54866.28,238964.5,-182560.57
eb3f3291-8706-4b25-ba83-0405f537ee96,771180ae-c504-4a02-9b84-a7f4c89db4f4,PV-2023,Frijol,84329.25,141673.15,77226.91,41491.98,27311.03,67258.51,96097.14,360251.13,-90807.59
9ea8bd53-12c0-461d-b445-1cfa0d0c9fa2,771180ae-c504-4a02-9b84-a7f4c89db4f4,OI-2024,Chile,70247.4,118015.62,101139.81,50862.0,23994.0,89403.58,92610.19,4281823.81,3805798.61
cb335bbe-7a29-4006-acc6-59a0f77804d9,771180ae-c504-4a02-9b84-a7f4c89db4f4,PV-2024,Chile,88194.86,148167.37,62766.53,54614.08,30251.82,43981.43,90963.57,4961759.58,4531014.78
86f69e64-fded-4ff8-851f-f17eb98d8d0f,771180ae-c504-4a02-9b84-a7f4c89db4f4,OI-2025,Maíz,80476.93,135201.23,31851.22,80227.1,38974.19,117130.29,90750.42,523346.06,29211.6
2d83ab60-7cd3-4ba3-8509-7666c8de1743,771180ae-c504-4a02-9b84-a7f4c89db4f4,PV-2025,Chile,45345.86,76181.04,98260.32,78104.23,51592.18,70828.07,68738.49,3387689.0,2943984.66
7f529f75-2c7e-4fba-a4b9-9a5dd1c53c8b,20312ef3-0be2-4016-865f-3a96bc15510f,OI-2021,Uva,76819.16,129056.19,57105.56,65062.09,31446.86,119925.62,68361.19,5046048.82,4575091.31
dad90e92-37c6-4431-b59b-411336fcc2be,20312ef3-0be2-4016-865f-3a96bc15510f,PV-2021,Frijol,64091.34,107673.45,125472.26,26919.35,51773.03,127100.87,49998.32,295636.24,-193301.02
3733bb89-88f0-44b6-b1ee-84a9e5a09f9c,20312ef3-0be2-4016-865f-3a96bc15510f,OI-2022,Algodón,70098.05,117764.72,62119.62,55579.18,31055.67,70549.04,66921.76,1900224.64,1496234.65
cfaab2e7-5bce-47ff-bcde-6fd683c1b82d,20312ef3-0be2-4016-865f-3a96bc15510f,PV-2022,Frijol,87292.29,146651.05,49828.63,60169.4,26443.78,76572.83,41274.36,250924.8,-150015.25
660f3c4b-8b17-43e9-a21a-e13d8f58768f,20312ef3-0be2-4016-865f-3a96bc15510f,OI-2023,Chile,51882.15,87162.0,75234.75,45012.64,30171.2,118928.85,80574.8,4263004.6,3825920.36
fe46224f-62ef-4ca6-98a5-9708eb135937,20312ef3-0be2-4016-865f-3a96bc15510f,PV-2023,Algodón,82102.25,137931.78,109958.35,70228.68,28421.92,111879.55,57498.33,1822335.96,1306417.34
30a1dbbc-08c3-4b6d-bb4d-24c68c48f9aa,20312ef3-0be2-4016-865f-3a96bc15510f,OI-2024,Uva,89404.85,150200.15,90498.51,46706.37,51315.06,94631.92,68759.76,5150371.59,4648259.81
e9eb98b8-0a21-4d7c-81a7-9d753b212c72,20312ef3-0be2-4016-865f-3a96bc15510f,PV-2024,Maíz,31791.38,53409.52,108580.58,50589.87,36025.33,67572.39,93496.61,399565.69,-10108.6
af683a77-c73d-4fe9-8765-644ff0498f25,20312ef3-0be2-4016-865f-3a96bc15510f,OI-2025,Uva,66192.5,111203.41,42166.01,61769.38,59216.58,60817.16,63961.29,4041136.5,3642002.66
09d44716-fc41-4af1-85d6-ebb18a04a835,20312ef3-0be2-4016-865f-3a96bc15510f,PV-2025,Algodón,49240.13,82723.41,95931.74,64038.57,32930.91,137188.15,79064.36,1516192.77,1024315.62
7540dfec-1311-48da-8687-fa4b248cfe64,eaab97a5-81fb-4333-a9a5-d40aa75821f1,OI-2021,Algodón,102783.11,172675.62,229979.77,120395.05,102457.54,309990.48,157146.97,5642231.53,4549586.1
2ed82b9d-1e2e-4c4f-b7ef-5a2fdcea42e8,eaab97a5-81fb-4333-a9a5-d40aa75821f1,PV-2021,Chile,155360.86,261006.24,147535.08,89461.44,77020.47,106622.31,221374.94,11485623.62,10582603.14
f2383554-c628-4780-9dee-c10fd48de07f,eaab97a5-81fb-4333-a9a5-d40aa75821f1,OI-2022,Algodón,137812.75,231525.43,137712.85,125020.68,117541.03,179504.92,187772.1,4739722.11,3760645.09
99f1c0ce-1c8f-4e26-8ea8-033303439747,eaab97a5-81fb-4333-a9a5-d40aa75821f1,PV-2022,Algodón,159616.86,268156.33,140863.54,197554.97,66162.83,265898.19,231286.21,4920656.98,3750734.92
0aa09b15-12d4-492c-8f90-0683c1f300dd,eaab97a5-81fb-4333-a9a5-d40aa75821f1,OI-2023,Maíz,214845.93,360941.17,199373.33,124361.4,142130.24,143610.35,156162.66,1294318.36,167739.2
48066caa-7adb-4569-bc67-4f8c6721411d,eaab97a5-81fb-4333-a9a5-d40aa75821f1,PV-2023,Chile,232232.02,390149.79,283223.69,133967.18,90770.41,204853.3,214910.5,9939705.2,8621830.33
e64467fc-6e67-4f9f-9256-58eeb9d64a59,eaab97a5-81fb-4333-a9a5-d40aa75821f1,OI-2024,Maíz,156742.97,263328.2,187763.74,143240.91,122546.52,287930.44,217745.42,1222539.81,-15.41
6d57db64-b87e-4d26-b0ed-b89e91ac3fe5,eaab97a5-81fb-4333-a9a5-d40aa75821f1,PV-2024,Algodón,65515.29,110065.69,173049.68,165779.66,63726.1,259013.88,152105.28,4758986.94,3835246.64
19c438ec-4abe-422d-aa4f-854d0143bb6a,eaab97a5-81fb-4333-a9a5-d40aa75821f1,OI-2025,Chile,125253.42,210425.74,213903.86,142748.62,50971.07,220249.61,238262.21,9090282.1,8013720.99
d5ec32ab-6647-4b5c-91aa-bbc6f737f46e,eaab97a5-81fb-4333-a9a5-d40aa75821f1,PV-2025,Frijol,170702.84,286780.77,149475.2,104988.95,110777.89,122726.36,182957.28,848051.42,-109655.02
d2a9759c-e210-4b80-affb-fe2823a8e879,bb35a022-70e0-4ac1-800a-ab127035358b,OI-2021,Frijol,86150.3,144732.5,103916.74,78081.0,48930.1,162599.21,123743.66,378166.31,-283836.9
7ac5ef2f-9153-4034-9a75-47f5f0d76f3e,bb35a022-70e0-4ac1-800a-ab127035358b,PV-2021,Maíz,85019.47,142832.72,131543.64,71167.09,20959.45,121780.87,54988.14,531712.93,-11558.97
e49b0fee-c7cd-40ba-925c-eb395ea63aba,bb35a022-70e0-4ac1-800a-ab127035358b,OI-2022,Algodón,94352.49,158512.18,53837.5,82224.03,22218.09,110450.53,110467.17,2417730.97,1880021.47
483d363a-5539-4e5c-b4f2-6f5c71891935,bb35a022-70e0-4ac1-800a-ab127035358b,PV-2022,Algodón,73175.24,122934.4,133063.83,34202.13,69732.14,165060.12,69952.26,1637105.73,1042160.85
db0a4b06-4d48-4509-8b6d-4cfe3a8377fb,bb35a022-70e0-4ac1-800a-ab127035358b,OI-2023,Uva,74878.58,125796.01,76987.57,60177.01,54669.14,121397.2,66796.58,6010562.11,5504738.59
18352441-1c6d-4f3f-a0ae-fdcad46f1e78,bb35a022-70e0-4ac1-800a-ab127035358b,PV-2023,Frijol,40304.39,67711.38,94198.59,41600.38,31282.28,166418.36,64944.21,381519.22,-84635.98
1577a5a2-c09e-49e0-9ec8-1a5cdf552366,bb35a022-70e0-4ac1-800a-ab127035358b,OI-2024,Algodón,115969.62,194828.97,115363.53,89000.48,39455.2,125426.72,83443.54,1360640.45,713122.01
1066d792-264c-4087-b02c-b0ca2ecee696,bb35a022-70e0-4ac1-800a-ab127035358b,PV-2024,Algodón,90897.22,152707.33,79674.83,54662.03,35026.56,58143.6,68957.64,1404097.95,954925.96
db0b4aa3-9630-45bb-ab88-1b3d5bbf6856,bb35a022-70e0-4ac1-800a-ab127035358b,OI-2025,Uva,84749.76,142379.6,39531.3,63708.15,49214.75,57058.15,111529.73,5877883.49,5414461.79
7cc903ab-daef-4792-af9a-adbd905def99,bb35a022-70e0-4ac1-800a-ab127035358b,PV-2025,Algodón,101078.17,169811.33,80611.03,29360.47,56713.19,99490.01,81967.11,2372460.36,1854507.21
34c16a73-4fd4-4d1a-97f6-1c22eac275bf,8d37e9e0-efee-4c3a-9e27-ef1f52101aa1,OI-2021,Maíz,47154.71,79219.92,19649.13,33421.33,32840.75,67501.26,42779.92,313407.02,37994.72
c9ed0b15-8066-4471-bf02-d1e0e45396ea,8d37e9e0-efee-4c3a-9e27-ef1f52101aa1,PV-2021,Algodón,26439.1,44417.68,51289.32,28226.79,23496.56,91337.34,37059.21,884433.76,608606.86
f4ee62c2-ed6a-419a-8228-6c78668f9ca8,8d37e9e0-efee-4c3a-9e27-ef1f52101aa1,OI-2022,Uva,43373.3,72867.15,35075.85,32463.35,23250.49,47972.55,56042.43,3003842.18,2736170.37
565507b7-196c-4657-9949-d30a6bd7ad52,8d37e9e0-efee-4c3a-9e27-ef1f52101aa1,PV-2022,Algodón,55104.2,92575.05,56316.92,17645.15,29108.16,72606.3,56354.57,1008472.54,683866.4
14c6477a-bdca-40d6-bda9-f6c88e855abc,8d37e9e0-efee-4c3a-9e27-ef1f52101aa1,OI-2023,Chile,37805.81,63513.76,46513.34,25492.19,19691.25,61293.52,45311.67,1506368.49,1244552.75
46a815fd-4d4c-4bc0-bc20-42ddf296f700,8d37e9e0-efee-4c3a-9e27-ef1f52101aa1,PV-2023,Algodón,50959.45,85611.88,46925.77,32363.22,15489.33,22689.63,33015.54,1055065.93,818970.56
968e2586-e2d9-41f9-bc12-05fb86be054a,8d37e9e0-efee-4c3a-9e27-ef1f52101aa1,OI-2024,Frijol,25762.45,43280.92,26211.52,10543.4,18956.22,41258.57,42595.76,174272.41,-8573.97
304cae9f-934f-4a36-8edc-b230892b6132,8d37e9e0-efee-4c3a-9e27-ef1f52101aa1,PV-2024,Chile,28076.88,47169.17,58877.81,45816.69,24195.21,49926.75,40851.98,2871634.13,2604796.53
472d7b9f-93da-46f9-b83b-41c6597799cf,8d37e9e0-efee-4c3a-9e27-ef1f52101aa1,OI-2025,Uva,27566.79,46312.2,43122.43,42219.25,22705.8,34626.35,38304.12,3552546.79,3325256.64
393bd5f3-1e90-4082-9748-e2bcc9bfc030,8d37e9e0-efee-4c3a-9e27-ef1f52101aa1,PV-2025,Uva,49170.35,82606.19,44296.08,32591.45,16622.7,30371.84,42364.06,2282204.53,2033352.22
59ec5004-613b-4944-8b39-e1d6ee08dcc8,1fc08bdf-c173-4241-a21e-4f4728eb1215,OI-2021,Algodón,60577.67,101770.48,56372.05,34288.9,14830.13,45018.68,44412.69,1071713.27,775020.33
55c992eb-dd93-494d-b38a-96f36ed47490,1fc08bdf-c173-4241-a21e-4f4728eb1215,PV-2021,Chile,32816.28,55131.36,37609.93,40977.75,34151.31,57086.46,41779.57,2816918.67,2550182.28
7e62d560-a2bd-43a8-b9c8-7ace9bee65ab,1fc08bdf-c173-4241-a21e-4f4728eb1215,OI-2022,Algodón,50120.54,84202.51,68534.69,38101.85,22397.33,63232.25,66375.47,1415376.9,1072532.8
0c32cef9-9060-48a0-937a-3d1f9f5b0fd9,1fc08bdf-c173-4241-a21e-4f4728eb1215,PV-2022,Uva,45580.59,76575.4,21387.56,23178.39,16173.98,65502.06,55398.2,3585638.3,3327422.72
4ecebfd4-cc4d-4c40-b57d-7bc9ffe3d384,1fc08bdf-c173-4241-a21e-4f4728eb1215,OI-2023,Algodón,59894.39,100622.57,57285.98,30720.8,37584.05,66248.4,44590.24,908629.18,571577.14
1a313237-4c09-418e-9135-21a2097db45d,1fc08bdf-c173-4241-a21e-4f4728eb1215,PV-2023,Frijol,38859.8,65284.46,39868.43,28015.57,17001.9,89412.84,40933.48,182955.96,-97560.73
b085969b-4e49-4089-94af-6f71172a9c13,1fc08bdf-c173-4241-a21e-4f4728eb1215,OI-2024,Maíz,48710.87,81834.27,58086.69,24696.16,21857.2,94993.72,40682.67,294945.81,-27204.89
ec727222-2230-4e89-b98a-dd0304c10a8a,1fc08bdf-c173-4241-a21e-4f4728eb1215,PV-2024,Chile,44311.78,74443.8,42916.53,22815.23,25747.78,68384.91,47699.28,2755185.14,2473177.6
81366d1a-b4ec-46eb-966b-da03d137861c,1fc08bdf-c173-4241-a21e-4f4728eb1215,OI-2025,Frijol,24263.03,40761.9,51135.61,27530.52,25414.0,72811.8,25443.46,205878.58,-37218.71
2bba99f5-544f-4118-8dda-f09263f2a818,1fc08bdf-c173-4241-a21e-4f4728eb1215,PV-2025,Uva,40024.68,67241.46,47921.2,22125.83,34573.47,44136.7,57977.82,3568608.05,3294631.57
a76bdd53-4ac2-4846-8ec1-5b6f170530ca,36f15d6e-4d25-40f3-b122-fdf75c24a3e7,OI-2021,Algodón,70654.62,118699.76,37026.81,30206.4,22623.89,67765.82,41087.03,1412395.52,1094985.82
ff382df6-8079-4c3d-aa9c-6643d54a3c55,36f15d6e-4d25-40f3-b122-fdf75c24a3e7,PV-2021,Uva,74986.91,125978.01,83242.86,59580.01,32276.32,73204.34,74589.35,3321237.18,2872366.3
dd762772-ff40-4654-b1fb-e2f9efbeb228,36f15d6e-4d25-40f3-b122-fdf75c24a3e7,OI-2022,Maíz,73854.65,124075.81,35137.62,18837.27,20190.79,45296.62,82890.41,402320.33,75891.82
c8e91a95-371e-4d7b-897f-0eb5071eca1d,36f15d6e-4d25-40f3-b122-fdf75c24a3e7,PV-2022,Frijol,21810.84,36642.21,69241.0,46708.77,37375.52,54180.61,31564.1,256551.77,-19160.46
d6405db3-dca3-474d-a330-012b7078860e,36f15d6e-4d25-40f3-b122-fdf75c24a3e7,OI-2023,Frijol,38491.72,64666.1,50042.1,63736.62,40524.42,64972.39,19775.23,221843.44,-81873.41
4319a0c2-ae7c-4030-8c8c-92a6a2e7a8e6,36f15d6e-4d25-40f3-b122-fdf75c24a3e7,PV-2023,Maíz,57849.44,97187.07,69293.6,44694.88,39228.22,65791.12,35266.29,396500.8,45039.62
a1114770-c9ff-4910-81af-00cf71eee6a3,36f15d6e-4d25-40f3-b122-fdf75c24a3e7,OI-2024,Algodón,44072.86,74042.4,68541.43,44306.81,22981.25,80256.57,45643.92,1250681.9,914909.52
9461a1da-8bf6-4e48-8708-d89f04339582,36f15d6e-4d25-40f3-b122-fdf75c24a3e7,PV-2024,Maíz,35101.64,58970.76,36500.66,49908.99,17889.81,49096.4,54103.4,351543.67,85073.65
a3f4d663-20e6-482f-a07c-1727078c043e,36f15d6e-4d25-40f3-b122-fdf75c24a3e7,OI-2025,Chile,67645.8,113644.95,78266.74,42667.37,39933.45,95964.0,58787.68,3743307.38,3314043.2
fa8f287d-81f2-4caf-aca0-4af54b0218cb,36f15d6e-4d25-40f3-b122-fdf75c24a3e7,PV-2025,Algodón,39537.02,66422.2,69559.19,35337.57,25951.83,63559.76,23072.82,1441306.49,1157403.1
82abccab-ff80-4dd8-8607-0d6151ed14f0,e2e90477-85a7-455c-b284-40068b21097f,OI-2021,Algodón,173960.13,292253.02,189844.19,114839.01,37058.51,99419.45,110733.24,2902868.76,2058721.32
4d025e41-c685-4674-8805-434cb5eb2e1c,e2e90477-85a7-455c-b284-40068b21097f,PV-2021,Algodón,135114.39,226992.18,162329.8,121621.2,60000.39,101609.51,78472.21,2586303.34,1835278.06
9e135f2d-9eb3-433c-90d0-b67cd11ab493,e2e90477-85a7-455c-b284-40068b21097f,OI-2022,Maíz,130634.08,219465.26,222459.47,140999.71,59208.96,221126.87,174842.97,1037822.36,-280.88
befbd0ec-c728-41b0-a29c-bba0aeb603a9,e2e90477-85a7-455c-b284-40068b21097f,PV-2022,Frijol,82947.43,139351.69,192089.36,106965.3,89608.88,146506.32,155597.64,679890.97,-150228.22
fb83038a-dfb6-45fe-90b7-fa8cc32d6d00,e2e90477-85a7-455c-b284-40068b21097f,OI-2023,Maíz,120035.08,201658.94,102040.51,48715.31,84304.88,160504.55,223958.81,1067113.13,245930.13
8b3a050e-3075-4c00-81e4-444603a76687,e2e90477-85a7-455c-b284-40068b21097f,PV-2023,Maíz,90538.74,152105.08,175169.99,114218.02,83530.34,174082.72,163093.41,960924.51,98724.94
fdd8aa41-c437-402a-9a75-8879c4972cdd,e2e90477-85a7-455c-b284-40068b21097f,OI-2024,Chile,169995.05,285591.69,177707.73,112213.79,36667.48,149835.32,70710.31,6528912.59,5696186.27
405cc6ba-10ea-4e95-b895-203d3d223b6a,e2e90477-85a7-455c-b284-40068b21097f,PV-2024,Chile,185049.91,310883.85,176180.11,126776.47,59406.73,153140.3,90238.32,7490345.45,6573719.67
05c5772c-c489-48cc-b724-47344dcb6833,e2e90477-85a7-455c-b284-40068b21097f,OI-2025,Chile,164014.88,275544.99,124562.83,48276.63,60914.52,110850.48,181717.23,7324667.16,6522800.49
a1cc65f3-1129-4f76-8bd2-e2daa0e460f0,e2e90477-85a7-455c-b284-40068b21097f,PV-2025,Uva,135441.91,227542.41,145777.12,144795.09,84336.63,189964.82,163934.01,9806981.59,8850631.5
d542e867-3222-4ffc-8fae-9b227d6ccf98,2b6901dc-2863-4df0-90fe-3d18dacaed9e,OI-2021,Algodón,90894.26,152702.35,156084.14,75836.77,52089.35,155172.61,92887.17,3101657.61,2416885.21
0ff684cf-e62b-4a43-808f-ef85281c9fb3,2b6901dc-2863-4df0-90fe-3d18dacaed9e,PV-2021,Maíz,116123.08,195086.78,176559.66,69539.14,49621.78,140714.26,86293.02,566567.05,-151247.59
66efabc5-9388-45b1-997c-27a0d8d276b7,2b6901dc-2863-4df0-90fe-3d18dacaed9e,OI-2022,Uva,143247.17,240655.25,148889.4,35856.22,37437.06,145861.94,111406.27,8959837.69,8239731.54
4bb1f903-cf0c-48f8-a13e-dd88bf090006,2b6901dc-2863-4df0-90fe-3d18dacaed9e,PV-2022,Algodón,112665.79,189278.53,99735.31,109797.84,40286.12,122788.13,159652.39,3787387.18,3065848.86
4744b2e0-0573-44ae-909e-c4e59f4e1f2d,2b6901dc-2863-4df0-90fe-3d18dacaed9e,OI-2023,Chile,80656.03,135502.12,105139.64,93288.76,55716.3,105693.97,63216.15,7191433.81,6632876.86
1b79933c-6bcf-4a60-ad8c-193551cff4c0,2b6901dc-2863-4df0-90fe-3d18dacaed9e,PV-2023,Chile,88360.68,148445.95,134537.6,84293.54,50218.1,132824.86,105237.28,5844030.92,5188473.59
4579eab0-57bf-4a1c-ad98-582d1318c0ac,2b6901dc-2863-4df0-90fe-3d18dacaed9e,OI-2024,Chile,98350.51,165228.86,63936.08,54712.13,46252.76,198661.0,84191.7,6844416.45,6231433.93
7d2a659a-f957-4bdc-85f2-d0e03594c639,2b6901dc-2863-4df0-90fe-3d18dacaed9e,PV-2024,Maíz,109810.8,184482.15,117173.05,130104.35,69259.5,183333.68,72675.23,901068.37,144040.42
48ff9e3f-8b34-4012-92dc-f4d6927aee0a,2b6901dc-2863-4df0-90fe-3d18dacaed9e,OI-2025,Chile,80273.26,134859.08,157479.16,65487.88,44388.81,131923.33,77306.86,3802026.82,3190581.7
a60b1342-fdd3-4dc9-995d-c130d4d9431c,2b6901dc-2863-4df0-90fe-3d18dacaed9e,PV-2025,Algodón,83670.89,140567.09,149382.9,77610.03,78330.95,188484.95,84036.61,2129152.86,1410740.33
cc20375e-d60a-402e-be4a-8d7144d2dd77,0b620e00-7f77-445d-9956-430be1ed2748,OI-2021,Frijol,128876.75,216512.93,174389.72,85943.75,57816.1,160472.62,260381.64,666525.71,-288991.06
789e0c79-298f-4f5f-8b01-725be6ba0594,0b620e00-7f77-445d-9956-430be1ed2748,PV-2021,Maíz,196995.1,330951.78,146093.39,74293.2,76147.31,223877.56,179715.37,1166679.88,135601.27
ee68e7b3-61bb-4efd-8984-499c9bc966bb,0b620e00-7f77-445d-9956-430be1ed2748,OI-2022,Frijol,115663.45,194314.6,209574.67,167784.13,89517.52,92092.45,124562.15,599098.96,-278746.55
ea42a17a-fad5-4a16-9c45-fbe1f3372765,0b620e00-7f77-445d-9956-430be1ed2748,PV-2022,Frijol,138879.29,233317.2,250145.12,121895.65,48753.67,177328.33,138939.37,634843.82,-335535.52
6da50adf-03cf-43cc-bd2e-e281a700bab3,0b620e00-7f77-445d-9956-430be1ed2748,OI-2023,Uva,122964.29,206580.0,211801.92,65957.89,103580.6,126417.37,86597.6,12349387.19,11548451.81
54d46126-7998-4152-8cc8-536494bceece,0b620e00-7f77-445d-9956-430be1ed2748,PV-2023,Algodón,134007.27,225132.22,177642.28,173115.09,51701.01,243617.1,178931.18,3478753.72,2428614.84
23cd0370-a541-4e67-9834-4b915977381b,0b620e00-7f77-445d-9956-430be1ed2748,OI-2024,Frijol,92568.66,155515.35,116593.8,95653.64,63903.48,131178.96,149027.4,712692.29,819.65
cdb6049c-629f-410b-bffa-6e8f74e53f13,0b620e00-7f77-445d-9956-430be1ed2748,PV-2024,Algodón,216969.7,364509.09,165394.89,98370.05,56011.79,193959.29,96529.66,4062698.69,3087923.92
93947a43-c974-4068-87b9-6ce42dadd32b,0b620e00-7f77-445d-9956-430be1ed2748,OI-2025,Maíz,115310.51,193721.66,180000.69,97105.46,92896.92,310516.96,179949.01,1130140.15,75949.45
8e4865ce-7600-45c2-aa82-d72e9bff348a,0b620e00-7f77-445d-9956-430be1ed2748,PV-2025,Maíz,202607.39,340380.42,206501.31,94602.56,81246.97,243103.94,142886.31,1064156.32,-44565.19
d9e21198-a9fe-48f6-9c52-ffbf7415d59d,dbecd833-7ff4-4846-8f3c-3b260384d73a,OI-2021,Algodón,55210.71,92753.99,92121.09,61954.29,39957.88,108248.21,111643.76,2007331.69,1500652.46
b1e56022-750c-4af1-848c-6512a831b439,dbecd833-7ff4-4846-8f3c-3b260384d73a,PV-2021,Frijol,81748.89,137338.14,67896.22,42454.42,32927.21,104955.32,90668.24,344960.68,-131278.88
a5af59a7-e635-46ec-8b67-c505e0515105,dbecd833-7ff4-4846-8f3c-3b260384d73a,OI-2022,Maíz,106265.18,178525.51,84416.22,64528.86,25247.49,90688.5,71703.5,545207.45,30097.38
efc58949-0d9b-411c-91a8-4dd87744e51e,dbecd833-7ff4-4846-8f3c-3b260384d73a,PV-2022,Chile,78804.19,132391.04,74521.72,47868.57,22791.87,134927.79,89645.43,4653052.54,4150906.13
efa3bb4b-f8f5-45cd-bd07-24e57615b493,dbecd833-7ff4-4846-8f3c-3b260384d73a,OI-2023,Algodón,86337.81,145047.52,77029.2,21979.53,71135.24,57343.94,121865.25,1362415.18,868014.5
6fe4ef74-68f0-41cd-a9cb-ca5308e70530,dbecd833-7ff4-4846-8f3c-3b260384d73a,PV-2023,Frijol,61767.63,103769.62,68965.65,31916.75,32202.43,39423.43,58734.88,390338.06,55325.29
53158863-88d7-4e7d-a222-e3b87f7fd48e,dbecd833-7ff4-4846-8f3c-3b260384d73a,OI-2024,Uva,68911.39,115771.14,93326.34,45256.98,33014.11,61846.22,72079.37,5672918.18,5251624.02
d3e5dfc3-ab78-4518-8958-e40e153097e7,dbecd833-7ff4-4846-8f3c-3b260384d73a,PV-2024,Chile,49420.77,83026.89,101029.63,57999.48,32424.57,140408.42,55000.68,4139113.39,3669223.71
c03cebb5-d695-47b0-bde8-639138e2e255,dbecd833-7ff4-4846-8f3c-3b260384d73a,OI-2025,Frijol,64462.57,108297.12,89017.55,41774.0,33974.99,100516.7,48565.97,338881.77,-83264.55
ec5eedb9-8627-4b0a-9514-242dd91314c5,dbecd833-7ff4-4846-8f3c-3b260384d73a,PV-2025,Chile,63723.96,107056.26,79666.14,72438.46,36385.12,81397.41,60926.39,3600289.75,3162419.97
cb733166-a644-47ad-9b8e-6e67d54bbddf,0b2da096-0ecb-4bf6-ac84-73ef1c426da4,OI-2021,Frijol,109470.33,183910.16,190396.01,76794.73,55606.26,134577.78,63643.48,542712.32,-162216.09
a6e94ecb-7d45-4add-a0e2-ff0e71d61385,0b2da096-0ecb-4bf6-ac84-73ef1c426da4,PV-2021,Algodón,73990.36,124303.8,139551.97,73380.08,58793.25,106642.31,94379.77,3249200.01,2652148.83
ac54db1b-0682-48bf-ac2c-bbb9ee65ffd1,0b2da096-0ecb-4bf6-ac84-73ef1c426da4,OI-2022,Algodón,72485.08,121774.93,54314.31,96985.03,65455.69,208225.43,123998.66,2083469.99,1412715.93
9ec4d004-e488-45bf-88d1-f6dbed5f8c8d,0b2da096-0ecb-4bf6-ac84-73ef1c426da4,PV-2022,Frijol,128649.16,216130.59,170370.62,99409.88,43871.71,94979.15,128006.02,571064.9,-181703.06
c577527b-4409-4293-88c9-9d6f6e0fe40c,0b2da096-0ecb-4bf6-ac84-73ef1c426da4,OI-2023,Algodón,144621.29,242963.76,102088.82,88161.68,62198.74,194571.22,126673.47,3198903.23,2382245.54
f27b3aeb-50d6-47bd-853b-095679258b18,0b2da096-0ecb-4bf6-ac84-73ef1c426da4,PV-2023,Frijol,94785.08,159238.94,117197.88,59707.94,68579.27,149535.64,76891.68,500121.05,-131030.31
5b522dfe-931c-4439-8a29-fede15534ee0,0b2da096-0ecb-4bf6-ac84-73ef1c426da4,OI-2024,Chile,60929.68,102361.86,136325.0,45820.69,70953.07,167451.08,172554.2,5423528.33,4728062.42
e112209a-0d20-423a-a34c-48e57c8c6463,0b2da096-0ecb-4bf6-ac84-73ef1c426da4,PV-2024,Algodón,101610.51,170705.66,179695.59,79444.99,34399.26,219719.96,134770.11,2940294.07,2121558.51
28aef0a2-fc7d-44fe-ac69-7ebd3ec2c9a4,0b2da096-0ecb-4bf6-ac84-73ef1c426da4,OI-2025,Algodón,81313.51,136606.7,78918.25,50078.89,77489.69,155649.45,132766.61,1593836.62,962327.03
c2df6270-0812-47c2-9093-829c78b6b424,0b2da096-0ecb-4bf6-ac84-73ef1c426da4,PV-2025,Algodón,103752.99,174305.02,82674.78,100211.62,90846.4,121614.52,78599.04,2944386.25,2296134.87
97130a84-d91b-441a-9482-b8cd12f4cb99,72d50679-68dd-402b-bd63-b2628f1a0e85,OI-2021,Maíz,204105.02,342896.44,164254.83,146962.8,78304.37,204275.53,150186.85,1098727.22,11846.41
004e07a5-40ef-4390-9fa7-39f163252f89,72d50679-68dd-402b-bd63-b2628f1a0e85,PV-2021,Frijol,201492.96,338508.18,192014.75,112095.67,51692.56,313024.57,98164.02,656411.2,-449088.55
9655c581-9dd8-424f-9a5b-0f402156deb8,72d50679-68dd-402b-bd63-b2628f1a0e85,OI-2022,Uva,75279.95,126470.32,184018.05,124358.61,123995.81,287236.33,106742.6,8374539.49,7421717.78
a36767e5-0eb5-4425-9f87-996ff076bafa,72d50679-68dd-402b-bd63-b2628f1a0e85,PV-2022,Maíz,154121.31,258923.81,108686.93,177316.21,61232.31,130685.64,236334.36,1043094.55,69915.3
bc6bb934-560b-4df2-88ea-91f2d63bcd82,72d50679-68dd-402b-bd63-b2628f1a0e85,OI-2023,Frijol,100722.22,169213.34,118614.67,123816.73,68838.04,150389.85,90676.17,787829.28,66280.48
39d9a1e6-a55f-40d7-967a-0b1f8171b762,72d50679-68dd-402b-bd63-b2628f1a0e85,PV-2023,Maíz,124010.58,208337.77,153926.95,130154.33,88187.69,149787.69,93962.79,1203260.73,378903.51
df4edc13-5c30-44b9-a3fb-c07f9ff06fa2,72d50679-68dd-402b-bd63-b2628f1a0e85,OI-2024,Frijol,180588.49,303388.66,107833.45,93384.79,92345.37,188681.98,101264.9,536176.4,-350722.76
82b74eef-8faf-4a1c-bb97-44776b14db7a,72d50679-68dd-402b-bd63-b2628f1a0e85,PV-2024,Maíz,94867.9,159378.06,167758.44,110241.57,67195.01,92549.86,144471.35,1153988.92,412394.62
df3e0e38-8def-405b-a23e-02d8701c4668,72d50679-68dd-402b-bd63-b2628f1a0e85,OI-2025,Chile,134196.32,225449.81,215639.84,67639.87,61301.8,215514.05,163846.67,7492861.35,6543469.31
c75c2cd9-7ee6-4a63-a57e-633a20ba7635,72d50679-68dd-402b-bd63-b2628f1a0e85,PV-2025,Algodón,131076.09,220207.83,241368.72,136419.05,72217.49,120717.32,198250.4,3418681.64,2429500.83
960432f1-73ec-4104-a8cc-ddf192d16853,5b42b176-533f-4532-b451-d849de55963a,OI-2021,Algodón,73589.59,123630.52,80669.18,59155.74,38572.28,103269.13,53526.71,2563126.76,2104303.2
b7f52aa5-94ff-4ade-8839-80217aca3099,5b42b176-533f-4532-b451-d849de55963a,PV-2021,Frijol,91981.0,154528.08,95617.13,92863.12,53993.48,151416.51,37888.83,327898.65,-258408.48
b56e0fc2-787c-4fd1-84c4-6cd5b976537d,5b42b176-533f-4532-b451-d849de55963a,OI-2022,Algodón,80902.32,135915.9,78309.19,53337.35,50307.78,74177.41,46962.04,2586309.85,2147300.19
b0c3d5cf-7d69-4e01-b31e-98f6dfa5982f,5b42b176-533f-4532-b451-d849de55963a,PV-2022,Maíz,48443.26,81384.67,58442.42,88230.55,75054.28,51466.59,122799.98,574274.92,96896.43
c56b217e-134c-4e2b-b1f3-f0518f9457cd,5b42b176-533f-4532-b451-d849de55963a,OI-2023,Algodón,78469.67,131829.05,52332.69,41150.26,38614.29,76537.0,48475.0,2505900.14,2116961.84
c420cadc-9925-49c3-8433-feab444c49dc,5b42b176-533f-4532-b451-d849de55963a,PV-2023,Maíz,63741.17,107085.17,83895.11,78446.43,47151.91,90074.31,90748.33,517658.49,20257.23
adc93c00-277a-40e0-adc4-a836b516ae99,5b42b176-533f-4532-b451-d849de55963a,OI-2024,Uva,59443.68,99865.38,91829.77,67891.21,33435.21,127657.23,76679.51,5743910.89,5246552.58
f8fb9f81-a2c0-463c-a56b-e5f57b10a446,5b42b176-533f-4532-b451-d849de55963a,PV-2024,Uva,91834.52,154281.99,42238.56,45671.99,24228.73,137786.17,71379.5,3931464.84,3455877.91
4f6c6577-9908-4681-9b8a-0e54ccb3b5f9,5b42b176-533f-4532-b451-d849de55963a,OI-2025,Frijol,66197.39,111211.61,100040.69,51354.93,60963.89,141843.49,94417.2,436123.31,-123708.51
7672ccfb-0a6d-4017-a2d0-ebb1e3703447,5b42b176-533f-4532-b451-d849de55963a,PV-2025,Frijol,29382.28,49362.23,73695.27,74642.44,33026.78,100427.93,60767.72,372250.35,-19672.02
30e23f54-119e-4bf5-91fc-4301ecbc9c48,84213f57-d0b1-4502-888a-1315fad8b140,OI-2021,Algodón,121556.88,204215.56,150467.33,66319.63,47587.52,141429.28,188737.41,4174387.75,3375631.02
8741faf9-3f10-4fd2-aec2-7c2eb509b10e,84213f57-d0b1-4502-888a-1315fad8b140,PV-2021,Maíz,83848.83,140866.04,185769.73,48897.63,77650.9,173042.95,138680.67,862604.96,97697.04
120b0846-a755-4a4b-bdb9-ab26e5519c72,84213f57-d0b1-4502-888a-1315fad8b140,OI-2022,Frijol,112750.92,189421.54,205085.23,44413.51,45756.89,188962.86,178446.49,598150.63,-253935.9
2bd5861f-08d4-4b07-b9c3-07953e08d70c,84213f57-d0b1-4502-888a-1315fad8b140,PV-2022,Uva,117067.99,196674.23,121943.04,55163.92,58196.05,151928.77,130751.33,8417008.44,7702351.1
5a4b9eba-61c0-4e2d-b9af-d44791dc035b,84213f57-d0b1-4502-888a-1315fad8b140,OI-2023,Chile,96327.94,161830.95,110122.31,71678.28,42049.91,159492.29,199712.09,7381715.75,6636829.91
29e39a1c-26d7-4b02-990f-c9150b549579,84213f57-d0b1-4502-888a-1315fad8b140,PV-2023,Frijol,147736.21,248196.84,141459.83,125461.69,72282.5,196518.9,157434.32,633576.21,-307777.88
2fe2ed9d-9551-4099-9aac-ad0f8283f0a9,84213f57-d0b1-4502-888a-1315fad8b140,OI-2024,Chile,133454.2,224203.06,141826.41,112600.5,92434.02,121904.62,210819.02,9094841.8,8191054.17
6d3b8fbe-1094-4fea-9c5d-0c4938f9fd92,84213f57-d0b1-4502-888a-1315fad8b140,PV-2024,Chile,146714.68,246480.67,80090.23,90699.31,80795.15,208030.0,166274.18,7029494.72,6157125.19
89484491-5fa1-4f8f-a048-e8f13931871b,84213f57-d0b1-4502-888a-1315fad8b140,OI-2025,Chile,188765.59,317126.19,94799.21,115441.57,64722.96,126600.1,74157.25,7254219.9,6461372.61
1427af2c-75e6-41de-92f8-75a22ec5c054,84213f57-d0b1-4502-888a-1315fad8b140,PV-2025,Uva,138402.7,232516.54,122819.56,76085.89,46798.56,161452.38,215200.01,9022183.17,8167310.23
fe7da1e9-e649-4125-be3b-ecae8302eab1,df18e8a3-c48f-4d3f-8e79-a11a309e1f9c,OI-2021,Uva,75019.57,126032.88,54612.86,30671.73,33218.02,43140.19,62763.3,4543464.38,4193025.4
6daeec62-ea01-43d4-963b-4a78a2d4d7b3,df18e8a3-c48f-4d3f-8e79-a11a309e1f9c,PV-2021,Algodón,53662.81,90153.52,64445.22,65360.04,24552.58,97880.54,86652.12,1742806.05,1313762.03
c29ad5a4-a447-4446-9d85-0977d6f9988a,df18e8a3-c48f-4d3f-8e79-a11a309e1f9c,OI-2022,Uva,99911.13,167850.7,93435.62,37896.98,26486.59,72832.9,85057.03,5245160.44,4761600.6
896cafde-473b-4447-bf59-c686cd1311d8,df18e8a3-c48f-4d3f-8e79-a11a309e1f9c,PV-2022,Uva,49466.17,83103.16,41878.25,20533.84,47107.17,103257.3,79174.65,4694829.06,4319774.69
54eaf88a-4b70-4ba7-9020-6ea81f80dd9d,df18e8a3-c48f-4d3f-8e79-a11a309e1f9c,OI-2023,Algodón,83680.3,140582.9,73578.98,37294.74,17839.23,110984.92,88540.65,1741664.27,1272842.86
c7332043-e770-4b7f-a0d3-b3daea6e152e,df18e8a3-c48f-4d3f-8e79-a11a309e1f9c,PV-2023,Maíz,23478.61,39444.07,83450.39,42582.8,21599.68,55739.8,66400.22,463853.14,154636.18
10401c5f-0a4c-4feb-a5cf-bb15a13e3601,df18e8a3-c48f-4d3f-8e79-a11a309e1f9c,OI-2024,Chile,71328.62,119832.09,70123.82,28005.81,33643.85,95532.28,59211.66,3522401.92,3116052.41
f613c1f3-386d-4358-9105-d1dca71def4d,df18e8a3-c48f-4d3f-8e79-a11a309e1f9c,PV-2024,Algodón,82136.83,137989.87,81425.71,32146.35,32539.39,54922.66,102509.41,1557968.7,1116435.32
03dba108-d23d-4f41-a66c-3bef0a4c3925,df18e8a3-c48f-4d3f-8e79-a11a309e1f9c,OI-2025,Frijol,49801.97,83667.32,65080.44,61889.11,34867.48,57644.02,56527.86,241344.6,-118331.63
eb104981-1815-46cc-a097-f53593428c02,df18e8a3-c48f-4d3f-8e79-a11a309e1f9c,PV-2025,Maíz,86844.05,145898.0,90847.78,32836.84,23972.29,74590.12,60788.6,448486.09,19552.46
860601f6-c9d8-444d-9f71-ca83c792de04,4d0094a6-0933-44de-9e4b-2b7adaf0a536,OI-2021,Algodón,81427.44,136798.09,89218.43,82573.68,28575.48,43725.44,62259.57,2088340.2,1645189.51
3d954eeb-e470-45f4-8e7b-b5dd3bf6a3c9,4d0094a6-0933-44de-9e4b-2b7adaf0a536,PV-2021,Algodón,83722.28,140653.44,117654.44,63879.33,41157.81,136275.2,99477.48,1989992.39,1390894.69
90047178-5dc9-4029-b9aa-75ef8a799d9e,4d0094a6-0933-44de-9e4b-2b7adaf0a536,OI-2022,Maíz,106144.19,178322.24,93968.4,42744.92,32140.92,145109.53,81889.62,579475.99,5300.36
22c195b1-6cc6-4d84-be24-a360dec69e46,4d0094a6-0933-44de-9e4b-2b7adaf0a536,PV-2022,Maíz,97227.75,163342.62,49207.78,43399.43,63317.5,114149.36,66208.61,529059.97,29434.67
586f3ed2-adfc-4169-b866-3f468a44d074,4d0094a6-0933-44de-9e4b-2b7adaf0a536,OI-2023,Maíz,49498.79,83157.96,61702.16,32965.61,37174.62,74060.1,42001.62,466972.76,135910.68
e7c9114a-7498-49c6-8745-99a600127539,4d0094a6-0933-44de-9e4b-2b7adaf0a536,PV-2023,Maíz,46775.03,78582.06,90208.29,51786.86,53293.52,110938.83,84661.13,586774.94,117304.24
2c8fda0d-7ecb-4c4f-ab5d-cbf4cb3920bd,4d0094a6-0933-44de-9e4b-2b7adaf0a536,OI-2024,Uva,82955.27,139364.86,118834.31,53067.61,22007.9,78923.77,45419.42,5078568.76,4620950.89
cb4cce26-230f-4bad-aa14-90547a6baf7a,4d0094a6-0933-44de-9e4b-2b7adaf0a536,PV-2024,Frijol,65926.39,110756.33,66879.14,77293.64,31989.46,46041.36,109391.73,368676.93,-73674.74
f7027a0b-ee58-4765-84d3-bb22f52bc439,4d0094a6-0933-44de-9e4b-2b7adaf0a536,OI-2025,Uva,57688.04,96915.9,70468.35,33215.23,29488.24,106282.97,95552.0,5594570.59,5162647.89
d87c1376-7b99-4d38-840f-c4c9715f7293,4d0094a6-0933-44de-9e4b-2b7adaf0a536,PV-2025,Maíz,82554.24,138691.12,102785.1,54488.63,48788.96,124018.5,46705.61,511375.87,-4102.04
004536ce-84e9-4d25-912f-737938cdd1e8,574471ae-d1bc-4521-b3c4-b421e7a0c220,OI-2021,Algodón,85715.03,144001.25,113110.36,49808.6,49366.96,56650.99,80655.15,2328730.53,1835137.23
92b98e2f-fb92-4924-95c1-4ddd75c3970a,574471ae-d1bc-4521-b3c4-b421e7a0c220,PV-2021,Algodón,60157.14,101063.99,54481.18,41848.14,28877.76,68714.19,51151.51,1847430.47,1501293.7
301ddf3a-dc6b-4ae4-b192-f3214e75b6c6,574471ae-d1bc-4521-b3c4-b421e7a0c220,OI-2022,Algodón,58006.29,97450.56,37537.68,21726.78,38072.14,72779.14,86489.9,1844789.7,1490733.51
db2ca8a8-7b0f-4015-aff1-50f80f388058,574471ae-d1bc-4521-b3c4-b421e7a0c220,PV-2022,Maíz,79387.35,133370.75,37565.11,88997.65,50492.59,61147.04,113736.68,558179.23,72869.41
68bce6d0-f82f-47bc-941f-5c62168b230a,574471ae-d1bc-4521-b3c4-b421e7a0c220,OI-2023,Chile,88915.95,149378.79,68501.5,42083.01,34705.67,107654.11,30182.73,2807109.07,2374603.27
5890df48-2033-4601-bffa-2a0130d318a2,574471ae-d1bc-4521-b3c4-b421e7a0c220,PV-2023,Frijol,107586.7,180745.66,99745.87,89775.15,35638.59,77836.09,101288.1,362630.96,-222398.5
0716afcc-7cc9-456b-8518-31067975d829,574471ae-d1bc-4521-b3c4-b421e7a0c220,OI-2024,Frijol,100748.61,169257.67,111397.35,33637.52,30958.64,84993.64,110830.09,329367.82,-211707.08
621fa6ae-2b3b-44b9-b3cb-f0d5867caaa3,574471ae-d1bc-4521-b3c4-b421e7a0c220,PV-2024,Frijol,73320.88,123179.08,57107.56,61555.03,47798.19,99163.49,74445.32,349019.79,-114228.89
7d510789-305f-4994-be5e-997b4d7b24e2,574471ae-d1bc-4521-b3c4-b421e7a0c220,OI-2025,Chile,94609.61,158944.14,56921.96,24904.62,34749.78,66108.02,64472.8,4376714.93,3970613.6
5788747f-2579-4b8f-a389-788d36afcc5e,574471ae-d1bc-4521-b3c4-b421e7a0c220,PV-2025,Frijol,75040.8,126068.54,75077.72,63699.65,38247.65,91878.47,49940.93,312506.0,-132406.97
03661fca-a1fe-459b-82ce-b5d58abb40d2,ac602a78-243d-432b-a1a1-be778eeb67d7,OI-2021,Algodón,44542.45,74831.31,56892.66,19891.63,19342.18,57279.63,63569.39,1156893.17,865086.36
d6ec4724-c06a-4c45-b40a-2749a03b2b16,ac602a78-243d-432b-a1a1-be778eeb67d7,PV-2021,Maíz,33341.22,56013.24,49377.53,36608.25,14847.3,89504.67,43614.4,374014.07,84048.68
88efa001-8957-43de-8c5e-64ff25d1311b,ac602a78-243d-432b-a1a1-be778eeb67d7,OI-2022,Chile,49264.57,82764.47,39597.66,21266.07,20758.71,28866.42,38102.52,2027337.74,1795981.88
af78230a-746d-47ae-9d65-e7e03c103943,ac602a78-243d-432b-a1a1-be778eeb67d7,PV-2022,Algodón,16838.21,28288.2,52532.73,26342.39,16440.07,51030.59,60686.99,800294.78,564973.81
52d032d4-850b-4687-9112-115081502157,ac602a78-243d-432b-a1a1-be778eeb67d7,OI-2023,Chile,54231.94,91109.66,67588.99,23340.13,18290.99,42574.33,33299.49,2960148.63,2683945.04
792763f5-f327-49a6-9ded-aeab35bfe090,ac602a78-243d-432b-a1a1-be778eeb67d7,PV-2023,Algodón,24966.81,41944.23,33804.8,32243.65,17151.94,49437.49,41390.44,875883.3,659910.74
b92c1424-2a0c-402f-b6c7-8d6b4faf2da0,ac602a78-243d-432b-a1a1-be778eeb67d7,OI-2024,Chile,38070.03,63957.65,44485.83,29176.44,20514.28,74626.82,44207.47,2448308.38,2171339.89
3401e21b-e200-4d83-9d2b-ada1257ecdab,ac602a78-243d-432b-a1a1-be778eeb67d7,PV-2024,Uva,28459.82,47812.5,65657.17,28866.46,17362.11,68324.18,56649.8,3527741.5,3243069.27
373b3079-fc34-4d14-aa29-462db2560e0d,ac602a78-243d-432b-a1a1-be778eeb67d7,OI-2025,Algodón,16726.95,28101.27,53272.56,19033.44,18830.12,65240.28,49434.68,1375949.43,1142037.08
ad7b61f4-b3b4-435b-b4e8-de3a7f18f793,ac602a78-243d-432b-a1a1-be778eeb67d7,PV-2025,Uva,59703.35,100301.62,52420.46,35474.57,24370.42,45679.39,28548.58,2878693.84,2591898.8
dc8c8877-ab97-496f-b3ee-be1fbabd842b,e09b8211-34e7-403b-bbec-9f09bd9ff890,OI-2021,Chile,95015.73,159626.42,165394.62,89721.59,38148.8,216132.3,131980.29,8557632.72,7756628.71
b2202be6-446a-4e32-81db-2abcb0ff746a,e09b8211-34e7-403b-bbec-9f09bd9ff890,PV-2021,Chile,90284.47,151677.92,188253.02,69367.07,44906.94,70112.65,170791.08,11240544.74,10545436.07
5c5be254-862f-40ed-acb1-b731733a1ea6,e09b8211-34e7-403b-bbec-9f09bd9ff890,OI-2022,Algodón,118394.73,198903.14,146749.84,89932.17,35995.22,248476.01,183493.78,3491484.93,2587934.79
b97ddf2d-e603-4498-bc36-9019f47130ac,e09b8211-34e7-403b-bbec-9f09bd9ff890,PV-2022,Chile,197930.9,332523.91,113101.54,45514.47,111800.09,132996.92,167134.06,7017193.64,6114122.65
fb0683f2-28af-4913-a20c-848ab05b7ed0,e09b8211-34e7-403b-bbec-9f09bd9ff890,OI-2023,Algodón,109039.17,183185.81,130383.87,66614.17,76773.5,210432.65,84721.3,5897362.38,5145251.07
6dd09eec-aa93-4cd2-b1c7-752d67fab0a3,e09b8211-34e7-403b-bbec-9f09bd9ff890,PV-2023,Chile,87157.17,146424.04,127954.47,93343.04,85523.31,107394.72,73121.37,8531819.77,7898058.82
1192aa76-0163-40af-ab35-3bcbfb54be3d,e09b8211-34e7-403b-bbec-9f09bd9ff890,OI-2024,Frijol,171698.98,288454.29,142732.71,146551.81,72361.07,153011.39,178746.83,516566.11,-465291.99
718f768f-91df-4371-95db-f913f2d8b0e5,e09b8211-34e7-403b-bbec-9f09bd9ff890,PV-2024,Algodón,150043.25,252072.66,191725.54,155566.83,53799.22,166927.82,80155.3,3288966.5,2388719.13
11ff6dea-e0c6-4fbf-bf75-da2b7c800e13,e09b8211-34e7-403b-bbec-9f09bd9ff890,OI-2025,Algodón,119709.07,201111.24,162331.07,90445.72,62501.95,154094.35,142158.86,3695185.76,2882542.57
99f48cc5-e0a0-4dbd-9aaf-9c36c8049449,e09b8211-34e7-403b-bbec-9f09bd9ff890,PV-2025,Algodón,165711.68,278395.63,142613.9,94765.87,32619.05,173587.06,66968.38,4119664.41,3330714.53
a81bde17-90ab-49b9-a6c2-4adf51c905bc,708876d7-8bb5-49d0-b979-c85cc6c5e2b1,OI-2021,Algodón,40821.54,68580.19,63854.57,30455.88,43340.85,48730.8,71314.39,2218491.84,1892215.16
f6147a08-d3c6-4ae3-b62b-405488bf58fc,708876d7-8bb5-49d0-b979-c85cc6c5e2b1,PV-2021,Frijol,63478.59,106644.03,72116.62,34652.11,56217.99,107523.24,38663.77,290015.83,-125801.93
c2c26712-d4a9-45b3-aedb-e6acb45257a4,708876d7-8bb5-49d0-b979-c85cc6c5e2b1,OI-2022,Algodón,101077.12,169809.57,115732.92,42558.75,35062.36,90936.29,92803.29,1916845.85,1369942.67
669ba296-2fee-455a-94c0-53b05475edee,708876d7-8bb5-49d0-b979-c85cc6c5e2b1,PV-2022,Uva,76258.04,128113.51,74936.36,49189.87,20234.15,70190.51,60795.4,4003453.65,3599993.87
a774cd70-5c91-4e53-b9b2-0ec6c0355a6f,708876d7-8bb5-49d0-b979-c85cc6c5e2b1,OI-2023,Maíz,62553.46,105089.81,34946.71,42544.76,25243.97,75015.31,71016.13,571427.86,217571.18
655ee800-6df7-4f27-8831-6c5eea89d005,708876d7-8bb5-49d0-b979-c85cc6c5e2b1,PV-2023,Algodón,60672.44,101929.69,69948.38,26422.24,60006.37,99195.53,62897.57,2621596.5,2201196.72
7ce690e4-c18d-4ebe-a964-f1e55857746b,708876d7-8bb5-49d0-b979-c85cc6c5e2b1,OI-2024,Chile,37713.1,63358.01,81491.93,39131.7,22565.35,57797.22,70981.3,4034314.38,3698988.86
02661b62-baef-4aed-a749-3de4e20a6572,708876d7-8bb5-49d0-b979-c85cc6c5e2b1,PV-2024,Frijol,61061.97,102584.11,41878.42,53194.32,30045.41,60215.98,66359.18,358154.11,3876.69
677d9d56-9480-4f55-8c61-124d4a888b49,708876d7-8bb5-49d0-b979-c85cc6c5e2b1,OI-2025,Frijol,105263.76,176843.11,102721.68,33156.34,27246.72,84520.3,80733.16,323947.54,-181273.77
034504ee-8947-4154-8fba-7452a4858f9a,708876d7-8bb5-49d0-b979-c85cc6c5e2b1,PV-2025,Maíz,63877.35,107313.95,76619.22,43180.74,28202.68,69168.13,56441.08,549797.56,168871.77
62790ee0-434c-4d8d-9464-1f355f4ba815,bcb2fc36-de4b-4e1d-bee5-0eadbf5913f9,OI-2021,Algodón,156588.2,263068.18,131848.42,83578.24,46982.11,115362.07,68576.66,2280575.79,1571160.12
ee728c5c-30ab-431f-99f2-2853b0f80e77,bcb2fc36-de4b-4e1d-bee5-0eadbf5913f9,PV-2021,Maíz,51233.26,86071.88,80530.3,43223.45,38670.88,118300.12,112940.71,783956.69,304219.35
e3b62eaa-4a62-44d6-aba3-4118942e36cd,bcb2fc36-de4b-4e1d-bee5-0eadbf5913f9,OI-2022,Maíz,121953.85,204882.47,105919.61,32568.43,34478.28,145090.41,126745.78,819657.62,169972.64
1d372335-9744-42db-beec-3c514a1b3943,bcb2fc36-de4b-4e1d-bee5-0eadbf5913f9,PV-2022,Algodón,100204.74,168343.97,95388.15,24657.43,33579.4,127280.79,116516.36,2175749.99,1609983.9
073897fa-a701-4995-8bf7-552ebfcc9b53,bcb2fc36-de4b-4e1d-bee5-0eadbf5913f9,OI-2023,Uva,90927.74,152758.6,168074.66,51330.4,41621.9,136652.51,87673.2,7917320.33,7279209.06
589f249e-dfee-4801-b4de-e5edf92b90b2,bcb2fc36-de4b-4e1d-bee5-0eadbf5913f9,PV-2023,Uva,55922.78,93950.26,130900.01,39544.04,90142.85,100155.3,72624.05,6552249.03,6024932.51
367c5371-2bba-4601-aa93-705c4ca320ca,bcb2fc36-de4b-4e1d-bee5-0eadbf5913f9,OI-2024,Uva,49860.54,83765.71,53623.4,85259.0,50456.88,171727.04,143898.43,5605095.8,5016365.34
7d55c1fa-2c1a-4690-bc3e-d05ec8868ec0,bcb2fc36-de4b-4e1d-bee5-0eadbf5913f9,PV-2024,Frijol,56832.5,95478.6,121173.08,104997.87,52075.63,63285.39,93894.99,551072.49,20166.94
43896f3d-c75e-419e-acc9-2ab5c9a1607b,bcb2fc36-de4b-4e1d-bee5-0eadbf5913f9,OI-2025,Uva,99679.4,167461.4,113884.19,81577.81,34355.33,168878.07,97600.81,6116510.55,5452752.94
2d810e01-9bdf-4cd9-ae03-14338151cd3c,bcb2fc36-de4b-4e1d-bee5-0eadbf5913f9,PV-2025,Maíz,61856.51,103918.93,133902.32,83699.06,31977.74,145561.76,68972.49,652175.43,84143.13
b7faa2e5-2ae4-4bdc-a221-9a93c21535ce,5374f8cc-a791-41ed-8bd8-7bf2489fe200,OI-2021,Algodón,132319.39,222296.58,141748.99,112509.14,37236.41,111988.23,108799.3,3779105.19,3044526.52
98051af9-5c6b-4c95-8262-83dc64292c07,5374f8cc-a791-41ed-8bd8-7bf2489fe200,PV-2021,Uva,167527.61,281446.38,226105.01,90864.75,57362.8,139054.51,78197.11,10048294.14,9175263.57
e4e2431d-e668-4f09-a09b-93f5a53e556d,5374f8cc-a791-41ed-8bd8-7bf2489fe200,OI-2022,Maíz,96608.98,162303.09,161656.47,92970.03,86800.58,173542.36,218663.27,911759.83,15824.03
1d4cf0b1-c0f1-4730-a39b-bbd4a27f8bd4,5374f8cc-a791-41ed-8bd8-7bf2489fe200,PV-2022,Chile,145723.43,244815.37,108302.01,117739.48,55960.53,214266.82,149409.49,8069202.74,7178709.05
99baaa55-84a9-41e7-be2f-d7db91db770f,5374f8cc-a791-41ed-8bd8-7bf2489fe200,OI-2023,Frijol,94844.51,159338.78,193188.87,37798.48,46723.97,176734.66,178563.45,572709.54,-219638.67
0e3f00ad-3f13-41d9-8255-7afbbdc1fe1f,5374f8cc-a791-41ed-8bd8-7bf2489fe200,PV-2023,Maíz,128599.2,216046.66,118133.76,122069.95,104232.28,74383.11,124144.74,1006304.55,247294.05
59a35c54-9823-4812-855c-1f0dafc41b74,5374f8cc-a791-41ed-8bd8-7bf2489fe200,OI-2024,Frijol,113574.12,190804.52,106489.16,81864.56,61355.48,264243.99,81970.41,530301.54,-256426.58
4d8bd47c-49c8-4066-b422-2022f4778428,5374f8cc-a791-41ed-8bd8-7bf2489fe200,PV-2024,Chile,191724.56,322097.27,163707.47,122282.98,96617.75,167349.84,166256.46,6415622.44,5377310.66
ca502e87-3759-480b-8bf5-fa83d886ba42,5374f8cc-a791-41ed-8bd8-7bf2489fe200,OI-2025,Uva,163860.75,275286.06,157019.24,34094.06,69229.63,255479.59,110332.61,9274770.31,8373329.13
3894c644-e4ef-4399-8fe6-d3ffacd59547,5374f8cc-a791-41ed-8bd8-7bf2489fe200,PV-2025,Chile,166997.9,280556.47,166802.54,78626.06,47112.96,197486.01,230466.8,6550119.36,5549068.52
41029746-ad3c-4efc-8317-225f645ddd3b,41ed1b06-1867-4659-bea8-b866163d48b1,OI-2021,Uva,86444.19,145226.24,126417.91,83452.27,45643.27,72052.12,99981.16,9394968.87,8822195.92
a9603262-19a3-4309-b294-119b38f8a477,41ed1b06-1867-4659-bea8-b866163d48b1,PV-2021,Uva,75237.45,126398.91,94579.73,38791.09,46827.58,137001.11,213637.1,8642102.69,7984867.18
0840fa56-e2e4-429d-9e8d-6827e0f27dce,41ed1b06-1867-4659-bea8-b866163d48b1,OI-2022,Chile,99231.24,166708.48,212386.04,149878.6,49377.96,150587.65,68305.24,5120948.38,4323704.41
9ec2d50f-0244-4638-a4b9-9a3b26475143,41ed1b06-1867-4659-bea8-b866163d48b1,PV-2022,Uva,150977.41,253642.05,141482.7,81635.17,77092.49,139084.52,112226.22,12032525.91,11227362.75
0fd3f1f2-1694-4820-af37-875ed3c5b1a0,41ed1b06-1867-4659-bea8-b866163d48b1,OI-2023,Chile,176986.03,297336.53,132632.29,116411.88,79658.25,183254.06,202303.19,6566620.37,5555024.16
f97e3457-f7bb-4141-aa7a-0cb74eeb8cf9,41ed1b06-1867-4659-bea8-b866163d48b1,PV-2023,Uva,182073.12,305882.85,219435.66,120009.88,69509.11,123406.21,93103.78,10278096.53,9346749.05
758ab433-5cc2-40b3-9968-5267eb53a0fb,41ed1b06-1867-4659-bea8-b866163d48b1,OI-2024,Chile,106582.33,179058.31,104020.96,100204.27,59151.3,94581.07,158032.03,7015337.11,6320289.16
ec1cf9b6-59d6-4142-a741-85bec7359be0,41ed1b06-1867-4659-bea8-b866163d48b1,PV-2024,Frijol,102167.34,171641.13,167953.85,125798.22,62845.12,133236.29,116041.97,612594.15,-164922.43
9457a6dd-0fb5-4049-a03e-1d2aebd98ba4,41ed1b06-1867-4659-bea8-b866163d48b1,OI-2025,Algodón,139467.27,234305.02,85891.82,94422.72,80359.94,199978.5,113140.18,3335533.05,2527434.87
d236c82c-2b74-4b8b-97b9-9167ed7b1295,41ed1b06-1867-4659-bea8-b866163d48b1,PV-2025,Uva,109336.8,183685.82,105716.19,115818.42,81123.67,254366.52,214925.95,8554985.68,7599349.11
971a58bd-6932-4182-88e2-30db3418b190,4b339871-4fca-449d-98bd-84685db111bc,OI-2021,Frijol,143744.31,241490.44,140790.18,114035.95,60689.17,162326.22,168244.26,620824.48,-266751.74
7168bff4-bbc0-44c7-ae55-32773f08dfd4,4b339871-4fca-449d-98bd-84685db111bc,PV-2021,Uva,153646.89,258126.77,162067.14,141696.96,97920.62,165822.12,206105.01,11775068.18,10743329.56
9d0870b0-4cdb-4627-ad4f-3e5b4a3288a7,4b339871-4fca-449d-98bd-84685db111bc,OI-2022,Uva,230371.38,387023.91,90233.35,131199.46,117771.84,299040.46,136259.7,11774426.08,10612897.35
90eafb56-caa8-4207-9705-e8943fa14f24,4b339871-4fca-449d-98bd-84685db111bc,PV-2022,Maíz,192759.88,323836.59,198033.22,141185.33,72979.97,169472.24,154789.92,918802.58,-141494.69
9f1c551f-ec6b-4e2a-b8e1-af079a94ae82,4b339871-4fca-449d-98bd-84685db111bc,OI-2023,Chile,117608.9,197582.96,197501.32,116262.84,77161.49,195116.78,66359.45,9113115.72,8263130.87
863d7ac5-0a8f-475c-b7c5-5776ca6ba9e5,4b339871-4fca-449d-98bd-84685db111bc,PV-2023,Chile,105334.7,176962.29,143507.19,175267.5,91655.81,282964.03,142347.07,9509857.04,8497153.14
fe26dc1c-f592-424b-bbc6-28b22c41d644,4b339871-4fca-449d-98bd-84685db111bc,OI-2024,Uva,148940.23,250219.59,232673.26,46318.27,47398.51,182844.85,122139.4,10123354.51,9241760.64
e0faccf7-958c-4a73-8baf-b231b39686bf,4b339871-4fca-449d-98bd-84685db111bc,PV-2024,Maíz,165690.59,278360.2,177463.43,111718.96,59408.43,127916.23,164642.22,1194915.84,275406.38
6f50bdf6-2b03-4e21-8611-7c7b7682847d,4b339871-4fca-449d-98bd-84685db111bc,OI-2025,Maíz,175711.35,295195.08,152257.96,98132.55,45499.67,250246.93,174034.75,1227223.29,211856.35
a9c2a888-0576-4a3b-bdea-794c3d656ed8,4b339871-4fca-449d-98bd-84685db111bc,PV-2025,Frijol,204357.99,343321.42,97451.69,117912.75,49404.85,144609.25,143841.77,601948.15,-294593.59
8d664187-e001-42ba-bf56-7997537271d7,719dd666-3ab9-43f9-b273-9404281dcdf3,OI-2021,Algodón,79946.04,134309.34,116605.08,67996.08,49827.27,113708.18,115857.87,2110184.41,1511880.6
443ff325-7564-4034-a378-106325b60f4b,719dd666-3ab9-43f9-b273-9404281dcdf3,PV-2021,Chile,99389.43,166974.25,41963.28,63587.93,49744.06,95358.5,82383.83,4984338.04,4484326.2
602124c4-bc88-4471-8c24-89bf22a17232,719dd666-3ab9-43f9-b273-9404281dcdf3,OI-2022,Chile,53432.01,89765.77,164714.01,52835.15,70139.55,187412.64,121398.42,3732853.25,3046587.72
fcc8cf25-e617-4b35-a392-6acdf4c7f512,719dd666-3ab9-43f9-b273-9404281dcdf3,PV-2022,Uva,108107.87,181621.23,68730.24,105003.86,46505.52,124956.9,86470.58,8914778.67,8301490.34
663d15ae-599b-4d42-affa-cccd2786c09e,719dd666-3ab9-43f9-b273-9404281dcdf3,OI-2023,Maíz,120093.46,201757.02,119206.63,59951.86,50097.18,146795.29,119477.5,634735.96,-62549.52
c1642441-090b-4a74-b28b-89a093348a0c,719dd666-3ab9-43f9-b273-9404281dcdf3,PV-2023,Chile,102208.15,171709.69,98277.71,61570.77,83625.99,161691.92,76972.44,3623559.97,2969711.44
f964adbd-0816-4fe5-b567-fc46fd4f2335,719dd666-3ab9-43f9-b273-9404281dcdf3,OI-2024,Maíz,117216.44,196923.62,148761.12,50441.73,68722.42,143664.8,94150.88,631959.85,-70704.73
8a026313-bdaf-4597-9aba-054cd5d614c6,719dd666-3ab9-43f9-b273-9404281dcdf3,PV-2024,Algodón,67502.02,113403.39,87688.75,40549.12,44431.97,78105.18,53421.05,3221689.47,2804090.01
1445623d-3c4a-4742-9f9f-683c72de0e49,719dd666-3ab9-43f9-b273-9404281dcdf3,OI-2025,Uva,74045.64,124396.68,106279.93,85400.98,36900.11,113656.33,73170.96,6066877.39,5527072.39
0014ebc3-06a2-4cd6-bee8-7142e86df796,719dd666-3ab9-43f9-b273-9404281dcdf3,PV-2025,Chile,67327.76,113110.64,148288.67,58743.97,36349.66,155525.22,93755.45,4285527.79,3679754.19
1d3130ff-3443-483f-a9f7-28cbf33c8871,4f4516bb-0eab-4eac-84d9-da5e113b8512,OI-2021,Frijol,71411.59,119971.47,66729.58,47154.84,27171.34,102531.99,63134.11,246317.63,-180375.7
06683198-c447-455f-a37b-253654f99af5,4f4516bb-0eab-4eac-84d9-da5e113b8512,PV-2021,Uva,115632.48,194262.56,99977.14,67454.27,49222.07,126129.03,53767.47,6740597.46,6149784.92
2f3f2ed5-b074-4663-a21b-2a401ac8e8ad,4f4516bb-0eab-4eac-84d9-da5e113b8512,OI-2022,Maíz,75601.8,127011.02,50957.14,70168.7,24142.66,93710.54,70242.37,576928.24,140695.8
3891780a-9ecb-4a4f-81b4-8f871343fa56,4f4516bb-0eab-4eac-84d9-da5e113b8512,PV-2022,Frijol,78570.91,131999.13,47753.21,83001.11,60650.52,84490.18,102634.04,274438.0,-236090.19
31887472-566a-4be0-932b-f375473b7272,4f4516bb-0eab-4eac-84d9-da5e113b8512,OI-2023,Maíz,67372.65,113186.06,94532.07,35066.18,62084.05,126210.18,33936.46,529774.14,64759.14
ef168e5e-453a-4cfb-b9d5-0a839b7fdb20,4f4516bb-0eab-4eac-84d9-da5e113b8512,PV-2023,Algodón,67578.53,113531.93,102281.76,42771.0,39246.4,111377.06,71810.72,1345442.35,864423.48
8d34e198-c462-4a36-80ab-7e7a5ed9e62c,4f4516bb-0eab-4eac-84d9-da5e113b8512,OI-2024,Chile,66577.61,111850.39,98650.92,70296.01,37294.6,95280.33,82679.0,3474010.09,2977958.85
b08b9177-18ce-4b0b-815f-ef1d4cb1d499,4f4516bb-0eab-4eac-84d9-da5e113b8512,PV-2024,Maíz,37953.21,63761.39,71760.32,35970.79,22863.83,88472.25,65599.42,610376.99,261948.98
89a9d16d-d025-4347-83e5-bba2d9fac0a9,4f4516bb-0eab-4eac-84d9-da5e113b8512,OI-2025,Algodón,68721.17,115451.56,119570.22,52138.91,40152.53,55930.04,33185.71,1376093.6,959664.62
ed5792d8-8551-4756-8067-f248b37ecdbc,4f4516bb-0eab-4eac-84d9-da5e113b8512,PV-2025,Frijol,48625.96,81691.62,100875.69,38401.54,50593.14,135747.95,74570.71,243207.98,-238672.67
30ed74ae-3de7-4d44-801c-50bf0a942ba4,23684d78-b19c-4460-b442-1f259112b2de,OI-2021,Uva,71244.7,119691.1,100082.97,37524.6,25342.05,98616.54,149400.96,5641313.86,5110655.65
efd606a0-0b55-497e-b621-3b77f2b11d66,23684d78-b19c-4460-b442-1f259112b2de,PV-2021,Uva,109642.45,184199.32,80055.88,59924.1,34642.14,184374.01,71236.76,6641909.02,6027476.82
48cf8d69-5e95-43ab-9a92-381d59d77937,23684d78-b19c-4460-b442-1f259112b2de,OI-2022,Maíz,96888.32,162772.38,102416.73,99019.16,64083.55,51530.57,134153.93,701141.79,87165.47
b0673760-0500-48b2-bff7-4b374282ba18,23684d78-b19c-4460-b442-1f259112b2de,PV-2022,Chile,132720.75,222970.85,62202.76,76240.76,46672.59,141618.89,125774.73,6331118.13,5655637.55
60e654b1-416b-43b9-a248-57a7e35eb8d6,23684d78-b19c-4460-b442-1f259112b2de,OI-2023,Chile,80385.56,135047.74,130049.05,65714.34,57623.33,109835.63,83699.85,4816817.79,4234847.86
e0d10439-7b86-462a-98c4-e6498015a564,23684d78-b19c-4460-b442-1f259112b2de,PV-2023,Uva,76257.94,128113.33,155363.82,104380.77,27344.11,51634.78,49662.36,4912261.77,4395762.6
fc8ebed7-1e91-4eda-a163-cac9da3a3eb2,23684d78-b19c-4460-b442-1f259112b2de,OI-2024,Maíz,54653.27,91817.5,127628.21,64777.25,34032.11,148192.8,117851.59,683478.24,99178.78
542297fd-d51c-46b8-8e3e-8168dac96b0d,23684d78-b19c-4460-b442-1f259112b2de,PV-2024,Uva,94850.9,159349.51,94270.13,56358.47,58414.76,99097.65,124505.45,6288736.91,5696740.95
7a84aa40-8533-4eb1-b64a-f5358b318f13,23684d78-b19c-4460-b442-1f259112b2de,OI-2025,Maíz,73386.86,123289.92,64240.11,84875.94,79463.93,110614.19,57551.88,713309.57,193273.59
bf203332-a746-428b-9cdf-40d85b937a8f,23684d78-b19c-4460-b442-1f259112b2de,PV-2025,Maíz,50434.77,84730.41,121777.57,76537.89,85269.36,147735.08,73922.62,731251.47,141278.54
4c90edf2-78ac-42c9-a7eb-88c12d9e0557,f8519eec-b857-4faf-96f4-3f07477339cb,OI-2021,Frijol,45589.3,76590.02,28936.48,55573.75,20899.74,52479.76,29683.06,168550.78,-95612.03
c0c5caa8-09ac-41bc-bff1-05470daf0e61,f8519eec-b857-4faf-96f4-3f07477339cb,PV-2021,Chile,46243.24,77688.65,48861.29,48079.78,20978.64,69647.42,44647.45,2758464.44,2448561.23
3017e305-f933-441d-b87b-535e35e5942c,f8519eec-b857-4faf-96f4-3f07477339cb,OI-2022,Maíz,36983.7,62132.61,39653.66,30155.16,28786.12,87622.37,59636.87,370716.16,62729.36
30491b02-1dc5-43e8-a259-ce295425401c,f8519eec-b857-4faf-96f4-3f07477339cb,PV-2022,Chile,47085.42,79103.5,71012.35,32193.98,22445.25,39143.25,45989.27,2267657.4,1977769.81
0a7df535-16cf-493a-812c-daac150007e9,f8519eec-b857-4faf-96f4-3f07477339cb,OI-2023,Algodón,65215.51,109562.05,32684.25,27747.93,42223.54,52456.96,49873.5,2267399.05,1952850.8
0758ed23-4075-4fef-b115-866eb6ec651e,f8519eec-b857-4faf-96f4-3f07477339cb,PV-2023,Frijol,50240.36,84403.8,80906.76,28841.79,31789.45,44772.39,55956.62,221689.68,-104981.13
72f43c36-f0a7-4b89-b5da-0ec899998ffc,f8519eec-b857-4faf-96f4-3f07477339cb,OI-2024,Frijol,64391.29,108177.37,46022.86,20434.95,18321.54,39123.7,61142.9,239870.21,-53353.11
99c40431-0315-46e9-9b70-eeb40b2a0a62,f8519eec-b857-4faf-96f4-3f07477339cb,PV-2024,Maíz,75277.04,126465.42,63371.42,55436.18,25158.57,79989.66,27267.34,361965.79,-15722.8
9602207d-38e6-4913-8bab-7c62f27ef8c3,f8519eec-b857-4faf-96f4-3f07477339cb,OI-2025,Maíz,52630.71,88419.6,49990.31,30710.49,22682.34,56775.76,48373.77,409601.53,112649.27
ce4f008b-55d8-4620-9692-d3585032fe5b,f8519eec-b857-4faf-96f4-3f07477339cb,PV-2025,Maíz,34318.49,57655.07,65581.57,13523.07,30091.4,91651.95,26306.65,308279.07,23469.38
8ced5e72-ebb9-4eaa-b6dd-0b25274b0bb0,73ec67e9-2d0d-479d-9858-abe2341544c1,OI-2021,Algodón,162528.66,273048.14,167675.38,104025.09,89983.16,173329.65,91480.26,3679354.6,2779812.92
86e5563b-649a-4c6b-b958-7a0e162bf06a,73ec67e9-2d0d-479d-9858-abe2341544c1,PV-2021,Maíz,104890.06,176215.3,227189.48,102337.56,81312.53,96541.62,124517.48,821733.6,13619.64
442146ae-9936-407e-99de-78e4b6f5ec5d,73ec67e9-2d0d-479d-9858-abe2341544c1,OI-2022,Algodón,120383.97,202245.08,170926.28,55149.03,53106.75,113987.52,79226.39,3638786.86,2964145.81
f05b198d-72d6-4152-b26f-9517ea39beee,73ec67e9-2d0d-479d-9858-abe2341544c1,PV-2022,Maíz,113175.0,190134.01,116534.0,84874.17,40886.03,109466.99,81995.65,974232.57,350341.72
fcd8ebf1-364f-4521-b3a2-cdcea093a4e2,73ec67e9-2d0d-479d-9858-abe2341544c1,OI-2023,Uva,103632.65,174102.86,144709.6,140413.7,57461.97,205515.09,104003.27,5397006.5,4570800.02
7f828a07-3a71-4229-bf6b-9bf36704c8d9,73ec67e9-2d0d-479d-9858-abe2341544c1,PV-2023,Algodón,177354.41,297955.41,106226.88,127545.21,78449.7,160726.16,197949.73,2681084.99,1712231.9
24007eec-f6f5-4c5b-bc46-5a637e2a1c51,73ec67e9-2d0d-479d-9858-abe2341544c1,OI-2024,Frijol,164506.63,276371.14,178931.97,133279.12,94176.94,182010.77,68685.74,444630.48,-488825.2
e51841f4-e614-43a0-bc69-2d5c160a1620,73ec67e9-2d0d-479d-9858-abe2341544c1,PV-2024,Uva,71038.01,119343.85,108077.91,80830.3,85783.76,228958.74,144774.45,8324681.07,7556912.06
cb6dd0bc-86a5-464d-baa2-d1c5760ab79a,73ec67e9-2d0d-479d-9858-abe2341544c1,OI-2025,Frijol,104520.03,175593.65,140544.91,108671.18,56454.85,172524.97,181071.67,594156.2,-240705.04
8f4a5c4c-6c37-4124-8f7e-03dc50ca544e,73ec67e9-2d0d-479d-9858-abe2341544c1,PV-2025,Algodón,123623.52,207687.51,89710.68,153624.27,51786.31,267013.43,157303.17,2095992.59,1168867.22
57f24f63-f4b4-4e8b-973b-7a412967909e,414fd37d-37c0-4b39-993e-bb5a8b045983,OI-2021,Frijol,60145.24,101044.01,70436.74,47897.94,23813.93,79439.81,41227.51,243234.59,-120625.36
7677ed2e-6497-41d7-bbc6-6cf6cfe3e13c,414fd37d-37c0-4b39-993e-bb5a8b045983,PV-2021,Chile,52345.43,87940.32,40066.52,51820.78,40996.81,93713.79,32908.28,3553840.65,3206394.14
fff35532-00ec-48e2-9eda-9c6c9f4b70b7,414fd37d-37c0-4b39-993e-bb5a8b045983,OI-2022,Maíz,74164.63,124596.57,32732.43,36657.96,19922.02,34270.24,66650.88,339847.23,25017.13
faf8f64a-01fb-4c04-959d-2f21ffc4dda9,414fd37d-37c0-4b39-993e-bb5a8b045983,PV-2022,Chile,34568.04,58074.31,81066.3,55833.0,38879.31,76235.97,33313.41,3029599.69,2686197.39
6462a053-99fa-4b40-af07-78de03ebfb19,414fd37d-37c0-4b39-993e-bb5a8b045983,OI-2023,Frijol,68549.36,115162.92,57918.05,32147.28,22273.56,75308.61,45983.42,186908.53,-161885.3
67e5ab5a-771f-4d0d-afea-bcdeb045216b,414fd37d-37c0-4b39-993e-bb5a8b045983,PV-2023,Uva,55241.47,92805.67,74625.92,55827.3,30589.15,68363.32,70101.76,3675644.91,3283331.78
821c5521-6e0b-4cec-9b2d-3146356d154a,414fd37d-37c0-4b39-993e-bb5a8b045983,OI-2024,Maíz,56594.53,95078.81,45366.1,31382.48,36440.67,69698.93,66099.35,416034.52,71968.17
240e21ad-fcb9-436d-95d6-7ae00bde01a0,414fd37d-37c0-4b39-993e-bb5a8b045983,PV-2024,Algodón,37840.74,63572.45,78313.62,59810.53,45108.36,72829.84,32271.98,2140519.5,1788612.72
d365e933-cfa2-4f79-9475-4770b6a4a9b3,414fd37d-37c0-4b39-993e-bb5a8b045983,OI-2025,Uva,25754.35,43267.31,70041.29,17539.5,31246.75,54003.94,56285.54,3703247.8,3430863.46
979afec4-011f-4095-831b-47b11dfe8b0c,414fd37d-37c0-4b39-993e-bb5a8b045983,PV-2025,Frijol,61519.5,103352.76,65590.75,52792.01,21421.26,62627.85,29417.42,180953.8,-154248.25
f207ded0-fa6b-41b5-9159-df424a8e8582,71f0c5b7-f2df-4df3-a9aa-ba4a6c0333ea,OI-2021,Maíz,106453.41,178841.72,95658.77,56725.32,37459.23,87464.98,95766.09,553655.72,1739.61
93bb3d0e-7c5e-4784-9ee1-bd21e3ee5531,71f0c5b7-f2df-4df3-a9aa-ba4a6c0333ea,PV-2021,Chile,53103.0,89213.05,87692.54,46063.67,49838.79,133150.79,53772.44,3967215.13,3507483.85
0a05e344-e61a-4956-be3c-f6cb51bbe57d,71f0c5b7-f2df-4df3-a9aa-ba4a6c0333ea,OI-2022,Chile,32618.57,54799.2,39713.53,60913.07,30992.75,85002.65,106164.61,4421914.74,4044328.93
bcf95f9d-fca5-4ae7-b320-23fa98873ac0,71f0c5b7-f2df-4df3-a9aa-ba4a6c0333ea,PV-2022,Algodón,95025.07,159642.12,93154.02,71683.43,49741.49,92508.08,40326.62,2401334.43,1894278.67
b049cc78-c82f-47b1-aaa3-62dc5cd50608,71f0c5b7-f2df-4df3-a9aa-ba4a6c0333ea,OI-2023,Maíz,56160.32,94349.34,61011.72,40460.77,40790.08,99095.87,81146.68,570596.57,153742.1
4b6165a2-0fcb-448a-9be3-01fd7656eee5,71f0c5b7-f2df-4df3-a9aa-ba4a6c0333ea,PV-2023,Uva,64176.01,107815.7,63383.2,43961.66,45035.22,144100.03,82495.1,5722165.58,5235374.67
89646776-296f-48bf-9983-20f9e78658e9,71f0c5b7-f2df-4df3-a9aa-ba4a6c0333ea,OI-2024,Chile,79390.8,133376.54,100155.91,51444.74,26015.1,140030.45,47919.96,5209168.18,4710225.49
61a8ecc6-1db7-4a0b-ab67-81c2a7644c8a,71f0c5b7-f2df-4df3-a9aa-ba4a6c0333ea,PV-2024,Maíz,97320.5,163498.45,104621.01,69550.94,36722.21,147237.73,91110.94,573505.24,-39236.04
d840053e-515a-44a8-9c38-24fb9537fe56,71f0c5b7-f2df-4df3-a9aa-ba4a6c0333ea,OI-2025,Uva,68388.35,114892.43,62241.52,60500.22,71686.58,96446.26,88438.56,3985010.37,3490804.79
8a7d2fbe-b3cd-403d-bad1-5c34ddeef2bf,71f0c5b7-f2df-4df3-a9aa-ba4a6c0333ea,PV-2025,Maíz,70866.31,119055.41,134923.33,29493.58,40613.91,124974.24,62810.83,471627.99,-40243.3
fdda1cf1-2192-4226-b219-05ba42e31d08,90ef94c9-b6d4-4971-a5d5-adb12732ced8,OI-2021,Maíz,208435.79,350172.12,123345.79,211460.05,129570.24,221615.04,243225.37,1868996.37,589607.76
bf7caca1-59dc-48d7-9156-64bd1ca97bed,90ef94c9-b6d4-4971-a5d5-adb12732ced8,PV-2021,Uva,356068.87,598195.7,216575.15,82458.99,159353.63,190632.15,338794.37,14857572.28,13271562.3
93b16a19-d43f-4d48-b441-35bd5bedfb73,90ef94c9-b6d4-4971-a5d5-adb12732ced8,OI-2022,Maíz,289917.79,487061.88,212332.53,208479.0,152925.14,125710.79,230212.52,1356789.77,-59932.09
03e59a97-5f96-4b09-aa0c-6243bfd0319c,90ef94c9-b6d4-4971-a5d5-adb12732ced8,PV-2022,Frijol,126815.66,213050.31,235663.83,223183.49,152426.58,229617.76,218691.48,1133665.51,-138967.94
b891aa0d-5a27-4aeb-95fc-364ac4716234,90ef94c9-b6d4-4971-a5d5-adb12732ced8,OI-2023,Frijol,112831.63,189557.14,226514.01,81911.69,95378.42,256531.76,152160.65,1121367.26,119313.59
dc2b8ecf-7f48-41ae-a634-ccc768355114,90ef94c9-b6d4-4971-a5d5-adb12732ced8,PV-2023,Uva,289062.6,485625.17,301333.23,146008.23,99283.25,249056.66,215355.35,18465042.7,16968380.82
40cf875c-37fa-400f-a63f-bd61f5024d7f,90ef94c9-b6d4-4971-a5d5-adb12732ced8,OI-2024,Uva,192045.01,322635.61,253515.65,162002.62,168890.6,185631.02,223305.1,14432641.59,13116660.99
e35c8653-20d2-44f9-aa2d-bc02f04165a4,90ef94c9-b6d4-4971-a5d5-adb12732ced8,PV-2024,Algodón,157459.05,264531.2,349932.12,204768.31,101848.0,199605.67,156453.22,5653005.98,4375867.46
71f0661b-c65e-4470-862b-b9e985e951d4,90ef94c9-b6d4-4971-a5d5-adb12732ced8,OI-2025,Uva,198114.18,332831.83,252797.75,225380.65,115554.36,186531.02,152313.99,17638424.6,16373015.02
0b658056-814a-4cf1-8d17-ff813644b0f6,90ef94c9-b6d4-4971-a5d5-adb12732ced8,PV-2025,Uva,142188.48,238876.65,271040.45,126248.4,188880.16,374107.03,143203.82,16192620.92,14850264.41
ce6c95b2-e8f1-47d2-9016-63efebfc900c,9cf09513-1f3f-4105-afa9-7c5b2e337f45,OI-2021,Chile,72680.61,122103.42,101685.72,38791.62,34963.84,99610.1,57881.87,5023548.46,4568511.9
01f17266-d980-415e-8531-59dca2f4b8de,9cf09513-1f3f-4105-afa9-7c5b2e337f45,PV-2021,Chile,65582.93,110179.32,137985.46,40648.62,25786.52,120286.67,47393.46,5375225.16,4892945.12
03bed467-2a45-44ab-928b-66762789e4e0,9cf09513-1f3f-4105-afa9-7c5b2e337f45,OI-2022,Chile,59200.33,99456.56,112424.79,57435.95,59773.01,103570.06,111939.98,4408453.09,3863852.75
9433d160-94b4-482d-a7d1-2b798ebe09b9,9cf09513-1f3f-4105-afa9-7c5b2e337f45,PV-2022,Frijol,77797.58,130699.93,116236.01,64709.68,24981.25,56429.81,55607.63,342415.5,-106248.82
4aabe412-ba83-4e8f-9fa3-bcb3a5e7e05d,9cf09513-1f3f-4105-afa9-7c5b2e337f45,OI-2023,Algodón,73948.29,124233.13,98385.77,65315.75,51948.9,78331.83,90281.86,1914844.95,1406347.72
91195dfb-3e5e-4195-9633-fdd3eae75d8a,9cf09513-1f3f-4105-afa9-7c5b2e337f45,PV-2023,Maíz,90974.1,152836.49,90161.84,62038.68,18783.53,55609.14,89628.68,596540.99,127482.63
fe1d64f8-bcb5-4f5a-b760-1ce47143d09d,9cf09513-1f3f-4105-afa9-7c5b2e337f45,OI-2024,Algodón,72749.5,122219.16,117644.06,29276.55,56423.48,63287.4,81258.95,1999806.84,1529697.22
34a37172-1611-45dc-8487-563308c2a60e,9cf09513-1f3f-4105-afa9-7c5b2e337f45,PV-2024,Chile,74535.58,125219.77,69606.61,47332.27,37531.72,104344.24,100377.04,3690012.47,3205600.81
681e6533-ff87-4beb-9f57-6c5992b36e2e,9cf09513-1f3f-4105-afa9-7c5b2e337f45,OI-2025,Uva,79566.22,133671.25,94838.02,63354.89,43361.63,73769.83,73380.02,4187411.38,3705035.74
b17c8810-2f8d-44c0-8d28-d3d80ccdae0c,9cf09513-1f3f-4105-afa9-7c5b2e337f45,PV-2025,Chile,58373.16,98066.91,104249.85,42212.96,74154.13,91404.23,50536.16,3645882.56,3185258.32
5b1a6c2b-c39c-49f4-9bd0-985a2c15fecc,8d3c5171-2c80-451b-b387-4557841fc06c,OI-2021,Frijol,122004.24,204967.12,238832.93,96015.17,36567.03,235803.64,172595.06,758943.27,-225837.68
08e919d6-9fca-47c8-bf3f-bcd9a1d6e009,8d3c5171-2c80-451b-b387-4557841fc06c,PV-2021,Maíz,86342.41,145055.25,128037.99,130135.48,56846.15,99065.08,229296.13,1063606.01,275169.94
5ea5c46e-cd8b-4eb4-b941-90bc1173685e,8d3c5171-2c80-451b-b387-4557841fc06c,OI-2022,Uva,172541.27,289869.34,244974.77,99712.94,57865.77,163829.72,117700.17,9726231.31,8752278.6
54482d1e-1b84-46c6-a7b3-f52e930b98d1,8d3c5171-2c80-451b-b387-4557841fc06c,PV-2022,Frijol,135105.91,226977.93,131752.91,177282.42,73309.2,206595.07,244609.38,777315.75,-283211.16
5e6f4514-5099-4d0f-a06d-7edbc0c9ad67,8d3c5171-2c80-451b-b387-4557841fc06c,OI-2023,Chile,191389.42,321534.23,268118.41,100928.05,44840.28,159373.53,162713.81,8514102.68,7456594.37
2575758c-5de9-4024-ba5d-e04bda77a845,8d3c5171-2c80-451b-b387-4557841fc06c,PV-2023,Uva,181244.26,304490.35,276296.23,104936.75,51217.28,170838.86,186210.02,12965016.29,11871026.8
e37371e7-bb22-412b-b5cd-fb6a10e2b4f3,8d3c5171-2c80-451b-b387-4557841fc06c,OI-2024,Chile,159746.42,268373.99,190207.29,57831.03,97835.52,267167.98,211100.51,8704746.42,7612230.1
6569b00c-9907-4ae4-9eb3-930b7d78d18e,8d3c5171-2c80-451b-b387-4557841fc06c,PV-2024,Uva,225544.25,378914.33,258722.09,118264.44,41156.76,259006.41,192647.35,6331431.3,5082719.91
5db4b69f-cf83-414f-b4a7-07cafe9e8e41,8d3c5171-2c80-451b-b387-4557841fc06c,OI-2025,Maíz,146386.26,245928.91,157480.51,139090.26,64653.83,174721.33,186050.04,1066522.17,98597.3
2f2abe42-3c5e-469a-88f4-7ee426f0a5b7,8d3c5171-2c80-451b-b387-4557841fc06c,PV-2025,Uva,93124.97,156449.96,135234.05,113577.91,58513.44,224378.46,140734.3,13407319.37,12578431.25
7d58d017-ea3f-4b0f-8724-635312405036,8fd3f47d-3254-4408-a5b0-10664476d9d4,OI-2021,Chile,73893.77,124141.53,66795.02,38706.96,25385.55,56993.6,70108.54,3229031.94,2846900.73
3ee10394-fcdd-41b9-9022-7d6f60968d1c,8fd3f47d-3254-4408-a5b0-10664476d9d4,PV-2021,Algodón,45858.13,77041.66,72130.18,22466.44,28816.76,57341.1,41798.78,955123.04,655528.12
a371453f-0830-4fb1-b17a-7edd9ab90da6,8fd3f47d-3254-4408-a5b0-10664476d9d4,OI-2022,Algodón,53058.69,89138.6,76857.2,44582.19,24884.3,51011.5,78164.76,1279179.13,914540.58
e13b1f89-fe79-41de-b518-881f6d9598c9,8fd3f47d-3254-4408-a5b0-10664476d9d4,PV-2022,Frijol,59010.86,99138.25,65283.59,36399.45,20251.87,30022.51,47603.3,276960.01,-21738.96
9ae7d323-8eb1-458e-b23e-1ffe76c911d6,8fd3f47d-3254-4408-a5b0-10664476d9d4,OI-2023,Maíz,63494.23,106670.31,51594.5,35829.53,28901.64,87035.63,64891.89,450651.09,75727.6
a2cdd82c-18ed-4b13-b1a4-1d1f653799b2,8fd3f47d-3254-4408-a5b0-10664476d9d4,PV-2023,Maíz,62969.78,105789.24,64311.61,32978.34,36365.62,106472.8,42745.41,313344.1,-75318.91
1d0e7bd5-e331-4321-b5c4-5e17eaf662ca,8fd3f47d-3254-4408-a5b0-10664476d9d4,OI-2024,Algodón,68544.23,115154.31,69298.61,14823.19,49401.22,89095.46,68070.26,1938271.86,1532428.81
3f588bae-f00c-4068-b4cd-5b647bcf146d,8fd3f47d-3254-4408-a5b0-10664476d9d4,PV-2024,Maíz,37239.54,62562.43,36695.01,32150.44,19535.32,42506.83,31542.66,404041.06,179048.38
b0db913f-5424-4d1e-8e5b-8e9287cbf11a,8fd3f47d-3254-4408-a5b0-10664476d9d4,OI-2025,Frijol,58371.74,98064.52,21341.95,37554.99,29041.04,65683.51,67655.46,215427.31,-103914.16
da8755d8-90af-4871-93c6-09937835f1d9,8fd3f47d-3254-4408-a5b0-10664476d9d4,PV-2025,Algodón,23577.71,39610.56,76019.18,26871.73,16764.87,46409.59,87499.37,1066983.39,773808.08
911abf46-a212-4fc6-bcb7-4093f5431b67,d2251f14-05cb-4a11-9a43-087ac9a45584,OI-2021,Maíz,98770.33,165934.16,64431.29,96697.38,37595.01,72681.05,58786.15,628032.46,131907.41
0a6c4bdc-f36b-4ac2-a910-cf30831b748f,d2251f14-05cb-4a11-9a43-087ac9a45584,PV-2021,Chile,77014.42,129384.22,94578.04,69838.85,46687.48,112658.71,102495.58,5410622.64,4854979.77
11486e9d-4d64-4076-b58d-350562b0ff93,d2251f14-05cb-4a11-9a43-087ac9a45584,OI-2022,Uva,111327.02,187029.39,55290.21,71013.75,39876.05,120456.28,36692.0,5770501.69,5260144.02
7fe93af9-13f8-4b00-a7f3-f6e16f9b635d,d2251f14-05cb-4a11-9a43-087ac9a45584,PV-2022,Uva,105535.51,177299.66,76066.72,29368.23,81576.05,101273.85,75571.11,7274254.49,6733098.88
91c2dc60-61e7-4d20-81e0-d1d0c142451f,d2251f14-05cb-4a11-9a43-087ac9a45584,OI-2023,Maíz,54184.3,91029.62,114880.91,84106.53,34760.5,99892.89,74487.23,603357.23,104199.56
28a5615c-1d04-4886-bfef-7721d880ea0f,d2251f14-05cb-4a11-9a43-087ac9a45584,PV-2023,Frijol,38310.08,64360.93,70886.72,81755.23,71371.14,119754.08,52301.72,427712.32,-32717.49
106bfa02-c4a2-44f2-a147-55078f0eec55,d2251f14-05cb-4a11-9a43-087ac9a45584,OI-2024,Maíz,51754.94,86948.3,85086.47,51076.99,41922.57,98837.42,110918.03,550287.12,75497.34
6e4ecff2-79ee-46b4-8f34-34834fdffd0a,d2251f14-05cb-4a11-9a43-087ac9a45584,PV-2024,Frijol,53617.68,90077.71,101821.13,80538.83,38777.39,146021.79,113480.35,321843.11,-248874.08
726eaf46-a127-4d50-84de-0e30259d8ad6,d2251f14-05cb-4a11-9a43-087ac9a45584,OI-2025,Chile,64503.74,108366.29,78484.0,58450.18,47494.3,58099.65,68855.45,3220269.91,2800520.04
2751fe4c-c268-4c6a-9f62-af80b6c3c0a5,d2251f14-05cb-4a11-9a43-087ac9a45584,PV-2025,Frijol,111490.39,187303.85,104122.99,60682.76,41007.65,105020.9,84115.32,393555.27,-188698.2
0ca03dfa-545e-4a42-a6e9-95d1b7ea56e3,39c46048-03d3-49a2-b1cf-5857f4a994ba,OI-2021,Uva,50693.56,85165.19,62094.99,29385.71,31663.87,56409.0,39569.45,3996373.11,3692084.9
1e244cc6-3f6a-4671-b6b2-608069f5911d,39c46048-03d3-49a2-b1cf-5857f4a994ba,PV-2021,Maíz,49337.02,82886.19,51859.22,48720.42,21006.19,54246.18,40378.68,409409.86,110312.98
7d2630db-3a3f-4c04-ac29-70d812f297e4,39c46048-03d3-49a2-b1cf-5857f4a994ba,OI-2022,Chile,64500.2,108360.33,26753.6,16258.81,16461.92,99960.75,73369.32,2178619.69,1837454.96
366da79b-9384-485a-8d3b-cf698f33940f,39c46048-03d3-49a2-b1cf-5857f4a994ba,PV-2022,Frijol,69258.21,116353.8,51151.19,43137.17,18557.22,75305.0,43175.62,215790.72,-131889.28
38ff7b7f-4e3b-4bdf-871b-88a1d3ee8da5,39c46048-03d3-49a2-b1cf-5857f4a994ba,OI-2023,Maíz,39938.1,67096.01,54695.0,45124.14,35462.93,71490.93,39731.2,390603.93,77003.73
526a4589-c0fc-45ed-a4aa-52aa0808c632,39c46048-03d3-49a2-b1cf-5857f4a994ba,PV-2023,Uva,72826.94,122349.25,55516.65,25899.45,26912.51,28200.9,47913.17,4608089.55,4301297.62
8408b028-c620-452a-9761-82a4fe2ed055,39c46048-03d3-49a2-b1cf-5857f4a994ba,OI-2024,Algodón,59221.71,99492.47,75466.69,53018.95,44897.21,36354.72,43567.09,1256149.19,903352.05
92af56f4-a7be-45c0-aa6a-91153504db03,39c46048-03d3-49a2-b1cf-5857f4a994ba,PV-2024,Frijol,40490.6,68024.21,77042.08,37571.0,35347.15,41690.58,81870.66,257494.77,-84050.91
54586e7b-45bc-46be-acd2-dc13b152c235,39c46048-03d3-49a2-b1cf-5857f4a994ba,OI-2025,Chile,44050.09,74004.15,64247.59,21141.57,23041.22,36483.07,38499.32,3237451.56,2980034.65
85fa0a12-67bd-4fd1-b2a9-2fb813968789,39c46048-03d3-49a2-b1cf-5857f4a994ba,PV-2025,Algodón,61641.27,103557.34,19990.14,43081.42,22873.48,60699.3,83066.89,1129090.61,795822.04
544561fb-08a1-4bec-86be-28812c263a31,346f404d-ae1e-4d9f-9b85-527337dd0e9b,OI-2021,Frijol,109397.91,183788.49,95742.86,36157.05,27232.83,99791.43,86761.9,332842.04,-196632.51
740158a6-46ae-4d7b-8e56-1b3ff21cd45e,346f404d-ae1e-4d9f-9b85-527337dd0e9b,PV-2021,Maíz,77211.34,129715.05,85319.48,75134.34,36198.03,101368.05,68213.19,602930.6,106982.46
50c88441-b499-408f-9fe5-ad2ca3eb4360,346f404d-ae1e-4d9f-9b85-527337dd0e9b,OI-2022,Chile,52438.74,88097.08,105261.14,53756.02,47463.71,96681.8,68935.77,4765487.75,4305292.22
eb8dcf2a-daad-4e57-b71e-de5a73ac6d1f,346f404d-ae1e-4d9f-9b85-527337dd0e9b,PV-2022,Maíz,69189.17,116237.8,56239.53,65358.43,39415.12,120304.31,85201.32,551836.62,69080.1
b8479fe6-0886-453d-b954-190d6c3aa8d2,346f404d-ae1e-4d9f-9b85-527337dd0e9b,OI-2023,Uva,101756.94,170951.66,93087.37,65636.37,59747.94,96062.47,102164.11,4368247.49,3780597.57
3f5904cc-41ae-4c97-aad3-6ee5612d954f,346f404d-ae1e-4d9f-9b85-527337dd0e9b,PV-2023,Uva,38896.38,65345.91,35810.19,69374.14,58162.57,68277.59,93348.41,5550093.74,5159774.93
462db68b-45d3-4ca7-845a-00927b85110b,346f404d-ae1e-4d9f-9b85-527337dd0e9b,OI-2024,Frijol,90506.38,152050.72,74276.7,50887.61,54624.91,109372.41,71650.58,406037.8,-106825.11
ec834872-f41f-4225-a1c9-f5415a12ecf1,346f404d-ae1e-4d9f-9b85-527337dd0e9b,PV-2024,Uva,32443.86,54505.69,116944.47,83117.34,46383.15,100227.95,42643.4,6234807.13,5790985.13
94117753-56e4-4a12-b293-85a3e1576753,346f404d-ae1e-4d9f-9b85-527337dd0e9b,OI-2025,Algodón,68579.07,115212.83,63349.52,64040.83,33567.64,128120.47,58602.25,1740668.13,1277774.59
6b46c7ee-e880-4748-b08b-292a95d178bb,346f404d-ae1e-4d9f-9b85-527337dd0e9b,PV-2025,Algodón,63347.02,106422.99,76540.11,86320.43,46413.71,159604.14,62506.88,2145278.85,1607470.59
492729e0-5988-491f-b337-33b8946bb73a,5204630a-2183-4700-a82d-29970e4ce006,OI-2021,Maíz,195164.82,327876.89,144430.02,131900.75,117051.5,296240.25,151636.94,1484276.07,315139.72
7a99d129-b189-485c-a47d-03706be3b09a,5204630a-2183-4700-a82d-29970e4ce006,PV-2021,Frijol,181501.77,304922.97,245376.22,118828.13,82751.33,247594.57,122168.7,649611.92,-472030.0
83bbcbd6-dd8e-4563-a5b3-23ebd63ddfb7,5204630a-2183-4700-a82d-29970e4ce006,OI-2022,Chile,137609.93,231184.68,210200.48,162667.66,73369.88,111236.29,235137.84,8668701.97,7644905.14
76cbbebf-8f1c-476e-92ed-ee028ff09198,5204630a-2183-4700-a82d-29970e4ce006,PV-2022,Algodón,223216.26,375003.32,63634.8,114914.96,74986.45,254807.83,128753.88,3762871.15,2750769.91
44a1ad39-66c1-40ef-ae5f-b9f5cf82ccff,5204630a-2183-4700-a82d-29970e4ce006,OI-2023,Chile,149086.37,250465.09,185032.79,46556.59,48304.94,144963.36,98577.46,8663286.51,7889386.27
e02c3a40-6ccc-4d7a-9e60-d4b78d01e621,5204630a-2183-4700-a82d-29970e4ce006,PV-2023,Maíz,138080.29,231974.88,240770.19,43399.13,41685.28,162445.73,125498.77,1201480.77,355706.79
1a63d1eb-b378-4b23-96a0-34cd98d02b74,5204630a-2183-4700-a82d-29970e4ce006,OI-2024,Uva,163098.36,274005.25,172728.57,166002.95,144029.22,137564.37,203612.06,12863553.25,11765610.83
c1dd5cc4-bac8-45a5-83c8-5dae38d91948,5204630a-2183-4700-a82d-29970e4ce006,PV-2024,Frijol,169814.07,285287.64,99543.06,172083.47,95093.42,344727.57,76994.97,742836.38,-330893.76
9da51783-8f75-4fd7-8cd0-c21579625942,5204630a-2183-4700-a82d-29970e4ce006,OI-2025,Chile,122316.49,205491.7,216358.13,131845.1,115054.51,219567.03,75202.39,10041513.44,9077994.58
0b9e71c4-a093-4baa-aa2b-872cb9d42e61,5204630a-2183-4700-a82d-29970e4ce006,PV-2025,Maíz,67793.24,113892.65,102795.23,111772.71,107528.96,173060.6,155048.72,1371726.8,607627.93
812111e3-d0d1-471b-9549-77a7b0a3006f,0dedce00-440c-4056-9c53-737cbeff6dd1,OI-2021,Frijol,111341.71,187054.08,144709.5,65664.07,76636.39,141223.16,78120.75,512128.33,-181279.63
35e12f61-be50-429a-949b-04ee3f50cab5,0dedce00-440c-4056-9c53-737cbeff6dd1,PV-2021,Chile,177410.14,298049.04,199522.2,59460.63,54757.78,266246.1,73626.95,9824050.59,8872387.9
c0447c7b-88a5-4c05-93e9-2f27da4346de,0dedce00-440c-4056-9c53-737cbeff6dd1,OI-2022,Frijol,126897.22,213187.33,129356.07,110962.11,62800.14,206788.0,99127.0,559768.8,-262451.85
b400e8a8-e77a-49b1-ab9b-b2a0c391179e,0dedce00-440c-4056-9c53-737cbeff6dd1,PV-2022,Frijol,129616.26,217755.32,209137.35,124482.5,67792.85,173188.04,103168.45,542414.38,-353110.12
8f257165-f650-4bb0-9298-b4af3d335fba,0dedce00-440c-4056-9c53-737cbeff6dd1,OI-2023,Chile,188806.99,317195.74,111690.57,79074.06,31274.32,191483.85,128687.92,5663455.5,4804049.06
b23a48bb-9a25-4f17-a07d-cc46d93d9530,0dedce00-440c-4056-9c53-737cbeff6dd1,PV-2023,Maíz,122126.71,205172.88,168088.25,107850.45,72822.24,134706.66,50230.62,701843.76,-37027.34
2ae47963-8330-4bd2-a5c3-b484fef193e9,0dedce00-440c-4056-9c53-737cbeff6dd1,OI-2024,Frijol,119515.63,200786.26,114866.77,89605.85,93166.66,157216.36,125640.17,583759.93,-197522.15
4800a0ef-77d0-4c07-ac7f-c7cc623c3850,0dedce00-440c-4056-9c53-737cbeff6dd1,PV-2024,Algodón,89396.63,150186.34,141014.3,97433.95,54599.79,77598.25,171388.95,3916063.52,3223841.94
4c657454-cb03-4d63-84b3-e9c9a6a2376b,0dedce00-440c-4056-9c53-737cbeff6dd1,OI-2025,Frijol,123795.23,207975.99,169661.52,69850.19,68057.82,228200.52,80073.05,545338.07,-278481.02
a86ad10d-6c42-4ae6-8e90-255795f85af6,0dedce00-440c-4056-9c53-737cbeff6dd1,PV-2025,Chile,166714.57,280080.48,134778.15,101184.29,62720.45,278779.24,154026.06,5414868.16,4403299.49
3852e179-8152-472f-b341-eba21937ddd9,ae8a9a32-53d2-4954-9f13-750bbde63be5,OI-2021,Maíz,164069.99,275637.58,174774.59,42631.45,39037.95,143313.41,128376.47,663577.04,-140194.42
2de49da8-bb52-40d2-a94e-ccc277dbab8c,ae8a9a32-53d2-4954-9f13-750bbde63be5,PV-2021,Chile,87822.15,147541.22,63299.63,33750.13,81897.89,176005.46,71981.9,6930322.3,6355846.08
9970ca43-5e99-4160-8375-8024cd3cb61b,ae8a9a32-53d2-4954-9f13-750bbde63be5,OI-2022,Maíz,138359.69,232444.28,87794.9,101309.72,76819.45,75550.73,110461.94,887065.41,202684.39
069cf21e-3945-49e3-aa50-ec533b55ada0,ae8a9a32-53d2-4954-9f13-750bbde63be5,PV-2022,Algodón,74527.47,125206.14,81772.52,58089.36,65861.95,142305.9,83350.82,2767064.72,2210478.04
990f91de-107b-4c28-a766-50870ad3b29e,ae8a9a32-53d2-4954-9f13-750bbde63be5,OI-2023,Maíz,125767.4,211289.24,136534.55,46004.45,45346.56,180091.68,120689.66,934789.49,194833.36
b29efa5f-7c6c-4eaa-9b4a-2f79f27928ac,ae8a9a32-53d2-4954-9f13-750bbde63be5,PV-2023,Chile,68413.41,114934.54,117028.98,94459.45,68201.51,190449.96,68137.5,6864846.62,6211634.68
1862d8b2-40a9-4e9b-9e11-c351a562b184,ae8a9a32-53d2-4954-9f13-750bbde63be5,OI-2024,Chile,161081.44,270616.81,98176.12,93396.05,52427.63,194725.66,136805.06,5632868.94,4786721.61
6e08a937-0d00-4cd2-8e7a-55a7a59fd850,ae8a9a32-53d2-4954-9f13-750bbde63be5,PV-2024,Maíz,125823.4,211383.32,95905.54,125212.58,66445.59,171919.62,50033.71,811853.09,90952.74
97d845d7-61c8-4e8e-a4ac-519c81d7e46e,ae8a9a32-53d2-4954-9f13-750bbde63be5,OI-2025,Maíz,92140.79,154796.52,120893.81,96078.07,34711.5,197413.29,87046.74,918914.9,227974.98
66e047a3-c2f7-49ee-becd-cd456cecff61,ae8a9a32-53d2-4954-9f13-750bbde63be5,PV-2025,Chile,98983.29,166291.92,120288.48,87971.2,32205.73,163555.99,95171.5,6388303.15,5722818.32
c2451e50-466f-47bf-91e8-2df1cc06926a,dc122a8d-5138-4221-80ec-bb67ad9e3e42,OI-2021,Maíz,89949.57,151115.28,74799.21,45885.94,41077.27,58908.67,81754.86,507010.23,53469.0
99958531-8e27-44f9-8243-60f0583b2b50,dc122a8d-5138-4221-80ec-bb67ad9e3e42,PV-2021,Maíz,43005.52,72249.27,36062.04,39802.06,29770.59,121142.8,83264.57,506736.79,124445.46
b63a681e-391c-4453-ae41-91321f622ecf,dc122a8d-5138-4221-80ec-bb67ad9e3e42,OI-2022,Chile,55921.52,93948.15,96974.07,57919.95,53772.37,63165.07,45939.81,2950083.85,2538364.43
04334fed-9c31-4df3-9fe5-3d682a62d504,dc122a8d-5138-4221-80ec-bb67ad9e3e42,PV-2022,Frijol,32158.33,54026.0,88659.99,46813.21,26068.49,56441.48,90516.4,259544.2,-102981.36
e85d73ba-5649-4995-b477-f8c2e328f3f1,dc122a8d-5138-4221-80ec-bb67ad9e3e42,OI-2023,Frijol,65127.06,109413.47,104326.5,30413.23,62983.76,74944.09,104746.9,268333.98,-218493.97
9ad76f19-8c24-456a-a086-875191eb739e,dc122a8d-5138-4221-80ec-bb67ad9e3e42,PV-2023,Maíz,95736.63,160837.54,90420.55,31586.2,17492.27,105035.49,79412.22,566511.85,81727.59
10680e5e-a61c-4d87-9ab4-bed6cfb43d0e,dc122a8d-5138-4221-80ec-bb67ad9e3e42,OI-2024,Chile,47095.18,79119.9,57307.56,40381.34,34763.92,102284.88,42736.44,3120900.73,2764306.69
0dc8c080-04af-4159-9569-8b28d1105f62,dc122a8d-5138-4221-80ec-bb67ad9e3e42,PV-2024,Frijol,87066.89,146272.38,68987.07,47738.08,20573.34,79421.47,57885.93,328338.09,-92540.18
c3f1c4b7-e2b6-4624-b18d-cc7a2933089a,dc122a8d-5138-4221-80ec-bb67ad9e3e42,OI-2025,Algodón,67200.26,112896.44,40684.38,55568.85,33590.55,86583.25,91217.31,1634143.09,1213602.32
81a339e4-d0c3-4551-b305-26be07174745,dc122a8d-5138-4221-80ec-bb67ad9e3e42,PV-2025,Chile,68988.33,115900.39,80702.01,40270.46,19908.54,67148.05,104921.35,4762313.43,4333462.63
48e24b42-43e4-439f-85cb-70c65fb435d9,80d1f05a-57f2-4f59-9063-a3b48172ddb7,OI-2021,Algodón,52354.04,87954.79,116775.15,104254.48,68826.22,134762.51,148974.48,2537592.99,1876045.36
9b149d05-14cc-43e6-aca9-d0a543bb5d89,80d1f05a-57f2-4f59-9063-a3b48172ddb7,PV-2021,Algodón,131517.45,220949.31,128449.15,77808.58,38862.04,192169.55,100071.52,2730421.24,1972111.08
82fb06e9-0b91-48b6-97d2-d3ecb6b4cb95,80d1f05a-57f2-4f59-9063-a3b48172ddb7,OI-2022,Uva,96900.0,162792.0,82041.4,82165.04,67100.64,118483.12,107456.18,5681310.69,5061272.3
a9d2c954-9f67-4a77-9887-6b099a6318b0,80d1f05a-57f2-4f59-9063-a3b48172ddb7,PV-2022,Chile,42350.11,71148.18,118007.21,98319.66,28355.85,139108.4,102636.97,4780059.11,4222482.84
75291da2-5d66-4bf3-befd-7cf248eb5a80,80d1f05a-57f2-4f59-9063-a3b48172ddb7,OI-2023,Frijol,46938.57,78856.79,94018.53,69992.59,64686.92,105710.59,104734.18,558789.98,40790.38
4fa9bdab-dfc5-4c0d-b297-0b89cb321684,80d1f05a-57f2-4f59-9063-a3b48172ddb7,PV-2023,Maíz,105659.83,177508.52,147420.44,94846.08,63153.07,99419.68,122039.11,835533.75,131146.84
5daaf892-02a3-4f0e-99e3-5353e1713c8b,80d1f05a-57f2-4f59-9063-a3b48172ddb7,OI-2024,Uva,60945.86,102389.05,110086.55,73560.91,40457.35,88281.81,72035.01,7085697.39,6598886.71
26d2aace-eb7c-4570-b40e-4e3f92e3fd9b,80d1f05a-57f2-4f59-9063-a3b48172ddb7,PV-2024,Chile,87206.88,146507.56,133713.51,64729.63,30173.61,120622.99,77208.67,3124378.03,2551422.05
1e17580f-1f13-432e-9a86-43f9c5374b15,80d1f05a-57f2-4f59-9063-a3b48172ddb7,OI-2025,Algodón,134897.52,226627.83,75145.75,89786.81,60967.61,188094.72,113700.57,3024438.57,2270115.27
85d8a202-3127-4273-81a6-646007b3c265,80d1f05a-57f2-4f59-9063-a3b48172ddb7,PV-2025,Uva,81885.67,137567.92,130834.36,72284.28,46194.74,108897.04,118167.38,3828476.14,3214530.4
905cc93a-ea03-4464-b955-c1b26da064c4,81ce05c0-a141-4331-89e6-fa83efbf9bf8,OI-2021,Maíz,59774.48,100421.12,109394.9,82931.73,25502.67,77839.18,63431.06,556647.25,97126.58
e83e0292-5c36-441c-90d8-02bfbfaa0d2e,81ce05c0-a141-4331-89e6-fa83efbf9bf8,PV-2021,Chile,81964.87,137700.98,48112.78,35322.14,48607.56,87780.64,30749.5,2937020.7,2548747.1
736f03ec-68b7-4977-a258-16fabd74486f,81ce05c0-a141-4331-89e6-fa83efbf9bf8,OI-2022,Algodón,62776.07,105463.8,82212.03,51020.05,26768.86,96395.5,81892.94,1817555.89,1373802.7
23a0f791-8775-4960-bc57-bcc2d97492d8,81ce05c0-a141-4331-89e6-fa83efbf9bf8,PV-2022,Uva,76783.01,128995.46,98325.12,54617.96,34541.11,70633.8,69034.17,4717468.57,4261320.95
10314b27-8b09-4d65-b661-5deeab2ab9f6,81ce05c0-a141-4331-89e6-fa83efbf9bf8,OI-2023,Uva,68178.39,114539.69,100429.81,45258.48,51210.01,135147.72,41862.77,4968471.04,4480022.55
55cb3235-0ff0-4b68-8379-1b6d0d429cc0,81ce05c0-a141-4331-89e6-fa83efbf9bf8,PV-2023,Chile,42753.85,71826.47,53152.05,50426.23,39638.02,128915.82,65925.9,4761262.86,4351378.36
3d71a87f-8f76-425b-abe2-9aa72ce2202c,81ce05c0-a141-4331-89e6-fa83efbf9bf8,OI-2024,Chile,38494.31,64670.44,88368.3,57214.2,41810.57,119377.31,102736.12,3715120.5,3240943.56
9c74bd9f-498f-4343-934e-1d5099ea002b,81ce05c0-a141-4331-89e6-fa83efbf9bf8,PV-2024,Algodón,49583.14,83299.68,105420.42,39480.9,38120.2,140617.1,83079.17,1585531.83,1095514.37
d79d687b-bdad-4c05-97d4-d0d25ff0c4b3,81ce05c0-a141-4331-89e6-fa83efbf9bf8,OI-2025,Algodón,61340.42,103051.91,78553.5,35749.52,41916.1,79175.11,94212.15,2736019.35,2303361.06
1a6c4b9c-0e54-404f-9e9d-44f2f3905857,81ce05c0-a141-4331-89e6-fa83efbf9bf8,PV-2025,Algodón,74368.86,124939.68,89681.69,55878.17,48293.56,40126.04,62609.25,1624145.37,1202616.97
4774f19a-4e9a-4c02-a179-e86f7de4647d,85f2d080-8d9e-4f3c-984f-4684eeeca5f8,OI-2021,Chile,162090.77,272312.5,196660.71,85137.47,44223.62,176588.28,119532.38,5812145.87,4917690.91
287f1364-afbd-4a06-80c5-76fe171924ba,85f2d080-8d9e-4f3c-984f-4684eeeca5f8,PV-2021,Algodón,86486.67,145297.61,144109.58,102584.73,108089.64,185437.96,144903.52,3434677.49,2604254.44
4171e54e-7bf7-473d-b072-dcb5861c6c8e,85f2d080-8d9e-4f3c-984f-4684eeeca5f8,OI-2022,Uva,65381.04,109840.14,147175.31,56058.37,34245.14,158295.58,117255.22,7171055.4,6548185.63
8aa9680c-0676-4ec5-96e5-1be788df0221,85f2d080-8d9e-4f3c-984f-4684eeeca5f8,PV-2022,Chile,54390.39,91375.86,50345.48,71654.12,50656.8,118235.82,69949.12,7302358.83,6850141.63
692f5d6a-e75b-49ff-9ac1-877495f50c34,85f2d080-8d9e-4f3c-984f-4684eeeca5f8,OI-2023,Algodón,67137.75,112791.43,134565.6,85295.0,50430.79,89609.01,59394.84,1933212.93,1401126.27
86d3cdca-caf9-45ab-a834-4e855b310ea0,85f2d080-8d9e-4f3c-984f-4684eeeca5f8,PV-2023,Chile,95088.85,159749.26,94549.02,123007.08,58009.99,246893.19,153241.71,6575193.36,5739743.1
5006f7ff-c667-478f-9f97-65d122d008e5,85f2d080-8d9e-4f3c-984f-4684eeeca5f8,OI-2024,Uva,162521.57,273036.24,176539.16,106321.83,54354.28,208417.17,76791.59,10042712.07,9147251.79
5b042340-2c12-4657-85ec-e8d5394f1686,85f2d080-8d9e-4f3c-984f-4684eeeca5f8,PV-2024,Frijol,74631.52,125380.95,96114.34,97555.55,85028.63,169541.22,185796.18,485914.77,-273502.1
b70b15c1-0ce2-4c22-aec2-fd3d3756197d,85f2d080-8d9e-4f3c-984f-4684eeeca5f8,OI-2025,Chile,59372.19,99745.28,119455.32,78467.5,58473.83,128537.38,67788.79,6250533.37,5698065.26
64969498-33f6-4024-914b-d85ca769cd94,85f2d080-8d9e-4f3c-984f-4684eeeca5f8,PV-2025,Algodón,157569.43,264716.64,111512.09,57830.77,60419.5,124635.86,167077.75,3559336.83,2773144.22
b66c3cc9-db4f-4a13-bdc3-2159c0678925,241931f8-14fd-43b6-a903-b1ef92c1f158,OI-2021,Uva,102958.86,172970.89,147582.65,102248.0,72876.29,82292.08,73653.33,6731529.83,6079906.59
e27fcb88-4701-4031-855c-ab48cd2f9d29,241931f8-14fd-43b6-a903-b1ef92c1f158,PV-2021,Uva,89597.91,150524.49,93989.41,50757.05,43618.53,148751.83,126910.62,4136978.74,3522426.82
01d408ef-b48c-43b5-8a43-26a8a1f47da9,241931f8-14fd-43b6-a903-b1ef92c1f158,OI-2022,Uva,126178.01,211979.06,91584.56,39147.4,67241.68,181207.35,137320.89,5394304.65,4665823.72
9840cfac-fb73-4357-9785-f5807d155cf9,241931f8-14fd-43b6-a903-b1ef92c1f158,PV-2022,Maíz,60963.0,102417.83,106902.22,31313.49,56122.01,188386.81,65137.25,814045.13,263765.51
595e58f4-bad7-4e0d-899f-26a1e33db0ab,241931f8-14fd-43b6-a903-b1ef92c1f158,OI-2023,Chile,85632.09,143861.9,58153.32,58371.31,50996.96,94871.21,92493.03,6261379.35,5762631.62
b21c2fc1-2109-48d4-aa59-fe6bfaa58d93,241931f8-14fd-43b6-a903-b1ef92c1f158,PV-2023,Chile,99333.64,166880.52,129798.43,65504.44,49236.22,194984.21,83943.63,5115602.19,4425254.73
6d07ad4e-8783-4748-91c9-d503c218df71,241931f8-14fd-43b6-a903-b1ef92c1f158,OI-2024,Maíz,113467.5,190625.4,123588.73,82745.91,23350.87,110812.37,132447.61,711873.15,48302.25
e5586946-e0eb-4155-b7e3-7b6617eaf683,241931f8-14fd-43b6-a903-b1ef92c1f158,PV-2024,Chile,104979.58,176365.69,172888.37,108222.21,69576.55,151204.05,106384.05,6059329.87,5274688.95
f7713a39-1c3e-4514-8f28-11c8eb874ed1,241931f8-14fd-43b6-a903-b1ef92c1f158,OI-2025,Chile,115787.22,194522.53,126320.4,34751.69,54555.37,147459.88,97503.92,4889380.11,4234266.32
3c9c0264-d414-43b9-a7ac-06360a85f29d,241931f8-14fd-43b6-a903-b1ef92c1f158,PV-2025,Maíz,78557.07,131975.87,69899.68,69732.52,47418.14,95201.76,131625.0,721209.09,175356.11
5df7e68a-bb5c-413d-a0c6-420637b4d14d,24efb028-0f2a-46ea-b50f-4a1f908475d4,OI-2021,Chile,203686.01,342192.5,219866.82,263296.16,271069.83,219543.15,308452.58,16245962.32,14621541.3
592251a0-bff1-4021-a0e0-ee0a33630f91,24efb028-0f2a-46ea-b50f-4a1f908475d4,PV-2021,Maíz,384701.08,646297.81,358419.95,225882.34,110700.85,297864.63,262396.5,1907576.72,6014.64
e25e3bf1-b50e-401a-ab96-3fdd5b977596,24efb028-0f2a-46ea-b50f-4a1f908475d4,OI-2022,Frijol,414702.77,696700.65,300369.83,97762.42,196208.55,290811.35,248383.24,1141679.02,-688557.02
333414ca-c2f2-41b9-8a8e-d8249ca880e8,24efb028-0f2a-46ea-b50f-4a1f908475d4,PV-2022,Uva,238897.22,401347.33,340551.5,213493.45,115640.6,205737.57,227224.12,22460240.34,20956245.77
d066406d-42b6-492a-95e6-ff61efd99ea9,24efb028-0f2a-46ea-b50f-4a1f908475d4,OI-2023,Uva,272983.51,458612.3,280488.41,250283.37,114484.44,161526.8,452368.95,17519814.27,15802050.01
b672a7a8-0bb0-4b7c-bed7-bd45ca8271ca,24efb028-0f2a-46ea-b50f-4a1f908475d4,PV-2023,Frijol,282633.05,474823.52,345161.23,208599.33,144867.04,479246.89,368362.84,1109010.83,-912050.04
9cfbea1e-403d-4f3a-9194-f6f38e55fa7d,24efb028-0f2a-46ea-b50f-4a1f908475d4,OI-2024,Maíz,239569.32,402476.45,369769.9,175139.53,120187.01,477560.85,247712.26,2061421.36,268575.37
25e3f48b-fe66-4de3-81c9-bfd6d0899927,24efb028-0f2a-46ea-b50f-4a1f908475d4,PV-2024,Algodón,229208.15,385069.69,181892.77,252748.29,201764.75,317727.67,341310.71,4370740.47,2690226.59
168e8c9e-f4dd-4d21-b047-5b08f44748c4,24efb028-0f2a-46ea-b50f-4a1f908475d4,OI-2025,Chile,422403.96,709638.65,306537.93,206415.69,136999.33,320834.62,156304.17,16371549.91,14534819.52
35a27e10-ce3e-4bcf-9c24-e9fc307d67c8,24efb028-0f2a-46ea-b50f-4a1f908475d4,PV-2025,Frijol,194513.04,326781.9,255257.37,179212.86,65290.63,297315.11,234151.45,1592709.09,234699.77
93ba3204-70a1-4789-b143-1776234bb1f8,3592f728-76b2-471d-8c46-86b264b33dfe,OI-2021,Frijol,72520.94,121835.18,117450.52,74291.89,61187.99,105004.9,112914.66,436769.27,-155915.87
d0911fbd-76a3-4a86-b8e6-e9bfbd40e689,3592f728-76b2-471d-8c46-86b264b33dfe,PV-2021,Uva,50225.9,84379.52,93575.88,63895.03,35762.16,104320.51,97018.05,6485370.84,6006419.71
af70b0d3-2b05-4edf-9f83-93ed3aec0a94,3592f728-76b2-471d-8c46-86b264b33dfe,OI-2022,Frijol,37042.65,62231.66,102482.58,33475.93,36076.5,129116.7,88508.38,347998.83,-103892.93
9294ffe1-ec43-4863-8639-0447244eb340,3592f728-76b2-471d-8c46-86b264b33dfe,PV-2022,Frijol,72204.42,121303.43,83792.01,50186.05,17955.3,138130.54,92886.98,375779.73,-128474.59
1f5fde24-0fb2-4dd8-8575-b6e0f8595922,3592f728-76b2-471d-8c46-86b264b33dfe,OI-2023,Chile,116218.19,195246.56,70325.36,86123.6,26387.91,123554.2,94645.96,6032859.72,5436576.13
60f6201d-dbdf-4f27-82d8-c9b20dbae7cb,3592f728-76b2-471d-8c46-86b264b33dfe,PV-2023,Maíz,111913.05,188013.92,115517.8,78141.44,33210.43,161261.08,44581.16,530543.41,-90182.42
05e9d1a8-6777-44ea-9e36-e244c2e72650,3592f728-76b2-471d-8c46-86b264b33dfe,OI-2024,Uva,80254.38,134827.36,117938.54,67092.66,55911.67,112510.93,101999.87,6556969.39,5966688.37
82a3dad0-3556-4266-9953-1ba6c20e0e21,3592f728-76b2-471d-8c46-86b264b33dfe,PV-2024,Chile,73726.75,123860.95,113037.33,43090.52,66298.65,60802.09,55306.99,4424927.5,3962530.97
1e72a12b-45ac-483c-9ef7-596481a10672,3592f728-76b2-471d-8c46-86b264b33dfe,OI-2025,Frijol,67710.99,113754.46,83872.55,27886.83,25953.49,86398.3,49549.19,380196.55,-7218.26
7dd9c011-9baa-4be6-b975-7a93118cb95d,3592f728-76b2-471d-8c46-86b264b33dfe,PV-2025,Algodón,82001.29,137762.17,113759.94,68603.91,57565.41,59484.15,74370.5,1953898.97,1442352.89
b88da26b-dd2f-44f3-b431-3f0bc7024f59,6e1d231a-7c6d-466d-b23f-8de651b9faf6,OI-2021,Frijol,37020.89,62195.1,37760.19,25093.39,34981.34,33398.17,51484.88,185341.22,-59571.84
3cb34077-4669-46b4-b197-9e50522d36e6,6e1d231a-7c6d-466d-b23f-8de651b9faf6,PV-2021,Maíz,56840.6,95492.21,63172.48,34447.8,23819.44,73326.62,52447.35,307276.13,-35429.76
12d70c3d-940c-40f8-a814-895c00902f3b,6e1d231a-7c6d-466d-b23f-8de651b9faf6,OI-2022,Maíz,33943.55,57025.17,53078.88,12379.72,20847.66,51035.64,44557.75,369710.81,130785.99
ce8b62ab-09da-4389-8815-4a1d434a636c,6e1d231a-7c6d-466d-b23f-8de651b9faf6,PV-2022,Maíz,54094.98,90879.56,56410.37,40423.96,45588.88,64392.57,74541.27,371615.79,-620.82
1f9be534-8d0b-4606-98cf-4646afd23965,6e1d231a-7c6d-466d-b23f-8de651b9faf6,OI-2023,Maíz,65149.97,109451.94,67750.12,32653.05,28425.39,46321.32,67424.36,365749.32,13723.14
cbf07c8b-aada-43fb-8a9d-85d5e4a96c06,6e1d231a-7c6d-466d-b23f-8de651b9faf6,PV-2023,Algodón,61407.05,103163.85,52669.45,20607.78,18588.27,51222.47,71819.62,1186999.45,868928.02
823ed922-0ec5-40e8-81f1-83cd87a5e47a,6e1d231a-7c6d-466d-b23f-8de651b9faf6,OI-2024,Maíz,32873.0,55226.64,35484.43,53401.86,23813.13,75409.2,56826.75,356598.13,56436.11
17f8de08-9241-4871-b256-bf87c0b56775,6e1d231a-7c6d-466d-b23f-8de651b9faf6,PV-2024,Algodón,44836.52,75325.35,37862.59,36194.46,19602.56,55392.83,43687.48,1762474.69,1494409.43
8b60f40a-b3a6-4a6c-a99b-267a021fed27,6e1d231a-7c6d-466d-b23f-8de651b9faf6,OI-2025,Uva,71626.21,120332.03,70193.86,44984.89,19005.07,63461.03,64821.57,3840449.03,3457650.58
9311bc96-d96f-4137-a338-048d79a7f0fc,6e1d231a-7c6d-466d-b23f-8de651b9faf6,PV-2025,Uva,47975.46,80598.77,63092.86,35501.13,28151.98,57749.94,21163.99,2056028.2,1769769.53
11652154-95dc-4f8b-8b9f-c3732cabcac6,d88385c8-4b9e-45eb-9816-10d6e78cee59,OI-2021,Maíz,112026.77,188204.97,55987.28,111273.57,62085.42,146573.92,174672.41,936286.05,197488.49
bf7c951c-d65f-4f98-985a-81e952cfbcb5,d88385c8-4b9e-45eb-9816-10d6e78cee59,PV-2021,Uva,122124.17,205168.61,142296.17,45115.42,55825.03,156508.49,50879.6,8701937.2,8046143.89
e6475853-824a-42a3-9541-7b6cc12f7883,d88385c8-4b9e-45eb-9816-10d6e78cee59,OI-2022,Maíz,149468.58,251107.21,173251.28,75323.43,63365.59,178375.3,105977.99,776773.89,-70626.9
bd3dbc2f-bd7f-4afd-a4f5-d97d522f801c,d88385c8-4b9e-45eb-9816-10d6e78cee59,PV-2022,Maíz,72418.4,121662.91,84376.27,74520.88,60133.73,80364.98,128615.56,1022740.86,473066.52
e51fe7d3-d82c-45f8-bdfa-5c37821a0198,d88385c8-4b9e-45eb-9816-10d6e78cee59,OI-2023,Uva,154539.57,259626.48,65809.53,82851.07,37834.13,148955.71,90472.65,7391865.58,6706316.02
b3082f06-9ec8-4d26-966d-0e2b0a85c5b5,d88385c8-4b9e-45eb-9816-10d6e78cee59,PV-2023,Algodón,79419.74,133425.17,149114.61,59522.23,36471.46,113281.53,64636.92,2695624.49,2139172.56
ddae6126-bae4-4a92-a652-ace275c7b866,d88385c8-4b9e-45eb-9816-10d6e78cee59,OI-2024,Uva,83792.9,140772.08,52004.31,85964.33,43563.7,102796.61,125002.04,9216000.48,8665897.41
62b88ee0-f1d1-45da-8d3c-69fdb2480ad7,d88385c8-4b9e-45eb-9816-10d6e78cee59,PV-2024,Uva,97128.46,163175.81,117122.35,78979.64,91804.9,91683.92,105400.18,6579540.0,5931373.21
72efec24-93c4-4453-95c0-68f0639fdce7,d88385c8-4b9e-45eb-9816-10d6e78cee59,OI-2025,Uva,71099.5,119447.15,119318.15,79814.87,37784.63,129430.85,117123.95,5216736.64,4613817.04
3579f018-cf39-407b-ac35-25172c306f77,d88385c8-4b9e-45eb-9816-10d6e78cee59,PV-2025,Algodón,71227.04,119661.43,130947.13,39549.08,37426.54,189453.7,155011.31,2662294.41,1990245.22
f9911baa-6b64-44bd-9e09-09274d7aec3b,17040aa5-c01d-410a-b707-888eabdbfda6,OI-2021,Chile,159032.93,267175.32,148003.96,38612.99,94248.06,154286.98,160174.05,5925233.32,5062731.96
a5c35ddc-cf55-4f8a-a253-b90294bb3f44,17040aa5-c01d-410a-b707-888eabdbfda6,PV-2021,Maíz,98338.86,165209.29,108936.18,34805.2,40216.92,168413.59,114284.73,823731.82,191865.91
cbf752b3-cfd3-4344-8c82-1ef935b6440b,17040aa5-c01d-410a-b707-888eabdbfda6,OI-2022,Frijol,154765.42,260005.9,190460.37,80358.61,49778.89,145760.2,104427.72,465935.92,-364855.77
429c5d00-6152-4178-bd18-410695655bf7,17040aa5-c01d-410a-b707-888eabdbfda6,PV-2022,Maíz,51545.29,86596.09,132353.33,108207.04,49367.29,187687.4,99699.02,902394.09,238483.91
861fb0ea-f6b4-47cd-b118-cbb2d7c152a2,17040aa5-c01d-410a-b707-888eabdbfda6,OI-2023,Maíz,60786.93,102122.04,88727.46,124209.83,68299.04,178620.14,103828.63,933775.77,267968.62
d2457e1a-160e-47aa-a884-7c6682bea3f7,17040aa5-c01d-410a-b707-888eabdbfda6,PV-2023,Chile,134019.44,225152.66,92041.99,84591.96,53030.74,173067.7,126024.78,7613879.58,6859969.75
20829c31-d727-4739-aadb-21e9ab98f596,17040aa5-c01d-410a-b707-888eabdbfda6,OI-2024,Maíz,95306.26,160114.52,106859.05,32689.74,36668.67,134155.54,130916.81,912284.85,310880.52
4cce44c0-46c9-4de3-a6cf-04af88f19184,17040aa5-c01d-410a-b707-888eabdbfda6,PV-2024,Maíz,155152.29,260655.85,85317.9,90286.18,82033.09,191631.55,121978.34,918806.28,86903.37
c242c403-4463-4c49-a151-271350052872,17040aa5-c01d-410a-b707-888eabdbfda6,OI-2025,Uva,121862.23,204728.55,120030.42,67975.72,68453.02,78935.79,122331.79,4306920.68,3644465.4
867fcc85-2064-4699-9fca-fbc1487aa401,17040aa5-c01d-410a-b707-888eabdbfda6,PV-2025,Uva,93271.59,156696.28,100207.04,45258.84,71918.47,134096.14,68517.45,9910797.54,9334103.33
6a3f4e2c-95fa-4583-b0c1-18768a34daef,6455e61d-8caf-4f10-939c-43bfc496bba0,OI-2021,Algodón,271004.55,455287.65,276749.36,198171.32,98847.1,314911.81,327174.6,6001731.98,4330590.13
2a56d36e-65ea-4dbd-82ae-7e691d1d294b,6455e61d-8caf-4f10-939c-43bfc496bba0,PV-2021,Chile,311407.35,523164.35,363658.88,211024.78,69433.18,407179.92,180140.97,11651342.2,9896740.12
44180ec9-0928-462b-b1c7-070fcc7002b0,6455e61d-8caf-4f10-939c-43bfc496bba0,OI-2022,Algodón,119713.13,201118.06,123910.59,220063.7,121061.29,190298.24,268388.18,6694837.37,5569997.32
ef5f4efc-55e7-4dd9-9283-c006fd1cc16c,6455e61d-8caf-4f10-939c-43bfc496bba0,PV-2022,Chile,269992.77,453587.86,288425.98,91428.25,213648.6,209806.41,108604.12,12743160.69,11377659.47
16fbb993-3b86-4e82-8fa3-ee701045a8f8,6455e61d-8caf-4f10-939c-43bfc496bba0,OI-2023,Uva,251467.4,422465.23,347175.25,163618.61,149315.68,407882.83,306613.45,13947453.8,12150382.76
14c84e67-0492-4305-b683-f3c90fa62b3f,6455e61d-8caf-4f10-939c-43bfc496bba0,PV-2023,Algodón,277856.14,466798.31,322840.15,164521.81,46351.5,230104.37,113992.54,4285552.92,2940944.24
59a8c349-6f3c-491e-aa26-b2a301c22a61,6455e61d-8caf-4f10-939c-43bfc496bba0,OI-2024,Chile,116237.94,195279.74,226987.43,105924.04,215612.41,312874.57,215213.43,14574464.22,13302572.6
a6c5fb02-103e-466e-b1cb-a2e87f159045,6455e61d-8caf-4f10-939c-43bfc496bba0,PV-2024,Chile,298564.21,501587.87,276633.4,294639.64,129429.12,197147.53,364160.82,13764412.42,12000814.05
d25e5fcb-f28c-4bda-9a27-bc5785e075e9,6455e61d-8caf-4f10-939c-43bfc496bba0,OI-2025,Maíz,282782.48,475074.56,167125.26,221459.67,76317.95,383738.28,356168.58,1501365.76,-178518.53
fa89892a-3bfb-43ca-b072-d3437353507d,6455e61d-8caf-4f10-939c-43bfc496bba0,PV-2025,Maíz,256917.69,431621.71,258562.28,186697.14,84551.88,229388.87,95160.09,1762248.05,476266.08
239a6dce-1f36-4dbd-bd14-0ca57d04ddff,110e99d5-e49b-4fdc-9245-75e5e3cdda0a,OI-2021,Algodón,152053.31,255449.56,86058.9,182541.55,112469.1,223118.42,218886.08,4140515.83,3061992.22
f1d3c6db-835a-47a8-870f-f339a71ec8f6,110e99d5-e49b-4fdc-9245-75e5e3cdda0a,PV-2021,Frijol,251948.21,423273.0,219140.11,88713.2,40390.23,289054.53,110516.35,815059.89,-356027.54
86893d87-bf06-4fb0-8835-fcc07222893e,110e99d5-e49b-4fdc-9245-75e5e3cdda0a,OI-2022,Algodón,189692.15,318682.81,210825.68,133297.61,78557.1,233396.06,109356.55,2801833.38,1717717.57
bba01cfe-192e-4ec1-b2a0-376f1335cba9,110e99d5-e49b-4fdc-9245-75e5e3cdda0a,PV-2022,Frijol,225493.39,378828.9,148818.3,148398.89,121079.1,170593.85,192530.39,705338.47,-454910.95
1b2bd7ce-d30b-43be-a4cb-1152b5e60ffd,110e99d5-e49b-4fdc-9245-75e5e3cdda0a,OI-2023,Uva,235369.03,395419.97,210043.34,105401.02,61322.91,166158.34,159961.83,12690945.87,11592638.46
1d83e224-cd7a-4aca-b307-65f0c2b0c28f,110e99d5-e49b-4fdc-9245-75e5e3cdda0a,PV-2023,Algodón,130543.38,219312.88,286599.88,115718.84,70756.9,323021.15,238478.57,4295677.67,3041789.45
f701e18a-0a96-4eb7-8d77-657df1142159,110e99d5-e49b-4fdc-9245-75e5e3cdda0a,OI-2024,Frijol,181193.51,304405.09,138035.22,108814.62,78154.22,270103.6,184163.21,742787.67,-340888.28
b71203cd-9ead-4080-a698-eeb95cbf4bf3,110e99d5-e49b-4fdc-9245-75e5e3cdda0a,PV-2024,Uva,125108.54,210182.34,218612.66,185467.63,102998.8,246045.54,287134.78,13482250.76,12231809.01
62885460-ad3a-4df4-8a55-26e10d5c5090,110e99d5-e49b-4fdc-9245-75e5e3cdda0a,OI-2025,Maíz,159912.38,268652.8,250223.65,138263.5,64744.19,206111.69,146910.47,1180229.42,105323.12
6c177380-7bff-4e8d-b892-b86446f26582,110e99d5-e49b-4fdc-9245-75e5e3cdda0a,PV-2025,Algodón,230000.47,386400.79,202331.55,78519.23,56670.86,143132.69,171710.56,4511958.09,3473192.41
c5614205-7228-4a70-85a4-eefa74400040,0434faa6-0ac6-4466-bf7e-b1e0490a88c1,OI-2021,Frijol,170980.05,287246.48,161384.41,102555.35,84110.96,76293.43,156624.36,494128.97,-374086.02
f18e1f77-5963-4630-b426-98a78f3bce29,0434faa6-0ac6-4466-bf7e-b1e0490a88c1,PV-2021,Maíz,189844.39,318938.57,141168.82,62040.41,39142.82,176599.78,115879.42,992753.16,138983.34
0021fbf5-d8d4-4d08-b6d0-6affe3459a15,0434faa6-0ac6-4466-bf7e-b1e0490a88c1,OI-2022,Algodón,112139.83,188394.92,138608.53,110508.69,55317.42,148797.45,83873.13,3399339.06,2673838.91
bc7a5730-00b6-477b-ab42-41044c9bec7d,0434faa6-0ac6-4466-bf7e-b1e0490a88c1,PV-2022,Algodón,90096.23,151361.67,106638.85,91888.72,76845.03,62150.3,190443.81,2560243.47,1880915.1
de6e9c77-34f0-461e-b057-d427b5a8fddb,0434faa6-0ac6-4466-bf7e-b1e0490a88c1,OI-2023,Uva,116649.41,195971.01,88303.73,52993.73,91247.8,72793.93,105882.09,8984996.45,8377804.17
08ff5b3b-1cf2-488f-9eb4-f1ac5c3365f0,0434faa6-0ac6-4466-bf7e-b1e0490a88c1,PV-2023,Algodón,98233.44,165032.18,174713.38,89427.3,62203.02,123286.61,147276.98,3145051.06,2383111.59
b89cecd4-9d19-4f48-a421-fe3497688e27,0434faa6-0ac6-4466-bf7e-b1e0490a88c1,OI-2024,Algodón,175837.49,295406.98,73034.81,55702.02,93033.1,229743.14,98614.86,3445352.76,2599817.86
46d0a90b-cde6-4102-924f-2e149e64ca7f,0434faa6-0ac6-4466-bf7e-b1e0490a88c1,PV-2024,Chile,149184.21,250629.48,186430.83,104304.18,85642.08,193602.55,158577.1,6768050.68,5788864.46
fd4a1112-23ec-4c39-bcda-5633019006cb,0434faa6-0ac6-4466-bf7e-b1e0490a88c1,OI-2025,Maíz,91609.43,153903.84,102383.18,131172.46,68407.36,127300.32,138936.62,970322.73,248218.95
b2115491-bed2-41a6-88b5-d4986d342798,0434faa6-0ac6-4466-bf7e-b1e0490a88c1,PV-2025,Maíz,123195.2,206967.93,131596.4,69377.21,65611.5,134911.89,137341.51,869220.52,123414.09
dc3a5299-40e0-415e-9e95-ad3604d0f3d3,f1f61c27-c2a8-4515-87a8-f83ec5642de8,OI-2021,Chile,354728.26,595943.48,357116.89,280649.08,123760.91,314176.77,269753.95,15242944.63,13301543.54
f3db147d-b792-4b0a-b800-a63bf14fa69c,f1f61c27-c2a8-4515-87a8-f83ec5642de8,PV-2021,Chile,300817.95,505374.15,363299.26,174452.48,205713.32,467472.49,162976.91,16344497.3,14465208.69
4c958a02-1d96-49a5-b5ff-a4f6dcba3d9b,f1f61c27-c2a8-4515-87a8-f83ec5642de8,OI-2022,Chile,300474.12,504796.53,212207.92,151857.47,158408.26,485954.8,330047.67,13602641.6,11759368.96
14faacb2-23fc-45b4-ac48-43b1ae709748,f1f61c27-c2a8-4515-87a8-f83ec5642de8,PV-2022,Uva,257839.66,433170.64,290562.89,152646.21,75493.86,421461.91,171944.22,15648877.74,14103598.02
81f65f91-67ca-4b9e-8220-6068a0e8674f,f1f61c27-c2a8-4515-87a8-f83ec5642de8,OI-2023,Frijol,352691.28,592521.36,284619.05,202359.7,213859.33,377811.92,170649.25,969658.32,-872162.29
5eaa40d0-ba7b-4406-a827-bedf2ff6a378,f1f61c27-c2a8-4515-87a8-f83ec5642de8,PV-2023,Algodón,291457.83,489649.16,293943.65,231650.79,81540.07,420098.25,286029.04,8472302.17,6669391.2
1d7d8e1b-621e-4aba-9952-5f00c8e9e7a2,f1f61c27-c2a8-4515-87a8-f83ec5642de8,OI-2024,Frijol,322477.38,541762.0,322158.36,158219.4,223459.49,290606.35,266001.57,1104785.71,-697421.45
7eff3b8e-0b4b-4633-8e1c-98d3480b1c3c,f1f61c27-c2a8-4515-87a8-f83ec5642de8,PV-2024,Algodón,194092.84,326075.97,203581.89,222976.86,208436.76,376946.7,268238.21,6637106.83,5030850.44
c32bdd9d-7797-4892-a003-cc8a3c5f8257,f1f61c27-c2a8-4515-87a8-f83ec5642de8,OI-2025,Chile,171530.85,288171.83,369503.85,226523.16,131753.15,228415.49,174645.37,16695333.96,15276321.11
d299277d-88ad-4e01-a8ae-d5fc7438de8f,f1f61c27-c2a8-4515-87a8-f83ec5642de8,PV-2025,Chile,336141.68,564718.02,400900.41,232798.29,164021.38,447924.85,278915.95,13994934.7,11905655.79
5b8f9795-ae16-4ecc-8a32-7f91dceda7f6,84862e04-c039-458d-ac28-4337f2a4dbd5,OI-2021,Uva,63372.21,106465.3,48460.59,32914.66,11917.82,55779.3,39958.33,1956933.36,1661437.34
24811f00-4153-440c-b9e8-3aee96c7707e,84862e04-c039-458d-ac28-4337f2a4dbd5,PV-2021,Uva,38144.15,64082.18,27459.23,52227.72,21492.75,74695.6,51559.24,2672259.73,2380743.0
397b081e-fb92-4384-b1b1-a498eb0af7ca,84862e04-c039-458d-ac28-4337f2a4dbd5,OI-2022,Frijol,21920.29,36826.09,47542.75,50871.69,23072.69,42055.0,38058.17,186817.0,-51609.4
b6b70cf1-1194-40b5-8c86-621598f07a75,84862e04-c039-458d-ac28-4337f2a4dbd5,PV-2022,Chile,68269.07,114692.04,53391.24,36110.0,24217.22,42794.2,43173.77,2088940.34,1774561.87
fdc8c9c2-9ea4-4eaf-85c7-d30bd369c406,84862e04-c039-458d-ac28-4337f2a4dbd5,OI-2023,Frijol,57606.04,96778.14,43189.54,41850.44,19998.11,53796.14,33082.04,225856.78,-62837.64
5814bc22-8bc1-40c0-811a-d3804820ed45,84862e04-c039-458d-ac28-4337f2a4dbd5,PV-2023,Algodón,50119.49,84200.74,24767.15,44526.7,23017.44,60593.34,37779.41,1166876.83,891992.05
26103327-dadb-40e9-8100-53fbcf520ab4,84862e04-c039-458d-ac28-4337f2a4dbd5,OI-2024,Algodón,36995.48,62152.4,24255.01,38451.85,32636.38,50336.49,31103.42,878134.64,639199.08
486cb2fc-5b73-43b3-9c4e-a31b25694f76,84862e04-c039-458d-ac28-4337f2a4dbd5,PV-2024,Uva,56074.14,94204.56,73684.86,33461.43,42988.42,41434.42,30492.95,4035893.64,3719626.99
78570326-f280-4207-a9bf-86faa40f155f,84862e04-c039-458d-ac28-4337f2a4dbd5,OI-2025,Chile,40200.7,67537.18,37643.18,39663.84,14691.23,69390.67,51764.84,2513334.78,2232643.84
5227196b-36d4-4079-842b-1da9253d0b6d,84862e04-c039-458d-ac28-4337f2a4dbd5,PV-2025,Frijol,50014.64,84024.6,31057.66,31842.56,15178.81,52158.26,33627.48,211190.4,-36698.96
6aba87a4-516d-438a-909f-fa9a0fa3ff5a,2bd9c0f3-366d-4de6-a41d-ba1dc3b5496e,OI-2021,Maíz,62416.64,104859.95,81358.95,61722.24,24886.87,85117.57,66210.66,486401.86,62245.62
a26548f8-3e3e-4695-a6f2-6a2a650064ff,2bd9c0f3-366d-4de6-a41d-ba1dc3b5496e,PV-2021,Uva,66639.95,111955.11,90838.41,40578.08,22999.97,85805.61,51018.27,4010088.59,3606893.15
2b830951-ad34-46ec-9409-c53a30c98b52,2bd9c0f3-366d-4de6-a41d-ba1dc3b5496e,OI-2022,Algodón,44559.11,74859.31,38336.84,59314.68,16807.25,37259.47,68844.25,1570943.72,1275521.92
3d320be5-29f5-44b7-b806-7377e89c2669,2bd9c0f3-366d-4de6-a41d-ba1dc3b5496e,PV-2022,Algodón,73584.98,123622.77,53979.23,54567.72,52029.34,83069.7,88885.38,1496493.92,1040339.78
8c3ae497-646a-4e4d-872d-3f355fdfa7a1,2bd9c0f3-366d-4de6-a41d-ba1dc3b5496e,OI-2023,Uva,63526.1,106723.84,71035.65,50443.95,14135.91,91173.74,55286.53,4705248.08,4316448.45
38ab7641-ef58-42ef-8f99-c4779f93db80,2bd9c0f3-366d-4de6-a41d-ba1dc3b5496e,PV-2023,Maíz,60335.95,101364.39,24069.22,48886.15,25050.92,93570.22,70104.04,466960.8,103915.87
b852aedd-91e8-4014-ae59-1dbfc84cf08f,2bd9c0f3-366d-4de6-a41d-ba1dc3b5496e,OI-2024,Chile,39389.99,66175.19,46989.46,42909.56,61127.65,55110.49,41277.14,3063689.43,2750099.94
627b0508-254f-43e1-bb18-f542f4b75c39,2bd9c0f3-366d-4de6-a41d-ba1dc3b5496e,PV-2024,Frijol,61966.37,104103.5,77919.14,54597.61,34238.39,78520.81,51059.93,254578.87,-145860.49
8a9c073f-61fe-48a2-9179-7f3bfcad6bcb,2bd9c0f3-366d-4de6-a41d-ba1dc3b5496e,OI-2025,Maíz,45820.25,76978.02,45315.88,42304.25,50677.01,127809.66,67595.41,443737.42,33057.19
318d6814-cfd3-4229-8e45-cdae11b7bf5b,2bd9c0f3-366d-4de6-a41d-ba1dc3b5496e,PV-2025,Uva,64723.21,108735.0,58621.26,50031.41,44715.63,61786.57,55377.01,4904707.55,4525440.68
7b30b05e-d4aa-4b9f-91d8-005a9a322438,28b7273a-4fa1-48db-9372-3de80f7a3002,OI-2021,Uva,67018.81,112591.6,57812.65,30320.16,20225.55,49630.75,54346.49,4046282.61,3721355.4
7094516a-41a1-49ca-82c2-f5068bef4d5a,28b7273a-4fa1-48db-9372-3de80f7a3002,PV-2021,Frijol,74563.19,125266.15,69472.35,32844.57,22812.7,57806.58,45365.29,227490.99,-126076.66
d79e4227-1008-4213-92d7-ec737f7ade39,28b7273a-4fa1-48db-9372-3de80f7a3002,OI-2022,Frijol,40942.89,68784.06,66076.97,35762.31,24159.3,93017.09,51189.17,233994.05,-104994.86
e3d2893e-80d8-4b6f-9217-eb196c4f052d,28b7273a-4fa1-48db-9372-3de80f7a3002,PV-2022,Chile,73832.47,124038.55,38259.98,58182.99,38522.01,71409.51,59843.79,3132856.54,2742599.71
5f8e51fa-3051-49d2-9344-b4b92d11f33d,28b7273a-4fa1-48db-9372-3de80f7a3002,OI-2023,Frijol,57291.6,96249.89,40573.42,57842.54,34881.77,31493.63,48623.81,246007.56,-63657.51
3996c585-22e0-4c4b-948d-7b66c6277889,28b7273a-4fa1-48db-9372-3de80f7a3002,PV-2023,Uva,52543.73,88273.47,61026.25,62498.59,17874.56,72749.31,40826.01,4406137.11,4062888.91
aa9f932b-6dc5-49f0-8f71-54418f06a64b,28b7273a-4fa1-48db-9372-3de80f7a3002,OI-2024,Algodón,31689.98,53239.17,36465.83,27060.43,23659.41,43147.25,29668.83,832886.92,619646.01
85881995-525a-4f85-b687-4b4a8b7a9f1c,28b7273a-4fa1-48db-9372-3de80f7a3002,PV-2024,Algodón,50759.2,85275.46,82985.68,43724.93,39938.47,44400.43,58706.26,1500160.28,1145129.05
19d1e91d-8269-40d5-b16e-975c343879ed,28b7273a-4fa1-48db-9372-3de80f7a3002,OI-2025,Maíz,56485.06,94894.9,38874.66,20120.83,32212.06,84004.4,52077.85,303944.25,-18240.46
9dacffb2-a227-49a5-857d-9b0bef024a6c,28b7273a-4fa1-48db-9372-3de80f7a3002,PV-2025,Uva,57477.33,96561.92,48787.12,45860.98,44754.56,37840.75,38882.41,3966363.55,3653675.82
048618c8-7b65-437f-bab4-4dc3e563db04,2806f43a-b402-42bd-8b82-02cabf484236,OI-2021,Chile,83251.64,139862.76,112826.84,67579.52,39033.29,108002.44,107232.34,4371641.34,3797104.16
ed694af8-3eb7-4e00-9e2c-9f18b603229c,2806f43a-b402-42bd-8b82-02cabf484236,PV-2021,Uva,99155.21,166580.75,89198.76,35480.47,33569.75,78913.87,33979.72,5190865.69,4753142.37
1b9c040d-52bd-4c9e-8401-a990703b0a2f,2806f43a-b402-42bd-8b82-02cabf484236,OI-2022,Maíz,88893.16,149340.51,66902.1,81993.33,30321.85,85980.34,48629.02,574835.36,111668.21
8ab89d4a-73b8-42e3-82dd-6094a5ba7f7d,2806f43a-b402-42bd-8b82-02cabf484236,PV-2022,Frijol,57139.81,95994.89,51000.32,53734.84,40140.89,106338.07,84255.52,426151.66,-5312.87
975d2a38-2eaa-4db6-a3d9-fa6076a3eba9,2806f43a-b402-42bd-8b82-02cabf484236,OI-2023,Chile,89154.71,149779.9,101151.09,44650.87,71753.54,112424.6,57003.29,2395150.45,1858387.16
527d4654-fbed-40b4-9116-2fd6ee8b5d83,2806f43a-b402-42bd-8b82-02cabf484236,PV-2023,Uva,52912.62,88893.21,60981.4,34308.53,42289.66,109680.33,89657.77,5421687.3,4995876.4
dc287a0b-030b-49ec-bab5-309e9937db34,2806f43a-b402-42bd-8b82-02cabf484236,OI-2024,Frijol,58045.44,97516.33,42863.13,32360.56,52893.2,150485.09,87424.99,293513.02,-170030.28
6081ae5e-cb64-4eeb-917c-e9b177419b39,2806f43a-b402-42bd-8b82-02cabf484236,PV-2024,Frijol,58776.16,98743.95,99302.02,49021.5,57116.56,83276.67,77637.13,343178.87,-121918.96
5c0f7be5-2008-4ef3-9c98-37e3ffb20f2c,2806f43a-b402-42bd-8b82-02cabf484236,OI-2025,Chile,95603.84,160614.46,57920.38,40503.72,30046.86,145940.58,103050.71,3550988.79,3012912.08
b7c1f940-6baa-4bb1-a0d8-7ec0dd25b313,2806f43a-b402-42bd-8b82-02cabf484236,PV-2025,Uva,58740.17,98683.49,84780.5,64517.59,43688.59,117963.12,80665.66,5504710.42,5014411.47
b0b53b9f-84fb-49b3-a7eb-6219d53e305b,a7af1a60-ec79-4e98-826b-a73dcc19a9eb,OI-2021,Algodón,140930.0,236762.4,209509.07,111982.63,56331.04,153031.1,144355.26,3613823.2,2701851.7
975c4ad8-cd3b-4a7f-8f8b-d683228e797c,a7af1a60-ec79-4e98-826b-a73dcc19a9eb,PV-2021,Frijol,138622.49,232885.78,233832.63,80150.8,95937.94,172612.15,95542.37,726183.13,-184778.54
2b02e108-23f6-421c-8c11-8f821f65ced3,a7af1a60-ec79-4e98-826b-a73dcc19a9eb,OI-2022,Uva,171066.84,287392.29,219862.13,96998.08,57861.99,150519.53,170587.38,11043716.95,10060495.57
f90669a6-e90b-4774-9b19-c3ef64af5477,a7af1a60-ec79-4e98-826b-a73dcc19a9eb,PV-2022,Maíz,203361.24,341646.88,232243.64,46430.06,80404.06,305533.18,102538.18,1193750.42,84954.43
e8e68946-6306-40b6-8f10-8a5be11aef96,a7af1a60-ec79-4e98-826b-a73dcc19a9eb,OI-2023,Frijol,79905.92,134241.95,168175.3,94334.0,52568.29,188112.95,151385.67,748313.62,-40504.56
a070cdd3-0491-485d-8718-9f1d856ffb03,a7af1a60-ec79-4e98-826b-a73dcc19a9eb,PV-2023,Algodón,164687.79,276675.49,118347.41,122511.32,66509.84,213110.17,164793.49,3136018.15,2174070.42
db8cf39b-c90d-4787-8882-8b86b7d5a462,a7af1a60-ec79-4e98-826b-a73dcc19a9eb,OI-2024,Algodón,149988.85,251981.28,190068.33,79222.23,58750.86,114239.82,135437.77,3465034.84,2635334.55
165c9691-40f1-44fb-b3f0-aa6a5972fb47,a7af1a60-ec79-4e98-826b-a73dcc19a9eb,PV-2024,Chile,144268.08,242370.37,121548.75,112791.95,89493.44,227605.03,146597.17,9463214.23,8522807.52
597e0cb4-60a7-439c-8e78-44edd5a6f3fe,a7af1a60-ec79-4e98-826b-a73dcc19a9eb,OI-2025,Frijol,126510.4,212537.47,187784.31,156605.48,113386.1,175490.39,193355.53,773933.12,-265226.16
c2367220-336e-4fef-a99b-ac6e91c267d1,a7af1a60-ec79-4e98-826b-a73dcc19a9eb,PV-2025,Chile,219213.77,368279.13,112888.56,91796.77,103082.05,194358.57,131435.21,8689445.23,7687604.94
42336798-1414-477d-8cea-359bdb1baaa7,a32a002d-da6e-42a1-94ea-8bdd8df754e1,OI-2021,Uva,67909.08,114087.25,116376.99,54513.63,48521.61,138796.27,102459.04,6962910.96,6388156.17
20053bdc-8058-41dd-86ec-e12d220930e5,a32a002d-da6e-42a1-94ea-8bdd8df754e1,PV-2021,Uva,123747.59,207895.96,59603.49,67401.27,43514.58,124620.98,59129.91,5795949.94,5233783.75
5c7690b4-59e9-43e2-bb0a-8deced68e284,a32a002d-da6e-42a1-94ea-8bdd8df754e1,OI-2022,Algodón,48354.97,81236.35,130592.55,86976.34,47955.13,147066.02,77564.89,1627551.9,1056160.61
c93d2a88-7c8b-4dc7-859d-bc74d1a6fe30,a32a002d-da6e-42a1-94ea-8bdd8df754e1,PV-2022,Frijol,88024.23,147880.71,135640.15,70558.61,25851.95,144453.45,65919.9,416131.47,-174173.31
d405a967-3f67-4585-8d74-1fa561aea1a7,a32a002d-da6e-42a1-94ea-8bdd8df754e1,OI-2023,Maíz,95149.55,159851.24,97920.67,79913.46,51585.13,52185.37,55248.17,550105.17,53401.14
c905e8ef-69e0-4a6e-982b-b776ba24feb0,a32a002d-da6e-42a1-94ea-8bdd8df754e1,PV-2023,Chile,106835.56,179483.74,119864.08,33289.43,26932.3,111076.71,114923.89,3829597.8,3244027.64
1fc71c18-bb71-4231-a858-dae4b25d8e6b,a32a002d-da6e-42a1-94ea-8bdd8df754e1,OI-2024,Uva,47934.02,80529.15,67618.93,47271.55,21420.75,60195.52,91658.6,6883104.07,6514409.57
6bc9689e-74d8-4087-b334-1b5873b51e86,a32a002d-da6e-42a1-94ea-8bdd8df754e1,PV-2024,Uva,83513.46,140302.61,92956.48,60259.76,56000.29,112988.37,72999.92,5385789.79,4850282.37
051b6fe6-11bd-4cc3-89e1-1b1acac1823c,a32a002d-da6e-42a1-94ea-8bdd8df754e1,OI-2025,Frijol,73715.88,123842.67,115116.3,30763.01,26797.1,93951.1,119498.3,317844.93,-192123.55
0bf4373d-4a1f-473b-a17f-2fbf315f44a5,a32a002d-da6e-42a1-94ea-8bdd8df754e1,PV-2025,Maíz,96527.03,162165.41,87739.57,87357.53,40475.53,96325.69,93128.7,569867.19,2674.77
fa8deedf-d8ce-44da-a980-28b651884c86,e26db415-b822-4431-a95e-0515c3451f73,OI-2021,Maíz,60391.23,101457.27,71000.22,42832.34,32955.3,92744.68,23694.84,381565.74,16881.1
618e0b20-a8e5-4099-ae24-e4cc9bf3d77b,e26db415-b822-4431-a95e-0515c3451f73,PV-2021,Chile,54684.98,91870.77,75742.41,32487.94,21154.4,26265.64,65424.55,2779175.25,2466229.55
a2c7807b-a12c-4088-b741-3befeba08d01,e26db415-b822-4431-a95e-0515c3451f73,OI-2022,Algodón,41120.21,69081.95,79577.05,48960.25,44355.0,83687.56,65392.44,1482490.18,1091435.94
9cabca7d-9d8b-48f9-bb9a-61be89c469aa,e26db415-b822-4431-a95e-0515c3451f73,PV-2022,Algodón,50581.01,84976.1,73222.22,24688.79,15227.39,60169.1,77307.95,1682855.82,1347264.27
53943c7f-9fbd-4e76-979d-c0b7f3bb82a8,e26db415-b822-4431-a95e-0515c3451f73,OI-2023,Maíz,58952.43,99040.09,50967.92,30306.74,25445.73,65945.86,64590.64,328541.87,-7755.1
a0d46204-1ef1-4ffd-823a-f94eaf26c91c,e26db415-b822-4431-a95e-0515c3451f73,PV-2023,Maíz,41778.53,70187.93,43366.74,38342.89,29616.11,31636.99,27388.79,389225.76,148686.31
1430be5d-2a60-4dca-ad66-7ff25619f1af,e26db415-b822-4431-a95e-0515c3451f73,OI-2024,Algodón,44489.02,74741.56,32492.91,49412.51,33572.61,76381.28,23800.13,1517483.8,1227082.81
63a0615b-1187-42b5-a5d1-cdec2f2be653,e26db415-b822-4431-a95e-0515c3451f73,PV-2024,Maíz,52723.93,88576.2,51736.61,31049.58,47909.08,63662.02,25576.15,337527.63,29018.0
1ac05f6b-c41d-4dcb-bf4e-1eefc6824506,e26db415-b822-4431-a95e-0515c3451f73,OI-2025,Maíz,43061.65,72343.58,45642.53,40323.67,14966.15,67558.82,56227.81,392996.53,95933.97
02151cb4-ce37-48f7-8a3d-972f54768ef1,e26db415-b822-4431-a95e-0515c3451f73,PV-2025,Frijol,55827.05,93789.45,32509.86,39803.03,23752.02,89069.65,25089.54,258637.7,-45375.85
8c6aba7d-e9e9-4b6a-afc7-f901b07d0c40,e41f09df-92a9-4973-9fca-1571103ba530,OI-2021,Uva,138976.13,233479.9,131670.16,120827.82,117393.76,84477.72,141852.78,9033045.72,8203343.58
85fdb20b-e9b9-4f19-859a-6562592d4747,e41f09df-92a9-4973-9fca-1571103ba530,PV-2021,Maíz,128721.36,216251.88,177648.78,73992.11,58833.16,184548.95,64881.38,994406.96,218250.68
c99e53bf-6031-4a2c-8661-db0cbf9ccd22,e41f09df-92a9-4973-9fca-1571103ba530,OI-2022,Uva,90829.99,152594.38,178680.6,123214.82,40326.16,150554.26,67669.41,6656464.99,5943425.36
4c9db454-ac93-4624-bb22-a2cca8e67e25,e41f09df-92a9-4973-9fca-1571103ba530,PV-2022,Algodón,172179.18,289261.03,132152.14,98728.46,70799.28,173746.14,104212.13,2561044.34,1692145.15
de4baabd-4d40-4b2c-b272-8dc0550b06e3,e41f09df-92a9-4973-9fca-1571103ba530,OI-2023,Uva,189331.35,318076.67,69936.52,71509.49,105321.04,121774.62,177676.28,7074723.0,6210428.37
2ee81f01-a695-43c0-b05f-05ffb12029cf,e41f09df-92a9-4973-9fca-1571103ba530,PV-2023,Algodón,119921.09,201467.43,131849.24,87698.45,55800.0,157364.1,58599.09,2793026.47,2100248.17
0a84e40d-d555-4aa3-a9eb-83f65a79a7a5,e41f09df-92a9-4973-9fca-1571103ba530,OI-2024,Frijol,166147.25,279127.38,103425.08,128664.0,25710.55,210946.89,94901.61,454657.02,-388118.49
d187db3c-9ffc-4bb9-a689-6fb2cf39c18c,e41f09df-92a9-4973-9fca-1571103ba530,PV-2024,Frijol,121744.42,204530.63,172275.16,99908.31,57923.73,142828.68,71790.39,611061.15,-138195.74
d2dbf847-c6f9-4784-bffb-6ed3f017de21,e41f09df-92a9-4973-9fca-1571103ba530,OI-2025,Chile,44567.12,74872.77,74922.38,86670.41,112527.34,134734.1,171264.25,6432944.3,5777953.06
7e7df565-03f6-4fc4-81da-c890025ef653,e41f09df-92a9-4973-9fca-1571103ba530,PV-2025,Algodón,69667.34,117041.13,153172.79,72112.07,57556.04,96989.76,115318.1,2915197.85,2303007.96
