id_riego,id_parcela,id_ciclo,fecha_riego,cultivo,etapa_fenologica,eto_mm,kc,etc_mm,lamina_neta_mm,lamina_bruta_mm,eficiencia_riego,volumen_m3ha,volumen_total_m3,sobre_riego_pct,deficit_hidrico_mm,metodo_riego,costo_agua_mxn,costo_energia_mxn,energia_kwh,origen_decision,cumplimiento_fao56,alerta
9787d4c7-4226-431e-b6c7-fb12592c71d5,PAR-001,CIC-2025-PV,2025-03-09,Chile,Inicial,6.29,0.56,3.522,37.78,47.22,0.8,472.2,16763.1,32.0,0.0,Aspersion,28162.01,11898.13,5173.1,Experiencia del operador,False,
f703ea42-ad18-43cb-9b37-08e8422a6d7e,PAR-001,CIC-2025-PV,2025-03-17,Chile,Inicial,5.83,0.62,3.615,40.45,50.56,0.8,505.6,17948.8,32.0,0.0,Aspersion,30153.98,12739.7,5539.0,Experiencia del operador,False,
a571254f-7252-4263-8359-629a54024f9a,PAR-001,CIC-2025-PV,2025-03-18,Chile,Inicial,6.03,0.58,3.497,38.7,48.37,0.8,483.7,17171.3,32.0,0.0,Aspersion,28847.78,12187.93,5299.1,Manual,False,Eficiencia baja
a429df81-d7e5-4a6e-a505-7165dfb6d790,PAR-001,CIC-2025-PV,2025-03-27,Chile,Desarrollo,6.1,0.603,3.678,43.8,54.75,0.8,547.5,19436.2,32.0,0.0,Aspersion,32652.82,13795.4,5998.0,Manual,False,Eficiencia baja
dfcf4093-67ea-407a-8776-ea21ebdcb882,PAR-001,CIC-2025-PV,2025-04-13,Chile,Desarrollo,7.29,0.801,5.839,57.63,72.04,0.8,720.4,25574.2,8.0,41.63,Aspersion,42964.66,18152.06,7892.2,Experiencia del operador,True,
720f44cb-2b53-4e54-bedd-29e566ad68a6,PAR-001,CIC-2025-PV,2025-04-30,Chile,Desarrollo,7.55,1.05,7.928,79.4,99.25,0.8,992.5,35233.8,8.0,55.38,Aspersion,59192.78,25008.36,10873.2,Manual,True,
7e3f0244-4b23-4e57-b4b7-22bbc39f1682,PAR-001,CIC-2025-PV,2025-05-01,Chile,Media,8.43,1.06,8.936,69.15,86.44,0.8,864.4,30686.2,32.0,0.0,Aspersion,51552.82,21780.54,9469.8,Manual,False,
d1885177-0f30-4059-bcf2-3c8b9687f8a6,PAR-001,CIC-2025-PV,2025-05-26,Chile,Media,8.5,1.07,9.095,87.26,109.07,0.8,1090.7,38719.8,8.0,140.12,Aspersion,65049.26,27482.47,11948.9,Manual,False,Deficit acumulado
30b4301b-dbb5-477e-8794-feeb821f4c2f,PAR-001,CIC-2025-PV,2025-06-02,Chile,Media,9.07,1.02,9.251,72.59,90.74,0.8,907.4,32212.7,12.1,0.0,Aspersion,54117.34,22863.84,9940.8,Manual,False,
19247a14-6d3e-4799-af6e-1fbf0e9e2e13,PAR-001,CIC-2025-PV,2025-06-04,Chile,Media,9.18,1.02,9.364,80.15,100.19,0.8,1001.9,35567.4,32.0,0.0,Aspersion,59753.23,25245.03,10976.1,Manual,False,
a6bbd1d9-87e0-4142-915a-41e83040f4f1,PAR-001,CIC-2025-PV,2025-06-11,Chile,Final,9.1,1.068,9.719,75.22,94.02,0.8,940.2,33377.1,10.6,0.0,Aspersion,56073.53,23690.46,10300.2,Experiencia del operador,True,Eficiencia baja
0d9b1d99-2211-44f2-9378-3af3d7bc7c78,PAR-001,CIC-2025-PV,2025-06-25,Chile,Final,9.16,0.964,8.83,64.32,80.4,0.8,804.0,28542.0,8.0,59.3,Aspersion,47950.56,20258.63,8808.1,Manual,False,
60835c50-34a6-42fc-b3b8-65e069345df3,PAR-001,CIC-2025-PV,2025-06-29,Chile,Final,8.77,0.91,7.981,61.39,76.74,0.8,767.4,27242.7,32.0,0.0,Aspersion,45767.74,19336.33,8407.1,Tradicion,False,Eficiencia baja
2eb36bc7-e5a1-4a99-acaf-88c2d84d2244,PAR-002,CIC-2025-PV,2025-03-20,Frijol,Inicial,5.66,0.44,2.49,43.4,52.93,0.82,529.3,14079.4,8.0,3.91,Microaspersion,23653.39,9993.27,4344.9,Experiencia del operador,False,
868c2a79-b50b-4b0c-b625-5fb570fab6c9,PAR-002,CIC-2025-PV,2025-03-27,Frijol,Desarrollo,6.12,0.52,3.182,51.8,63.17,0.82,631.7,16803.2,32.0,0.0,Microaspersion,28229.38,11926.65,5185.5,Manual,True,Deficit acumulado
ad63c93b-dbc2-49ca-a12f-8d78fc9352ff,PAR-002,CIC-2025-PV,2025-04-07,Frijol,Desarrollo,7.48,0.865,6.47,87.02,106.12,0.82,1061.2,28227.9,22.3,0.0,Microaspersion,47422.87,20035.53,8711.1,Tradicion,False,
cb927af5-495a-46fd-bac5-c06bf0948c61,PAR-002,CIC-2025-PV,2025-04-12,Frijol,Desarrollo,7.3,0.98,7.154,86.14,105.05,0.82,1050.5,27943.3,32.0,0.0,Microaspersion,46944.74,19833.59,8623.3,Experiencia del operador,False,Eficiencia baja
5abc9c84-2688-42aa-9528-ec52770efb46,PAR-002,CIC-2025-PV,2025-04-18,Frijol,Desarrollo,7.6,1.12,8.512,99.54,121.39,0.82,1213.9,32289.7,32.0,0.0,Microaspersion,54246.7,22918.58,9964.6,Manual,False,Eficiencia baja
1e63e4bf-55b3-467c-83ab-c52f0e613b5f,PAR-002,CIC-2025-PV,2025-05-04,Frijol,Media,8.85,1.19,10.531,105.76,128.98,0.82,1289.8,34308.7,8.0,62.74,Microaspersion,57638.62,24351.71,10587.7,Manual,False,Deficit acumulado
89d55ab2-aa10-4e9d-b29e-1b61d4a6ffdf,PAR-002,CIC-2025-PV,2025-05-06,Frijol,Media,8.42,1.19,10.02,112.73,137.48,0.82,1374.8,36569.7,32.0,0.0,Microaspersion,61437.1,25956.42,11285.4,Tradicion,False,
0fb36b59-d783-4b67-9691-a88d47710f30,PAR-002,CIC-2025-PV,2025-06-09,Frijol,Final,9.16,0.37,3.389,39.39,48.04,0.82,480.4,12778.6,8.0,75.84,Microaspersion,21468.05,9070.05,3943.5,Manual,False,
b716d994-e8d2-46ad-80c8-2f74dc8341de,PAR-002,CIC-2025-PV,2025-06-16,Frijol,Final,8.94,0.34,3.04,36.86,44.95,0.82,449.5,11956.7,32.0,0.0,Microaspersion,20087.26,8486.54,3689.8,Manual,False,Deficit acumulado
26b00444-d23f-430c-bf62-d4f9eb8b167c,PAR-002,CIC-2025-PV,2025-06-17,Frijol,Final,8.96,0.37,3.315,40.11,48.92,0.82,489.2,13012.7,32.0,0.0,Microaspersion,21861.34,9236.11,4015.7,Manual,True,
112980e3-a275-43b8-9734-55ceec34b20c,PAR-003,CIC-2025-PV,2025-03-13,Frijol,Inicial,6.07,0.44,2.671,21.76,33.48,0.65,334.8,2444.0,8.0,10.29,Gravedad,4105.92,1734.66,754.2,Manual,False,
a8f1910b-e9b4-4462-b2bc-6b1d7447000f,PAR-003,CIC-2025-PV,2025-03-17,Frijol,Inicial,5.83,0.36,2.099,17.24,26.53,0.65,265.3,1936.7,32.0,0.0,Gravedad,3253.66,1374.71,597.7,Manual,True,Eficiencia baja
b20d8e1b-ecd8-42e9-801a-ca072f839cf9,PAR-003,CIC-2025-PV,2025-03-21,Frijol,Inicial,6.2,0.39,2.418,19.09,29.37,0.65,293.7,2144.0,32.0,0.0,Gravedad,3601.92,1521.68,661.6,Manual,True,Eficiencia baja
08dd0f04-5a71-4298-aa3b-6dbe52050c1d,PAR-003,CIC-2025-PV,2025-03-30,Frijol,Desarrollo,5.69,0.665,3.784,36.7,56.46,0.65,564.6,4121.6,8.0,0.0,Gravedad,6924.29,2925.37,1271.9,Tradicion,True,Sobre-riego detectado
ef8408c3-9887-412b-8af5-47ebf29f9679,PAR-003,CIC-2025-PV,2025-04-02,Frijol,Desarrollo,7.48,0.72,5.386,40.11,61.71,0.65,617.1,4504.8,32.0,0.0,Gravedad,7568.06,3197.46,1390.2,Tradicion,False,
04643c4e-dcad-45cf-aaff-0310e6e97bdc,PAR-003,CIC-2025-PV,2025-04-10,Frijol,Desarrollo,7.5,0.88,6.6,50.86,78.24,0.65,782.4,5711.5,8.0,1.94,Gravedad,9595.32,4053.98,1762.6,Manual,False,
c770f76d-f701-4a07-8b7a-d2e30abb7042,PAR-003,CIC-2025-PV,2025-04-20,Frijol,Desarrollo,7.52,1.18,8.874,60.83,93.58,0.65,935.8,6831.3,8.0,27.91,Gravedad,11476.58,4848.63,2108.1,Manual,True,
57984e00-d6da-40f4-b48a-ac671c99be2e,PAR-003,CIC-2025-PV,2025-04-25,Frijol,Media,7.74,1.15,8.901,58.68,90.28,0.65,902.8,6590.4,31.9,0.0,Gravedad,11071.87,4677.74,2033.8,Manual,False,
cf077f4d-a335-4c43-86d2-952bc43d6388,PAR-003,CIC-2025-PV,2025-05-03,Frijol,Media,8.2,1.16,9.512,54.36,83.63,0.65,836.3,6105.0,8.0,21.74,Gravedad,10256.4,4333.2,1884.0,Tradicion,True,Deficit acumulado
635e4343-b312-4f97-a03d-76072cf954b4,PAR-003,CIC-2025-PV,2025-05-21,Frijol,Final,8.34,1.14,9.508,61.14,94.06,0.65,940.6,6866.4,8.0,110.0,Gravedad,11535.55,4873.7,2119.0,Tradicion,False,
92027c9b-c29a-469b-a57c-33875b1f3a71,PAR-003,CIC-2025-PV,2025-05-26,Frijol,Final,8.85,0.89,7.877,46.8,72.0,0.65,720.0,5256.0,18.9,0.0,Gravedad,8830.08,3730.6,1622.0,Experiencia del operador,False,
ad260dad-1ddd-45e1-af45-5eda232fd649,PAR-003,CIC-2025-PV,2025-05-27,Frijol,Final,8.22,0.89,7.316,48.66,74.86,0.65,748.6,5464.8,32.0,0.0,Gravedad,9180.86,3878.72,1686.4,Tradicion,False,Deficit acumulado
bcf20a50-3c6f-4f7a-a4a6-3102b74dfc41,PAR-003,CIC-2025-PV,2025-05-29,Frijol,Final,8.45,0.81,6.845,45.97,70.72,0.65,707.2,5162.6,32.0,0.0,Gravedad,8673.17,3664.36,1593.2,Experiencia del operador,False,
11ede6a6-5bd0-4d94-abe2-04b6569a1d69,PAR-004,CIC-2025-PV,2025-03-14,Frijol,Inicial,6.33,0.37,2.342,25.9,32.38,0.8,323.8,10167.3,8.0,4.55,Aspersion,17081.06,7216.48,3137.6,Manual,True,
c4c0b81c-f7e9-4a5a-bc51-da6c4a1a9635,PAR-004,CIC-2025-PV,2025-03-16,Frijol,Inicial,5.8,0.42,2.436,29.98,37.48,0.8,374.8,11768.7,32.0,0.0,Aspersion,19771.42,8353.14,3631.8,Manual,False,Eficiencia baja
a42da564-2557-482f-9a72-bfe1b11899ea,PAR-004,CIC-2025-PV,2025-03-17,Frijol,Inicial,6.24,0.42,2.621,27.97,34.96,0.8,349.6,10977.4,32.0,0.0,Aspersion,18442.03,7791.48,3387.6,Manual,False,
ea406cd8-50e3-450e-a80c-0cd1bcfd8c3c,PAR-004,CIC-2025-PV,2025-03-18,Frijol,Inicial,6.24,0.4,2.496,30.48,38.1,0.8,381.0,11963.4,32.0,0.0,Aspersion,20098.51,8491.37,3691.9,Tradicion,False,
db164f53-66e9-4882-907b-675445fabc0e,PAR-004,CIC-2025-PV,2025-03-25,Frijol,Desarrollo,6.04,0.51,3.08,36.06,45.08,0.8,450.8,14155.1,32.0,0.0,Aspersion,23780.57,10047.09,4368.3,Manual,True,Eficiencia baja
fbb691bb-67c8-4630-a896-1f53c9956b80,PAR-004,CIC-2025-PV,2025-04-07,Frijol,Desarrollo,7.64,0.825,6.303,53.8,67.25,0.8,672.5,21116.5,8.0,28.14,Aspersion,35475.72,14988.18,6516.6,Manual,False,Deficit acumulado
8c620c33-476d-4d59-a850-7984a6baa837,PAR-004,CIC-2025-PV,2025-04-15,Frijol,Desarrollo,7.76,1.015,7.876,71.07,88.84,0.8,888.4,27895.8,12.8,0.0,Aspersion,46864.94,19799.78,8608.6,Experiencia del operador,True,
d24acd93-1951-42ac-a216-3378c7142923,PAR-004,CIC-2025-PV,2025-04-22,Frijol,Media,7.59,1.12,8.501,68.42,85.53,0.8,855.3,26856.4,15.0,0.0,Aspersion,45118.75,19062.17,8287.9,Tradicion,True,
0caceb54-6ea5-46f3-872b-82261b37ffbb,PAR-004,CIC-2025-PV,2025-04-29,Frijol,Media,7.47,1.14,8.516,72.0,90.0,0.8,900.0,28260.0,20.8,0.0,Aspersion,47476.8,20058.3,8721.0,Manual,False,
93b28ee5-9b23-44b3-909a-b38d40d0cc8e,PAR-004,CIC-2025-PV,2025-04-30,Frijol,Media,7.57,1.16,8.781,86.8,108.5,0.8,1085.0,34069.0,32.0,0.0,Aspersion,57235.92,24181.51,10513.7,Manual,True,
aac57dc3-c58e-42da-be77-65c4e6972bab,PAR-004,CIC-2025-PV,2025-05-05,Frijol,Media,8.18,1.17,9.571,72.29,90.36,0.8,903.6,28373.0,32.0,0.0,Aspersion,47666.64,20138.57,8755.9,Experiencia del operador,False,
677d84e5-c1b9-4b7a-b93d-7d3ee786bbf4,PAR-004,CIC-2025-PV,2025-05-30,Frijol,Final,8.57,0.78,6.685,52.47,65.59,0.8,655.9,20595.3,8.0,114.65,Aspersion,34600.1,14618.11,6355.7,Manual,False,Sobre-riego detectado
15bc870a-5fd6-4a20-b6d1-e0f901d1e30b,PAR-004,CIC-2025-PV,2025-06-01,Frijol,Final,8.89,0.69,6.134,43.1,53.88,0.8,538.8,16918.3,32.0,0.0,Aspersion,28422.74,12008.3,5221.0,Tradicion,False,
4797317f-06f9-43fa-a8a7-f4f18931e3c3,PAR-005,CIC-2025-PV,2025-03-07,Algodon,Inicial,5.9,0.33,1.947,23.24,35.75,0.65,357.5,7507.5,32.0,0.0,Gravedad,12612.6,5328.64,2316.8,Manual,False,
b72f8920-c6d7-418a-bf39-63e77fa65433,PAR-005,CIC-2025-PV,2025-03-20,Algodon,Inicial,6.29,0.32,2.013,25.06,38.56,0.65,385.6,8097.6,8.0,1.11,Gravedad,13603.97,5747.47,2498.9,Tradicion,False,
5c1c357b-7ac8-4615-b36a-a493699e2a33,PAR-005,CIC-2025-PV,2025-04-10,Algodon,Desarrollo,7.65,0.52,3.978,36.62,56.34,0.65,563.4,11831.4,8.0,46.92,Gravedad,19876.75,8397.76,3651.2,Manual,False,Eficiencia baja
64967061-670d-42fc-8fac-b774f1fb7695,PAR-005,CIC-2025-PV,2025-04-27,Algodon,Desarrollo,7.27,0.799,5.809,63.73,98.05,0.65,980.5,20590.5,8.0,35.02,Gravedad,34592.04,14614.66,6354.2,Experiencia del operador,False,Eficiencia baja
fd09eff2-3fff-4431-b51f-9b14fe974d9c,PAR-005,CIC-2025-PV,2025-04-29,Algodon,Desarrollo,7.21,0.813,5.862,63.1,97.07,0.65,970.7,20384.7,32.0,0.0,Gravedad,34246.3,14468.61,6290.7,Manual,False,
b0d3f784-4da5-4121-b929-a06d5d670bd1,PAR-005,CIC-2025-PV,2025-05-10,Algodon,Desarrollo,8.52,1.03,8.776,71.8,110.46,0.65,1104.6,23196.6,8.0,24.74,Gravedad,38970.29,16464.55,7158.5,Manual,False,Deficit acumulado
c7c85fa6-a19c-4777-8bd1-1216b5474d46,PAR-005,CIC-2025-PV,2025-05-22,Algodon,Media,8.38,1.18,9.888,78.01,120.02,0.65,1200.2,25204.2,8.0,40.65,Gravedad,42343.06,17889.4,7778.0,Tradicion,False,
aabda890-1be9-433c-b59a-9a48253cb880,PAR-005,CIC-2025-PV,2025-06-15,Algodon,Media,9.01,1.2,10.812,94.86,145.94,0.65,1459.4,30647.4,8.0,164.63,Gravedad,51487.63,21752.94,9457.8,Manual,False,
1052577b-e72d-47f5-b4a0-fab7bec65440,PAR-005,CIC-2025-PV,2025-08-06,Algodon,Final,7.72,0.954,7.365,64.47,99.19,0.65,991.9,20829.9,8.0,318.51,Gravedad,34994.23,14784.63,6428.1,Manual,False,Deficit acumulado
68e2157d-fb3f-4250-9344-0af3f0537407,PAR-006,CIC-2025-PV,2025-03-15,Chile,Inicial,5.68,0.63,3.578,35.21,44.01,0.8,440.1,6073.4,8.0,14.88,Aspersion,10203.31,4310.89,1874.3,Manual,True,Sobre-riego detectado
6e93363d-cf09-480d-b3e2-21d89a886721,PAR-006,CIC-2025-PV,2025-03-28,Chile,Desarrollo,6.08,0.636,3.867,36.62,45.78,0.8,457.8,6317.6,8.0,13.65,Aspersion,10613.57,4484.08,1949.6,Experiencia del operador,False,
6510c98e-b765-429d-bab9-b5226d87ad35,PAR-006,CIC-2025-PV,2025-05-02,Chile,Media,8.78,1.09,9.57,62.18,77.72,0.8,777.2,10725.4,8.0,272.77,Aspersion,18018.67,7612.77,3309.9,Tradicion,False,Eficiencia baja
6de0dc4f-e375-4683-bffe-b60c01ea3ab6,PAR-006,CIC-2025-PV,2025-05-04,Chile,Media,8.57,1.04,8.913,59.92,74.9,0.8,749.0,10336.2,32.0,0.0,Aspersion,17364.82,7336.54,3189.8,Manual,False,Eficiencia baja
404c2469-bcdd-47fc-b7d7-948e1b652982,PAR-006,CIC-2025-PV,2025-05-08,Chile,Media,8.84,1.09,9.636,56.52,70.65,0.8,706.5,9749.7,32.0,0.0,Aspersion,16379.5,6920.24,3008.8,Manual,True,
a125c7c9-040f-4973-9d72-6901b5c76b5c,PAR-006,CIC-2025-PV,2025-05-17,Chile,Media,8.46,1.04,8.798,59.32,74.15,0.8,741.5,10232.7,8.0,19.86,Aspersion,17190.94,7262.94,3157.8,Tradicion,False,Eficiencia baja
6d03853d-cd18-4eb4-b5df-d3b7686a4e38,PAR-006,CIC-2025-PV,2025-05-19,Chile,Media,8.41,1.05,8.831,57.47,71.84,0.8,718.4,9913.9,32.0,0.0,Aspersion,16655.35,7036.62,3059.4,Experiencia del operador,False,
18c05e03-30f5-47d7-86d9-240558a38d83,PAR-006,CIC-2025-PV,2025-05-25,Chile,Media,8.57,1.05,8.998,64.73,80.91,0.8,809.1,11165.6,19.9,0.0,Aspersion,18758.21,7925.11,3445.7,Manual,True,Sobre-riego detectado
7b32ad03-393b-4142-9e5e-d16e91374aca,PAR-006,CIC-2025-PV,2025-05-28,Chile,Media,8.54,1.06,9.052,59.24,74.05,0.8,740.5,10218.9,32.0,0.0,Aspersion,17167.75,7253.28,3153.6,Manual,False,
1f8f5df5-9cfc-477e-a664-5ebe712b692c,PAR-006,CIC-2025-PV,2025-06-01,Chile,Media,9.33,1.07,9.983,62.88,78.6,0.8,786.0,10846.8,32.0,0.0,Aspersion,18222.62,7698.79,3347.3,Manual,False,
bee206a4-7176-4630-b263-8ef22fdd7f4f,PAR-006,CIC-2025-PV,2025-06-10,Chile,Final,9.11,1.054,9.602,66.8,83.5,0.8,835.0,11523.0,8.0,19.62,Aspersion,19358.64,8178.8,3556.0,Manual,False,
3b63381c-4c0b-407b-a0f5-1b2d45708148,PAR-006,CIC-2025-PV,2025-06-11,Chile,Final,9.11,1.028,9.365,53.9,67.37,0.8,673.7,9297.1,32.0,0.0,Aspersion,15619.13,6598.93,2869.1,Manual,False,
2d584a01-101e-44e1-b655-ea12b11bb343,PAR-006,CIC-2025-PV,2025-06-12,Chile,Final,9.1,1.002,9.118,55.42,69.28,0.8,692.8,9560.6,32.0,0.0,Aspersion,16061.81,6785.92,2950.4,Manual,False,
3ac39f50-103d-4395-bfd2-c3892cb4be48,PAR-006,CIC-2025-PV,2025-07-02,Chile,Final,8.35,0.912,7.615,57.8,72.25,0.8,722.5,9970.5,8.0,94.5,Aspersion,16750.44,7076.87,3076.9,Manual,False,
f8ef2d8e-664a-4e80-9955-52d397f051ec,PAR-007,CIC-2025-PV,2025-04-21,Algodon,Desarrollo,7.61,0.747,5.685,53.77,82.73,0.65,827.3,26308.1,8.0,236.17,Gravedad,44197.61,18673.01,8118.7,Tradicion,True,
73a119a4-3827-4506-aea9-10957b25a961,PAR-007,CIC-2025-PV,2025-04-24,Algodon,Desarrollo,7.26,0.728,5.285,44.23,68.05,0.65,680.5,21639.9,32.0,0.0,Gravedad,36355.03,15359.63,6678.1,Tradicion,False,Deficit acumulado
47dc8ce8-7bfa-43b2-ab1d-8fb8e3a2c051,PAR-007,CIC-2025-PV,2025-04-29,Algodon,Desarrollo,7.65,0.823,6.296,48.37,74.42,0.65,744.2,23665.6,32.0,0.0,Gravedad,39758.21,16797.36,7303.2,Manual,False,Deficit acumulado
854388ce-42a2-4311-b33e-8acbb7d090ee,PAR-007,CIC-2025-PV,2025-05-02,Algodon,Desarrollo,8.83,0.914,8.071,62.17,95.65,0.65,956.5,30416.7,32.0,0.0,Gravedad,51100.06,21589.18,9386.6,Experiencia del operador,True,Deficit acumulado
2a2d56c2-83f1-4801-a244-bd954ae9f79e,PAR-007,CIC-2025-PV,2025-05-24,Algodon,Media,8.37,1.2,10.044,84.8,130.46,0.65,1304.6,41486.3,8.0,136.17,Gravedad,69696.98,29446.21,12802.7,Experiencia del operador,False,Deficit acumulado
2629f8de-a9cb-49d6-b0e7-8a4c17363d5a,PAR-007,CIC-2025-PV,2025-06-01,Algodon,Media,8.91,1.2,10.692,87.97,135.34,0.65,1353.4,43038.1,8.0,0.0,Gravedad,72304.01,30547.68,13281.6,Experiencia del operador,False,Eficiencia baja
ee185a37-f745-4063-ad86-9236e122c184,PAR-007,CIC-2025-PV,2025-06-06,Algodon,Media,9.19,1.22,11.212,80.57,123.96,0.65,1239.6,39419.3,32.0,0.0,Gravedad,66224.42,27979.04,12164.8,Experiencia del operador,False,Deficit acumulado
e8f0d947-8760-4854-b427-bad7a41f4e3c,PAR-007,CIC-2025-PV,2025-07-08,Algodon,Media,8.21,1.2,9.852,72.12,110.95,0.65,1109.5,35282.1,8.0,243.14,Gravedad,59273.93,25042.63,10888.1,Manual,True,
809f9cf1-5a3f-4681-ae50-35e2ce7424c8,PAR-008,CIC-2025-PV,2025-03-16,Frijol,Inicial,5.87,0.43,2.524,34.57,43.21,0.8,432.1,3802.5,8.0,3.29,Aspersion,6388.2,2699.05,1173.5,Manual,False,Deficit acumulado
44ec740d-69f3-403f-91bb-4dafb6b6471b,PAR-008,CIC-2025-PV,2025-03-19,Frijol,Inicial,5.68,0.37,2.102,36.35,45.44,0.8,454.4,3998.7,32.0,0.0,Aspersion,6717.82,2838.2,1234.0,Experiencia del operador,False,Deficit acumulado
fd840c86-2b63-42bc-a796-f3de23b1f2c0,PAR-008,CIC-2025-PV,2025-03-21,Frijol,Inicial,6.18,0.43,2.657,38.02,47.53,0.8,475.3,4182.6,32.0,0.0,Aspersion,7026.77,2968.84,1290.8,Tradicion,True,Sobre-riego detectado
7dc100d8-c257-400f-885b-421fa554281f,PAR-008,CIC-2025-PV,2025-03-24,Frijol,Desarrollo,5.66,0.505,2.858,41.94,52.43,0.8,524.3,4613.8,32.0,0.0,Aspersion,7751.18,3274.74,1423.8,Manual,False,
af6ddd30-6459-4638-9ede-c9500c26e740,PAR-008,CIC-2025-PV,2025-03-26,Frijol,Desarrollo,6.08,0.555,3.374,48.58,60.72,0.8,607.2,5343.4,32.0,0.0,Aspersion,8976.91,3792.7,1649.0,Manual,True,Sobre-riego detectado
f30f0291-2e13-40c7-957b-e09ce041d5b5,PAR-008,CIC-2025-PV,2025-04-09,Frijol,Desarrollo,7.18,0.905,6.498,79.22,99.02,0.8,990.2,8713.8,8.0,11.75,Aspersion,14639.18,6184.93,2689.1,Tradicion,False,Sobre-riego detectado
c7943b20-580e-4ef0-b9f8-e37871fe8e4b,PAR-008,CIC-2025-PV,2025-04-11,Frijol,Desarrollo,7.74,0.915,7.082,81.72,102.15,0.8,1021.5,8989.2,32.0,0.0,Aspersion,15101.86,6380.43,2774.1,Tradicion,True,
3743dfc9-ed39-43dd-a7f6-0c890422f7f5,PAR-008,CIC-2025-PV,2025-05-02,Frijol,Media,8.55,1.14,9.747,106.91,133.64,0.8,1336.4,11760.3,8.0,97.78,Aspersion,19757.3,8347.16,3629.2,Manual,False,
2d52d949-4d82-405a-b91b-9ee29f3718c8,PAR-008,CIC-2025-PV,2025-05-10,Frijol,Media,8.4,1.14,9.576,103.86,129.82,0.8,1298.2,11424.2,32.0,0.0,Aspersion,19192.66,8108.65,3525.5,Manual,False,Sobre-riego detectado
92d85fcc-a400-4ea1-b990-57da391e4708,PAR-008,CIC-2025-PV,2025-05-11,Frijol,Media,8.52,1.14,9.713,98.76,123.45,0.8,1234.5,10863.6,32.0,0.0,Aspersion,18250.85,7710.75,3352.5,Tradicion,False,
5674bb8d-721e-42c9-8d40-36faba0e6144,PAR-008,CIC-2025-PV,2025-06-05,Frijol,Final,9.04,0.48,4.339,41.58,51.98,0.8,519.8,4574.2,8.0,66.9,Aspersion,7684.66,3246.68,1411.6,Experiencia del operador,True,
4761ac17-6299-459a-b8f7-e037b8770a71,PAR-008,CIC-2025-PV,2025-06-11,Frijol,Final,9.34,0.33,3.082,27.7,34.63,0.8,346.3,3047.4,32.0,0.0,Aspersion,5119.63,2162.92,940.4,Manual,False,Sobre-riego detectado
4c8808c4-e082-495f-959f-cd914baa97e3,PAR-009,CIC-2025-PV,2025-03-15,Maiz,Inicial,6.26,0.28,1.753,19.25,24.06,0.8,240.6,5076.7,8.0,5.29,Aspersion,8528.86,3603.41,1566.7,Manual,False,
4fa2b34c-1863-4bf4-856d-8ca474222a91,PAR-009,CIC-2025-PV,2025-03-17,Maiz,Inicial,6.27,0.26,1.63,19.74,24.67,0.8,246.7,5205.4,32.0,0.0,Aspersion,8745.07,3694.72,1606.4,Experiencia del operador,False,Deficit acumulado
8faff058-48a4-49f0-b2c3-2106b36049c8,PAR-009,CIC-2025-PV,2025-03-22,Maiz,Desarrollo,6.0,0.306,1.836,21.9,27.37,0.8,273.7,5775.1,32.0,0.0,Aspersion,9702.17,4099.06,1782.2,Tradicion,False,Sobre-riego detectado
6551d8af-d8d4-4f37-8071-2990673c095b,PAR-009,CIC-2025-PV,2025-04-01,Maiz,Desarrollo,7.66,0.543,4.159,34.99,43.74,0.8,437.4,9229.1,8.0,6.6,Aspersion,15504.89,6550.63,2848.1,Tradicion,False,Deficit acumulado
6b8ecc54-e24c-4ac0-a30c-5a21bbc9840c,PAR-009,CIC-2025-PV,2025-04-09,Maiz,Desarrollo,7.53,0.819,6.167,56.28,70.35,0.8,703.5,14843.9,14.1,0.0,Aspersion,24937.75,10535.84,4580.8,Manual,False,Eficiencia baja
f785d9f3-31c2-4965-a50f-7f7680b56314,PAR-009,CIC-2025-PV,2025-04-19,Maiz,Desarrollo,7.36,1.046,7.699,76.39,95.49,0.8,954.9,20148.4,8.0,0.6,Aspersion,33849.31,14300.94,6217.8,Experiencia del operador,True,
b2df70da-c60d-42be-8efe-c8e18c2626ca,PAR-009,CIC-2025-PV,2025-04-21,Maiz,Desarrollo,7.4,1.137,8.414,72.48,90.6,0.8,906.0,19116.6,32.0,0.0,Aspersion,32115.89,13568.62,5899.4,Manual,False,
ce04a5d1-480a-4ee3-a933-d41159700837,PAR-009,CIC-2025-PV,2025-05-30,Maiz,Media,8.34,1.2,10.008,96.26,120.32,0.8,1203.2,25387.5,8.0,294.05,Aspersion,42651.0,18019.58,7834.6,Manual,True,
17d14770-f54a-4a11-8038-0b39df1b3c17,PAR-009,CIC-2025-PV,2025-05-31,Maiz,Media,8.43,1.18,9.947,84.51,105.64,0.8,1056.4,22290.0,32.0,0.0,Aspersion,37447.2,15821.01,6878.7,Manual,False,Deficit acumulado
10e5052a-42a2-4366-9a7e-612cf5786d9e,PAR-009,CIC-2025-PV,2025-06-04,Maiz,Media,9.24,1.22,11.273,90.87,113.59,0.8,1135.9,23967.5,32.0,0.0,Aspersion,40265.4,17011.72,7396.4,Experiencia del operador,True,Sobre-riego detectado
3d9b3c8c-6695-49d5-8e38-a08034c2b9d1,PAR-009,CIC-2025-PV,2025-07-01,Maiz,Final,7.82,0.64,5.005,47.21,59.01,0.8,590.1,12451.1,8.0,87.92,Aspersion,20917.85,8837.52,3842.4,Manual,False,
8d87fa1b-58b1-432f-80bd-6b32e1e81c9c,PAR-009,CIC-2025-PV,2025-07-02,Maiz,Final,7.67,0.63,4.832,41.51,51.89,0.8,518.9,10948.8,32.0,0.0,Aspersion,18393.98,7771.24,3378.8,Experiencia del operador,False,Eficiencia baja
01049796-962a-4b61-86d5-51d5f2b91c14,PAR-009,CIC-2025-PV,2025-07-06,Maiz,Final,7.96,0.62,4.935,39.96,49.95,0.8,499.5,10539.5,32.0,0.0,Aspersion,17706.36,7480.75,3252.5,Manual,False,
a35de445-3c99-40f7-aa00-30798b196e5e,PAR-010,CIC-2025-PV,2025-03-12,Uva,Inicial,6.28,0.28,1.758,23.5,36.15,0.65,361.5,5422.5,21.5,0.0,Gravedad,9109.8,3848.82,1673.4,Manual,False,Eficiencia baja
f1ba0de4-ff37-4c9b-a3ab-db740d2a75ad,PAR-010,CIC-2025-PV,2025-04-04,Uva,Desarrollo,7.62,0.472,3.597,42.06,64.7,0.65,647.0,9705.0,8.0,40.67,Gravedad,16304.4,6888.5,2995.0,Tradicion,False,Eficiencia baja
ea1c885a-e5c3-442e-a22a-a46d79cd74a6,PAR-010,CIC-2025-PV,2025-04-05,Uva,Desarrollo,7.75,0.506,3.921,45.06,69.32,0.65,693.2,10398.0,32.0,0.0,Gravedad,17468.64,7380.24,3208.8,Manual,False,
05f692d6-c2e1-47a9-a96b-bed11df18888,PAR-010,CIC-2025-PV,2025-04-22,Uva,Desarrollo,7.31,0.78,5.702,74.05,113.93,0.65,1139.3,17089.5,8.0,22.88,Gravedad,28710.36,12129.74,5273.8,Manual,True,
63005b06-e6a6-4015-8962-1664127d0657,PAR-010,CIC-2025-PV,2025-05-08,Uva,Media,8.17,0.83,6.781,71.06,109.32,0.65,1093.2,16398.0,8.0,37.44,Gravedad,27548.64,11638.92,5060.4,Manual,False,
efe0617a-905d-4b51-b1eb-af99d65fbd74,PAR-010,CIC-2025-PV,2025-06-13,Uva,Media,8.74,0.88,7.691,81.31,125.09,0.65,1250.9,18763.5,8.0,195.57,Gravedad,31522.68,13317.92,5790.4,Manual,False,
e48cd5af-82e0-498d-8c0b-8f4a0c3a7778,PAR-010,CIC-2025-PV,2025-07-11,Uva,Media,8.15,0.85,6.928,72.77,111.96,0.65,1119.6,16794.0,8.0,121.21,Gravedad,28213.92,11919.98,5182.6,Experiencia del operador,False,Sobre-riego detectado
a151f7b0-64e1-4200-86d9-93bb2aac0870,PAR-010,CIC-2025-PV,2025-07-16,Uva,Media,7.74,0.82,6.347,66.73,102.66,0.65,1026.6,15399.0,32.0,0.0,Gravedad,25870.32,10929.83,4752.1,Manual,False,
04998b35-7ced-4878-910b-67928db68397,PAR-010,CIC-2025-PV,2025-07-27,Uva,Media,8.01,0.88,7.049,67.88,104.43,0.65,1044.3,15664.5,8.0,9.66,Gravedad,26316.36,11118.43,4834.1,Tradicion,False,Deficit acumulado
ece20b16-7d1d-4d4a-8982-0a76d79edcf1,PAR-010,CIC-2025-PV,2025-09-10,Uva,Final,6.69,0.701,4.69,54.11,83.24,0.65,832.4,12486.0,8.0,156.94,Gravedad,20976.48,8862.36,3853.2,Tradicion,False,Sobre-riego detectado
31e9f201-b117-4852-86d8-8a46ab7acad1,PAR-011,CIC-2025-PV,2025-03-26,Maiz,Desarrollo,6.24,0.439,2.739,22.08,33.97,0.65,339.7,14301.4,8.0,46.39,Gravedad,24026.35,10150.82,4413.4,Manual,True,
d65011a7-1313-44dc-811c-4d348d062b06,PAR-011,CIC-2025-PV,2025-04-14,Maiz,Desarrollo,7.69,0.917,7.052,42.55,65.46,0.65,654.6,27558.7,8.0,91.44,Gravedad,46298.62,19560.58,8504.6,Manual,False,
e3ad8909-cebb-4198-9958-ea30d9e841a7,PAR-011,CIC-2025-PV,2025-04-16,Maiz,Desarrollo,7.58,0.939,7.118,41.23,63.43,0.65,634.3,26704.0,32.0,0.0,Gravedad,44862.72,18954.07,8240.9,Tradicion,False,Eficiencia baja
7a19b2bd-87a7-4888-aaea-3a44b9a97ec7,PAR-011,CIC-2025-PV,2025-04-17,Maiz,Desarrollo,7.49,0.974,7.295,51.45,79.16,0.65,791.6,33326.4,32.0,0.0,Gravedad,55988.35,23654.35,10284.5,Experiencia del operador,False,Sobre-riego detectado
456d3bbc-7330-4f18-a461-eb1e98d7df18,PAR-011,CIC-2025-PV,2025-04-25,Maiz,Desarrollo,7.63,1.2,9.156,54.49,83.83,0.65,838.3,35292.4,8.0,18.76,Gravedad,59291.23,25049.76,10891.2,Experiencia del operador,False,Deficit acumulado
f68966f4-1945-47d7-8d1c-7440d8e99f00,PAR-011,CIC-2025-PV,2025-05-02,Maiz,Media,8.39,1.2,10.068,53.9,82.92,0.65,829.2,34909.3,8.0,16.58,Gravedad,58647.62,24777.9,10773.0,Manual,False,Eficiencia baja
f5c72f58-0e52-4a2d-a06d-0f808811c994,PAR-011,CIC-2025-PV,2025-05-09,Maiz,Media,8.83,1.17,10.331,52.55,80.85,0.65,808.5,34037.8,8.0,19.77,Gravedad,57183.5,24159.43,10504.1,Manual,False,Sobre-riego detectado
265b5f91-8e9e-4de2-ac93-9bb669c28752,PAR-011,CIC-2025-PV,2025-05-17,Maiz,Media,8.37,1.24,10.379,60.59,93.21,0.65,932.1,39241.4,8.0,22.44,Gravedad,65925.55,27852.77,12109.9,Manual,False,Deficit acumulado
bc683e75-6d8d-4fee-90b1-2e82864d618b,PAR-011,CIC-2025-PV,2025-05-22,Maiz,Media,8.22,1.17,9.617,54.86,84.4,0.65,844.0,35532.4,14.1,0.0,Gravedad,59694.43,25220.19,10965.3,Experiencia del operador,False,
7ec7f837-fffa-416e-8a7b-4c2be66a1639,PAR-011,CIC-2025-PV,2025-05-27,Maiz,Media,8.32,1.21,10.067,65.1,100.15,0.65,1001.5,42163.2,29.3,0.0,Gravedad,70834.18,29926.68,13011.6,Manual,False,
9abff3bd-4623-49b8-9adf-2ae768227aee,PAR-011,CIC-2025-PV,2025-06-02,Maiz,Media,9.15,1.22,11.163,56.0,86.15,0.65,861.5,36269.2,8.0,10.98,Gravedad,60932.26,25743.21,11192.7,Manual,False,
853bb428-e660-42d0-9a44-7ec862c0fada,PAR-011,CIC-2025-PV,2025-07-16,Maiz,Final,7.98,0.61,4.868,32.82,50.49,0.65,504.9,21256.3,8.0,181.37,Gravedad,35710.58,15087.31,6559.7,Experiencia del operador,True,
43513e69-8f2a-438b-ab0b-8067ae8e237b,PAR-012,CIC-2025-PV,2025-03-18,Uva,Inicial,6.05,0.3,1.815,30.35,37.01,0.82,370.1,5773.6,8.0,0.51,Microaspersion,9699.65,4097.91,1781.7,Tradicion,False,
75fca59f-2d77-4863-a726-0c1dbcfb7a6d,PAR-012,CIC-2025-PV,2025-04-30,Uva,Desarrollo,7.5,0.85,6.375,98.01,119.52,0.82,1195.2,18645.1,8.0,176.11,Microaspersion,31323.77,13233.97,5753.9,Manual,False,
c290ea58-f61c-455b-a4df-4d0692545322,PAR-012,CIC-2025-PV,2025-05-17,Uva,Media,8.63,0.88,7.594,87.11,106.23,0.82,1062.3,16571.9,8.0,41.99,Microaspersion,27840.79,11762.43,5114.1,Manual,False,Eficiencia baja
4ea4c3ff-0529-471d-962d-4aa4fc271097,PAR-012,CIC-2025-PV,2025-06-04,Uva,Media,9.04,0.84,7.594,88.63,108.08,0.82,1080.8,16860.5,8.0,48.06,Microaspersion,28325.64,11967.36,5203.2,Manual,True,
40e9ef0e-468f-47f5-b127-992ca09b81af,PAR-012,CIC-2025-PV,2025-07-10,Uva,Media,7.93,0.88,6.978,85.19,103.89,0.82,1038.9,16206.8,8.0,166.02,Microaspersion,27227.42,11503.22,5001.4,Manual,True,Eficiencia baja
427f93d8-6daa-4fff-af43-f6ac4ce8a467,PAR-012,CIC-2025-PV,2025-08-02,Uva,Media,7.71,0.87,6.708,94.64,115.41,0.82,1154.1,18004.0,8.0,59.64,Microaspersion,30246.72,12778.8,5556.0,Manual,False,
af588c25-6bf1-4857-bcd4-a37094264d5c,PAR-012,CIC-2025-PV,2025-08-05,Uva,Media,7.25,0.87,6.308,104.1,126.95,0.82,1269.5,19804.2,32.0,0.0,Microaspersion,33271.06,14056.68,6111.6,Manual,True,
90222842-51cc-491d-b141-a1c6c42284ec,PAR-012,CIC-2025-PV,2025-08-20,Uva,Media,7.67,0.84,6.443,86.8,105.85,0.82,1058.5,16512.6,8.0,9.84,Microaspersion,27741.17,11720.34,5095.8,Manual,False,
e84b8be6-431b-4b26-92c7-d27128ea2c34,PAR-012,CIC-2025-PV,2025-08-25,Uva,Media,7.52,0.84,6.317,95.94,117.0,0.82,1170.0,18252.0,32.0,0.0,Microaspersion,30663.36,12954.98,5632.6,Manual,False,Sobre-riego detectado
07fb2b77-5c0e-40b0-92c0-7192668e58fd,PAR-013,CIC-2025-PV,2025-03-12,Algodon,Inicial,5.76,0.37,2.131,20.88,26.1,0.8,261.0,3575.7,8.0,2.56,Aspersion,6007.18,2538.05,1103.5,Experiencia del operador,False,
f1cea614-6b7a-4098-8d20-b52373d714a8,PAR-013,CIC-2025-PV,2025-04-03,Algodon,Desarrollo,7.79,0.411,3.202,24.08,30.1,0.8,301.0,4123.7,8.0,46.36,Aspersion,6927.82,2926.98,1272.6,Manual,False,
a6f7d929-4977-444d-8ded-835f0ebb5d94,PAR-013,CIC-2025-PV,2025-05-03,Algodon,Desarrollo,8.3,0.881,7.312,45.46,56.82,0.8,568.2,7784.3,8.0,173.9,Aspersion,13077.62,5525.06,2402.2,Experiencia del operador,False,Eficiencia baja
e3374dd7-9ebf-495a-a381-00c25b6be904,PAR-013,CIC-2025-PV,2025-05-12,Algodon,Desarrollo,8.82,1.074,9.473,57.15,71.44,0.8,714.4,9787.3,8.0,28.11,Aspersion,16442.66,6946.92,3020.4,Tradicion,False,Eficiencia baja
c101d58b-8907-49f3-a449-59c785f48c02,PAR-013,CIC-2025-PV,2025-05-23,Algodon,Media,8.62,1.21,10.43,70.89,88.61,0.8,886.1,12139.6,8.0,43.84,Aspersion,20394.53,8616.49,3746.3,Manual,False,Deficit acumulado
59b13611-64ed-4ec1-a169-8614497d8311,PAR-013,CIC-2025-PV,2025-06-20,Algodon,Media,9.32,1.23,11.464,62.81,78.51,0.8,785.1,10755.9,8.0,258.18,Aspersion,18069.91,7634.39,3319.3,Manual,True,Eficiencia baja
066c81c9-c428-4630-ab0c-dbb1bebd54df,PAR-013,CIC-2025-PV,2025-07-05,Algodon,Media,8.19,1.17,9.582,66.03,82.54,0.8,825.4,11308.0,8.0,77.7,Aspersion,18997.44,8026.08,3489.6,Experiencia del operador,False,Eficiencia baja
8952fe2e-7fa3-4948-a463-4b143d9c0d82,PAR-013,CIC-2025-PV,2025-07-31,Algodon,Final,8.04,1.021,8.209,60.37,75.46,0.8,754.6,10338.0,8.0,153.06,Aspersion,17367.84,7337.69,3190.3,Manual,False,
49d83be5-f461-48e9-8f78-10fa46aa973e,PAR-013,CIC-2025-PV,2025-08-01,Algodon,Final,7.62,0.96,7.315,50.05,62.56,0.8,625.6,8570.7,32.0,0.0,Aspersion,14398.78,6083.27,2644.9,Experiencia del operador,False,Deficit acumulado
cbecf68f-4a22-45ed-b55c-5103714210e7,PAR-013,CIC-2025-PV,2025-08-02,Algodon,Final,7.35,1.029,7.563,52.54,65.67,0.8,656.7,8996.8,32.0,0.0,Aspersion,15114.62,6385.72,2776.4,Manual,False,
9d9589a4-67d9-43bf-ac61-f16d5908f5bf,PAR-013,CIC-2025-PV,2025-08-05,Algodon,Final,7.61,0.926,7.047,52.74,65.92,0.8,659.2,9031.0,32.0,0.0,Aspersion,15172.08,6410.1,2787.0,Manual,True,
48ec9941-a043-4a27-b3b2-56ef771d08bb,PAR-013,CIC-2025-PV,2025-08-14,Algodon,Final,7.34,0.816,5.989,44.27,55.34,0.8,553.4,7581.6,8.0,9.63,Aspersion,12737.09,5381.31,2339.7,Manual,True,
e527cc69-ea35-4285-9fea-47c987e8dbb5,PAR-013,CIC-2025-PV,2025-08-20,Algodon,Final,7.67,0.779,5.975,39.35,49.19,0.8,491.9,6739.0,9.8,0.0,Aspersion,11321.52,4783.31,2079.7,Manual,False,
ecb25544-e9c1-44c3-a2c9-652c3fe3f7f1,PAR-014,CIC-2025-PV,2025-03-07,Maiz,Inicial,6.11,0.31,1.894,25.25,38.85,0.65,388.5,16860.9,32.0,0.0,Gravedad,28326.31,11967.59,5203.3,Manual,False,Deficit acumulado
0b38aba6-8bff-423c-a22b-3f74a40e7dcf,PAR-014,CIC-2025-PV,2025-03-19,Maiz,Inicial,5.94,0.33,1.96,30.89,47.52,0.65,475.2,20623.7,31.3,0.0,Gravedad,34647.82,14638.35,6364.5,Manual,False,
667ca036-5e1b-4be4-87e5-c48e443c1ec1,PAR-014,CIC-2025-PV,2025-03-31,Maiz,Desarrollo,6.2,0.557,3.453,44.43,68.35,0.65,683.5,29663.9,8.0,0.0,Gravedad,49835.35,21054.89,9154.3,Manual,False,Sobre-riego detectado
d9fb53c8-6d39-4dd4-b228-0c1c97806eb2,PAR-014,CIC-2025-PV,2025-04-10,Maiz,Desarrollo,7.36,0.824,6.065,72.87,112.11,0.65,1121.1,48655.7,20.1,0.0,Gravedad,81741.58,34534.73,15015.1,Manual,False,
9f80b8d8-d68b-4543-b925-9db6fbf76ffb,PAR-014,CIC-2025-PV,2025-04-15,Maiz,Desarrollo,7.53,0.963,7.251,83.45,128.39,0.65,1283.9,55721.3,32.0,0.0,Gravedad,93611.78,39549.88,17195.6,Manual,False,
833f51c2-86ef-479b-8319-2c466a750f94,PAR-014,CIC-2025-PV,2025-05-29,Maiz,Media,8.34,1.18,9.841,109.43,168.35,0.65,1683.5,73063.9,8.0,323.57,Gravedad,122747.35,51859.25,22547.5,Manual,True,
b8a95734-1d22-4210-8017-3e6e9c336ad4,PAR-014,CIC-2025-PV,2025-06-18,Maiz,Final,9.1,0.9,8.19,81.9,126.0,0.65,1260.0,54684.0,8.0,81.9,Gravedad,91869.12,38813.65,16875.5,Manual,False,Eficiencia baja
7c5c1a4c-1e49-4e60-91d3-d43da5f9d86e,PAR-014,CIC-2025-PV,2025-06-19,Maiz,Final,9.05,0.86,7.783,79.01,121.55,0.65,1215.5,52752.7,32.0,0.0,Gravedad,88624.54,37442.85,16279.5,Manual,False,
59a5f2be-2141-48ac-a8a8-17788c27562e,PAR-014,CIC-2025-PV,2025-07-04,Maiz,Final,8.28,0.62,5.134,58.03,89.28,0.65,892.8,38747.5,8.0,18.98,Gravedad,65095.8,27502.25,11957.5,Tradicion,False,
153e6617-ee9e-4859-bb7e-bc3b04cc21cc,PAR-015,CIC-2025-PV,2025-03-06,Chile,Inicial,5.98,0.6,3.588,49.95,76.85,0.65,768.5,22132.8,32.0,0.0,Gravedad,37183.1,15709.46,6830.2,Tradicion,False,
8751a7ba-cbf5-498f-bfac-5e59ed89c109,PAR-015,CIC-2025-PV,2025-03-23,Chile,Inicial,6.19,0.58,3.59,55.11,84.78,0.65,847.8,24416.6,8.0,5.92,Gravedad,41019.89,17330.5,7535.0,Manual,False,Deficit acumulado
b031f939-34b2-44db-ad69-91b68028f83f,PAR-015,CIC-2025-PV,2025-04-05,Chile,Desarrollo,7.3,0.719,5.249,59.17,91.03,0.65,910.3,26216.6,8.0,9.07,Gravedad,44043.89,18607.92,8090.4,Manual,False,
7f2dc330-c537-4f5b-ad00-c2829fa4456b,PAR-015,CIC-2025-PV,2025-04-06,Chile,Desarrollo,7.41,0.751,5.565,71.4,109.84,0.65,1098.4,31633.9,32.0,0.0,Gravedad,53144.95,22453.06,9762.2,Experiencia del operador,False,
dab3a685-274e-4b78-b2fb-c6b5a6900bea,PAR-015,CIC-2025-PV,2025-04-08,Chile,Desarrollo,7.73,0.777,6.006,74.54,114.68,0.65,1146.8,33027.8,32.0,0.0,Gravedad,55486.7,23442.52,10192.4,Tradicion,False,Sobre-riego detectado
6731ca2f-f8e8-480c-a8f1-b056afee8b59,PAR-015,CIC-2025-PV,2025-04-16,Chile,Desarrollo,7.52,0.85,6.392,77.69,119.52,0.65,1195.2,34421.8,32.0,0.0,Gravedad,57828.62,24431.98,10622.6,Manual,True,
12c2b93e-bd0e-497a-911a-9c4620747ffd,PAR-015,CIC-2025-PV,2025-04-24,Chile,Desarrollo,7.23,0.963,6.962,94.1,144.77,0.65,1447.7,41693.8,32.0,0.0,Gravedad,70045.58,29593.41,12866.7,Tradicion,True,
bc6a44a7-b1dd-4dcb-bfb0-893b5979f595,PAR-015,CIC-2025-PV,2025-05-06,Chile,Media,8.25,1.03,8.498,89.48,137.66,0.65,1376.6,39646.1,8.0,12.5,Gravedad,66605.45,28140.04,12234.8,Tradicion,False,
609e0d65-d3cf-4013-a40e-cbd7ce72aacb,PAR-015,CIC-2025-PV,2025-07-03,Chile,Final,7.79,0.916,7.136,84.55,130.07,0.65,1300.7,37460.2,8.0,329.34,Gravedad,62933.14,26588.46,11560.2,Manual,False,
3113d37a-ee75-4fc6-89ed-47ef99d9c4ac,PAR-016,CIC-2025-PV,2025-03-13,Frijol,Inicial,6.3,0.42,2.646,28.07,35.09,0.8,350.9,5474.0,8.0,3.68,Aspersion,9196.32,3885.39,1689.3,Experiencia del operador,True,Deficit acumulado
54021797-c93f-464d-a991-0e05b49e665d,PAR-016,CIC-2025-PV,2025-03-22,Frijol,Desarrollo,6.19,0.415,2.569,34.59,43.24,0.8,432.4,6745.4,32.0,0.0,Aspersion,11332.27,4787.68,2081.6,Experiencia del operador,False,
1f24d8eb-4b80-4c1f-ba8f-19b483079fa5,PAR-016,CIC-2025-PV,2025-04-14,Frijol,Desarrollo,7.46,1.03,7.684,85.08,106.35,0.8,1063.5,16590.6,8.0,91.65,Aspersion,27872.21,11775.77,5119.9,Experiencia del operador,False,
a7e7a1bc-1662-4fe5-9fdd-2434c2cff08f,PAR-016,CIC-2025-PV,2025-04-28,Frijol,Media,7.82,1.17,9.149,95.77,119.71,0.8,1197.1,18674.8,8.0,32.32,Aspersion,31373.66,13254.9,5763.0,Manual,False,Eficiencia baja
f2f7c2fb-34be-4211-b667-980564973738,PAR-016,CIC-2025-PV,2025-05-03,Frijol,Media,8.23,1.16,9.547,97.56,121.95,0.8,1219.5,19024.2,32.0,0.0,Aspersion,31960.66,13503.07,5870.9,Experiencia del operador,False,
8ea30b5b-b52a-46fd-b5e2-0033be9554f9,PAR-016,CIC-2025-PV,2025-05-04,Frijol,Media,8.84,1.11,9.812,90.02,112.53,0.8,1125.3,17554.7,32.0,0.0,Aspersion,29491.9,12460.02,5417.4,Manual,False,
67b73290-1664-4308-bfec-98d65ee98df9,PAR-016,CIC-2025-PV,2025-05-10,Frijol,Media,8.62,1.14,9.827,86.46,108.08,0.8,1080.8,16860.5,32.0,0.0,Aspersion,28325.64,11967.36,5203.2,Tradicion,False,Deficit acumulado
1528386c-04fc-411d-9c20-af093ebfd8c4,PAR-016,CIC-2025-PV,2025-05-16,Frijol,Media,8.32,1.12,9.318,80.74,100.93,0.8,1009.3,15745.1,32.0,0.0,Aspersion,26451.77,11175.47,4858.9,Manual,True,
2c7057ed-c13d-4d62-a446-820fd7e1dba9,PAR-016,CIC-2025-PV,2025-05-17,Frijol,Media,8.69,1.19,10.341,79.53,99.41,0.8,994.1,15508.0,32.0,0.0,Aspersion,26053.44,11007.34,4785.8,Experiencia del operador,False,Sobre-riego detectado
95722bd2-a1a1-483d-afcd-1f426cef864c,PAR-016,CIC-2025-PV,2025-05-31,Frijol,Final,8.32,0.74,6.157,50.02,62.52,0.8,625.2,9753.1,8.0,36.18,Aspersion,16385.21,6922.54,3009.8,Tradicion,True,
730d4d74-e0e8-4198-ba9c-e89be0fe0e4c,PAR-016,CIC-2025-PV,2025-06-17,Frijol,Final,9.12,0.32,2.918,26.19,32.74,0.8,327.4,5107.4,8.0,23.42,Aspersion,8580.43,3625.03,1576.1,Manual,False,
40af2f60-b681-4687-977b-52dca7806110,PAR-017,CIC-2025-PV,2025-03-20,Maiz,Inicial,6.2,0.28,1.736,13.39,20.6,0.65,206.0,5459.0,8.0,19.59,Gravedad,9171.12,3874.58,1684.6,Experiencia del operador,False,Eficiencia baja
df958643-7681-4bd6-907a-89be3ec7eece,PAR-017,CIC-2025-PV,2025-04-10,Maiz,Desarrollo,7.41,0.794,5.884,41.94,64.52,0.65,645.2,17097.8,8.0,81.62,Gravedad,28724.3,12135.72,5276.4,Experiencia del operador,False,Deficit acumulado
31f79ee1-0d86-4d25-93cd-230bbea56dc8,PAR-017,CIC-2025-PV,2025-04-11,Maiz,Desarrollo,7.36,0.8,5.888,41.84,64.37,0.65,643.7,17058.1,32.0,0.0,Gravedad,28657.61,12107.43,5264.1,Experiencia del operador,False,
3e655dad-768b-46eb-80ea-9dba067938f1,PAR-017,CIC-2025-PV,2025-04-30,Maiz,Media,7.44,1.24,9.226,60.53,93.13,0.65,931.3,24679.4,8.0,114.76,Gravedad,41461.39,17517.03,7616.1,Tradicion,True,Deficit acumulado
56b493ef-b2fd-406b-8667-86d26f77cafa,PAR-017,CIC-2025-PV,2025-05-04,Maiz,Media,8.33,1.23,10.246,58.82,90.49,0.65,904.9,23979.8,32.0,0.0,Gravedad,40286.06,17020.46,7400.2,Manual,False,Eficiencia baja
e26d404a-fb85-48af-8a7b-493abc3218ba,PAR-017,CIC-2025-PV,2025-05-05,Maiz,Media,8.21,1.23,10.098,64.33,98.97,0.65,989.7,26227.1,32.0,0.0,Gravedad,44061.53,18615.51,8093.7,Manual,True,
4d61bcda-2007-496b-a33e-d7137b9ac72a,PAR-017,CIC-2025-PV,2025-05-19,Maiz,Media,8.62,1.21,10.43,61.48,94.58,0.65,945.8,25063.7,8.0,84.54,Gravedad,42107.02,17789.81,7734.7,Manual,True,
f81a9ccb-7723-4b04-ac06-569607733415,PAR-017,CIC-2025-PV,2025-05-22,Maiz,Media,8.66,1.19,10.305,59.87,92.11,0.65,921.1,24409.2,32.0,0.0,Gravedad,41007.46,17325.21,7532.7,Experiencia del operador,True,Eficiencia baja
319e6684-280a-4029-b2c1-d7f7813aa3ea,PAR-017,CIC-2025-PV,2025-05-26,Maiz,Media,8.36,1.2,10.032,65.75,101.16,0.65,1011.6,26807.4,32.0,0.0,Gravedad,45036.43,19027.44,8272.8,Manual,False,
84f73bec-4887-4820-8391-18dfabdd6c4b,PAR-017,CIC-2025-PV,2025-05-27,Maiz,Media,8.23,1.24,10.205,69.18,106.43,0.65,1064.3,28203.9,32.0,0.0,Gravedad,47382.55,20018.51,8703.7,Experiencia del operador,False,
4a750824-f5e8-470a-aa9a-35a0dcbe9d86,PAR-017,CIC-2025-PV,2025-07-12,Maiz,Final,8.07,0.64,5.165,29.65,45.61,0.65,456.1,12086.7,8.0,207.94,Gravedad,20305.66,8579.0,3730.0,Manual,False,Eficiencia baja
08d1a249-169e-43fd-bbed-0144feb39290,PAR-017,CIC-2025-PV,2025-07-17,Maiz,Final,7.92,0.61,4.831,30.69,47.22,0.65,472.2,12513.3,27.0,0.0,Gravedad,21022.34,8881.68,3861.6,Manual,False,Eficiencia baja
bbade6ce-0ae8-4c8e-bd50-a825d7bba8ac,PAR-018,CIC-2025-PV,2025-03-18,Chile,Inicial,6.05,0.59,3.569,42.9,53.62,0.8,536.2,23807.3,8.0,17.77,Aspersion,39996.26,16897.87,7346.9,Tradicion,False,
74372af4-7561-418c-b888-f1459bef987e,PAR-018,CIC-2025-PV,2025-04-01,Chile,Desarrollo,7.39,0.637,4.707,52.24,65.3,0.8,653.0,28993.2,8.0,13.66,Aspersion,48708.58,20578.79,8947.3,Experiencia del operador,False,
f4942ef9-1bb2-4a8a-96a9-a6634ecaf031,PAR-018,CIC-2025-PV,2025-04-15,Chile,Desarrollo,7.67,0.887,6.803,67.94,84.92,0.8,849.2,37704.5,8.0,27.3,Aspersion,63343.56,26761.88,11635.6,Manual,True,
385ef029-184c-4d2d-b2ca-75740f520666,PAR-018,CIC-2025-PV,2025-04-22,Chile,Desarrollo,7.53,0.967,7.282,68.82,86.03,0.8,860.3,38197.3,32.0,0.0,Aspersion,64171.46,27111.71,11787.7,Tradicion,False,Sobre-riego detectado
cdb94464-be15-4eb0-9b30-ad832683c2b7,PAR-018,CIC-2025-PV,2025-05-04,Chile,Media,8.52,1.01,8.605,84.38,105.47,0.8,1054.7,46828.7,8.0,18.88,Aspersion,78672.22,33237.99,14451.3,Manual,False,
3aa40b0f-59b6-4249-9a5c-d6563154c2de,PAR-018,CIC-2025-PV,2025-05-05,Chile,Media,8.18,1.05,8.589,71.47,89.34,0.8,893.4,39667.0,32.0,0.0,Aspersion,66640.56,28154.76,12241.2,Manual,False,Deficit acumulado
e71bc140-9ac2-4119-b44a-fdfe30143343,PAR-018,CIC-2025-PV,2025-06-06,Chile,Media,8.7,1.06,9.222,75.43,94.29,0.8,942.9,41864.8,8.0,219.67,Aspersion,70332.86,29714.85,12919.5,Manual,False,Eficiencia baja
af00c4eb-5392-44c0-89a3-a3fe4c63c81d,PAR-018,CIC-2025-PV,2025-06-11,Chile,Final,8.69,1.058,9.194,84.3,105.37,0.8,1053.7,46784.3,32.0,0.0,Aspersion,78597.62,33206.48,14437.6,Tradicion,False,
41eb97b3-17ba-42c5-ad0a-d44f9cc8ac69,PAR-018,CIC-2025-PV,2025-06-16,Chile,Final,8.99,0.988,8.882,67.26,84.07,0.8,840.7,37327.1,32.0,0.0,Aspersion,62709.53,26493.93,11519.1,Tradicion,False,Sobre-riego detectado
57a298a7-ce76-4d3f-a811-e359acc8d85a,PAR-018,CIC-2025-PV,2025-06-21,Chile,Final,9.02,0.958,8.641,70.4,88.0,0.8,880.0,39072.0,32.0,0.0,Aspersion,65640.96,27732.48,12057.6,Manual,True,
a0674459-1eed-45ee-8e9d-062b891f1fa2,PAR-018,CIC-2025-PV,2025-07-01,Chile,Final,8.12,0.898,7.292,74.33,92.91,0.8,929.1,41252.0,8.0,0.0,Aspersion,69303.36,29279.92,12730.4,Manual,True,Sobre-riego detectado
fa466b49-27ec-4133-8ccb-d3de0aedd643,PAR-019,CIC-2025-PV,2025-03-26,Maiz,Desarrollo,5.93,0.429,2.544,38.31,42.57,0.9,425.7,17283.4,8.0,25.29,Goteo,29036.11,12267.51,5333.7,Experiencia del operador,True,Sobre-riego detectado
c6389f2d-9df1-4d42-8ebc-a03cab943ad9,PAR-019,CIC-2025-PV,2025-04-24,Maiz,Desarrollo,7.64,1.154,8.817,95.73,106.37,0.9,1063.7,43186.2,8.0,159.96,Goteo,72552.82,30652.79,13327.3,Experiencia del operador,False,Eficiencia baja
9d61945d-aec9-4e61-90f8-abf4abc3592f,PAR-019,CIC-2025-PV,2025-05-09,Maiz,Media,8.55,1.22,10.431,122.55,136.17,0.9,1361.7,55285.0,8.0,33.91,Goteo,92878.8,39240.3,17061.0,Manual,False,Sobre-riego detectado
3d70e3c8-70c4-48f9-8e6d-b048c8bace79,PAR-019,CIC-2025-PV,2025-05-13,Maiz,Media,8.31,1.18,9.806,119.62,132.91,0.9,1329.1,53961.5,32.0,0.0,Goteo,90655.32,38300.75,16652.5,Tradicion,False,Sobre-riego detectado
bf2df1b3-2017-4993-8dfe-2022fbdb90d2,PAR-019,CIC-2025-PV,2025-06-04,Maiz,Media,9.3,1.23,11.439,117.88,130.98,0.9,1309.8,53177.9,8.0,133.78,Goteo,89338.87,37744.61,16410.7,Manual,False,
517cb4b3-e508-41f6-9425-5404f5489dfe,PAR-019,CIC-2025-PV,2025-06-09,Maiz,Final,9.11,1.07,9.748,90.72,100.8,0.9,1008.0,40924.8,32.0,0.0,Goteo,68753.66,29047.62,12629.4,Manual,True,Deficit acumulado
14ae20b3-49bc-4f40-9dc7-2ff9be112333,PAR-019,CIC-2025-PV,2025-06-15,Maiz,Final,9.06,1.02,9.241,99.64,110.71,0.9,1107.1,44948.3,32.0,0.0,Goteo,75513.14,31903.3,13871.0,Experiencia del operador,False,Eficiencia baja
20537504-43b5-4113-b5dc-d42c33a17d17,PAR-019,CIC-2025-PV,2025-06-17,Maiz,Final,8.76,0.95,8.322,82.3,91.44,0.9,914.4,37124.6,32.0,0.0,Goteo,62369.33,26350.41,11456.7,Experiencia del operador,False,
45dcb791-b27e-4fee-925b-04680179a95c,PAR-019,CIC-2025-PV,2025-07-18,Maiz,Final,7.88,0.56,4.413,54.7,60.78,0.9,607.8,24676.7,8.0,82.1,Goteo,41456.86,17514.96,7615.2,Manual,False,
0de1b85b-fb59-4a74-a797-ac281997e528,PAR-020,CIC-2025-PV,2025-03-12,Chile,Inicial,5.71,0.64,3.654,40.77,62.72,0.65,627.2,15366.4,8.0,0.0,Gravedad,25815.55,10906.83,4742.1,Manual,False,Sobre-riego detectado
117b77d6-0741-4e88-afee-13d24259214f,PAR-020,CIC-2025-PV,2025-03-15,Chile,Inicial,5.84,0.59,3.446,35.39,54.45,0.65,544.5,13340.2,32.0,0.0,Gravedad,22411.54,9468.64,4116.8,Manual,False,Eficiencia baja
b06aaae8-8f54-4d8e-aedc-5b60b6c4eebb,PAR-020,CIC-2025-PV,2025-03-18,Chile,Inicial,5.9,0.62,3.658,34.51,53.09,0.65,530.9,13007.0,32.0,0.0,Gravedad,21851.76,9232.2,4014.0,Manual,False,Eficiencia baja
a71fbdfb-1e0c-42ed-a3db-89a4915d5282,PAR-020,CIC-2025-PV,2025-04-04,Chile,Desarrollo,7.22,0.676,4.881,37.62,57.87,0.65,578.7,14178.2,8.0,45.36,Gravedad,23819.38,10063.42,4375.4,Experiencia del operador,False,
b1ab9b2e-b331-4539-bcd5-d43a9f75418f,PAR-020,CIC-2025-PV,2025-04-18,Chile,Desarrollo,7.51,0.876,6.579,48.74,74.99,0.65,749.9,18372.5,8.0,43.37,Gravedad,30865.8,13040.54,5669.8,Manual,False,Sobre-riego detectado
57ecd24c-0342-4466-bb1e-c88be2301ddd,PAR-020,CIC-2025-PV,2025-04-19,Chile,Desarrollo,7.57,0.949,7.184,62.78,96.58,0.65,965.8,23662.1,32.0,0.0,Gravedad,39752.33,16794.83,7302.1,Experiencia del operador,True,
563c67f7-89f0-4118-953b-dbc6edefc7e4,PAR-020,CIC-2025-PV,2025-04-30,Chile,Desarrollo,7.42,1.05,7.791,58.45,89.92,0.65,899.2,22030.4,8.0,27.25,Gravedad,37011.07,15636.78,6798.6,Tradicion,False,Deficit acumulado
a2589071-3e93-41f0-8404-3fc65bf20155,PAR-020,CIC-2025-PV,2025-05-22,Chile,Media,8.55,1.04,8.892,59.18,91.04,0.65,910.4,22304.8,8.0,136.44,Gravedad,37472.06,15831.59,6883.3,Experiencia del operador,True,Eficiencia baja
53889041-000a-44a0-a3fb-e0e9fa13398c,PAR-020,CIC-2025-PV,2025-05-23,Chile,Media,8.36,1.09,9.112,67.41,103.71,0.65,1037.1,25408.9,32.0,0.0,Gravedad,42686.95,18034.76,7841.2,Manual,True,Eficiencia baja
c5169881-fa99-4d68-8762-87b1776d2833,PAR-020,CIC-2025-PV,2025-06-09,Chile,Media,8.94,1.04,9.298,64.32,98.96,0.65,989.6,24245.2,8.0,93.75,Gravedad,40731.94,17208.83,7482.1,Manual,False,Deficit acumulado
67edb5d2-a2c5-432d-8b29-ca2f193e7d33,PAR-020,CIC-2025-PV,2025-06-12,Chile,Final,9.15,1.042,9.534,64.45,99.15,0.65,991.5,24291.8,32.0,0.0,Gravedad,40810.22,17241.72,7496.4,Tradicion,True,Sobre-riego detectado
bd01d278-4356-4814-8845-b50996f819ce,PAR-020,CIC-2025-PV,2025-06-21,Chile,Final,8.74,0.988,8.635,53.77,82.73,0.65,827.3,20268.8,8.0,23.95,Gravedad,34051.58,14386.5,6255.0,Experiencia del operador,False,
4bbd6855-65ea-44de-9a27-8bce009146dd,PAR-021,CIC-2025-PV,2025-03-23,Frijol,Desarrollo,5.78,0.42,2.428,24.57,29.96,0.82,299.6,10366.2,8.0,28.85,Microaspersion,17415.22,7357.7,3199.0,Manual,False,
5d42051d-f63e-4eca-8223-d4b95c2cc789,PAR-021,CIC-2025-PV,2025-03-31,Frijol,Desarrollo,6.31,0.64,4.038,32.84,40.05,0.82,400.5,13857.3,8.0,0.0,Microaspersion,23280.26,9835.72,4276.4,Manual,False,Sobre-riego detectado
665f7bbc-436e-4552-9592-9184aed71d29,PAR-021,CIC-2025-PV,2025-04-13,Frijol,Desarrollo,7.72,0.965,7.45,56.98,69.49,0.82,694.9,24043.5,8.0,39.87,Microaspersion,40393.08,17065.54,7419.8,Experiencia del operador,False,Deficit acumulado
5e495340-57b7-42a2-ba22-831246e732a7,PAR-021,CIC-2025-PV,2025-04-15,Frijol,Desarrollo,7.59,1.045,7.932,54.2,66.1,0.82,661.0,22870.6,32.0,0.0,Microaspersion,38422.61,16233.17,7057.9,Manual,False,
802c91c7-1460-44cd-bfed-8aa03df478cc,PAR-021,CIC-2025-PV,2025-04-16,Frijol,Desarrollo,7.2,1.06,7.632,65.51,79.89,0.82,798.9,27641.9,32.0,0.0,Microaspersion,46438.39,19619.69,8530.3,Experiencia del operador,False,
fe80335e-324c-4581-8cac-c49e1b326bf6,PAR-021,CIC-2025-PV,2025-04-17,Frijol,Desarrollo,7.5,1.115,8.363,67.68,82.54,0.82,825.4,28558.8,32.0,0.0,Microaspersion,47978.78,20270.36,8813.2,Experiencia del operador,False,Eficiencia baja
a668ce20-fde9-47a3-ae82-555332ba126f,PAR-021,CIC-2025-PV,2025-04-30,Frijol,Media,7.64,1.17,8.939,69.08,84.25,0.82,842.5,29150.5,8.0,47.13,Microaspersion,48972.84,20690.34,8995.8,Tradicion,False,Sobre-riego detectado
afcdff2f-2990-4b5d-9ab8-cc124077fda7,PAR-021,CIC-2025-PV,2025-05-01,Frijol,Media,8.23,1.14,9.382,59.13,72.11,0.82,721.1,24950.1,32.0,0.0,Microaspersion,41916.17,17709.08,7699.6,Manual,True,
50132cfc-f711-4717-9ae0-1f2c1be4223b,PAR-021,CIC-2025-PV,2025-05-06,Frijol,Media,8.18,1.13,9.243,69.84,85.17,0.82,851.7,29468.8,32.0,0.0,Microaspersion,49507.58,20916.43,9094.1,Experiencia del operador,False,Eficiencia baja
9e724c78-be01-4d47-bf9e-afe390cd99d2,PAR-021,CIC-2025-PV,2025-05-21,Frijol,Final,8.83,1.13,9.978,61.11,74.52,0.82,745.2,25783.9,8.0,88.56,Microaspersion,43316.95,18300.87,7956.9,Manual,True,Deficit acumulado
edbf64d7-7b3a-4f3f-a603-0d36acb96b33,PAR-021,CIC-2025-PV,2025-05-22,Frijol,Final,8.51,1.06,9.021,58.49,71.33,0.82,713.3,24680.2,32.0,0.0,Microaspersion,41462.74,17517.49,7616.3,Tradicion,False,Deficit acumulado
40234c9f-ed32-45a7-89ad-d413560b8a1f,PAR-021,CIC-2025-PV,2025-05-28,Frijol,Final,8.46,0.86,7.276,46.03,56.14,0.82,561.4,19424.4,8.0,0.0,Microaspersion,32632.99,13787.12,5994.4,Tradicion,False,Deficit acumulado
8c006386-3d2b-4fec-877f-052a0d43724a,PAR-021,CIC-2025-PV,2025-06-02,Frijol,Final,8.89,0.61,5.423,29.95,36.53,0.82,365.3,12639.4,10.5,0.0,Microaspersion,21234.19,8971.15,3900.5,Manual,False,Sobre-riego detectado
e88ab55c-9697-4489-9d76-64ead50b4899,PAR-021,CIC-2025-PV,2025-06-18,Frijol,Final,8.73,0.39,3.405,23.89,29.13,0.82,291.3,10079.0,8.0,30.59,Microaspersion,16932.72,7153.92,3110.4,Manual,False,Eficiencia baja
05578ae7-b3d3-4a68-90cd-1a783f2ba617,PAR-022,CIC-2025-PV,2025-03-18,Chile,Inicial,5.82,0.59,3.434,47.36,59.2,0.8,592.0,16043.2,8.0,11.02,Aspersion,26952.58,11387.07,4950.9,Manual,False,
97f3b809-dd84-478e-b0c6-b61f6b1cfc54,PAR-022,CIC-2025-PV,2025-04-19,Chile,Desarrollo,7.82,0.889,6.952,72.87,91.09,0.8,910.9,24685.4,8.0,149.59,Aspersion,41471.47,17521.17,7617.9,Experiencia del operador,False,Deficit acumulado
867d65ef-c570-48aa-b088-e9fc9a27963e,PAR-022,CIC-2025-PV,2025-05-01,Chile,Media,8.6,1.07,9.202,91.49,114.36,0.8,1143.6,30991.6,8.0,18.93,Aspersion,52065.89,21997.2,9564.0,Manual,False,Deficit acumulado
5573749a-7d29-4dc8-b79a-f65e4f02b656,PAR-022,CIC-2025-PV,2025-05-02,Chile,Media,8.46,1.02,8.629,87.22,109.02,0.8,1090.2,29544.4,32.0,0.0,Aspersion,49634.59,20970.02,9117.4,Manual,False,Deficit acumulado
b65400a3-2077-4a59-a4ef-fe02b59ba862,PAR-022,CIC-2025-PV,2025-05-05,Chile,Media,8.34,1.08,9.007,98.94,123.67,0.8,1236.7,33514.6,32.0,0.0,Aspersion,56304.53,23787.98,10342.6,Manual,False,
93eab9e3-f277-4e40-8cb4-68e36c7a6cd0,PAR-022,CIC-2025-PV,2025-05-06,Chile,Media,8.28,1.06,8.777,88.78,110.98,0.8,1109.8,30075.6,32.0,0.0,Aspersion,50527.01,21346.99,9281.3,Experiencia del operador,True,
c7999058-81a4-455f-99f0-2b90ee702c0c,PAR-022,CIC-2025-PV,2025-05-11,Chile,Media,8.75,1.06,9.275,93.41,116.76,0.8,1167.6,31642.0,32.0,0.0,Aspersion,53158.56,22458.81,9764.7,Manual,False,
d911e69e-7948-4216-b6a3-96de4a366b4e,PAR-022,CIC-2025-PV,2025-06-03,Chile,Media,8.92,1.02,9.098,80.98,101.23,0.8,1012.3,27433.3,8.0,128.27,Aspersion,46087.94,19471.57,8465.9,Manual,False,
fd2255cd-254a-4e46-b29a-16ba374667ca,PAR-022,CIC-2025-PV,2025-06-06,Chile,Media,8.77,1.09,9.559,98.9,123.63,0.8,1236.3,33503.7,32.0,0.0,Aspersion,56286.22,23780.16,10339.2,Manual,False,
2eea2045-32b7-4f15-87cb-ce3371926ec9,PAR-023,CIC-2025-PV,2025-04-04,Maiz,Desarrollo,7.27,0.65,4.726,40.01,61.55,0.65,615.5,11756.1,8.0,120.67,Gravedad,19750.25,8344.17,3627.9,Manual,False,
2cea4640-267d-4801-b47a-f056b33f5808,PAR-023,CIC-2025-PV,2025-04-05,Maiz,Desarrollo,7.58,0.696,5.276,49.13,75.59,0.65,755.9,14437.7,32.0,0.0,Gravedad,24255.34,10247.65,4455.5,Manual,False,Deficit acumulado
742bf56b-8de5-4682-bce1-8e50d7dc0fda,PAR-023,CIC-2025-PV,2025-04-11,Maiz,Desarrollo,7.72,0.85,6.562,61.13,94.04,0.65,940.4,17961.6,32.0,0.0,Gravedad,30175.49,12748.67,5542.9,Tradicion,False,
70afc1d6-24d9-49ad-bf73-3e8cd9eb139b,PAR-023,CIC-2025-PV,2025-04-21,Maiz,Desarrollo,7.63,1.087,8.294,69.03,106.2,0.65,1062.0,20284.2,8.0,13.91,Gravedad,34077.46,14397.31,6259.7,Experiencia del operador,False,Sobre-riego detectado
d928718c-c8de-4fd0-b647-7b8df0ee8a27,PAR-023,CIC-2025-PV,2025-05-06,Maiz,Media,8.55,1.2,10.26,83.19,127.98,0.65,1279.8,24444.2,8.0,70.71,Gravedad,41066.26,17350.05,7543.5,Manual,False,Eficiencia baja
bcd9efe0-0c43-4a1d-b74a-495fa62e19f8,PAR-023,CIC-2025-PV,2025-05-23,Maiz,Media,8.31,1.2,9.972,73.86,113.63,0.65,1136.3,21703.3,8.0,95.66,Gravedad,36461.54,15404.48,6697.6,Experiencia del operador,False,
0b2d9928-93a5-452e-a24b-655d228350be,PAR-023,CIC-2025-PV,2025-05-25,Maiz,Media,8.53,1.23,10.492,72.52,111.57,0.65,1115.7,21309.9,32.0,0.0,Gravedad,35800.63,15125.26,6576.2,Manual,False,
187c3f1a-8959-4993-a672-f2fc08eda559,PAR-023,CIC-2025-PV,2025-06-09,Maiz,Final,9.23,1.13,10.43,71.02,109.26,0.65,1092.6,20868.7,8.0,85.43,Gravedad,35059.42,14812.23,6440.1,Manual,False,
b561fb25-65e6-40a9-883f-57222352c584,PAR-023,CIC-2025-PV,2025-07-14,Maiz,Final,8.03,0.57,4.577,41.36,63.63,0.65,636.3,12153.3,8.0,118.83,Gravedad,20417.54,8626.15,3750.5,Manual,False,
7b5517c2-2ab9-42fc-9858-970f97176d17,PAR-024,CIC-2025-PV,2025-03-10,Frijol,Inicial,5.69,0.38,2.162,42.3,51.58,0.82,515.8,20786.7,32.0,0.0,Microaspersion,34921.66,14754.04,6414.8,Manual,False,Deficit acumulado
1c898368-e544-4a61-b84a-f14100ba9a97,PAR-024,CIC-2025-PV,2025-03-17,Frijol,Inicial,5.88,0.42,2.47,51.13,62.35,0.82,623.5,25127.0,32.0,0.0,Microaspersion,42213.36,17834.66,7754.2,Manual,False,
76078513-445d-4f9c-b08d-cb8c4ab86d97,PAR-024,CIC-2025-PV,2025-03-21,Frijol,Inicial,6.34,0.41,2.599,49.44,60.29,0.82,602.9,24296.9,32.0,0.0,Microaspersion,40818.79,17245.4,7498.0,Manual,True,
35a60469-c400-451a-9623-64cc0c98b889,PAR-024,CIC-2025-PV,2025-04-08,Frijol,Desarrollo,7.79,0.84,6.544,109.08,133.02,0.82,1330.2,53607.1,8.0,8.71,Microaspersion,90059.93,38049.36,16543.2,Manual,False,Deficit acumulado
966884a3-d09f-4640-92c3-36f6e3b27903,PAR-024,CIC-2025-PV,2025-04-19,Frijol,Desarrollo,7.32,1.145,8.381,139.39,169.99,0.82,1699.9,68506.0,32.0,0.0,Microaspersion,115090.08,48624.3,21141.0,Manual,False,
2b4eedf7-97df-4630-ac83-dab9db0a6add,PAR-024,CIC-2025-PV,2025-05-01,Frijol,Media,8.42,1.16,9.767,122.39,149.26,0.82,1492.6,60151.8,8.0,0.0,Microaspersion,101055.02,42694.44,18562.8,Manual,False,
d8ec2700-707c-4d0c-b2d4-b7bbca30a286,PAR-024,CIC-2025-PV,2025-05-02,Frijol,Media,8.47,1.12,9.486,133.75,163.11,0.82,1631.1,65733.3,32.0,0.0,Microaspersion,110431.94,46656.19,20285.3,Manual,False,
e4752610-851e-4e9a-a3a4-1e3f63af5e39,PAR-024,CIC-2025-PV,2025-06-13,Frijol,Final,8.84,0.32,2.829,40.81,49.77,0.82,497.7,20057.3,8.0,78.01,Microaspersion,33696.26,14236.31,6189.7,Manual,False,
a3b52530-ae6e-4c10-9be8-f42d8f6b6387,PAR-024,CIC-2025-PV,2025-06-17,Frijol,Final,8.88,0.33,2.93,33.67,41.06,0.82,410.6,16547.2,32.0,0.0,Microaspersion,27799.3,11744.95,5106.5,Manual,False,
589261d6-4973-4d8f-9206-acde7bc07c6f,PAR-024,CIC-2025-PV,2025-06-18,Frijol,Final,9.09,0.33,3.0,40.17,48.99,0.82,489.9,19743.0,32.0,0.0,Microaspersion,33168.24,14013.21,6092.7,Manual,False,
f3304f7c-3cbb-46da-8985-677255fa31f9,PAR-025,CIC-2025-PV,2025-04-08,Algodon,Desarrollo,7.45,0.506,3.77,24.77,38.11,0.65,381.1,4344.5,8.0,118.49,Gravedad,7298.76,3083.61,1340.7,Manual,False,Eficiencia baja
66d4af02-913b-4855-a3a8-4f91b1b3dda2,PAR-025,CIC-2025-PV,2025-04-29,Algodon,Desarrollo,7.26,0.873,6.338,41.98,64.58,0.65,645.8,7362.1,8.0,91.12,Gravedad,12368.33,5225.37,2271.9,Manual,True,Eficiencia baja
bbbc54f9-8d1b-48ef-8150-c39ac8a6bff6,PAR-025,CIC-2025-PV,2025-05-13,Algodon,Desarrollo,8.33,1.101,9.171,46.68,71.82,0.65,718.2,8187.5,8.0,81.71,Gravedad,13755.0,5811.41,2526.7,Manual,True,
e95c6133-4249-4485-bf1b-afbad255965a,PAR-025,CIC-2025-PV,2025-05-17,Algodon,Desarrollo,8.36,1.109,9.271,50.9,78.31,0.65,783.1,8927.3,32.0,0.0,Gravedad,14997.86,6336.5,2755.0,Manual,False,Sobre-riego detectado
1b3fcf6f-6749-4c72-a64d-778fc99578d0,PAR-025,CIC-2025-PV,2025-05-27,Algodon,Media,8.64,1.21,10.454,46.55,71.61,0.65,716.1,8163.5,8.0,57.99,Gravedad,13714.68,5794.39,2519.3,Experiencia del operador,True,
52968ae2-8d8a-46a2-992a-90d05dd3d94b,PAR-025,CIC-2025-PV,2025-05-31,Algodon,Media,8.31,1.23,10.221,55.91,86.02,0.65,860.2,9806.3,32.0,0.0,Gravedad,16474.58,6960.26,3026.2,Manual,True,Eficiencia baja
4a268d62-c9be-4396-9b44-d7233da5f820,PAR-025,CIC-2025-PV,2025-07-08,Algodon,Media,8.22,1.16,9.535,56.79,87.37,0.65,873.7,9960.2,8.0,305.54,Gravedad,16733.14,7069.51,3073.7,Experiencia del operador,False,
b400e1ee-8b7e-4957-9723-34886704afbb,PAR-025,CIC-2025-PV,2025-07-10,Algodon,Media,7.7,1.23,9.471,52.15,80.23,0.65,802.3,9146.2,32.0,0.0,Gravedad,15365.62,6491.75,2822.5,Manual,True,Eficiencia baja
d8fc2c61-f005-44f2-80f6-4f8ebbd13c07,PAR-025,CIC-2025-PV,2025-07-24,Algodon,Final,8.27,1.059,8.758,42.12,64.8,0.65,648.0,7387.2,8.0,80.49,Gravedad,12410.5,5243.31,2279.7,Manual,False,
ef96daea-377b-4283-8110-4bcc1b5bc76f,PAR-025,CIC-2025-PV,2025-07-28,Algodon,Final,7.75,1.044,8.091,46.11,70.94,0.65,709.4,8087.2,32.0,0.0,Gravedad,13586.5,5740.11,2495.7,Manual,False,Deficit acumulado
c45626b3-5e06-4167-96dc-255d8e7cf948,PAR-025,CIC-2025-PV,2025-07-31,Algodon,Final,7.96,1.051,8.366,48.24,74.22,0.65,742.2,8461.1,32.0,0.0,Gravedad,14214.65,6005.53,2611.1,Manual,False,
5f11bee2-0582-4413-b9b9-ff5c24caa8a3,PAR-026,CIC-2025-PV,2025-03-17,Frijol,Inicial,5.69,0.38,2.162,24.76,38.09,0.65,380.9,5294.5,8.0,9.83,Gravedad,8894.76,3757.97,1633.9,Manual,False,Sobre-riego detectado
4992de0f-22e6-4ad3-b275-cf406e80a3b0,PAR-026,CIC-2025-PV,2025-03-18,Frijol,Inicial,5.82,0.37,2.153,22.57,34.73,0.65,347.3,4827.5,32.0,0.0,Gravedad,8110.2,3426.54,1489.8,Manual,False,Sobre-riego detectado
035ab28d-54fb-4309-8e89-c4a46e66b341,PAR-026,CIC-2025-PV,2025-03-21,Frijol,Inicial,6.34,0.4,2.536,26.06,40.09,0.65,400.9,5572.5,32.0,0.0,Gravedad,9361.8,3955.31,1719.7,Manual,False,
a7c189c3-92e4-4189-8481-6b3ea9285da3,PAR-026,CIC-2025-PV,2025-03-23,Frijol,Desarrollo,5.94,0.46,2.732,27.51,42.33,0.65,423.3,5883.9,32.0,0.0,Gravedad,9884.95,4176.34,1815.8,Manual,False,Sobre-riego detectado
b82a31df-054a-4579-9579-ddde7e26b2d9,PAR-026,CIC-2025-PV,2025-04-02,Frijol,Desarrollo,7.16,0.71,5.084,37.85,58.23,0.65,582.3,8094.0,8.0,12.99,Gravedad,13597.92,5744.94,2497.8,Manual,True,Sobre-riego detectado
506909bf-4c79-4b46-bbf6-5050025a2cdc,PAR-026,CIC-2025-PV,2025-04-06,Frijol,Desarrollo,7.81,0.82,6.404,47.59,73.22,0.65,732.2,10177.6,32.0,0.0,Gravedad,17098.37,7223.84,3140.8,Manual,False,
39b37eef-5f1d-4296-9b36-10ed25ed1725,PAR-026,CIC-2025-PV,2025-04-15,Frijol,Desarrollo,7.69,1.045,8.036,60.66,93.32,0.65,933.2,12971.5,8.0,11.66,Gravedad,21792.12,9206.9,4003.0,Experiencia del operador,True,
ca69fc31-ae6b-486c-9d1c-0f1e82c9105e,PAR-026,CIC-2025-PV,2025-04-19,Frijol,Desarrollo,7.53,1.155,8.697,62.93,96.82,0.65,968.2,13458.0,32.0,0.0,Gravedad,22609.44,9552.13,4153.1,Manual,False,
eb64d011-bf0e-40ec-a943-ef597014add8,PAR-026,CIC-2025-PV,2025-04-24,Frijol,Media,7.79,1.16,9.036,76.26,117.33,0.65,1173.3,16308.9,32.0,0.0,Gravedad,27398.95,11575.67,5032.9,Manual,False,
4e9c3cc6-8357-4b51-ba92-a34fbd063c3a,PAR-026,CIC-2025-PV,2025-04-29,Frijol,Media,7.56,1.13,8.543,70.94,109.14,0.65,1091.4,15170.5,32.0,0.0,Gravedad,25486.44,10767.68,4681.6,Manual,False,
bf2d98bf-642b-477f-8a3b-d39816598465,PAR-026,CIC-2025-PV,2025-05-20,Frijol,Media,8.66,1.15,9.959,73.56,113.17,0.65,1131.7,15730.6,8.0,135.58,Gravedad,26427.41,11165.35,4854.5,Manual,False,
a84fc556-9613-4eee-8c22-e529c3e03104,PAR-026,CIC-2025-PV,2025-06-07,Frijol,Final,8.73,0.43,3.754,26.23,40.36,0.65,403.6,5610.0,8.0,41.34,Gravedad,9424.8,3981.76,1731.2,Manual,False,
424b9244-b6f0-4dd0-9aae-5c472589d994,PAR-026,CIC-2025-PV,2025-06-10,Frijol,Final,9.11,0.37,3.371,20.16,31.02,0.65,310.2,4311.8,32.0,0.0,Gravedad,7243.82,3060.38,1330.6,Manual,False,
a177aca4-2651-457d-bcfc-81a924e89a5d,PAR-026,CIC-2025-PV,2025-06-15,Frijol,Final,8.66,0.33,2.858,19.55,30.07,0.65,300.7,4179.7,32.0,0.0,Gravedad,7021.9,2966.77,1289.9,Manual,False,
112e9c9d-ea87-4b4f-a116-538b47767cf1,PAR-027,CIC-2025-PV,2025-03-13,Maiz,Inicial,6.05,0.32,1.936,23.3,35.85,0.65,358.5,3441.6,8.0,0.0,Gravedad,5781.89,2442.83,1062.1,Manual,False,Sobre-riego detectado
976478ad-0a98-4118-a5b7-b4d1aacd1c6b,PAR-027,CIC-2025-PV,2025-03-22,Maiz,Desarrollo,5.68,0.336,1.908,25.38,39.05,0.65,390.5,3748.8,32.0,0.0,Gravedad,6297.98,2660.87,1156.9,Manual,True,Eficiencia baja
ec207605-6d28-4d27-8391-8657a4b35001,PAR-027,CIC-2025-PV,2025-04-05,Maiz,Desarrollo,7.42,0.656,4.868,41.84,64.37,0.65,643.7,6179.5,8.0,26.31,Gravedad,10381.56,4386.1,1907.0,Manual,False,
2e64923e-626b-438b-a2f8-ecb7685bd4f0,PAR-027,CIC-2025-PV,2025-04-07,Maiz,Desarrollo,7.67,0.737,5.653,50.1,77.08,0.65,770.8,7399.7,32.0,0.0,Gravedad,12431.5,5252.05,2283.5,Manual,False,
f1b414fa-1eb6-4dc1-ad3c-b29a9b20ab71,PAR-027,CIC-2025-PV,2025-05-12,Maiz,Media,8.37,1.19,9.96,89.14,137.14,0.65,1371.4,13165.4,8.0,259.46,Gravedad,22117.87,9344.44,4062.8,Tradicion,False,
c55a6176-d2c8-43ca-ab2e-1d0ea4c40b6b,PAR-027,CIC-2025-PV,2025-05-13,Maiz,Media,8.62,1.2,10.344,74.07,113.96,0.65,1139.6,10940.2,32.0,0.0,Gravedad,18379.54,7765.03,3376.1,Manual,False,Sobre-riego detectado
e766c52e-14f2-4b2f-b649-d849bab2034a,PAR-027,CIC-2025-PV,2025-05-14,Maiz,Media,8.82,1.21,10.672,75.53,116.2,0.65,1162.0,11155.2,32.0,0.0,Gravedad,18740.74,7917.75,3442.5,Experiencia del operador,False,Eficiencia baja
0505cfa8-b684-4f8d-a83d-03824b3a079d,PAR-027,CIC-2025-PV,2025-05-30,Maiz,Media,8.38,1.19,9.972,83.36,128.25,0.65,1282.5,12312.0,8.0,76.19,Gravedad,20684.16,8738.85,3799.5,Manual,False,Eficiencia baja
77d6ce22-7772-41f6-b720-41b0eb262c3b,PAR-027,CIC-2025-PV,2025-06-23,Maiz,Final,9.04,0.8,7.232,52.71,81.1,0.65,811.0,7785.6,8.0,120.86,Gravedad,13079.81,5525.98,2402.6,Tradicion,False,Eficiencia baja
42c2e692-27c3-4ad5-97c7-797d0676d679,PAR-027,CIC-2025-PV,2025-07-18,Maiz,Final,8.06,0.57,4.594,39.53,60.82,0.65,608.2,5838.7,8.0,75.32,Gravedad,9809.02,4144.14,1801.8,Manual,False,
426feed7-59da-49d9-ab0f-0fb6afb55e02,PAR-028,CIC-2025-PV,2025-03-07,Uva,Inicial,5.99,0.33,1.977,37.18,46.47,0.8,464.7,13569.2,32.0,0.0,Aspersion,22796.26,9631.25,4187.5,Manual,False,Sobre-riego detectado
0a2fbac9-5983-4d5e-8697-f1fea73bce49,PAR-028,CIC-2025-PV,2025-03-12,Uva,Inicial,5.68,0.34,1.931,40.46,50.57,0.8,505.7,14766.4,32.0,0.0,Aspersion,24807.55,10480.87,4556.9,Tradicion,False,Eficiencia baja
712b256c-92d7-4d5c-9ece-ca4b683cb864,PAR-028,CIC-2025-PV,2025-04-13,Uva,Desarrollo,7.47,0.576,4.303,77.32,96.65,0.8,966.5,28221.8,8.0,60.38,Aspersion,47412.62,20031.16,8709.2,Tradicion,True,Deficit acumulado
df1dcee5-a349-4fee-9662-f1cea4f30cd9,PAR-028,CIC-2025-PV,2025-05-04,Uva,Media,8.6,0.86,7.396,105.59,131.99,0.8,1319.9,38541.1,8.0,49.73,Aspersion,64749.05,27355.74,11893.8,Tradicion,False,
5d4f32bc-6541-4386-b867-5b338e31f546,PAR-028,CIC-2025-PV,2025-06-02,Uva,Media,9.11,0.88,8.017,101.37,126.71,0.8,1267.1,36999.3,8.0,131.12,Aspersion,62158.82,26261.4,11418.0,Manual,False,Eficiencia baja
a967d005-4954-483f-9fbf-38580bd875a7,PAR-028,CIC-2025-PV,2025-06-18,Uva,Media,9.3,0.87,8.091,106.82,133.53,0.8,1335.3,38990.8,8.0,22.64,Aspersion,65504.54,27674.98,12032.6,Manual,False,Eficiencia baja
ce7b57b8-625f-4aa2-b02a-33835ebae72e,PAR-028,CIC-2025-PV,2025-07-22,Uva,Media,7.81,0.82,6.404,115.22,144.02,0.8,1440.2,42053.8,8.0,102.52,Aspersion,70650.38,29848.94,12977.8,Manual,False,
45f4b41f-8112-4b42-890e-505934f21c0d,PAR-028,CIC-2025-PV,2025-08-15,Uva,Media,7.23,0.85,6.146,97.91,122.39,0.8,1223.9,35737.9,8.0,49.59,Aspersion,60039.67,25366.01,11028.7,Experiencia del operador,False,
64923353-4a5c-4241-8c64-4e7b943a6b79,PAR-028,CIC-2025-PV,2025-08-30,Uva,Final,7.23,0.807,5.835,99.1,123.88,0.8,1238.8,36173.0,13.2,0.0,Aspersion,60770.64,25674.9,11163.0,Manual,False,
a0bb23c2-9c52-46ec-b368-889c28b5e71e,PAR-029,CIC-2025-PV,2025-03-16,Algodon,Inicial,5.93,0.32,1.898,27.0,41.54,0.65,415.4,9263.4,8.0,1.47,Gravedad,15562.51,6575.01,2858.7,Tradicion,False,
17ce4eec-8c82-4e7c-b24f-0bf1c0c7f441,PAR-029,CIC-2025-PV,2025-03-29,Algodon,Inicial,5.72,0.33,1.888,30.09,46.3,0.65,463.0,10324.9,22.6,0.0,Gravedad,17345.83,7328.49,3186.3,Manual,True,Deficit acumulado
75e1baf2-b9a9-4d7f-9e03-546d1fa0d8d9,PAR-029,CIC-2025-PV,2025-04-12,Algodon,Desarrollo,7.24,0.544,3.939,50.08,77.05,0.65,770.5,17182.2,8.0,5.07,Gravedad,28866.1,12195.52,5302.4,Manual,False,
fc3af6e5-e651-4ff5-9778-8651ebb781ad,PAR-029,CIC-2025-PV,2025-04-15,Algodon,Desarrollo,7.21,0.605,4.362,52.6,80.92,0.65,809.2,18045.2,32.0,0.0,Gravedad,30315.94,12808.01,5568.7,Manual,True,Sobre-riego detectado
6a0050e7-8cd8-4547-b718-d4e8e91cdfa6,PAR-029,CIC-2025-PV,2025-04-30,Algodon,Desarrollo,7.29,0.87,6.342,77.12,118.65,0.65,1186.5,26459.0,8.0,18.01,Gravedad,44451.12,18779.96,8165.2,Manual,True,Eficiencia baja
ee9bf3cf-b786-4397-8065-bf1246ac75e7,PAR-029,CIC-2025-PV,2025-05-22,Algodon,Media,8.24,1.18,9.723,111.64,171.76,0.65,1717.6,38302.5,8.0,102.27,Gravedad,64348.2,27186.46,11820.2,Manual,True,
25b37386-91c0-473c-a2f3-d18ab750f378,PAR-029,CIC-2025-PV,2025-05-28,Algodon,Media,8.45,1.24,10.478,110.98,170.74,0.65,1707.4,38075.0,32.0,0.0,Gravedad,63966.0,27024.77,11749.9,Experiencia del operador,True,
2512cfe4-2fbd-432d-8f3e-5df5873b4ce2,PAR-029,CIC-2025-PV,2025-08-07,Algodon,Final,7.45,0.893,6.653,73.1,112.46,0.65,1124.6,25078.6,8.0,399.26,Gravedad,42132.05,17800.39,7739.3,Manual,False,
a4c773b2-5232-46c9-bd72-75c53cb56aaa,PAR-030,CIC-2025-PV,2025-05-07,Uva,Media,8.53,0.85,7.25,90.35,112.94,0.8,1129.4,37157.3,8.0,395.4,Aspersion,62424.26,26373.41,11466.7,Experiencia del operador,False,Eficiencia baja
73a3ce18-c799-4ae7-9109-0dbf2312dbdf,PAR-030,CIC-2025-PV,2025-05-20,Uva,Media,8.49,0.82,6.962,105.98,132.47,0.8,1324.7,43582.6,17.1,0.0,Aspersion,73218.77,30934.08,13449.6,Manual,False,
1871b57a-3a6d-4e6b-ac45-31a8264da693,PAR-030,CIC-2025-PV,2025-06-19,Uva,Media,8.88,0.84,7.459,95.38,119.22,0.8,1192.2,39223.4,8.0,128.39,Aspersion,65895.31,27839.89,12104.3,Manual,False,Deficit acumulado
7093c1ec-20e9-4e46-b381-def076bd16b1,PAR-030,CIC-2025-PV,2025-07-11,Uva,Media,7.67,0.84,6.443,108.57,135.71,0.8,1357.1,44648.6,8.0,33.18,Aspersion,75009.65,31690.78,13778.6,Manual,True,
c07f98fc-db06-4c23-8f10-d8e3ba06ec85,PAR-030,CIC-2025-PV,2025-07-24,Uva,Media,8.02,0.86,6.897,110.11,137.64,0.8,1376.4,45283.6,22.8,0.0,Aspersion,76076.45,32141.35,13974.5,Manual,False,Sobre-riego detectado
073f0af0-ee6d-4eac-b45a-471efa569417,PAR-030,CIC-2025-PV,2025-08-10,Uva,Media,7.32,0.87,6.368,98.78,123.48,0.8,1234.8,40624.9,8.0,9.48,Aspersion,68249.83,28834.64,12536.8,Tradicion,False,
aa032315-6e50-4506-a8ee-58fb4cbde280,PAR-030,CIC-2025-PV,2025-08-11,Uva,Media,7.19,0.83,5.968,112.29,140.36,0.8,1403.6,46178.4,32.0,0.0,Aspersion,77579.71,32776.61,14250.7,Manual,False,
bef3711c-9772-47a2-9266-1d7db29b5be8,PAR-030,CIC-2025-PV,2025-08-18,Uva,Media,7.4,0.89,6.586,116.1,145.13,0.8,1451.3,47747.8,32.0,0.0,Aspersion,80216.3,33890.5,14735.0,Manual,True,
05f8f150-2f96-4d2d-ad10-c30b3d71ee01,PAR-031,CIC-2025-PV,2025-03-13,Uva,Inicial,6.26,0.3,1.878,16.69,25.68,0.65,256.8,6907.9,8.0,5.85,Gravedad,11605.27,4903.14,2131.8,Manual,False,Deficit acumulado
94d4c8d8-9809-4f06-8f0b-3dad6955012f,PAR-031,CIC-2025-PV,2025-04-11,Uva,Desarrollo,7.69,0.559,4.299,37.73,58.04,0.65,580.4,15612.8,8.0,86.94,Gravedad,26229.5,11081.63,4818.1,Manual,False,Eficiencia baja
3fc9fcc9-b12c-4022-9de8-25e55704dc89,PAR-031,CIC-2025-PV,2025-04-23,Uva,Desarrollo,7.64,0.714,5.455,46.4,71.39,0.65,713.9,19203.9,8.0,19.06,Gravedad,32262.55,13630.49,5926.3,Tradicion,True,Eficiencia baja
9059f591-5560-4f64-b819-6a5c507d3094,PAR-031,CIC-2025-PV,2025-06-04,Uva,Media,8.88,0.81,7.193,56.21,86.47,0.65,864.7,23260.4,8.0,245.9,Gravedad,39077.47,16509.86,7178.2,Experiencia del operador,False,
282e1938-1d09-4a5b-8436-0ed8a52b90ce,PAR-031,CIC-2025-PV,2025-06-05,Uva,Media,9.1,0.86,7.826,49.46,76.09,0.65,760.9,20468.2,32.0,0.0,Gravedad,34386.58,14527.95,6316.5,Tradicion,False,
7b92cee5-ae38-4825-a2c6-c4c09e1558db,PAR-031,CIC-2025-PV,2025-07-10,Uva,Media,8.2,0.81,6.642,47.09,72.45,0.65,724.5,19489.0,8.0,185.38,Gravedad,32741.52,13832.89,6014.3,Tradicion,False,
a35e4bac-2af1-4e6c-9bba-ebf386a81054,PAR-031,CIC-2025-PV,2025-07-28,Uva,Media,7.86,0.85,6.681,55.79,85.83,0.65,858.3,23088.3,8.0,64.47,Gravedad,38788.34,16387.5,7125.0,Manual,True,Sobre-riego detectado
bfbf48e2-79e7-4576-8542-e2deb3c956b6,PAR-031,CIC-2025-PV,2025-07-29,Uva,Media,8.31,0.84,6.98,58.29,89.67,0.65,896.7,24121.2,32.0,0.0,Gravedad,40523.62,17120.74,7443.8,Experiencia del operador,False,
f6c49e29-8375-4a48-9587-06bc7fe05b46,PAR-031,CIC-2025-PV,2025-08-04,Uva,Media,7.17,0.86,6.166,54.83,84.36,0.65,843.6,22692.8,32.0,0.0,Gravedad,38123.9,16106.9,7003.0,Tradicion,True,
2110c6b3-6581-468b-ba03-5111a72f843d,PAR-031,CIC-2025-PV,2025-08-31,Uva,Final,7.22,0.836,6.036,52.24,80.37,0.65,803.7,21619.5,8.0,110.73,Gravedad,36320.76,15345.14,6671.8,Manual,False,Deficit acumulado
4e931046-db9f-4139-b53b-4fb3212d1619,PAR-031,CIC-2025-PV,2025-09-01,Uva,Final,6.39,0.794,5.074,47.66,73.33,0.65,733.3,19725.8,32.0,0.0,Gravedad,33139.34,14001.02,6087.4,Manual,False,
fe564fe3-ca3e-4a6a-b2c1-5bcc36c16c5f,PAR-031,CIC-2025-PV,2025-09-02,Uva,Final,6.6,0.763,5.036,51.98,79.97,0.65,799.7,21511.9,32.0,0.0,Gravedad,36139.99,15268.78,6638.6,Experiencia del operador,True,Deficit acumulado
558a1f4c-cc45-4e48-b613-11e460066649,PAR-031,CIC-2025-PV,2025-09-29,Uva,Final,6.32,0.504,3.185,28.37,43.65,0.65,436.5,11741.8,8.0,57.63,Gravedad,19726.22,8334.05,3623.5,Manual,False,
34788644-0ed9-4aa9-b049-7c2d0bb2be08,PAR-032,CIC-2025-PV,2025-03-18,Frijol,Inicial,6.27,0.42,2.633,19.21,29.55,0.65,295.5,7505.7,8.0,25.55,Gravedad,12609.58,5327.49,2316.3,Manual,False,Sobre-riego detectado
b22a5e2a-3e7a-4b2f-b35e-02395b226357,PAR-032,CIC-2025-PV,2025-03-27,Frijol,Desarrollo,5.89,0.56,3.298,31.17,47.96,0.65,479.6,12181.8,8.0,0.0,Gravedad,20465.42,8646.39,3759.3,Experiencia del operador,False,
49727797-fc1d-4c33-8623-4e58d0736d6a,PAR-032,CIC-2025-PV,2025-04-19,Frijol,Desarrollo,7.81,1.145,8.942,52.36,80.55,0.65,805.5,20459.7,8.0,153.31,Gravedad,34372.3,14521.97,6313.9,Experiencia del operador,True,Sobre-riego detectado
024f8c9a-da7b-4712-9aa1-991c6b3d0caa,PAR-032,CIC-2025-PV,2025-04-23,Frijol,Media,7.38,1.13,8.339,62.34,95.91,0.65,959.1,24361.1,32.0,0.0,Gravedad,40926.65,17290.94,7517.8,Experiencia del operador,False,
8527f06a-0c46-4f49-8b8a-e8a29c03127d,PAR-032,CIC-2025-PV,2025-04-27,Frijol,Media,7.8,1.15,8.97,57.73,88.81,0.65,888.1,22557.7,32.0,0.0,Gravedad,37896.94,16010.99,6961.3,Manual,False,Sobre-riego detectado
5fbeb3fd-d8c6-43d2-a8d4-e4b1e5d62c87,PAR-032,CIC-2025-PV,2025-04-28,Frijol,Media,7.18,1.17,8.401,59.31,91.25,0.65,912.5,23177.5,32.0,0.0,Gravedad,38938.2,16450.98,7152.6,Experiencia del operador,True,Eficiencia baja
78848c0c-9132-41d0-8397-2146c40cea77,PAR-032,CIC-2025-PV,2025-05-01,Frijol,Media,8.15,1.11,9.047,49.65,76.39,0.65,763.9,19403.1,32.0,0.0,Gravedad,32597.21,13771.94,5987.8,Tradicion,False,Sobre-riego detectado
9e921323-aea0-4540-8d6e-91e700fcbbb5,PAR-032,CIC-2025-PV,2025-05-06,Frijol,Media,8.17,1.11,9.069,50.76,78.09,0.65,780.9,19834.9,11.9,0.0,Gravedad,33322.63,14078.53,6121.1,Manual,False,
19ac67ab-e466-4efd-85c5-07ccbfef0589,PAR-032,CIC-2025-PV,2025-05-08,Frijol,Media,8.74,1.13,9.876,53.35,82.08,0.65,820.8,20848.3,32.0,0.0,Gravedad,35025.14,14797.74,6433.8,Experiencia del operador,False,
f1a869d2-70c1-42c6-8162-bcd32565cf38,PAR-032,CIC-2025-PV,2025-05-14,Frijol,Media,8.34,1.12,9.341,57.34,88.21,0.65,882.1,22405.3,8.0,0.0,Gravedad,37640.9,15902.89,6914.3,Experiencia del operador,True,
79078cfa-3552-4049-9df7-807cf0d80a8e,PAR-032,CIC-2025-PV,2025-06-07,Frijol,Final,8.91,0.42,3.742,20.66,31.79,0.65,317.9,8074.7,8.0,69.15,Gravedad,13565.5,5731.37,2491.9,Manual,False,Eficiencia baja
74eee479-2b14-4312-b018-b734d8ea2d20,PAR-033,CIC-2025-PV,2025-03-21,Algodon,Inicial,5.98,0.39,2.332,28.63,34.91,0.82,349.1,4887.4,8.0,18.01,Microaspersion,8210.83,3469.09,1508.3,Manual,False,
359198ae-45a5-437b-9e65-9f07884de048,PAR-033,CIC-2025-PV,2025-03-27,Algodon,Inicial,6.21,0.36,2.236,30.54,37.24,0.82,372.4,5213.6,32.0,0.0,Microaspersion,8758.85,3700.47,1608.9,Tradicion,True,
1c38ceb6-1106-40c1-a267-18f4c9d40682,PAR-033,CIC-2025-PV,2025-03-30,Algodon,Inicial,5.77,0.35,2.019,31.97,38.99,0.82,389.9,5458.6,32.0,0.0,Microaspersion,9170.45,3874.35,1684.5,Manual,False,Deficit acumulado
ac523b34-0622-481c-9eb0-5205214dc456,PAR-033,CIC-2025-PV,2025-04-13,Algodon,Desarrollo,7.18,0.601,4.315,44.12,53.8,0.82,538.0,7532.0,8.0,16.29,Microaspersion,12653.76,5346.12,2324.4,Experiencia del operador,True,
7045225c-ae08-49c5-9770-eda4c225e9b5,PAR-033,CIC-2025-PV,2025-06-02,Algodon,Media,8.75,1.23,10.762,102.32,124.78,0.82,1247.8,17469.2,8.0,435.78,Microaspersion,29348.26,12399.3,5391.0,Manual,False,Sobre-riego detectado
03ea2afb-445c-453f-b039-6d6e270002be,PAR-033,CIC-2025-PV,2025-06-19,Algodon,Media,8.71,1.19,10.365,98.02,119.54,0.82,1195.4,16735.6,8.0,78.19,Microaspersion,28115.81,11878.58,5164.6,Tradicion,False,Eficiencia baja
ea1aea40-726e-4eb3-b643-01988508a6b7,PAR-033,CIC-2025-PV,2025-07-22,Algodon,Final,8.01,1.111,8.899,99.68,121.56,0.82,1215.6,17018.4,8.0,193.99,Microaspersion,28590.91,12079.37,5251.9,Manual,False,
0463f825-5c26-4df0-9000-077fa1f4b139,PAR-033,CIC-2025-PV,2025-07-28,Algodon,Final,8.06,1.074,8.656,93.76,114.34,0.82,1143.4,16007.6,32.0,0.0,Microaspersion,26892.77,11361.77,4939.9,Manual,False,Deficit acumulado
0738af79-0c97-4b6e-9cf3-24d4e3077f27,PAR-033,CIC-2025-PV,2025-08-23,Algodon,Final,7.55,0.756,5.708,62.85,76.65,0.82,766.5,10731.0,8.0,85.56,Microaspersion,18028.08,7616.68,3311.6,Manual,False,
40b40494-c2aa-4907-80a7-e41157d292e2,PAR-033,CIC-2025-PV,2025-08-24,Algodon,Final,7.7,0.774,5.96,67.58,82.42,0.82,824.2,11538.8,32.0,0.0,Microaspersion,19385.18,8190.07,3560.9,Tradicion,False,
4db42fec-3733-45a0-9f6e-122cb70b34c8,PAR-034,CIC-2025-PV,2025-03-10,Chile,Inicial,6.26,0.63,3.944,29.24,44.99,0.65,449.9,5758.7,8.0,6.26,Gravedad,9674.62,4087.33,1777.1,Experiencia del operador,False,Eficiencia baja
62bf9a55-d006-4cec-8e53-828d9b406810,PAR-034,CIC-2025-PV,2025-03-24,Chile,Inicial,5.84,0.59,3.446,29.5,45.38,0.65,453.8,5808.6,8.0,18.74,Gravedad,9758.45,4122.75,1792.5,Manual,True,Deficit acumulado
f4a46f2a-0f4b-4c7b-9e17-7f965523b3a5,PAR-034,CIC-2025-PV,2025-03-28,Chile,Desarrollo,6.29,0.606,3.812,30.28,46.58,0.65,465.8,5962.2,32.0,0.0,Gravedad,10016.5,4231.77,1839.9,Experiencia del operador,False,Eficiencia baja
997f36fd-34ec-4df0-9d78-fc5d82f91a91,PAR-034,CIC-2025-PV,2025-04-10,Chile,Desarrollo,7.72,0.813,6.276,41.46,63.79,0.65,637.9,8165.1,8.0,40.13,Gravedad,13717.37,5795.31,2519.7,Manual,True,
ea977aa7-37e7-4008-9ede-6d83a01c9d5d,PAR-034,CIC-2025-PV,2025-04-25,Chile,Desarrollo,7.5,1.016,7.62,47.15,72.54,0.65,725.4,9285.1,8.0,67.15,Gravedad,15598.97,6590.42,2865.4,Tradicion,False,Sobre-riego detectado
ca821462-c447-4c78-b515-da3e6383cc69,PAR-034,CIC-2025-PV,2025-04-26,Chile,Desarrollo,7.27,1.029,7.481,57.19,87.98,0.65,879.8,11261.4,32.0,0.0,Gravedad,18919.15,7993.19,3475.3,Manual,False,Deficit acumulado
eb6a8958-06b6-4571-943d-a78cc0218e01,PAR-034,CIC-2025-PV,2025-05-05,Chile,Media,8.17,1.01,8.252,45.85,70.54,0.65,705.4,9029.1,8.0,28.42,Gravedad,15168.89,6408.72,2786.4,Manual,False,Eficiencia baja
d8e38a7a-ea37-467e-8f26-bd02888972fc,PAR-034,CIC-2025-PV,2025-05-07,Chile,Media,8.41,1.08,9.083,54.54,83.91,0.65,839.1,10740.5,32.0,0.0,Gravedad,18044.04,7623.35,3314.5,Experiencia del operador,False,Sobre-riego detectado
4d08ba07-b3b5-4841-a36b-aeeae4103459,PAR-034,CIC-2025-PV,2025-05-18,Chile,Media,8.63,1.03,8.889,49.39,75.98,0.65,759.8,9725.4,8.0,48.39,Gravedad,16338.67,6902.99,3001.3,Experiencia del operador,False,Deficit acumulado
30bb3544-a173-46cc-914d-a7043965ac08,PAR-034,CIC-2025-PV,2025-05-22,Chile,Media,8.82,1.03,9.085,52.01,80.02,0.65,800.2,10242.6,32.0,0.0,Gravedad,17207.57,7270.07,3160.9,Tradicion,False,Deficit acumulado
4b8a4927-110d-4db3-aecf-4843d9515eab,PAR-034,CIC-2025-PV,2025-05-24,Chile,Media,8.74,1.05,9.177,50.35,77.46,0.65,774.6,9914.9,32.0,0.0,Gravedad,16657.03,7037.31,3059.7,Manual,False,
6eeafc2a-cbe5-4eb4-be58-2efb83c2141b,PAR-034,CIC-2025-PV,2025-06-01,Chile,Media,8.68,1.07,9.288,58.95,90.69,0.65,906.9,11608.3,8.0,15.35,Gravedad,19501.94,8239.29,3582.3,Manual,False,
66f29bdd-4030-4e06-9295-c9319707e8cd,PAR-034,CIC-2025-PV,2025-06-02,Chile,Media,8.81,1.02,8.986,48.39,74.44,0.65,744.4,9528.3,32.0,0.0,Gravedad,16007.54,6762.92,2940.4,Experiencia del operador,False,
8b7cc0a3-3cea-46a7-b1c7-c370bf83c97f,PAR-035,CIC-2025-PV,2025-03-08,Uva,Inicial,6.01,0.34,2.043,30.62,47.11,0.65,471.1,6501.2,32.0,0.0,Gravedad,10922.02,4614.49,2006.3,Tradicion,True,
c9f393c1-5a94-41e9-8caf-f87395014424,PAR-035,CIC-2025-PV,2025-04-19,Uva,Desarrollo,7.85,0.719,5.644,69.76,107.33,0.65,1073.3,14811.5,8.0,167.29,Gravedad,24883.32,10512.84,4570.8,Manual,False,
850f0616-8b96-4af5-8a0c-3c43aff6f1c3,PAR-035,CIC-2025-PV,2025-05-02,Uva,Media,8.58,0.87,7.465,72.27,111.19,0.65,1111.9,15344.2,8.0,24.78,Gravedad,25778.26,10890.96,4735.2,Manual,False,Eficiencia baja
61a86725-3f78-4890-a8e0-2625d73b54e1,PAR-035,CIC-2025-PV,2025-05-09,Uva,Media,8.84,0.83,7.337,74.76,115.01,0.65,1150.1,15871.4,32.0,0.0,Gravedad,26663.95,11265.17,4897.9,Manual,False,
40f333c7-a6b5-4e3f-8a4b-c87b8e8dc361,PAR-035,CIC-2025-PV,2025-08-06,Uva,Media,7.82,0.88,6.882,80.03,123.12,0.65,1231.2,16990.6,8.0,532.47,Gravedad,28544.21,12059.59,5243.3,Manual,True,Deficit acumulado
7189ed1b-03a1-40b0-8f08-a21eed486a58,PAR-035,CIC-2025-PV,2025-08-08,Uva,Media,7.78,0.88,6.846,82.34,126.67,0.65,1266.7,17480.5,32.0,0.0,Gravedad,29367.24,12407.35,5394.5,Tradicion,False,Eficiencia baja
757526cc-29c5-43b2-ac24-80e6dee1b183,PAR-035,CIC-2025-PV,2025-08-18,Uva,Media,7.63,0.85,6.486,78.05,120.07,0.65,1200.7,16569.7,20.3,0.0,Gravedad,27837.1,11760.82,5113.4,Experiencia del operador,False,Eficiencia baja
3c36f532-3be6-42c7-b21f-33ead3653af1,PAR-035,CIC-2025-PV,2025-09-27,Uva,Final,6.78,0.487,3.302,41.75,64.23,0.65,642.3,8863.7,8.0,90.33,Gravedad,14891.02,6291.19,2735.3,Manual,False,
0cf380ce-9388-4d0d-8dc3-f95c7703f505,PAR-035,CIC-2025-PV,2025-09-28,Uva,Final,6.72,0.476,3.199,39.94,61.44,0.65,614.4,8478.7,32.0,0.0,Gravedad,14244.22,6017.95,2616.5,Manual,False,
c27ffab6-9ec3-419b-91c5-ef4af0007392,PAR-036,CIC-2025-PV,2025-03-30,Uva,Desarrollo,5.97,0.444,2.651,26.44,40.67,0.65,406.7,11997.6,8.0,50.44,Gravedad,20155.97,8515.75,3702.5,Manual,False,
063dd42f-f890-453b-a7f0-37f8c2536c74,PAR-036,CIC-2025-PV,2025-04-07,Uva,Desarrollo,7.56,0.534,4.037,35.99,55.37,0.65,553.7,16334.2,11.4,0.0,Gravedad,27441.46,11593.61,5040.7,Experiencia del operador,False,
8f3c5221-fb71-4c91-bab4-f01f5b8ca443,PAR-036,CIC-2025-PV,2025-04-18,Uva,Desarrollo,7.23,0.715,5.169,48.68,74.89,0.65,748.9,22092.5,8.0,8.18,Gravedad,37115.4,15680.71,6817.7,Tradicion,False,Sobre-riego detectado
ad55edbe-d8b9-41d9-85b3-3c1c18165d51,PAR-036,CIC-2025-PV,2025-04-21,Uva,Desarrollo,7.76,0.766,5.944,46.15,71.0,0.65,710.0,20945.0,32.0,0.0,Gravedad,35187.6,14866.28,6463.6,Manual,False,
11fd9792-eae8-4711-95be-cb51fb623f70,PAR-036,CIC-2025-PV,2025-05-11,Uva,Media,8.77,0.88,7.718,64.52,99.26,0.65,992.6,29281.7,8.0,89.84,Gravedad,49193.26,20783.49,9036.3,Manual,False,
371c95ca-3c88-4539-a218-91f1b7d206b4,PAR-036,CIC-2025-PV,2025-05-20,Uva,Media,8.28,0.86,7.121,50.67,77.95,0.65,779.5,22995.2,8.0,13.42,Gravedad,38631.94,16321.49,7096.3,Manual,False,Deficit acumulado
430d2cf0-ef19-49f0-9865-0021d62c2fe4,PAR-036,CIC-2025-PV,2025-05-21,Uva,Media,8.37,0.83,6.947,48.36,74.4,0.65,744.0,21948.0,32.0,0.0,Gravedad,36872.64,15578.36,6773.2,Experiencia del operador,False,Deficit acumulado
268cf9a8-24ca-4c70-9692-a49a8e356e4a,PAR-036,CIC-2025-PV,2025-06-05,Uva,Media,9.05,0.83,7.511,49.99,76.9,0.65,769.0,22685.5,8.0,62.68,Gravedad,38111.64,16101.61,7000.7,Manual,True,
ecc65451-4d9e-4a1d-87a4-a5efbe789cb6,PAR-036,CIC-2025-PV,2025-07-04,Uva,Media,8.09,0.88,7.119,56.45,86.85,0.65,868.5,25620.8,8.0,150.0,Gravedad,43042.94,18185.18,7906.6,Experiencia del operador,False,Sobre-riego detectado
f9ba5ea0-04d3-4768-ab8c-55b0674a3899,PAR-036,CIC-2025-PV,2025-07-13,Uva,Media,8.02,0.84,6.737,58.29,89.67,0.65,896.7,26452.7,8.0,2.34,Gravedad,44440.54,18775.59,8163.3,Manual,False,
a132e68c-6b99-44af-a61f-74b30098698e,PAR-036,CIC-2025-PV,2025-07-26,Uva,Media,7.78,0.88,6.846,59.91,92.17,0.65,921.7,27190.2,8.0,29.09,Gravedad,45679.54,19299.07,8390.9,Manual,True,Eficiencia baja
c28642e2-b6e8-4f35-82c3-6e574973353b,PAR-036,CIC-2025-PV,2025-08-21,Uva,Media,7.37,0.84,6.191,49.49,76.14,0.65,761.4,22461.3,8.0,111.48,Gravedad,37734.98,15942.68,6931.6,Tradicion,False,Deficit acumulado
c346575f-97ca-4bba-a5fb-97ad5d671ab5,PAR-036,CIC-2025-PV,2025-09-11,Uva,Final,6.2,0.7,4.34,40.78,62.74,0.65,627.4,18508.3,8.0,50.36,Gravedad,31093.94,13136.91,5711.7,Manual,False,
fa1e7242-5fb7-40f3-9ca1-75a372184ed1,PAR-037,CIC-2025-PV,2025-03-23,Frijol,Desarrollo,6.26,0.44,2.754,32.03,49.28,0.65,492.8,19022.1,8.0,28.56,Gravedad,31957.13,13501.46,5870.2,Tradicion,False,
e89288ac-b044-4814-9728-f305e0fa3673,PAR-037,CIC-2025-PV,2025-03-27,Frijol,Desarrollo,6.35,0.53,3.365,42.69,65.68,0.65,656.8,25352.5,32.0,0.0,Gravedad,42592.2,17994.74,7823.8,Manual,True,Sobre-riego detectado
3768d5ee-a86b-4026-b694-f561805dc9a8,PAR-037,CIC-2025-PV,2025-03-30,Frijol,Desarrollo,5.94,0.645,3.831,48.46,74.55,0.65,745.5,28776.3,32.0,0.0,Gravedad,48344.18,20424.92,8880.4,Tradicion,False,
b374a1cf-8cb3-4b4b-a9c9-0068ce6d93bb,PAR-037,CIC-2025-PV,2025-04-18,Frijol,Desarrollo,7.26,1.07,7.768,87.02,133.87,0.65,1338.7,51673.8,8.0,60.57,Gravedad,86811.98,36676.95,15946.5,Manual,False,
90676d93-13fa-4f36-983f-4991f3fc8ff4,PAR-037,CIC-2025-PV,2025-04-20,Frijol,Desarrollo,7.22,1.17,8.447,90.62,139.41,0.65,1394.1,53812.3,32.0,0.0,Gravedad,90404.66,38194.95,16606.5,Tradicion,False,Deficit acumulado
fa481616-6f3f-437a-b08f-00042555bed0,PAR-037,CIC-2025-PV,2025-04-30,Frijol,Media,7.44,1.16,8.63,98.83,152.04,0.65,1520.4,58687.4,14.5,0.0,Gravedad,98594.83,41655.07,18110.9,Tradicion,False,Sobre-riego detectado
ce9f9a1b-5901-4a12-9f34-52394641e430,PAR-037,CIC-2025-PV,2025-05-07,Frijol,Media,8.35,1.12,9.352,92.82,142.8,0.65,1428.0,55120.8,32.0,0.0,Gravedad,92602.94,39123.69,17010.3,Experiencia del operador,True,Deficit acumulado
7145ac70-8003-4c52-baac-73a89bc7c521,PAR-037,CIC-2025-PV,2025-06-01,Frijol,Final,9.19,0.66,6.065,55.2,84.93,0.65,849.3,32783.0,8.0,96.42,Gravedad,55075.44,23268.64,10116.8,Manual,False,
fdcc0430-d024-4ab3-8927-fe5cb11212a1,PAR-037,CIC-2025-PV,2025-06-10,Frijol,Final,8.86,0.36,3.19,24.82,38.18,0.65,381.8,14737.5,8.0,3.89,Gravedad,24759.0,10460.4,4548.0,Experiencia del operador,False,
b685f768-ce13-49f7-be91-1542e4a53538,PAR-037,CIC-2025-PV,2025-06-17,Frijol,Final,9.3,0.31,2.883,23.05,35.46,0.65,354.6,13687.6,14.2,0.0,Gravedad,22995.17,9715.2,4224.0,Manual,True,Sobre-riego detectado
3e87b321-6ed8-46dc-adc3-961f4476fec8,PAR-038,CIC-2025-PV,2025-03-25,Algodon,Inicial,5.9,0.35,2.065,16.43,25.27,0.65,252.7,4649.7,8.0,33.13,Gravedad,7811.5,3300.27,1434.9,Tradicion,False,
b9ee67c8-416a-4bed-9020-d1033dc9ec12,PAR-038,CIC-2025-PV,2025-03-29,Algodon,Inicial,5.72,0.32,1.83,16.38,25.2,0.65,252.0,4636.8,32.0,0.0,Gravedad,7789.82,3291.07,1430.9,Manual,True,
8963c8dd-bfa3-4a60-a638-05a81e0c9411,PAR-038,CIC-2025-PV,2025-03-31,Algodon,Inicial,6.32,0.32,2.022,14.41,22.17,0.65,221.7,4079.3,32.0,0.0,Gravedad,6853.22,2895.47,1258.9,Experiencia del operador,False,
191b9b5f-4330-455f-849b-a946cff7be5d,PAR-038,CIC-2025-PV,2025-04-13,Algodon,Desarrollo,7.71,0.531,4.094,26.18,40.27,0.65,402.7,7409.7,8.0,27.04,Gravedad,12448.3,5259.18,2286.6,Manual,True,
2bcf3157-2a9a-4bda-a110-073c1d80eb8d,PAR-038,CIC-2025-PV,2025-05-04,Algodon,Desarrollo,8.66,0.908,7.863,48.2,74.16,0.65,741.6,13645.4,8.0,116.92,Gravedad,22924.27,9685.3,4211.0,Manual,True,
49f8a3ee-6ab7-4125-8673-e4bbb4d0c098,PAR-038,CIC-2025-PV,2025-05-10,Algodon,Desarrollo,8.49,1.05,8.915,50.77,78.1,0.65,781.0,14370.4,8.0,2.72,Gravedad,24142.27,10199.81,4434.7,Experiencia del operador,True,
c013168c-6d33-42fa-9a2a-32be3503ab57,PAR-038,CIC-2025-PV,2025-05-12,Algodon,Desarrollo,8.7,1.054,9.17,51.45,79.16,0.65,791.6,14565.4,32.0,0.0,Gravedad,24469.87,10338.27,4494.9,Manual,False,
e9036c18-78f9-407a-a5e6-aa49582f01d1,PAR-038,CIC-2025-PV,2025-05-20,Algodon,Desarrollo,8.23,1.22,10.041,56.67,87.18,0.65,871.8,16041.1,8.0,23.66,Gravedad,26949.05,11385.69,4950.3,Manual,True,
d2bd8de7-23df-4ed1-9589-da2152df526d,PAR-038,CIC-2025-PV,2025-06-30,Algodon,Media,8.87,1.17,10.378,58.23,89.58,0.65,895.8,16482.7,8.0,367.27,Gravedad,27690.94,11699.18,5086.6,Tradicion,False,
0a354d12-b5c2-4e75-a1f1-299ad8ab0aac,PAR-038,CIC-2025-PV,2025-07-10,Algodon,Media,8.16,1.22,9.955,53.78,82.74,0.65,827.4,15224.2,8.0,45.77,Gravedad,25576.66,10805.86,4698.2,Manual,False,
a483db2f-669e-444b-b9ed-b541442676bd,PAR-038,CIC-2025-PV,2025-07-14,Algodon,Media,8.14,1.16,9.442,49.48,76.13,0.65,761.3,14007.9,31.0,0.0,Gravedad,23533.27,9942.44,4322.8,Manual,False,
a9870cd1-3d97-444f-926f-73f5d50825a1,PAR-038,CIC-2025-PV,2025-07-30,Algodon,Final,8.12,1.052,8.542,48.38,74.43,0.65,744.3,13695.1,8.0,88.29,Gravedad,23007.77,9720.49,4226.3,Tradicion,False,
ac475963-a64f-4542-969d-5aed6116b6da,PAR-038,CIC-2025-PV,2025-08-17,Algodon,Final,7.19,0.832,5.982,40.63,62.51,0.65,625.1,11501.8,8.0,67.05,Gravedad,19323.02,8163.85,3549.5,Manual,False,
3a3bfd8c-02cc-4e68-a8d0-dbb4a1a74205,PAR-038,CIC-2025-PV,2025-08-24,Algodon,Final,7.75,0.714,5.534,36.91,56.79,0.65,567.9,10449.4,8.0,1.83,Gravedad,17554.99,7416.81,3224.7,Manual,False,Eficiencia baja
701ef121-e3d1-4ba0-861c-97da8305d99c,PAR-039,CIC-2025-PV,2025-03-18,Algodon,Inicial,6.03,0.35,2.111,20.89,32.14,0.65,321.4,8581.4,8.0,15.0,Gravedad,14416.75,6090.86,2648.2,Tradicion,False,
c847e336-0284-4174-a6db-12a66306fa87,PAR-039,CIC-2025-PV,2025-03-26,Algodon,Inicial,5.86,0.36,2.11,19.9,30.61,0.65,306.1,8172.9,17.9,0.0,Gravedad,13730.47,5801.06,2522.2,Manual,False,
7ede4b12-3e75-4e28-a655-6dc26724c660,PAR-039,CIC-2025-PV,2025-05-02,Algodon,Desarrollo,8.82,0.864,7.62,46.31,71.25,0.65,712.5,19023.8,8.0,235.63,Gravedad,31959.98,13502.61,5870.7,Manual,False,
2812dc32-d32a-4cde-996e-8c9cf2956e53,PAR-039,CIC-2025-PV,2025-05-05,Algodon,Desarrollo,8.38,0.945,7.919,55.35,85.16,0.65,851.6,22737.7,32.0,0.0,Gravedad,38199.34,16138.87,7016.9,Tradicion,False,
2a0b49c5-d290-49f9-9489-115e39b0b085,PAR-039,CIC-2025-PV,2025-06-10,Algodon,Media,8.9,1.19,10.591,65.1,100.16,0.65,1001.6,26742.7,8.0,316.18,Gravedad,44927.74,18981.44,8252.8,Manual,False,Deficit acumulado
10b83f69-fab8-4893-bf73-e43b3dfddbf4,PAR-039,CIC-2025-PV,2025-06-17,Algodon,Media,8.65,1.24,10.726,66.47,102.26,0.65,1022.6,27303.4,8.0,8.61,Gravedad,45869.71,19379.34,8425.8,Manual,False,Eficiencia baja
6e56369c-671c-4b26-bdd8-2f4943319b3f,PAR-039,CIC-2025-PV,2025-07-01,Algodon,Media,8.14,1.22,9.931,60.0,92.31,0.65,923.1,24646.8,8.0,79.03,Gravedad,41406.62,17493.8,7606.0,Manual,False,
10ddd705-9695-4855-9b03-27aa34f77ee6,PAR-039,CIC-2025-PV,2025-07-13,Algodon,Media,8.17,1.16,9.477,62.82,96.65,0.65,966.5,25805.5,8.0,50.9,Gravedad,43353.24,18316.28,7963.6,Manual,False,Deficit acumulado
b76b34df-ff15-47fc-8df4-b10f12ace131,PAR-039,CIC-2025-PV,2025-07-24,Algodon,Final,7.73,1.079,8.341,64.39,99.06,0.65,990.6,26449.0,8.0,27.36,Gravedad,44434.32,18773.06,8162.2,Manual,False,Deficit acumulado
c5b18df6-7bb1-4fa7-a3be-a1547e3b0d62,PAR-039,CIC-2025-PV,2025-08-17,Algodon,Final,7.65,0.782,5.982,39.34,60.52,0.65,605.2,16158.8,8.0,104.23,Gravedad,27146.78,11469.18,4986.6,Experiencia del operador,True,
4ff66fd8-999f-48f2-b210-df67a4a086c1,PAR-040,CIC-2025-PV,2025-03-07,Uva,Inicial,6.27,0.26,1.63,19.88,30.58,0.65,305.8,1590.2,32.0,0.0,Gravedad,2671.54,1128.61,490.7,Experiencia del operador,False,
8210f7ad-b542-4bd5-be10-77c55569241b,PAR-040,CIC-2025-PV,2025-04-06,Uva,Desarrollo,7.79,0.55,4.285,44.57,68.57,0.65,685.7,3565.6,8.0,83.98,Gravedad,5990.21,2530.69,1100.3,Manual,False,Eficiencia baja
b5256c85-3e79-4d4c-89dd-cc444d4160e5,PAR-040,CIC-2025-PV,2025-04-09,Uva,Desarrollo,7.83,0.591,4.628,44.75,68.84,0.65,688.4,3579.7,32.0,0.0,Gravedad,6013.9,2540.81,1104.7,Manual,True,
baa0de40-cd3e-48a6-9633-1044e52b2cd2,PAR-040,CIC-2025-PV,2025-06-29,Uva,Media,9.14,0.85,7.769,68.88,105.97,0.65,1059.7,5510.4,8.0,560.41,Gravedad,9257.47,3911.15,1700.5,Manual,False,
8deb8381-a256-4218-9894-999bbab953ac,PAR-040,CIC-2025-PV,2025-07-01,Uva,Media,8.25,0.85,7.013,68.23,104.97,0.65,1049.7,5458.4,32.0,0.0,Gravedad,9170.11,3874.35,1684.5,Tradicion,False,Deficit acumulado
491a2f3e-da1e-4ec0-ab3d-df051815463e,PAR-040,CIC-2025-PV,2025-07-11,Uva,Media,7.8,0.88,6.864,70.64,108.67,0.65,1086.7,5650.8,8.0,0.0,Gravedad,9493.34,4010.74,1743.8,Manual,False,Deficit acumulado
1e340d71-50ca-4961-b64b-d34196aad6f8,PAR-040,CIC-2025-PV,2025-07-13,Uva,Media,8.34,0.82,6.839,65.2,100.3,0.65,1003.0,5215.6,32.0,0.0,Gravedad,8762.21,3701.85,1609.5,Manual,False,
ea38d5fd-b7fa-4347-bdcb-aaa4fd3e9e22,PAR-040,CIC-2025-PV,2025-07-19,Uva,Media,8.1,0.86,6.966,69.03,106.2,0.65,1062.0,5522.4,32.0,0.0,Gravedad,9277.63,3919.66,1704.2,Manual,False,
fe858340-b449-4223-800b-5e6bb3e9de23,PAR-040,CIC-2025-PV,2025-08-03,Uva,Media,7.55,0.87,6.569,69.17,106.42,0.65,1064.2,5533.8,8.0,29.36,Gravedad,9296.78,3927.71,1707.7,Experiencia del operador,False,
e0533b35-86f5-4f47-8201-b21e0bfd4d64,PAR-040,CIC-2025-PV,2025-08-21,Uva,Media,7.35,0.82,6.027,67.7,104.16,0.65,1041.6,5416.3,8.0,40.79,Gravedad,9099.38,3844.45,1671.5,Manual,False,Sobre-riego detectado
77cc6919-2d19-4d0e-bcc1-d9c797062e1e,PAR-040,CIC-2025-PV,2025-09-10,Uva,Final,6.42,0.691,4.436,47.05,72.38,0.65,723.8,3763.8,8.0,41.67,Gravedad,6323.18,2671.45,1161.5,Manual,True,Deficit acumulado
806198db-b900-4dbf-aca2-8b5258745fbf,PAR-040,CIC-2025-PV,2025-09-19,Uva,Final,6.84,0.609,4.166,48.39,74.44,0.65,744.4,3870.9,29.1,0.0,Gravedad,6503.11,2747.58,1194.6,Manual,False,
f1cdb3ac-b271-47e8-80e6-6b81529d195e,PAR-041,CIC-2025-PV,2025-03-14,Uva,Inicial,6.3,0.32,2.016,32.71,50.33,0.65,503.3,6945.5,24.8,0.0,Gravedad,11668.44,4929.82,2143.4,Manual,False,Sobre-riego detectado
d7b8043d-94cc-40ae-8969-095e10625772,PAR-041,CIC-2025-PV,2025-04-01,Uva,Desarrollo,7.16,0.481,3.444,47.68,73.35,0.65,733.5,10122.3,8.0,14.31,Gravedad,17005.46,7184.51,3123.7,Tradicion,False,
8b0842ee-5322-4c93-9696-c1fd24b367f6,PAR-041,CIC-2025-PV,2025-06-05,Uva,Media,9.23,0.87,8.03,100.86,155.17,0.65,1551.7,21413.5,8.0,421.09,Gravedad,35974.68,15198.86,6608.2,Manual,False,
547371d7-1c53-4789-9da6-dad281fbcd5a,PAR-041,CIC-2025-PV,2025-06-29,Uva,Media,9.17,0.85,7.794,83.32,128.18,0.65,1281.8,17688.8,8.0,103.74,Gravedad,29717.18,12555.24,5458.8,Manual,False,Deficit acumulado
538b81bf-e20e-4426-89d3-533a6d49d0eb,PAR-041,CIC-2025-PV,2025-07-22,Uva,Media,8.34,0.83,6.922,78.73,121.12,0.65,1211.2,16714.6,8.0,80.48,Gravedad,28080.53,11863.63,5158.1,Manual,False,Sobre-riego detectado
c6b0378e-fd55-46f8-8fcd-29e77dd8d847,PAR-041,CIC-2025-PV,2025-08-10,Uva,Media,7.41,0.87,6.447,89.86,138.25,0.65,1382.5,19078.5,8.0,32.63,Gravedad,32051.88,13541.48,5887.6,Tradicion,False,Deficit acumulado
ce9d6cd4-d3b6-4407-bcd9-1bfb397727e9,PAR-041,CIC-2025-PV,2025-08-25,Uva,Media,7.56,0.87,6.577,86.19,132.6,0.65,1326.0,18298.8,8.0,12.47,Gravedad,30741.98,12988.1,5647.0,Manual,False,Deficit acumulado
739604aa-783c-46b5-ab0b-e93be45b4e74,PAR-041,CIC-2025-PV,2025-09-14,Uva,Final,6.18,0.636,3.93,73.7,113.39,0.65,1133.9,15647.8,8.0,4.9,Gravedad,26288.3,11106.47,4828.9,Tradicion,True,
8162dd84-365e-4b80-b6d4-070b2c961fcd,PAR-041,CIC-2025-PV,2025-09-30,Uva,Final,6.58,0.483,3.178,52.93,81.43,0.65,814.3,11237.3,8.0,0.0,Gravedad,18878.66,7975.94,3467.8,Experiencia del operador,False,
7d86e826-2d5f-4bce-af38-6d8254e0debb,PAR-042,CIC-2025-PV,2025-03-14,Chile,Inicial,6.28,0.57,3.58,35.18,43.98,0.8,439.8,11610.7,8.0,11.36,Aspersion,19505.98,8241.13,3583.1,Tradicion,False,Sobre-riego detectado
756b7434-bc2f-4ac8-95a5-f83db6a9523c,PAR-042,CIC-2025-PV,2025-03-26,Chile,Inicial,6.13,0.58,3.555,33.37,41.71,0.8,417.1,11011.4,8.0,9.29,Aspersion,18499.15,7815.63,3398.1,Manual,False,
89f6e92f-577d-464c-be32-3591df14bfb0,PAR-042,CIC-2025-PV,2025-03-29,Chile,Desarrollo,6.16,0.619,3.813,32.99,41.24,0.8,412.4,10887.4,32.0,0.0,Aspersion,18290.83,7727.77,3359.9,Tradicion,False,Eficiencia baja
69990b11-6caf-4304-97f5-66ebd29834ee,PAR-042,CIC-2025-PV,2025-04-03,Chile,Desarrollo,7.51,0.693,5.204,41.52,51.9,0.8,519.0,13701.6,32.0,0.0,Aspersion,23018.69,9725.09,4228.3,Experiencia del operador,True,
bd2fcbf1-b2a7-4ce9-8595-5d16a7e15a8b,PAR-042,CIC-2025-PV,2025-04-15,Chile,Desarrollo,7.28,0.847,6.166,50.77,63.46,0.8,634.6,16753.4,8.0,23.22,Aspersion,28145.71,11891.23,5170.1,Manual,True,
aa564328-3894-486c-901f-30722c90850a,PAR-042,CIC-2025-PV,2025-04-26,Chile,Desarrollo,7.52,0.979,7.362,60.4,75.5,0.8,755.0,19932.0,8.0,20.58,Aspersion,33485.76,14147.3,6151.0,Manual,False,Deficit acumulado
34460815-189d-4e48-95df-8cac76d3133b,PAR-042,CIC-2025-PV,2025-04-28,Chile,Desarrollo,7.76,1.044,8.101,61.33,76.66,0.8,766.6,20238.2,32.0,0.0,Aspersion,34000.18,14364.65,6245.5,Manual,True,
ea20b340-48cc-44ae-9d1b-d1a7a9f2b1cc,PAR-042,CIC-2025-PV,2025-05-09,Chile,Media,8.77,1.05,9.209,66.7,83.37,0.8,833.7,22009.7,8.0,34.6,Aspersion,36976.3,15622.06,6792.2,Experiencia del operador,False,Sobre-riego detectado
7480567a-3f78-410a-9b85-4dc5c2cd7517,PAR-042,CIC-2025-PV,2025-05-11,Chile,Media,8.67,1.09,9.45,60.1,75.12,0.8,751.2,19831.7,32.0,0.0,Aspersion,33317.26,14076.23,6120.1,Experiencia del operador,False,Sobre-riego detectado
f06a468a-4624-4a5f-80ee-392fb4c9136a,PAR-042,CIC-2025-PV,2025-05-12,Chile,Media,8.21,1.08,8.867,57.6,72.0,0.8,720.0,19008.0,32.0,0.0,Aspersion,31933.44,13491.57,5865.9,Manual,False,
32108f97-db50-41f4-a48b-1c0fb256cfb9,PAR-042,CIC-2025-PV,2025-05-13,Chile,Media,8.73,1.09,9.516,71.86,89.82,0.8,898.2,23712.5,32.0,0.0,Aspersion,39837.0,16830.71,7317.7,Experiencia del operador,False,
18ccf931-1437-4f4c-b98d-f08b7cd35872,PAR-042,CIC-2025-PV,2025-05-14,Chile,Media,8.43,1.01,8.514,58.1,72.63,0.8,726.3,19174.3,32.0,0.0,Aspersion,32212.82,13609.56,5917.2,Experiencia del operador,False,
9e711833-cb17-4d96-8c4f-cb629eedc9c9,PAR-042,CIC-2025-PV,2025-06-04,Chile,Media,8.65,1.06,9.169,66.7,83.37,0.8,833.7,22009.7,8.0,125.85,Aspersion,36976.3,15622.06,6792.2,Manual,False,
cba20ac9-81ab-4caa-8b9b-4221792bb4d6,PAR-042,CIC-2025-PV,2025-06-14,Chile,Final,8.68,1.02,8.854,66.02,82.52,0.8,825.2,21785.3,8.0,22.52,Aspersion,36599.3,15462.67,6722.9,Manual,False,Sobre-riego detectado
2be6fef6-5165-4a1e-9df6-8afc50c3fc7f,PAR-043,CIC-2025-PV,2025-03-13,Algodon,Inicial,6.04,0.32,1.933,15.35,18.72,0.82,187.2,3781.4,8.0,7.85,Microaspersion,6352.75,2683.87,1166.9,Manual,False,
10c1bf79-b766-4edf-a65e-cd296cfdfecd,PAR-043,CIC-2025-PV,2025-03-28,Algodon,Inicial,6.03,0.34,2.05,19.89,24.26,0.82,242.6,4900.5,8.0,10.86,Microaspersion,8232.84,3478.29,1512.3,Manual,True,
600ff844-f52d-4aa9-b3be-b24f076f6d58,PAR-043,CIC-2025-PV,2025-04-15,Algodon,Desarrollo,7.78,0.625,4.862,31.63,38.57,0.82,385.7,7791.1,8.0,55.89,Microaspersion,13089.05,5529.89,2404.3,Experiencia del operador,False,
4a674310-9169-41bf-891b-6a8054aada4b,PAR-043,CIC-2025-PV,2025-05-01,Algodon,Desarrollo,8.25,0.877,7.235,42.53,51.87,0.82,518.7,10477.7,8.0,73.23,Microaspersion,17602.54,7436.82,3233.4,Tradicion,False,Deficit acumulado
a84525d5-c27a-416f-a2da-183d9983e040,PAR-043,CIC-2025-PV,2025-05-17,Algodon,Desarrollo,8.23,1.189,9.785,65.18,79.49,0.82,794.9,16057.0,8.0,91.38,Microaspersion,26975.76,11396.96,4955.2,Tradicion,False,
c88f5a69-33f9-4945-bbbf-458b5c92bde3,PAR-043,CIC-2025-PV,2025-05-22,Algodon,Media,8.47,1.17,9.91,62.3,75.97,0.82,759.7,15345.9,25.7,0.0,Microaspersion,25781.11,10892.11,4735.7,Manual,False,Eficiencia baja
4b1728b3-e75f-4832-8c29-c473c395f510,PAR-043,CIC-2025-PV,2025-06-11,Algodon,Media,8.72,1.21,10.551,66.97,81.67,0.82,816.7,16497.3,8.0,144.05,Microaspersion,27715.46,11709.53,5091.1,Experiencia del operador,False,Eficiencia baja
ce203070-7b3f-4eba-b9d8-da0c390f97ac,PAR-043,CIC-2025-PV,2025-06-15,Algodon,Media,8.74,1.23,10.75,67.43,82.23,0.82,822.3,16610.5,32.0,0.0,Microaspersion,27905.64,11789.8,5126.0,Manual,False,Sobre-riego detectado
e2154327-d24a-4335-ab7c-edc1671b118b,PAR-043,CIC-2025-PV,2025-06-26,Algodon,Media,9.28,1.22,11.322,61.74,75.29,0.82,752.9,15208.6,8.0,62.8,Microaspersion,25550.45,10794.82,4693.4,Experiencia del operador,False,
109abd3a-0d52-4535-b6d2-41f93e0db15a,PAR-043,CIC-2025-PV,2025-07-05,Algodon,Media,7.86,1.22,9.589,65.6,80.0,0.82,800.0,16160.0,8.0,20.7,Microaspersion,27148.8,11470.1,4987.0,Tradicion,False,Eficiencia baja
070f3b0f-8db8-4085-9958-2db5b3f05612,PAR-043,CIC-2025-PV,2025-07-20,Algodon,Final,8.32,1.123,9.343,54.48,66.44,0.82,664.4,13420.9,8.0,85.67,Microaspersion,22547.11,9525.91,4141.7,Manual,False,Deficit acumulado
b7a0be90-e243-46ed-b673-dd83e9526607,PAR-043,CIC-2025-PV,2025-08-08,Algodon,Final,7.65,0.962,7.359,52.24,63.71,0.82,637.1,12869.4,8.0,87.58,Microaspersion,21620.59,9134.45,3971.5,Manual,False,Deficit acumulado
60c15a0b-c8f1-450a-a829-470385714127,PAR-043,CIC-2025-PV,2025-08-22,Algodon,Final,7.63,0.767,5.852,38.79,47.31,0.82,473.1,9556.6,8.0,43.14,Microaspersion,16055.09,6783.16,2949.2,Experiencia del operador,False,Eficiencia baja
d2e3e655-218c-49f2-9d8b-8dcb168ca808,PAR-044,CIC-2025-PV,2025-03-10,Maiz,Inicial,6.27,0.33,2.069,25.12,38.64,0.65,386.4,9196.3,32.0,0.0,Gravedad,15449.78,6527.4,2838.0,Manual,True,
9f9fb788-18f9-4194-8fa4-83e9f045e647,PAR-044,CIC-2025-PV,2025-03-13,Maiz,Inicial,6.01,0.31,1.863,22.67,34.87,0.65,348.7,8299.1,32.0,0.0,Gravedad,13942.49,5890.53,2561.1,Tradicion,True,Deficit acumulado
b74bd44b-2b99-4676-a683-a0c238aaf329,PAR-044,CIC-2025-PV,2025-03-25,Maiz,Desarrollo,6.24,0.423,2.64,33.76,51.94,0.65,519.4,12361.7,8.0,0.0,Gravedad,20767.66,8774.04,3814.8,Tradicion,False,
4c20da0c-9fe3-46d4-992c-0c35360b5c6b,PAR-044,CIC-2025-PV,2025-03-26,Maiz,Desarrollo,5.75,0.409,2.352,28.05,43.15,0.65,431.5,10269.7,32.0,0.0,Gravedad,17253.1,7289.16,3169.2,Tradicion,False,
99fb37b9-341a-4f72-8b4d-96a087d6a720,PAR-044,CIC-2025-PV,2025-04-02,Maiz,Desarrollo,7.76,0.569,4.415,39.03,60.04,0.65,600.4,14289.5,26.3,0.0,Gravedad,24006.36,10142.31,4409.7,Experiencia del operador,False,Sobre-riego detectado
a0f9215a-4312-4516-8a22-03f986f5e0d9,PAR-044,CIC-2025-PV,2025-04-10,Maiz,Desarrollo,7.3,0.794,5.796,59.27,91.18,0.65,911.8,21700.8,27.8,0.0,Gravedad,36457.34,15402.87,6696.9,Manual,False,Deficit acumulado
e3d6b256-8602-41c1-9dd6-25766474f771,PAR-044,CIC-2025-PV,2025-04-19,Maiz,Desarrollo,7.18,1.076,7.726,74.65,114.84,0.65,1148.4,27331.9,8.0,0.0,Gravedad,45917.59,19399.58,8434.6,Manual,False,
c4552e7a-e42c-40c7-b339-86254a48cdfd,PAR-044,CIC-2025-PV,2025-04-25,Maiz,Desarrollo,7.77,1.2,9.324,79.69,122.6,0.65,1226.0,29178.8,32.0,0.0,Gravedad,49020.38,20710.58,9004.6,Manual,True,
538c7278-05c5-4588-a160-e49b006d4011,PAR-044,CIC-2025-PV,2025-05-12,Maiz,Media,8.59,1.21,10.394,85.77,131.95,0.65,1319.5,31404.1,8.0,90.93,Gravedad,52758.89,22289.99,9691.3,Manual,False,
2e1cc881-ee8d-43f1-86b8-63b77dcabdce,PAR-044,CIC-2025-PV,2025-05-16,Maiz,Media,8.27,1.17,9.676,90.79,139.68,0.65,1396.8,33243.8,32.0,0.0,Gravedad,55849.58,23595.7,10259.0,Manual,False,Sobre-riego detectado
c5697ab4-c31a-440d-9bb4-657c2e74c054,PAR-044,CIC-2025-PV,2025-07-13,Maiz,Final,8.01,0.59,4.726,42.7,65.69,0.65,656.9,15634.2,8.0,231.41,Gravedad,26265.46,11096.81,4824.7,Manual,False,Eficiencia baja
08e59089-5099-40bd-a120-ca46ca253fec,PAR-045,CIC-2025-PV,2025-03-06,Frijol,Inicial,5.99,0.37,2.216,33.38,41.72,0.8,417.2,5423.6,32.0,0.0,Aspersion,9111.65,3849.51,1673.7,Manual,False,
b15f9214-3c17-47e2-a582-2258fe433057,PAR-045,CIC-2025-PV,2025-03-23,Frijol,Desarrollo,6.23,0.46,2.866,37.3,46.63,0.8,466.3,6061.9,8.0,11.42,Aspersion,10183.99,4302.61,1870.7,Manual,True,
568103b8-3f98-42a7-9649-f567488876b8,PAR-045,CIC-2025-PV,2025-03-27,Frijol,Desarrollo,5.76,0.53,3.053,49.74,62.18,0.8,621.8,8083.4,32.0,0.0,Aspersion,13580.11,5737.35,2494.5,Manual,False,Deficit acumulado
84a3b972-8c7f-43e4-8270-91ac69ec568b,PAR-045,CIC-2025-PV,2025-04-04,Frijol,Desarrollo,7.19,0.72,5.177,61.67,77.09,0.8,770.9,10021.7,32.0,0.0,Aspersion,16836.46,7113.21,3092.7,Manual,False,
efeeacaa-d1a3-4f8a-83ef-eceac3e8aebf,PAR-045,CIC-2025-PV,2025-05-01,Frijol,Media,8.57,1.14,9.77,105.95,132.44,0.8,1324.4,17217.2,8.0,157.84,Aspersion,28924.9,12220.36,5313.2,Manual,False,
5a34e5ae-ed64-4300-8b46-b6b805d5c1aa,PAR-045,CIC-2025-PV,2025-05-06,Frijol,Media,8.61,1.17,10.074,101.28,126.6,0.8,1266.0,16458.0,32.0,0.0,Aspersion,27649.44,11681.47,5078.9,Manual,True,
fd2f13e4-54cc-4f40-a2e5-de3eeba43176,PAR-045,CIC-2025-PV,2025-05-07,Frijol,Media,8.84,1.12,9.901,111.24,139.05,0.8,1390.5,18076.5,32.0,0.0,Aspersion,30368.52,12830.32,5578.4,Manual,True,
fdaaab04-fec8-47ac-bcd6-fafa84a41060,PAR-045,CIC-2025-PV,2025-05-09,Frijol,Media,8.57,1.13,9.684,110.18,137.72,0.8,1377.2,17903.6,32.0,0.0,Aspersion,30078.05,12707.73,5525.1,Manual,False,
1f0e6d1b-3dc8-45df-832e-2eaa02f973ec,PAR-045,CIC-2025-PV,2025-05-22,Frijol,Final,8.34,1.09,9.091,104.29,130.36,0.8,1303.6,16946.8,8.0,13.89,Aspersion,28470.62,12028.54,5229.8,Manual,False,
602a738f-613a-41ef-a3dc-141514855f68,PAR-045,CIC-2025-PV,2025-06-15,Frijol,Final,9.06,0.37,3.352,31.69,39.61,0.8,396.1,5149.3,8.0,48.76,Aspersion,8650.82,3654.93,1589.1,Experiencia del operador,True,Sobre-riego detectado
cf9d6b2e-7052-492d-9b12-954f97a21eae,PAR-046,CIC-2025-PV,2025-03-15,Algodon,Inicial,5.92,0.35,2.072,15.68,24.13,0.65,241.3,2823.2,8.0,13.33,Gravedad,4742.98,2003.76,871.2,Tradicion,True,Deficit acumulado
94799413-5924-4da1-9e0c-f32ef52b7947,PAR-046,CIC-2025-PV,2025-03-29,Algodon,Inicial,5.83,0.32,1.866,14.9,22.93,0.65,229.3,2682.8,8.0,11.22,Gravedad,4507.1,1904.17,827.9,Manual,False,
7224f811-bbb7-41a9-abcc-74c05cd07a48,PAR-046,CIC-2025-PV,2025-03-30,Algodon,Inicial,5.94,0.36,2.138,14.71,22.63,0.65,226.3,2647.7,32.0,0.0,Gravedad,4448.14,1879.33,817.1,Manual,False,Sobre-riego detectado
54c300cb-331b-4cb5-b93f-15fbacd7ef4c,PAR-046,CIC-2025-PV,2025-04-05,Algodon,Desarrollo,7.51,0.465,3.492,19.81,30.48,0.65,304.8,3566.2,8.0,1.14,Gravedad,5991.22,2531.15,1100.5,Manual,False,Eficiencia baja
4c456229-3748-4f7a-a377-79b024f725f7,PAR-046,CIC-2025-PV,2025-04-13,Algodon,Desarrollo,7.44,0.601,4.471,24.02,36.96,0.65,369.6,4324.3,8.0,11.75,Gravedad,7264.82,3069.35,1334.5,Experiencia del operador,False,Eficiencia baja
331e3e9b-3ac6-42dd-b761-5382856daef8,PAR-046,CIC-2025-PV,2025-04-20,Algodon,Desarrollo,7.33,0.71,5.204,31.51,48.47,0.65,484.7,5671.0,8.0,4.92,Gravedad,9527.28,4025.23,1750.1,Tradicion,False,Eficiencia baja
6d92d384-55aa-46c5-a79f-dc90f592f252,PAR-046,CIC-2025-PV,2025-06-21,Algodon,Media,9.34,1.21,11.301,52.09,80.14,0.65,801.4,9376.4,8.0,648.57,Gravedad,15752.35,6655.28,2893.6,Manual,False,
5e72b8f4-ffbf-4581-a67e-7f3fd06dd79e,PAR-046,CIC-2025-PV,2025-07-05,Algodon,Media,7.99,1.2,9.588,51.14,78.67,0.65,786.7,9204.4,8.0,83.09,Gravedad,15463.39,6533.15,2840.5,Tradicion,False,Eficiencia baja
4fbe6386-6150-4522-b02e-dcd85253287f,PAR-046,CIC-2025-PV,2025-07-12,Algodon,Media,8.05,1.19,9.58,55.94,86.06,0.65,860.6,10069.0,8.0,11.12,Gravedad,16915.92,7146.79,3107.3,Experiencia del operador,False,
3c1ee886-9eb4-4571-8b0e-0b520d6b1327,PAR-046,CIC-2025-PV,2025-07-13,Algodon,Media,7.73,1.16,8.967,47.91,73.7,0.65,737.0,8622.9,32.0,0.0,Gravedad,14486.47,6120.3,2661.0,Manual,True,
acd15594-3a53-4401-8d75-469472b8a0d1,PAR-046,CIC-2025-PV,2025-07-20,Algodon,Final,7.93,1.133,8.985,47.79,73.53,0.65,735.3,8603.0,8.0,15.1,Gravedad,14453.04,6106.27,2654.9,Tradicion,False,
dde50b84-7f69-49ae-b22e-ff72bf22133d,PAR-046,CIC-2025-PV,2025-08-06,Algodon,Final,7.64,0.924,7.059,37.36,57.48,0.65,574.8,6725.2,8.0,82.64,Gravedad,11298.34,4773.42,2075.4,Manual,False,Deficit acumulado
09fed918-60b9-454c-9c61-0c60a2308c25,PAR-046,CIC-2025-PV,2025-08-08,Algodon,Final,7.48,0.942,7.046,42.22,64.96,0.65,649.6,7600.3,32.0,0.0,Gravedad,12768.5,5394.65,2345.5,Manual,True,Deficit acumulado
74595ae1-f9cf-4eeb-b385-17383db7b689,PAR-046,CIC-2025-PV,2025-08-10,Algodon,Final,7.41,0.92,6.817,41.63,64.05,0.65,640.5,7493.8,32.0,0.0,Gravedad,12589.58,5318.98,2312.6,Experiencia del operador,False,
ad2a07da-51a6-4726-a32a-ba29a5eddc8a,PAR-047,CIC-2025-PV,2025-03-08,Algodon,Inicial,5.93,0.31,1.838,21.36,26.05,0.82,260.5,7294.0,32.0,0.0,Microaspersion,12253.92,5177.07,2250.9,Tradicion,True,
bf00d984-e644-4dae-b3d9-8a1b74f10a9d,PAR-047,CIC-2025-PV,2025-03-20,Algodon,Inicial,5.7,0.36,2.052,21.89,26.69,0.82,266.9,7473.2,8.0,2.73,Microaspersion,12554.98,5304.26,2306.2,Manual,False,
b2a93c63-c534-4519-bc2e-aa618f0edff6,PAR-047,CIC-2025-PV,2025-04-19,Algodon,Desarrollo,7.79,0.673,5.243,43.64,53.22,0.82,532.2,14901.6,8.0,113.65,Microaspersion,25034.69,10576.78,4598.6,Manual,True,Deficit acumulado
15d6445f-4f0d-4c01-8280-f02b04c1fb24,PAR-047,CIC-2025-PV,2025-04-24,Algodon,Desarrollo,7.47,0.738,5.513,48.86,59.58,0.82,595.8,16682.4,32.0,0.0,Microaspersion,28026.43,11840.86,5148.2,Manual,False,
76ee0cce-43b1-402d-8a3b-9ed3a2a687d1,PAR-047,CIC-2025-PV,2025-04-26,Algodon,Desarrollo,7.5,0.762,5.715,51.99,63.4,0.82,634.0,17752.0,32.0,0.0,Microaspersion,29823.36,12600.09,5478.3,Tradicion,False,Sobre-riego detectado
293a77db-4b2f-47dc-a6e5-b935fd5a4b98,PAR-047,CIC-2025-PV,2025-05-18,Algodon,Desarrollo,8.71,1.126,9.807,84.43,102.96,0.82,1029.6,28828.8,8.0,131.32,Microaspersion,48432.38,20462.18,8896.6,Tradicion,False,
d1126fd6-d0a0-45fc-a8bb-f8c987f75fcd,PAR-047,CIC-2025-PV,2025-06-26,Algodon,Media,8.83,1.18,10.419,78.91,96.23,0.82,962.3,26944.4,8.0,327.43,Microaspersion,45266.59,19124.5,8315.0,Experiencia del operador,False,Deficit acumulado
bd15a716-e74a-406c-bcb7-a4d838cb4c06,PAR-047,CIC-2025-PV,2025-07-10,Algodon,Media,8.18,1.16,9.489,86.98,106.07,0.82,1060.7,29699.6,8.0,45.87,Microaspersion,49895.33,21080.19,9165.3,Experiencia del operador,False,
f1c665d0-e391-46de-9ff5-6ddaf7ec906f,PAR-047,CIC-2025-PV,2025-07-16,Algodon,Final,8.25,1.148,9.471,77.53,94.55,0.82,945.5,26474.0,32.0,0.0,Microaspersion,44476.32,18790.77,8169.9,Manual,True,
6a2374a8-7e5e-4165-ba0a-81b076f3fdd8,PAR-047,CIC-2025-PV,2025-08-05,Algodon,Final,7.7,0.996,7.669,62.54,76.27,0.82,762.7,21355.6,8.0,90.84,Microaspersion,35877.41,15157.69,6590.3,Manual,False,
9e10e16e-9c08-4733-8d4e-6033100fbc21,PAR-047,CIC-2025-PV,2025-08-16,Algodon,Final,7.82,0.853,6.67,57.64,70.29,0.82,702.9,19681.2,8.0,15.73,Microaspersion,33064.42,13969.28,6073.6,Manual,False,Eficiencia baja
ef4f982c-9d0b-451c-b399-f8c73eec5415,PAR-047,CIC-2025-PV,2025-08-21,Algodon,Final,7.32,0.768,5.622,46.67,56.92,0.82,569.2,15937.6,32.0,0.0,Microaspersion,26775.17,11312.09,4918.3,Manual,True,Deficit acumulado
6b251d66-d9b8-4038-a226-291fa957ae7a,PAR-048,CIC-2025-PV,2025-03-29,Chile,Desarrollo,6.29,0.639,4.019,60.05,75.06,0.8,750.6,27922.3,8.0,52.48,Aspersion,46909.46,19818.64,8616.8,Experiencia del operador,False,
eed7f1b7-fa14-4461-b6f0-20b028a1097b,PAR-048,CIC-2025-PV,2025-03-30,Chile,Desarrollo,6.32,0.631,3.988,61.66,77.07,0.8,770.7,28670.0,32.0,0.0,Aspersion,48165.6,20349.48,8847.6,Manual,False,
b62b9be8-f37b-4069-8197-e4a00ada2fb5,PAR-048,CIC-2025-PV,2025-04-02,Chile,Desarrollo,7.78,0.71,5.524,69.97,87.46,0.8,874.6,32535.1,32.0,0.0,Aspersion,54658.97,23092.69,10040.3,Tradicion,False,
e5780dc3-cb1f-4d5f-9174-de1f565817ac,PAR-048,CIC-2025-PV,2025-04-09,Chile,Desarrollo,7.28,0.81,5.897,77.63,97.04,0.8,970.4,36098.9,32.0,0.0,Aspersion,60646.15,25622.23,11140.1,Tradicion,False,Deficit acumulado
c852a040-bbc1-4df6-bc74-904dfb80fc20,PAR-048,CIC-2025-PV,2025-05-18,Chile,Media,8.68,1.03,8.94,84.74,105.93,0.8,1059.3,39406.0,8.0,263.92,Aspersion,66202.08,27969.61,12160.7,Tradicion,False,
f039e579-ebed-4174-810a-875288ed36cf,PAR-048,CIC-2025-PV,2025-06-01,Chile,Media,9.31,1.03,9.589,82.88,103.6,0.8,1036.0,38539.2,8.0,51.37,Aspersion,64745.86,27354.36,11893.2,Manual,False,
a4e679ce-8e09-47dd-a271-c38235c499cf,PAR-048,CIC-2025-PV,2025-06-09,Chile,Media,9.19,1.03,9.466,92.19,115.24,0.8,1152.4,42869.3,21.7,0.0,Aspersion,72020.42,30427.85,13229.5,Manual,False,
4b0ec845-7349-4e15-bdf6-982d8b0d0bdf,PAR-048,CIC-2025-PV,2025-06-28,Chile,Final,8.87,0.946,8.391,75.26,94.08,0.8,940.8,34997.8,8.0,84.17,Aspersion,58796.3,24840.69,10800.3,Manual,False,Sobre-riego detectado
88a785ce-800d-4751-83f8-4e65f166223f,PAR-048,CIC-2025-PV,2025-06-30,Chile,Final,8.88,0.894,7.939,83.26,104.07,0.8,1040.7,38714.0,32.0,0.0,Aspersion,65039.52,27478.33,11947.1,Manual,True,Eficiencia baja
8c51c014-58fd-48ad-a4f7-478c13b2e1fa,PAR-048,CIC-2025-PV,2025-07-03,Chile,Final,7.82,0.876,6.85,78.41,98.01,0.8,980.1,36459.7,32.0,0.0,Aspersion,61252.3,25878.45,11251.5,Tradicion,False,Deficit acumulado
cdc8fc07-0747-4722-9ae2-2da2ffaa968e,PAR-049,CIC-2025-PV,2025-04-21,Uva,Desarrollo,7.71,0.736,5.675,64.88,99.81,0.65,998.1,37828.0,8.0,224.55,Gravedad,63551.04,26849.51,11673.7,Experiencia del operador,False,Deficit acumulado
943ecc28-f6da-4980-87de-7e88ae0a3c9d,PAR-049,CIC-2025-PV,2025-05-16,Uva,Media,8.45,0.89,7.52,67.33,103.58,0.65,1035.8,39256.8,8.0,120.67,Gravedad,65951.42,27863.58,12114.6,Tradicion,False,Eficiencia baja
81c8c997-9657-4843-9326-2164d843fd56,PAR-049,CIC-2025-PV,2025-06-07,Uva,Media,9.2,0.86,7.912,67.92,104.49,0.65,1044.9,39601.7,8.0,106.14,Gravedad,66530.86,28108.53,12221.1,Tradicion,False,Sobre-riego detectado
24c3282f-0c78-4f30-93f0-d59ece358126,PAR-049,CIC-2025-PV,2025-06-09,Uva,Media,8.93,0.88,7.858,76.82,118.18,0.65,1181.8,44790.2,32.0,0.0,Gravedad,75247.54,31791.29,13822.3,Manual,True,Eficiencia baja
9275a177-966d-4688-a646-9faabf3a6e27,PAR-049,CIC-2025-PV,2025-06-16,Uva,Media,8.98,0.87,7.813,74.5,114.61,0.65,1146.1,43437.2,32.0,0.0,Gravedad,72974.5,30830.81,13404.7,Experiencia del operador,False,Eficiencia baja
2293d969-bfaf-4107-b8a7-8761c85e78dc,PAR-049,CIC-2025-PV,2025-06-21,Uva,Media,8.9,0.87,7.743,73.05,112.38,0.65,1123.8,42592.0,32.0,0.0,Gravedad,71554.56,30230.97,13143.9,Manual,False,
cc286c0f-7809-4f4e-99fc-e4111f523a71,PAR-049,CIC-2025-PV,2025-06-29,Uva,Media,8.73,0.85,7.421,77.03,118.5,0.65,1185.0,44911.5,29.7,0.0,Gravedad,75451.32,31877.31,13859.7,Tradicion,True,
1bbd012a-d1af-4391-9a00-5ffafc87f1fb,PAR-049,CIC-2025-PV,2025-09-01,Uva,Final,6.6,0.834,5.504,70.05,107.77,0.65,1077.7,40844.8,8.0,282.21,Gravedad,68619.26,28990.81,12604.7,Manual,False,
8b0ec076-fd8a-4eed-9370-71f2aab58613,PAR-049,CIC-2025-PV,2025-09-14,Uva,Final,6.51,0.636,4.14,56.55,87.0,0.65,870.0,32973.0,8.0,0.0,Gravedad,55394.64,23403.65,10175.5,Experiencia del operador,False,
1ea34d62-c217-4b69-8ed2-ace6796c0559,PAR-050,CIC-2025-PV,2025-03-24,Chile,Inicial,6.31,0.59,3.723,48.42,60.52,0.8,605.2,22574.0,8.0,37.21,Aspersion,37924.32,16022.49,6966.3,Tradicion,False,
22df4bc0-ae5a-40f6-8e14-6eed5766ff7b,PAR-050,CIC-2025-PV,2025-03-27,Chile,Desarrollo,5.77,0.643,3.71,54.25,67.81,0.8,678.1,25293.1,32.0,0.0,Aspersion,42492.41,17952.65,7805.5,Manual,False,
9aa4b01d-7d6c-4f3e-be38-b08a2b25f0c2,PAR-050,CIC-2025-PV,2025-04-18,Chile,Desarrollo,7.33,0.866,6.348,71.04,88.8,0.8,888.0,33122.4,8.0,68.62,Aspersion,55645.63,23509.68,10221.6,Manual,True,
dee0bf89-3b7e-44e1-9ee4-485d75817cf0,PAR-050,CIC-2025-PV,2025-04-28,Chile,Desarrollo,7.22,1.014,7.321,70.67,88.34,0.8,883.4,32950.8,8.0,2.54,Aspersion,55357.34,23387.78,10168.6,Experiencia del operador,False,Sobre-riego detectado
89573e33-5dca-46ea-908a-76c8af9585e0,PAR-050,CIC-2025-PV,2025-05-18,Chile,Media,8.69,1.04,9.038,81.32,101.65,0.8,1016.5,37915.4,8.0,99.44,Aspersion,63697.87,26911.61,11700.7,Manual,True,
b32b57d7-61ed-4cb5-9ef9-0dea9dac31e0,PAR-050,CIC-2025-PV,2025-05-23,Chile,Media,8.26,1.06,8.756,85.34,106.68,0.8,1066.8,39791.6,32.0,0.0,Aspersion,66849.89,28243.31,12279.7,Experiencia del operador,False,Deficit acumulado
1977b1a1-d86c-49d9-a9f2-eabe76ff3a07,PAR-050,CIC-2025-PV,2025-05-25,Chile,Media,8.67,1.07,9.277,82.01,102.51,0.8,1025.1,38236.2,32.0,0.0,Aspersion,64236.82,27139.31,11799.7,Manual,True,Deficit acumulado
2626ba7b-4f50-4964-9e9b-0297efcb8cc3,PAR-050,CIC-2025-PV,2025-05-26,Chile,Media,8.17,1.06,8.66,85.34,106.68,0.8,1066.8,39791.6,32.0,0.0,Aspersion,66849.89,28243.31,12279.7,Manual,False,
904cb266-454d-40c7-b51a-c08069e70a92,PAR-050,CIC-2025-PV,2025-06-17,Chile,Final,9.33,0.992,9.255,77.57,96.96,0.8,969.6,36166.1,8.0,126.04,Aspersion,60759.05,25670.07,11160.9,Manual,False,Deficit acumulado
5625aab3-a674-4f92-a7e4-53786399fe67,PAR-050,CIC-2025-PV,2025-06-25,Chile,Final,9.33,0.984,9.181,79.99,99.99,0.8,999.9,37296.3,8.9,0.0,Aspersion,62657.78,26472.08,11509.6,Manual,False,
57809252-7c7c-4c52-ba5e-6ba9d0cdf225,PAR-050,CIC-2025-PV,2025-07-02,Chile,Final,8.09,0.932,7.54,74.32,92.9,0.8,929.0,34651.7,32.0,0.0,Aspersion,58214.86,24595.05,10693.5,Tradicion,False,
3e772582-038f-4648-bc31-80ce9d2d7b60,PAR-051,CIC-2025-PV,2025-03-28,Algodon,Inicial,5.86,0.32,1.875,17.39,26.76,0.65,267.6,10784.3,8.0,33.23,Gravedad,18117.62,7654.4,3328.0,Manual,False,Sobre-riego detectado
b9dc29a4-ea53-4a5d-a83b-c48303f0ef2d,PAR-051,CIC-2025-PV,2025-05-03,Algodon,Desarrollo,8.53,0.871,7.43,41.54,63.91,0.65,639.1,25755.7,8.0,225.94,Gravedad,43269.58,18280.86,7948.2,Tradicion,False,Deficit acumulado
2b417837-6be2-438e-a91a-3dbaa28aecbb,PAR-051,CIC-2025-PV,2025-05-11,Algodon,Desarrollo,8.26,1.047,8.648,56.91,87.56,0.65,875.6,35286.7,8.0,12.27,Gravedad,59281.66,25045.85,10889.5,Experiencia del operador,False,Deficit acumulado
eb7140a5-1f62-447e-af64-9937b8f050ca,PAR-051,CIC-2025-PV,2025-05-23,Algodon,Media,8.33,1.22,10.163,61.31,94.33,0.65,943.3,38015.0,8.0,60.65,Gravedad,63865.2,26982.22,11731.4,Manual,False,
b8a6e910-2a5d-4e34-80bc-4abe80bcdc28,PAR-051,CIC-2025-PV,2025-06-02,Algodon,Media,9.22,1.17,10.787,62.4,96.0,0.65,960.0,38688.0,8.0,45.47,Gravedad,64995.84,27459.93,11939.1,Manual,False,
0a54f348-082e-4f1c-b8d4-026310f46ba5,PAR-051,CIC-2025-PV,2025-06-07,Algodon,Media,9.22,1.18,10.88,59.31,91.24,0.65,912.4,36769.7,9.0,0.0,Gravedad,61773.1,26098.33,11347.1,Manual,True,Eficiencia baja
5c6d93fb-b868-459a-9073-8ea6458ba0b9,PAR-051,CIC-2025-PV,2025-06-19,Algodon,Media,8.73,1.2,10.476,60.92,93.73,0.65,937.3,37773.2,8.0,64.79,Gravedad,63458.98,26810.64,11656.8,Experiencia del operador,False,
ef9ea862-def8-48d6-9487-b34a5d42073e,PAR-051,CIC-2025-PV,2025-06-27,Algodon,Media,8.99,1.22,10.968,60.07,92.41,0.65,924.1,37241.2,8.0,27.67,Gravedad,62565.22,26432.98,11492.6,Manual,True,
65476b3e-fdab-410c-9d15-78ec5b7bf905,PAR-051,CIC-2025-PV,2025-07-07,Algodon,Media,7.67,1.2,9.204,68.31,105.09,0.65,1050.9,42351.3,8.0,23.73,Gravedad,71150.18,30060.08,13069.6,Manual,False,
bb7b68bc-19f1-47ed-8f3a-47489607a23e,PAR-051,CIC-2025-PV,2025-07-22,Algodon,Final,7.96,1.131,9.003,51.04,78.53,0.65,785.3,31647.6,8.0,84.01,Gravedad,53167.97,22462.72,9766.4,Manual,True,
882ed00f-6bca-43d1-86a6-0b6f8da9b638,PAR-052,CIC-2025-PV,2025-03-14,Uva,Inicial,6.19,0.33,2.043,29.93,37.41,0.8,374.1,5050.4,12.7,0.0,Aspersion,8484.67,3584.78,1558.6,Experiencia del operador,False,Sobre-riego detectado
267eda1d-3d72-439d-a67d-8e22d818142c,PAR-052,CIC-2025-PV,2025-03-26,Uva,Desarrollo,5.79,0.409,2.368,41.81,52.26,0.8,522.6,7055.1,32.0,0.0,Aspersion,11852.57,5007.56,2177.2,Manual,False,Deficit acumulado
1ea181a1-b6e2-4693-8d0a-74982330a10e,PAR-052,CIC-2025-PV,2025-05-24,Uva,Media,8.48,0.81,6.869,81.28,101.6,0.8,1016.0,13716.0,8.0,323.99,Aspersion,23042.88,9735.44,4232.8,Manual,False,Deficit acumulado
97433ff9-b3f0-46d3-93bf-f800a41c0150,PAR-052,CIC-2025-PV,2025-05-29,Uva,Media,8.59,0.87,7.473,74.71,93.39,0.8,933.9,12607.6,32.0,0.0,Aspersion,21180.77,8948.61,3890.7,Tradicion,False,Eficiencia baja
1148eb64-e235-499f-83e7-063822ffcd4b,PAR-052,CIC-2025-PV,2025-06-09,Uva,Media,8.99,0.82,7.372,75.17,93.96,0.8,939.6,12684.6,8.0,5.92,Aspersion,21310.13,9003.35,3914.5,Manual,False,
13968a35-9b1c-4ec0-8666-ec18a43950fd,PAR-052,CIC-2025-PV,2025-07-02,Uva,Media,7.8,0.85,6.63,74.63,93.29,0.8,932.9,12594.1,8.0,77.86,Aspersion,21158.09,8938.95,3886.5,Experiencia del operador,False,Deficit acumulado
f348b770-571e-476c-80f6-4cad4b25bb96,PAR-052,CIC-2025-PV,2025-07-11,Uva,Media,8.21,0.83,6.814,81.69,102.11,0.8,1021.1,13784.9,32.0,0.0,Aspersion,23158.63,9784.2,4254.0,Experiencia del operador,False,Sobre-riego detectado
7a97cc14-6ff0-428c-9ead-bd74262b2409,PAR-052,CIC-2025-PV,2025-08-31,Uva,Final,7.83,0.846,6.624,83.23,104.04,0.8,1040.4,14045.4,8.0,254.59,Aspersion,23596.27,9969.12,4334.4,Experiencia del operador,False,Deficit acumulado
7dd74827-a8e5-42d9-b38c-ca6c0c69d62a,PAR-052,CIC-2025-PV,2025-09-23,Uva,Final,6.41,0.583,3.737,50.62,63.27,0.8,632.7,8541.5,8.0,35.33,Aspersion,14349.72,6062.57,2635.9,Manual,False,
d8f0ea0f-ef93-49d5-825f-2c66098ea0ac,PAR-052,CIC-2025-PV,2025-09-24,Uva,Final,6.58,0.571,3.757,60.65,75.81,0.8,758.1,10234.4,32.0,0.0,Aspersion,17193.79,7264.09,3158.3,Manual,True,
7ceb7b0c-49b4-4448-9dea-4bf559e33ed3,PAR-052,CIC-2025-PV,2025-09-26,Uva,Final,6.26,0.489,3.061,47.62,59.52,0.8,595.2,8035.2,32.0,0.0,Aspersion,13499.14,5703.31,2479.7,Manual,True,Deficit acumulado
68b879da-cbb8-47c4-8983-97f52631a2f9,PAR-053,CIC-2025-PV,2025-03-11,Maiz,Inicial,5.91,0.28,1.655,17.33,21.13,0.82,211.3,3106.1,8.0,0.0,Microaspersion,5218.25,2204.55,958.5,Tradicion,False,Deficit acumulado
13aacfd1-08e5-4fa3-8fe6-49f44416e9bd,PAR-053,CIC-2025-PV,2025-03-16,Maiz,Inicial,6.27,0.27,1.693,19.56,23.85,0.82,238.5,3505.9,32.0,0.0,Microaspersion,5889.91,2488.37,1081.9,Manual,False,Deficit acumulado
3351083f-e9e3-4d68-a471-5aae81077a99,PAR-053,CIC-2025-PV,2025-04-09,Maiz,Desarrollo,7.37,0.779,5.741,49.27,60.08,0.82,600.8,8831.8,8.0,88.51,Microaspersion,14837.42,6268.65,2725.5,Tradicion,False,Deficit acumulado
03230041-e8bd-4047-b17e-70d90986d3e0,PAR-053,CIC-2025-PV,2025-04-24,Maiz,Desarrollo,7.52,1.194,8.979,83.97,102.4,0.82,1024.0,15052.8,8.0,50.72,Microaspersion,25288.7,10684.19,4645.3,Tradicion,True,Eficiencia baja
567ffc05-b3c4-489e-8c79-b7879a8d44ee,PAR-053,CIC-2025-PV,2025-05-09,Maiz,Media,8.38,1.18,9.888,85.45,104.21,0.82,1042.1,15318.9,8.0,62.87,Microaspersion,25735.75,10873.02,4727.4,Manual,True,
d1793d61-572f-45ad-847d-b48d3d299b22,PAR-053,CIC-2025-PV,2025-05-20,Maiz,Media,8.2,1.23,10.086,93.4,113.9,0.82,1139.0,16743.3,8.0,17.55,Microaspersion,28128.74,11884.1,5167.0,Manual,True,Sobre-riego detectado
d04c565e-dee2-4021-9bdf-feeb9c747a32,PAR-053,CIC-2025-PV,2025-06-02,Maiz,Media,8.79,1.23,10.812,86.49,105.47,0.82,1054.7,15504.1,8.0,54.07,Microaspersion,26046.89,11004.58,4784.6,Manual,True,
95147728-6c4b-44f8-a4af-aac91d86a185,PAR-053,CIC-2025-PV,2025-06-05,Maiz,Final,9.24,1.18,10.903,86.29,105.23,0.82,1052.3,15468.8,32.0,0.0,Microaspersion,25987.58,10979.51,4773.7,Tradicion,False,
80dde0a2-4f93-4bd6-9dc5-051ce2228c39,PAR-053,CIC-2025-PV,2025-06-10,Maiz,Final,8.83,1.05,9.271,71.61,87.33,0.82,873.3,12837.5,32.0,0.0,Microaspersion,21567.0,9111.91,3961.7,Tradicion,False,Sobre-riego detectado
443eb661-789d-49e5-b406-e136d2560482,PAR-053,CIC-2025-PV,2025-06-26,Maiz,Final,9.3,0.73,6.789,47.73,58.21,0.82,582.1,8556.9,8.0,60.89,Microaspersion,14375.59,6073.61,2640.7,Experiencia del operador,False,Sobre-riego detectado
f24bef7f-2222-4e4d-aa79-17ee2bbab7f6,PAR-053,CIC-2025-PV,2025-07-08,Maiz,Final,7.98,0.58,4.628,42.0,51.22,0.82,512.2,7529.3,8.0,13.54,Microaspersion,12649.22,5344.05,2323.5,Manual,False,
6e6a6997-0eea-43bf-b2ff-93e055e6a764,PAR-053,CIC-2025-PV,2025-07-09,Maiz,Final,8.23,0.58,4.773,43.63,53.21,0.82,532.1,7821.9,32.0,0.0,Microaspersion,13140.79,5551.74,2413.8,Manual,False,Eficiencia baja
8114d861-bfef-4b8b-b41e-30a2a7a55b3d,PAR-054,CIC-2025-PV,2025-03-24,Maiz,Desarrollo,6.0,0.387,2.322,20.83,32.05,0.65,320.5,5384.4,8.0,32.58,Gravedad,9045.79,3821.68,1661.6,Tradicion,False,
9fbf756b-4a82-4756-b6bf-f5758f838287,PAR-054,CIC-2025-PV,2025-03-25,Maiz,Desarrollo,6.3,0.443,2.791,25.21,38.78,0.65,387.8,6515.0,32.0,0.0,Gravedad,10945.2,4624.15,2010.5,Tradicion,False,Eficiencia baja
01e1f437-b58a-46c1-9fcd-b51cdd6fff06,PAR-054,CIC-2025-PV,2025-03-30,Maiz,Desarrollo,6.24,0.531,3.313,26.95,41.46,0.65,414.6,6965.3,32.0,0.0,Gravedad,11701.7,4943.85,2149.5,Experiencia del operador,False,Eficiencia baja
0f8eebee-e973-4634-a3b5-1b8b0eeffd43,PAR-054,CIC-2025-PV,2025-03-31,Maiz,Desarrollo,6.08,0.557,3.387,29.41,45.24,0.65,452.4,7600.3,32.0,0.0,Gravedad,12768.5,5394.65,2345.5,Manual,False,
a627f6e0-0e2f-43a5-88bd-37c64b47a2a2,PAR-054,CIC-2025-PV,2025-04-23,Maiz,Desarrollo,7.8,1.169,9.118,56.84,87.45,0.65,874.5,14691.6,8.0,152.87,Gravedad,24681.89,10427.74,4533.8,Experiencia del operador,False,
4b527c8c-d34b-4d36-b449-0775efb25c03,PAR-054,CIC-2025-PV,2025-04-24,Maiz,Desarrollo,7.15,1.194,8.537,55.0,84.62,0.65,846.2,14216.2,32.0,0.0,Gravedad,23883.22,10090.33,4387.1,Manual,False,
cb2ff79f-d3cf-4270-9012-6f88654c90e2,PAR-054,CIC-2025-PV,2025-04-30,Maiz,Media,7.24,1.21,8.76,68.25,105.0,0.65,1050.0,17640.0,29.9,0.0,Gravedad,29635.2,12520.51,5443.7,Manual,False,Deficit acumulado
09b93d93-3866-4798-a154-16d3bf45fd07,PAR-054,CIC-2025-PV,2025-05-04,Maiz,Media,8.3,1.21,10.043,60.11,92.48,0.65,924.8,15536.6,32.0,0.0,Gravedad,26101.49,11027.58,4794.6,Manual,False,
abac2e18-827e-4a7f-aa0f-4aece9a61365,PAR-054,CIC-2025-PV,2025-05-08,Maiz,Media,8.54,1.22,10.419,69.45,106.84,0.65,1068.4,17949.1,32.0,0.0,Gravedad,30154.49,12739.93,5539.1,Manual,True,
810fb3f8-512e-4866-bd1d-d1e75feff494,PAR-054,CIC-2025-PV,2025-05-22,Maiz,Media,8.4,1.19,9.996,56.04,86.21,0.65,862.1,14483.3,8.0,83.9,Gravedad,24331.94,10279.85,4469.5,Manual,False,Deficit acumulado
4f9e32b0-747d-4f1d-8d5e-97c3ac1e376c,PAR-054,CIC-2025-PV,2025-06-12,Maiz,Final,8.81,1.01,8.898,55.93,86.04,0.65,860.4,14454.7,8.0,130.93,Gravedad,24283.9,10259.61,4460.7,Manual,False,
9ec6e460-9544-4270-a58f-4f6a776517d2,PAR-054,CIC-2025-PV,2025-07-16,Maiz,Final,8.29,0.62,5.14,34.01,52.32,0.65,523.2,8789.8,8.0,140.75,Gravedad,14766.86,6238.75,2712.5,Manual,False,Deficit acumulado
0c3be912-d1f9-4004-9dd8-6d8baa8cafbe,PAR-054,CIC-2025-PV,2025-07-18,Maiz,Final,7.99,0.6,4.794,34.15,52.54,0.65,525.4,8826.7,32.0,0.0,Gravedad,14828.86,6264.97,2723.9,Tradicion,False,Sobre-riego detectado
b59b57f5-4f29-4a5e-982c-1eee414616b4,PAR-055,CIC-2025-PV,2025-03-15,Algodon,Inicial,5.75,0.38,2.185,33.54,37.27,0.9,372.7,12336.4,9.6,0.0,Goteo,20725.15,8756.1,3807.0,Manual,True,
c9bb6256-435c-43a3-baa0-299de25277b5,PAR-055,CIC-2025-PV,2025-03-20,Algodon,Inicial,6.16,0.33,2.033,28.25,31.39,0.9,313.9,10390.1,32.0,0.0,Goteo,17455.37,7374.72,3206.4,Experiencia del operador,False,
9908e1ef-3906-484b-9e76-0fb00794ec95,PAR-055,CIC-2025-PV,2025-03-26,Algodon,Inicial,6.0,0.36,2.16,29.56,32.84,0.9,328.4,10870.0,32.0,0.0,Goteo,18261.6,7715.35,3354.5,Manual,False,Deficit acumulado
037d6d46-115d-40c8-bc01-4d094dc6185b,PAR-055,CIC-2025-PV,2025-04-05,Algodon,Desarrollo,7.24,0.445,3.222,35.35,39.28,0.9,392.8,13001.7,9.7,0.0,Goteo,21842.86,9228.29,4012.3,Tradicion,False,
c142c0aa-786e-4d39-bd64-f4e6bb4b5ac5,PAR-055,CIC-2025-PV,2025-05-30,Algodon,Media,8.43,1.16,9.779,92.15,102.39,0.9,1023.9,33891.1,8.0,445.7,Goteo,56937.05,24055.24,10458.8,Tradicion,False,
d91faac6-7dc5-4d4f-b7e7-0716e0b41778,PAR-055,CIC-2025-PV,2025-06-03,Algodon,Media,8.74,1.22,10.663,98.0,108.89,0.9,1088.9,36042.6,32.0,0.0,Goteo,60551.57,25582.21,11122.7,Tradicion,True,
db819202-4106-4f5f-bffe-c6f4750f436a,PAR-055,CIC-2025-PV,2025-06-11,Algodon,Media,9.11,1.19,10.841,97.69,108.54,0.9,1085.4,35926.7,12.6,0.0,Goteo,60356.86,25500.1,11087.0,Tradicion,False,
a505611a-70cb-48fb-a298-1a942125a417,PAR-055,CIC-2025-PV,2025-06-20,Algodon,Media,8.82,1.18,10.408,93.74,104.16,0.9,1041.6,34477.0,8.0,0.0,Goteo,57921.36,24471.08,10639.6,Experiencia del operador,False,
59314625-3a14-4186-815e-cbfa1ae7223a,PAR-055,CIC-2025-PV,2025-06-25,Algodon,Media,8.71,1.16,10.104,106.49,118.32,0.9,1183.2,39163.9,32.0,0.0,Goteo,65795.35,27797.8,12086.0,Experiencia del operador,False,Deficit acumulado
7fe89421-df4f-46e2-a0f2-2a572ad44949,PAR-055,CIC-2025-PV,2025-07-31,Algodon,Final,7.87,1.011,7.957,91.04,101.15,0.9,1011.5,33480.7,8.0,195.41,Goteo,56247.58,23763.83,10332.1,Manual,False,Deficit acumulado
ff1c88df-89fb-45e2-aa28-2a88e32aa6da,PAR-056,CIC-2025-PV,2025-03-11,Frijol,Inicial,5.88,0.42,2.47,48.99,54.43,0.9,544.3,7456.9,32.0,0.0,Goteo,12527.59,5292.76,2301.2,Manual,True,
53c93475-617c-406c-a4b5-815c1d193386,PAR-056,CIC-2025-PV,2025-03-24,Frijol,Desarrollo,6.18,0.445,2.75,49.46,54.95,0.9,549.5,7528.1,32.0,0.0,Goteo,12647.21,5343.36,2323.2,Tradicion,False,Deficit acumulado
cf9ce31d-650f-438f-b2ee-93349ccfe435,PAR-056,CIC-2025-PV,2025-03-25,Frijol,Desarrollo,6.14,0.52,3.193,59.51,66.12,0.9,661.2,9058.4,32.0,0.0,Goteo,15218.11,6429.42,2795.4,Experiencia del operador,False,
533d1aea-1eea-4350-9c28-d2e32a7ab2ea,PAR-056,CIC-2025-PV,2025-03-31,Frijol,Desarrollo,6.02,0.63,3.793,65.16,72.4,0.9,724.0,9918.8,32.0,0.0,Goteo,16663.58,7040.07,3060.9,Manual,False,
8627c742-9d8f-4710-93d4-8738e5589ea6,PAR-056,CIC-2025-PV,2025-04-04,Frijol,Desarrollo,7.58,0.76,5.761,74.42,82.69,0.9,826.9,11328.5,32.0,0.0,Goteo,19031.88,8040.8,3496.0,Manual,True,
f141fb57-fe3e-46f6-9da7-8d958259a631,PAR-056,CIC-2025-PV,2025-04-22,Frijol,Media,7.34,1.12,8.221,133.09,147.88,0.9,1478.8,20259.6,8.0,14.89,Goteo,34036.13,14379.83,6252.1,Manual,False,Sobre-riego detectado
0ecfd28b-6854-4d71-bb3e-ce71d18fd173,PAR-056,CIC-2025-PV,2025-05-01,Frijol,Media,8.35,1.18,9.853,141.53,157.25,0.9,1572.5,21543.2,32.0,0.0,Goteo,36192.58,15290.86,6648.2,Experiencia del operador,True,
8145f9d0-b5e2-446e-84b4-efba6a373c35,PAR-056,CIC-2025-PV,2025-05-24,Frijol,Final,8.51,0.97,8.255,112.07,124.52,0.9,1245.2,17059.2,8.0,77.8,Goteo,28659.46,12108.35,5264.5,Manual,False,
39453b08-01f3-4115-936d-2a085bde52c8,PAR-056,CIC-2025-PV,2025-06-01,Frijol,Final,9.02,0.66,5.953,66.81,74.23,0.9,742.3,10169.5,32.0,0.0,Goteo,17084.76,7218.09,3138.3,Tradicion,False,
477d6851-b2dd-43b6-80a0-7c9e9d349979,PAR-056,CIC-2025-PV,2025-06-10,Frijol,Final,9.3,0.37,3.441,36.23,40.26,0.9,402.6,5515.6,17.0,0.0,Goteo,9266.21,3914.83,1702.1,Manual,False,Eficiencia baja
70dea343-e5f6-4380-9dd5-6c5dad764a09,PAR-056,CIC-2025-PV,2025-06-16,Frijol,Final,8.88,0.33,2.93,35.22,39.13,0.9,391.3,5360.8,32.0,0.0,Goteo,9006.14,3804.89,1654.3,Manual,True,
a157ee92-f8aa-421b-b028-f0c0e68c9970,PAR-056,CIC-2025-PV,2025-06-18,Frijol,Final,8.9,0.35,3.115,39.66,44.07,0.9,440.7,6037.6,32.0,0.0,Goteo,10143.17,4285.36,1863.2,Manual,False,
7570f2e6-09cd-4d61-bff5-4d6a0f154fd1,PAR-057,CIC-2025-PV,2025-03-13,Algodon,Inicial,5.94,0.34,2.02,24.84,38.22,0.65,382.2,5389.0,8.0,0.0,Gravedad,9053.52,3824.9,1663.0,Experiencia del operador,False,
74d25f72-6b5c-41c2-96a8-c8268ae44fce,PAR-057,CIC-2025-PV,2025-04-13,Algodon,Desarrollo,7.38,0.561,4.14,40.59,62.45,0.65,624.5,8805.4,8.0,87.75,Gravedad,14793.07,6249.79,2717.3,Manual,False,
ef368a94-7dd6-4f4d-93ce-69fb40e39231,PAR-057,CIC-2025-PV,2025-05-02,Algodon,Desarrollo,8.53,0.864,7.37,66.23,101.9,0.65,1019.0,14367.9,8.0,73.8,Gravedad,24138.07,10197.97,4433.9,Manual,False,
71deeae8-79a6-4c55-af8f-71a4382e7f35,PAR-057,CIC-2025-PV,2025-05-10,Algodon,Desarrollo,8.78,1.05,9.219,82.75,127.3,0.65,1273.0,17949.3,12.2,0.0,Gravedad,30154.82,12740.16,5539.2,Experiencia del operador,False,Deficit acumulado
3d0984d5-accd-449e-96e6-0d661063203f,PAR-057,CIC-2025-PV,2025-05-16,Algodon,Desarrollo,8.61,1.132,9.747,82.72,127.26,0.65,1272.6,17943.7,32.0,0.0,Gravedad,30145.42,12736.02,5537.4,Manual,False,
1eedd4ee-9045-4153-93bf-b642fbe91e8d,PAR-057,CIC-2025-PV,2025-06-13,Algodon,Media,9.02,1.21,10.914,91.02,140.03,0.65,1400.3,19744.2,8.0,214.57,Gravedad,33170.26,14014.13,6093.1,Manual,False,Deficit acumulado
054bb6c1-4b34-43b0-a1f6-e79af09d7351,PAR-057,CIC-2025-PV,2025-07-26,Algodon,Final,8.16,1.097,8.952,83.28,128.13,0.65,1281.3,18066.3,8.0,301.66,Gravedad,30351.38,12823.19,5575.3,Experiencia del operador,False,Eficiencia baja
74d11ed9-81f7-49d3-8cd9-b7604d28ba88,PAR-057,CIC-2025-PV,2025-08-13,Algodon,Final,7.46,0.877,6.542,69.09,106.29,0.65,1062.9,14986.9,8.0,48.67,Gravedad,25177.99,10637.5,4625.0,Manual,True,Deficit acumulado
b33b41cf-26d5-4117-8f2d-cdc67c3f2e50,PAR-058,CIC-2025-PV,2025-03-12,Uva,Inicial,6.25,0.28,1.75,23.02,35.41,0.65,354.1,3222.3,19.5,0.0,Gravedad,5413.46,2287.12,994.4,Manual,True,Deficit acumulado
87bbd41a-a27d-41ba-8915-da1854b90ce6,PAR-058,CIC-2025-PV,2025-05-04,Uva,Media,8.17,0.86,7.026,74.93,115.27,0.65,1152.7,10489.6,8.0,297.45,Gravedad,17622.53,7445.33,3237.1,Manual,False,
fdbf7365-650f-488f-b2a2-774c95cee064,PAR-058,CIC-2025-PV,2025-05-13,Uva,Media,8.31,0.84,6.98,71.8,110.46,0.65,1104.6,10051.9,14.3,0.0,Gravedad,16887.19,7134.6,3102.0,Manual,False,Sobre-riego detectado
c2c5b4e3-71d3-4ca0-8778-1c2178115719,PAR-058,CIC-2025-PV,2025-07-29,Uva,Media,7.77,0.87,6.76,79.37,122.11,0.65,1221.1,11112.0,8.0,441.15,Gravedad,18668.16,7887.16,3429.2,Experiencia del operador,False,
f170979d-a3e1-4f71-a845-0d1bf6e598e7,PAR-058,CIC-2025-PV,2025-08-05,Uva,Media,7.63,0.85,6.486,76.15,117.15,0.65,1171.5,10660.6,32.0,0.0,Gravedad,17909.81,7566.77,3289.9,Manual,False,Sobre-riego detectado
07c2e888-b949-4888-82c4-1286d1b25323,PAR-058,CIC-2025-PV,2025-08-08,Uva,Media,7.58,0.85,6.443,75.45,116.08,0.65,1160.8,10563.3,32.0,0.0,Gravedad,17746.34,7497.54,3259.8,Manual,False,
34c41e31-d0e5-4907-899a-e8ed67c56b5b,PAR-058,CIC-2025-PV,2025-08-09,Uva,Media,7.55,0.86,6.493,71.39,109.83,0.65,1098.3,9994.5,32.0,0.0,Gravedad,16790.76,7093.89,3084.3,Manual,False,
3dfbc802-c4bc-4b6d-9566-84751f1d8fa1,PAR-058,CIC-2025-PV,2025-08-10,Uva,Media,7.47,0.87,6.499,77.94,119.91,0.65,1199.1,10911.8,32.0,0.0,Gravedad,18331.82,7745.02,3367.4,Manual,False,
47c40e99-dded-44ae-8607-3860bacd63bb,PAR-058,CIC-2025-PV,2025-09-17,Uva,Final,6.84,0.611,4.179,44.73,68.81,0.65,688.1,6261.7,8.0,114.07,Gravedad,10519.66,4444.52,1932.4,Experiencia del operador,False,
7ff7163c-5d8e-4790-ae57-60ea2d60e29e,PAR-059,CIC-2025-PV,2025-04-17,Maiz,Desarrollo,7.81,1.004,7.841,72.12,110.95,0.65,1109.5,42050.0,8.0,296.41,Gravedad,70644.0,29846.18,12976.6,Manual,False,Eficiencia baja
0d48bf2f-cce3-4941-9962-114dab13f384,PAR-059,CIC-2025-PV,2025-05-18,Maiz,Media,8.47,1.16,9.825,72.98,112.28,0.65,1122.8,42554.1,8.0,231.59,Gravedad,71490.89,30204.06,13132.2,Tradicion,False,Deficit acumulado
dfa8a64f-ae57-4c07-a02c-031c9ffb59bf,PAR-059,CIC-2025-PV,2025-05-19,Maiz,Media,8.77,1.2,10.524,73.86,113.63,0.65,1136.3,43065.8,32.0,0.0,Gravedad,72350.54,30567.23,13290.1,Manual,False,
57a476b7-e086-4fc0-bdc1-b278ae517110,PAR-059,CIC-2025-PV,2025-05-20,Maiz,Media,8.71,1.17,10.191,84.01,129.25,0.65,1292.5,48985.8,32.0,0.0,Gravedad,82296.14,34769.1,15117.0,Manual,True,
4fa06090-e63b-46c9-95cf-f24e81bdeb28,PAR-059,CIC-2025-PV,2025-05-22,Maiz,Media,8.46,1.23,10.406,81.59,125.53,0.65,1255.3,47575.9,32.0,0.0,Gravedad,79927.51,33768.37,14681.9,Tradicion,False,
565e0911-a44f-4420-a2eb-bbf7acae9685,PAR-059,CIC-2025-PV,2025-06-15,Maiz,Final,9.2,0.98,9.016,67.02,103.11,0.65,1031.1,39078.7,8.0,149.36,Gravedad,65652.22,27737.31,12059.7,Manual,False,
dcc634b9-37ef-44f8-9add-8f17d72af5d3,PAR-059,CIC-2025-PV,2025-06-22,Maiz,Final,8.68,0.86,7.465,54.11,83.24,0.65,832.4,31548.0,8.0,0.0,Gravedad,53000.64,22392.11,9735.7,Manual,False,
4be8a19d-0dd2-4488-946c-dca9731ff309,PAR-059,CIC-2025-PV,2025-06-26,Maiz,Final,9.25,0.73,6.752,45.93,70.66,0.65,706.6,26780.1,32.0,0.0,Gravedad,44990.57,19007.89,8264.3,Manual,True,
192ea69b-c36c-48d4-8bfd-b48211aa99c9,PAR-059,CIC-2025-PV,2025-07-02,Maiz,Final,7.69,0.66,5.075,42.88,65.97,0.65,659.7,25002.6,32.0,0.0,Gravedad,42004.37,17746.34,7715.8,Experiencia del operador,False,Deficit acumulado
e7570c0a-ebf8-430c-93b9-7840dc7cb372,PAR-060,CIC-2025-PV,2025-03-06,Maiz,Inicial,6.22,0.28,1.742,23.01,35.4,0.65,354.0,15859.2,32.0,0.0,Gravedad,26643.46,11256.43,4894.1,Manual,True,
adab3764-48c6-4db4-a38d-98a8402bac9f,PAR-060,CIC-2025-PV,2025-03-07,Maiz,Inicial,5.89,0.31,1.826,24.93,38.35,0.65,383.5,17180.8,32.0,0.0,Gravedad,28863.74,12194.6,5302.0,Manual,False,
4ff17fc6-be91-4570-89e8-7ba57df7d9f7,PAR-060,CIC-2025-PV,2025-03-09,Maiz,Inicial,5.86,0.3,1.758,29.16,44.86,0.65,448.6,20097.3,32.0,0.0,Gravedad,33763.46,14264.6,6202.0,Manual,True,Deficit acumulado
676af313-6d4b-449d-a775-97a2968cb17a,PAR-060,CIC-2025-PV,2025-04-26,Maiz,Media,7.26,1.2,8.712,100.72,154.96,0.65,1549.6,69422.1,8.0,317.46,Gravedad,116629.13,49274.51,21423.7,Tradicion,False,
f454a9f2-8ea7-48d4-bbd0-0c93d58553db,PAR-060,CIC-2025-PV,2025-05-05,Maiz,Media,8.27,1.21,10.007,105.84,162.83,0.65,1628.3,72947.8,17.5,0.0,Gravedad,122552.3,51776.91,22511.7,Tradicion,False,Sobre-riego detectado
53915ce3-c9a4-4826-9e2f-af78dcd2dcb5,PAR-060,CIC-2025-PV,2025-05-09,Maiz,Media,8.22,1.16,9.535,97.37,149.8,0.65,1498.0,67110.4,32.0,0.0,Gravedad,112745.47,47633.69,20710.3,Manual,False,Sobre-riego detectado
db01ace8-b609-4737-9aa4-ab4bcccea531,PAR-060,CIC-2025-PV,2025-07-01,Maiz,Final,8.18,0.69,5.644,65.84,101.3,0.65,1013.0,45382.4,8.0,233.29,Gravedad,76242.43,32211.5,14005.0,Manual,False,Deficit acumulado
01ab6276-fab9-4335-9851-fd764c0aa409,PAR-060,CIC-2025-PV,2025-07-10,Maiz,Final,7.74,0.58,4.489,55.86,85.94,0.65,859.4,38501.1,32.0,0.0,Gravedad,64681.85,27327.22,11881.4,Manual,False,
8246ae13-da44-42c9-8f03-5f225432676c,PAR-060,CIC-2025-PV,2025-07-11,Maiz,Final,7.8,0.61,4.758,50.12,77.11,0.65,771.1,34545.3,32.0,0.0,Gravedad,58036.1,24519.61,10660.7,Manual,True,
a585670b-2b4a-49fa-9a7c-65ead4e4632a,PAR-061,CIC-2025-PV,2025-03-28,Uva,Desarrollo,5.65,0.396,2.237,31.64,39.55,0.8,395.5,6683.9,8.0,28.76,Aspersion,11228.95,4744.21,2062.7,Manual,False,Deficit acumulado
8dba05a4-728e-49c9-b436-1c700975465e,PAR-061,CIC-2025-PV,2025-05-11,Uva,Media,8.71,0.89,7.752,89.43,111.79,0.8,1117.9,18892.5,8.0,251.66,Aspersion,31739.4,13409.46,5830.2,Experiencia del operador,True,Eficiencia baja
02671dfc-a869-4e53-b00b-a52f22abf169,PAR-061,CIC-2025-PV,2025-05-18,Uva,Media,8.54,0.84,7.174,77.62,97.03,0.8,970.3,16398.1,32.0,0.0,Aspersion,27548.81,11639.15,5060.5,Manual,False,
1de9193a-6334-462f-898b-f7336065852b,PAR-061,CIC-2025-PV,2025-05-26,Uva,Media,8.35,0.82,6.847,78.72,98.4,0.8,984.0,16629.6,32.0,0.0,Aspersion,27937.73,11803.37,5131.9,Manual,False,
36c5334a-9da1-4c87-a591-eabdca96114a,PAR-061,CIC-2025-PV,2025-06-23,Uva,Media,8.88,0.86,7.637,67.9,84.87,0.8,848.7,14343.0,8.0,145.94,Aspersion,24096.24,10180.26,4426.2,Manual,False,
3c2a0ac3-097c-4ca9-9c64-5860387eca99,PAR-061,CIC-2025-PV,2025-07-07,Uva,Media,8.05,0.85,6.843,84.65,105.81,0.8,1058.1,17881.9,8.0,11.15,Aspersion,30041.59,12692.32,5518.4,Manual,True,Eficiencia baja
1020871c-3f3e-48e8-9f82-06e8a6664f24,PAR-061,CIC-2025-PV,2025-08-07,Uva,Media,7.8,0.86,6.708,76.38,95.48,0.8,954.8,16136.1,8.0,131.57,Aspersion,27108.65,11453.08,4979.6,Experiencia del operador,False,
08e1ef63-d605-4753-8ded-c09c924eceee,PAR-061,CIC-2025-PV,2025-08-08,Uva,Media,7.25,0.85,6.162,70.16,87.7,0.8,877.0,14821.3,32.0,0.0,Aspersion,24899.78,10519.97,4573.9,Experiencia del operador,False,
9206ffa9-41e7-43c8-90ae-8097720d5249,PAR-061,CIC-2025-PV,2025-08-29,Uva,Final,7.78,0.809,6.294,71.82,89.77,0.8,897.7,15171.1,8.0,60.35,Aspersion,25487.45,10768.14,4681.8,Experiencia del operador,False,Sobre-riego detectado
84448881-0be0-4b05-93d7-803e69f8129c,PAR-061,CIC-2025-PV,2025-09-02,Uva,Final,6.73,0.803,5.404,68.43,85.54,0.8,855.4,14456.3,32.0,0.0,Aspersion,24286.58,10260.76,4461.2,Manual,False,Sobre-riego detectado
5cdcfd09-bdd6-4117-a847-5c5ebfb448d1,PAR-061,CIC-2025-PV,2025-09-07,Uva,Final,6.3,0.756,4.763,70.51,88.14,0.8,881.4,14895.7,32.0,0.0,Aspersion,25024.78,10572.64,4596.8,Manual,True,Deficit acumulado
ae60f2f0-90ed-4ae8-945f-d86c76ce1d3c,PAR-061,CIC-2025-PV,2025-09-23,Uva,Final,6.35,0.593,3.766,47.34,59.17,0.8,591.7,9999.7,8.0,12.92,Aspersion,16799.5,7097.57,3085.9,Experiencia del operador,False,Deficit acumulado
ccabb50a-4e13-4403-9e41-85d6952f3f95,PAR-062,CIC-2025-PV,2025-03-10,Frijol,Inicial,6.0,0.37,2.22,29.67,45.65,0.65,456.5,7121.4,32.0,0.0,Gravedad,11963.95,5054.71,2197.7,Tradicion,True,Eficiencia baja
5ff16433-875c-4e28-94ea-90890aef7a9b,PAR-062,CIC-2025-PV,2025-03-20,Frijol,Inicial,6.3,0.43,2.709,34.16,52.56,0.65,525.6,8199.4,26.1,0.0,Gravedad,13774.99,5819.69,2530.3,Tradicion,False,Eficiencia baja
07f72b5c-9c51-4f30-8c20-e071d503ae8b,PAR-062,CIC-2025-PV,2025-03-29,Frijol,Desarrollo,5.75,0.59,3.392,48.2,74.16,0.65,741.6,11569.0,32.0,0.0,Gravedad,19435.92,8211.46,3570.2,Tradicion,False,Deficit acumulado
9903427d-f304-4689-9ec3-538506d3656b,PAR-062,CIC-2025-PV,2025-04-09,Frijol,Desarrollo,7.29,0.905,6.597,60.37,92.88,0.65,928.8,14489.3,8.0,12.2,Gravedad,24342.02,10284.22,4471.4,Experiencia del operador,False,
e801bd4a-f160-4271-9d00-60c2ff446d58,PAR-062,CIC-2025-PV,2025-04-14,Frijol,Desarrollo,7.23,0.98,7.085,69.78,107.36,0.65,1073.6,16748.2,32.0,0.0,Gravedad,28136.98,11887.55,5168.5,Manual,False,
e45d6b11-78aa-4f45-b084-21e13d4b2e0f,PAR-062,CIC-2025-PV,2025-04-15,Frijol,Desarrollo,7.76,1.025,7.954,73.76,113.47,0.65,1134.7,17701.3,32.0,0.0,Gravedad,29738.18,12563.98,5462.6,Manual,True,
545b90cf-fbd4-4105-8e3b-dc3ea83f4c23,PAR-062,CIC-2025-PV,2025-04-27,Frijol,Media,7.67,1.12,8.59,74.71,114.94,0.65,1149.4,17930.6,8.0,28.37,Gravedad,30123.41,12726.82,5533.4,Manual,False,Deficit acumulado
bbb65c48-5006-42d4-826f-ce36113a693a,PAR-062,CIC-2025-PV,2025-05-21,Frijol,Final,8.37,1.1,9.207,76.67,117.96,0.65,1179.6,18401.8,8.0,144.3,Gravedad,30915.02,13061.24,5678.8,Manual,False,
ab1b449f-a83d-4399-afd3-a6502a68b0c7,PAR-062,CIC-2025-PV,2025-06-04,Frijol,Final,9.12,0.51,4.651,36.32,55.87,0.65,558.7,8715.7,8.0,28.79,Gravedad,14642.38,6186.31,2689.7,Manual,False,Sobre-riego detectado
11d50ffe-acc3-4c39-8ed0-998d03087e91,PAR-062,CIC-2025-PV,2025-06-10,Frijol,Final,9.32,0.33,3.076,24.98,38.43,0.65,384.3,5995.1,32.0,0.0,Gravedad,10071.77,4255.23,1850.1,Manual,True,Eficiencia baja
477ae526-e9f6-4732-8571-9901d2bb15e3,PAR-062,CIC-2025-PV,2025-06-14,Frijol,Final,9.03,0.32,2.89,22.79,35.06,0.65,350.6,5469.4,32.0,0.0,Gravedad,9188.59,3882.17,1687.9,Manual,False,Deficit acumulado
682f12e8-b055-455d-973f-40a5b77a371b,PAR-063,CIC-2025-PV,2025-03-13,Algodon,Inicial,6.33,0.34,2.152,27.38,30.42,0.9,304.2,1916.5,8.0,0.0,Goteo,3219.72,1360.22,591.4,Experiencia del operador,False,Sobre-riego detectado
2395fbfe-01c0-45ce-9d9a-b0f7bd5c18da,PAR-063,CIC-2025-PV,2025-03-18,Algodon,Inicial,6.22,0.32,1.99,26.75,29.72,0.9,297.2,1872.4,32.0,0.0,Goteo,3145.63,1328.94,577.8,Experiencia del operador,True,Eficiencia baja
0bce8cfd-1fda-4b04-b0fb-99e6f483f744,PAR-063,CIC-2025-PV,2025-03-19,Algodon,Inicial,6.13,0.36,2.207,28.72,31.91,0.9,319.1,2010.3,32.0,0.0,Goteo,3377.3,1426.92,620.4,Experiencia del operador,False,Deficit acumulado
5b365658-0809-445c-ae10-d18d430294e2,PAR-063,CIC-2025-PV,2025-03-28,Algodon,Inicial,5.75,0.36,2.07,29.82,33.13,0.9,331.3,2087.2,32.0,0.0,Goteo,3506.5,1481.43,644.1,Manual,False,
ef2cccd0-10a9-4bde-81eb-4d814195b9ff,PAR-063,CIC-2025-PV,2025-04-02,Algodon,Desarrollo,7.28,0.414,3.014,34.6,38.44,0.9,384.4,2421.7,32.0,0.0,Goteo,4068.46,1718.79,747.3,Manual,False,Eficiencia baja
a3732b7f-4809-4b0d-a3bc-5adc253dc08f,PAR-063,CIC-2025-PV,2025-04-08,Algodon,Desarrollo,7.47,0.506,3.78,34.22,38.02,0.9,380.2,2395.3,32.0,0.0,Goteo,4024.1,1700.16,739.2,Experiencia del operador,True,
b63537d7-72b5-416c-a96e-3df32594e9e0,PAR-063,CIC-2025-PV,2025-05-31,Algodon,Media,8.47,1.21,10.249,84.57,93.97,0.9,939.7,5920.1,8.0,458.63,Goteo,9945.77,4201.87,1826.9,Manual,False,Deficit acumulado
52ee29b8-1cae-4000-9070-c5d5905f93bd,PAR-063,CIC-2025-PV,2025-06-12,Algodon,Media,9.01,1.18,10.632,87.86,97.62,0.9,976.2,6150.1,8.0,39.72,Goteo,10332.17,4365.17,1897.9,Manual,False,
412ad206-9d2e-4801-bdda-ed9fa0bfefb9,PAR-063,CIC-2025-PV,2025-06-27,Algodon,Media,8.7,1.23,10.701,88.78,98.64,0.9,986.4,6214.3,8.0,71.74,Goteo,10440.02,4410.71,1917.7,Experiencia del operador,False,
8519d975-f1a0-43df-ad4f-a1ce9138fc18,PAR-063,CIC-2025-PV,2025-07-04,Algodon,Media,7.82,1.22,9.54,87.13,96.81,0.9,968.1,6099.0,30.5,0.0,Goteo,10246.32,4329.06,1882.2,Manual,False,
43cc243f-8f3a-45de-b8a7-16c9a05d5869,PAR-063,CIC-2025-PV,2025-07-22,Algodon,Final,7.7,1.121,8.632,79.22,88.02,0.9,880.2,5545.3,8.0,76.16,Goteo,9316.1,3935.99,1711.3,Tradicion,False,
12dd9ed6-3abc-4e51-87f5-530f84055c4b,PAR-063,CIC-2025-PV,2025-08-25,Algodon,Final,7.55,0.733,5.534,53.49,59.43,0.9,594.3,3744.1,8.0,134.67,Goteo,6290.09,2657.42,1155.4,Manual,True,
d51ba342-916d-4e2a-9a26-c6404a192902,PAR-064,CIC-2025-PV,2025-03-30,Uva,Desarrollo,5.75,0.394,2.266,25.34,30.9,0.82,309.0,2966.4,8.0,40.37,Microaspersion,4983.55,2105.42,915.4,Tradicion,False,
4709dcf7-e3de-433b-a41f-3ee0923bbedb,PAR-064,CIC-2025-PV,2025-04-04,Uva,Desarrollo,7.55,0.463,3.496,30.09,36.69,0.82,366.9,3522.2,32.0,0.0,Microaspersion,5917.3,2500.1,1087.0,Manual,False,
6efa04e8-42a5-4580-8b2b-bba07f1de507,PAR-064,CIC-2025-PV,2025-04-20,Uva,Desarrollo,7.36,0.743,5.468,57.64,70.29,0.82,702.9,6747.8,8.0,29.85,Microaspersion,11336.3,4789.52,2082.4,Experiencia del operador,False,Eficiencia baja
cb6620db-102e-48ef-bb54-99357b4f1fcc,PAR-064,CIC-2025-PV,2025-05-23,Uva,Media,8.84,0.87,7.691,62.07,75.69,0.82,756.9,7266.2,8.0,191.73,Microaspersion,12207.22,5157.29,2242.3,Tradicion,False,
442cb218-d085-43f8-a8d9-5686d891c042,PAR-064,CIC-2025-PV,2025-05-28,Uva,Media,8.74,0.84,7.342,63.45,77.38,0.82,773.8,7428.5,32.0,0.0,Microaspersion,12479.88,5272.52,2292.4,Manual,False,
06a7c5ba-2d59-4426-8946-aedf6af25754,PAR-064,CIC-2025-PV,2025-06-17,Uva,Media,9.33,0.85,7.93,52.32,63.8,0.82,638.0,6124.8,8.0,106.28,Microaspersion,10289.66,4347.23,1890.1,Tradicion,False,Eficiencia baja
8e9a6bdd-ebfa-484b-ac3f-11a6e818bc61,PAR-064,CIC-2025-PV,2025-06-27,Uva,Media,8.73,0.86,7.508,57.14,69.68,0.82,696.8,6689.3,8.0,17.94,Microaspersion,11238.02,4747.89,2064.3,Manual,True,
bf3b38bf-e4c0-4b0b-8917-f21b2ca9a09e,PAR-064,CIC-2025-PV,2025-07-02,Uva,Media,8.06,0.82,6.609,59.07,72.04,0.82,720.4,6915.8,32.0,0.0,Microaspersion,11618.54,4908.66,2134.2,Experiencia del operador,False,
d247089f-eeca-4838-a786-138b7440ffd3,PAR-064,CIC-2025-PV,2025-07-08,Uva,Media,8.03,0.88,7.066,64.01,78.06,0.82,780.6,7493.8,32.0,0.0,Microaspersion,12589.58,5318.98,2312.6,Experiencia del operador,True,
63d12872-cd21-40d8-b8a7-8e6ae510da89,PAR-064,CIC-2025-PV,2025-07-26,Uva,Media,7.92,0.88,6.97,67.7,82.56,0.82,825.6,7925.8,8.0,57.76,Microaspersion,13315.34,5625.57,2445.9,Experiencia del operador,True,
1a24af92-4c4b-4752-b43e-7e4ccdcdb20c,PAR-064,CIC-2025-PV,2025-07-30,Uva,Media,7.74,0.88,6.811,54.16,66.05,0.82,660.5,6340.8,32.0,0.0,Microaspersion,10652.54,4500.64,1956.8,Manual,True,
8238abb8-9b3a-46ef-abe5-d20f3ae4afe7,PAR-064,CIC-2025-PV,2025-08-04,Uva,Media,7.61,0.86,6.545,66.76,81.42,0.82,814.2,7816.3,32.0,0.0,Microaspersion,13131.38,5547.83,2412.1,Manual,True,
04b17eab-c132-4224-b9c8-2486b75930ea,PAR-064,CIC-2025-PV,2025-08-05,Uva,Media,7.71,0.81,6.245,61.75,75.3,0.82,753.0,7228.8,32.0,0.0,Microaspersion,12144.38,5130.84,2230.8,Tradicion,False,
35f5043c-35f0-42e6-9ff6-904edda83203,PAR-065,CIC-2025-PV,2025-03-07,Uva,Inicial,5.75,0.33,1.898,27.62,33.68,0.82,336.8,3368.0,32.0,0.0,Microaspersion,5658.24,2390.62,1039.4,Manual,False,Sobre-riego detectado
71310fa5-052c-4872-ae2d-ffe4fd2a104e,PAR-065,CIC-2025-PV,2025-04-22,Uva,Desarrollo,7.52,0.72,5.414,58.56,71.41,0.82,714.1,7141.0,8.0,190.48,Microaspersion,11996.88,5068.51,2203.7,Manual,False,
c9239069-3fd6-4eb9-948e-0151327a42c6,PAR-065,CIC-2025-PV,2025-05-02,Uva,Media,8.61,0.85,7.318,69.8,85.12,0.82,851.2,8512.0,8.0,3.38,Microaspersion,14300.16,6041.64,2626.8,Tradicion,False,Eficiencia baja
f9d7e7f5-91a1-4137-a0cf-5f9c9f237a57,PAR-065,CIC-2025-PV,2025-06-04,Uva,Media,9.08,0.84,7.627,72.96,88.97,0.82,889.7,8897.0,8.0,178.73,Microaspersion,14946.96,6314.88,2745.6,Tradicion,False,
847c5ca4-e783-454e-a70c-65b70ca31ec3,PAR-065,CIC-2025-PV,2025-06-12,Uva,Media,8.97,0.85,7.625,73.82,90.03,0.82,900.3,9003.0,21.0,0.0,Microaspersion,15125.04,6390.09,2778.3,Tradicion,False,
db3db92b-f976-4e4a-b1b4-0d090bf97b3a,PAR-065,CIC-2025-PV,2025-06-22,Uva,Media,8.9,0.84,7.476,73.62,89.78,0.82,897.8,8978.0,8.0,1.14,Microaspersion,15083.04,6372.38,2770.6,Manual,False,Sobre-riego detectado
bf328adc-0830-48e4-bd86-e545280240cd,PAR-065,CIC-2025-PV,2025-06-29,Uva,Media,9.14,0.89,8.135,71.68,87.41,0.82,874.1,8741.0,25.9,0.0,Microaspersion,14684.88,6204.25,2697.5,Manual,False,
e6a50937-15dc-4baa-bc25-c61a303eb252,PAR-065,CIC-2025-PV,2025-07-11,Uva,Media,7.83,0.86,6.734,69.94,85.29,0.82,852.9,8529.0,8.0,10.87,Microaspersion,14328.72,6053.6,2632.0,Tradicion,True,Sobre-riego detectado
f42b7b7d-6a49-4d2d-95bf-83a441ebc99d,PAR-065,CIC-2025-PV,2025-07-25,Uva,Media,8.11,0.87,7.056,65.26,79.58,0.82,795.8,7958.0,8.0,33.52,Microaspersion,13369.44,5648.34,2455.8,Tradicion,True,
8193b67e-7319-4b5d-896e-336aa304ade5,PAR-065,CIC-2025-PV,2025-07-31,Uva,Media,7.71,0.82,6.322,64.75,78.96,0.82,789.6,7896.0,32.0,0.0,Microaspersion,13265.28,5604.41,2436.7,Manual,False,
9c0684cd-52a8-4f4a-a32f-d3d07a50c9e4,PAR-065,CIC-2025-PV,2025-08-07,Uva,Media,7.35,0.85,6.247,73.15,89.21,0.82,892.1,8921.0,32.0,0.0,Microaspersion,14987.28,6331.9,2753.0,Manual,False,
e794f168-e7fe-45b4-a241-d99d9c6d0360,PAR-065,CIC-2025-PV,2025-10-01,Uva,Final,4.77,0.481,2.294,38.77,47.28,0.82,472.8,4728.0,8.0,87.4,Microaspersion,7943.04,3355.93,1459.1,Manual,False,Eficiencia baja
d8c50e8c-b4ee-4a64-b969-068253e6ce07,PAR-066,CIC-2025-PV,2025-03-14,Algodon,Inicial,5.84,0.38,2.219,28.42,43.73,0.65,437.3,12725.4,8.0,0.43,Gravedad,21378.67,9032.33,3927.1,Manual,True,
6b11976c-5b0e-4699-bc25-daf388294399,PAR-066,CIC-2025-PV,2025-03-27,Algodon,Inicial,5.98,0.37,2.213,25.37,39.03,0.65,390.3,11357.7,8.0,3.4,Gravedad,19080.94,8061.5,3505.0,Tradicion,True,
a2735207-f486-4662-aa34-cd8476e0593d,PAR-066,CIC-2025-PV,2025-04-12,Algodon,Desarrollo,7.64,0.544,4.156,37.3,57.39,0.65,573.9,16700.5,8.0,29.2,Gravedad,28056.84,11853.74,5153.8,Manual,False,
f1d77e7d-b119-4177-be3a-9ac0ca9ab504,PAR-066,CIC-2025-PV,2025-04-14,Algodon,Desarrollo,7.16,0.578,4.138,44.04,67.75,0.65,677.5,19715.2,32.0,0.0,Gravedad,33121.54,13993.43,6084.1,Experiencia del operador,False,Eficiencia baja
abd43f8f-8062-49a5-b575-0fca05035161,PAR-066,CIC-2025-PV,2025-04-21,Algodon,Desarrollo,7.82,0.717,5.607,51.65,79.46,0.65,794.6,23122.9,31.6,0.0,Gravedad,38846.47,16412.11,7135.7,Manual,True,
20f3e8e1-4e82-47e9-beb4-5cd656d9722c,PAR-066,CIC-2025-PV,2025-05-05,Algodon,Desarrollo,8.6,0.965,8.299,74.19,114.14,0.65,1141.4,33214.7,8.0,42.0,Gravedad,55800.7,23575.23,10250.1,Experiencia del operador,False,
c1abf426-59e1-4575-a04d-3edc8acd95a1,PAR-066,CIC-2025-PV,2025-06-01,Algodon,Media,9.25,1.17,10.822,77.79,119.68,0.65,1196.8,34826.9,8.0,214.4,Gravedad,58509.19,24719.48,10747.6,Manual,False,Eficiencia baja
68f4fe7d-5004-46c5-a6e9-7af561d65739,PAR-066,CIC-2025-PV,2025-07-08,Algodon,Media,8.11,1.21,9.813,81.29,125.06,0.65,1250.6,36392.5,8.0,281.79,Gravedad,61139.4,25830.61,11230.7,Manual,False,
5ea37189-774f-48bc-81b2-2e063437ae5f,PAR-066,CIC-2025-PV,2025-07-19,Algodon,Final,8.19,1.174,9.615,81.34,125.14,0.65,1251.4,36415.7,8.0,24.43,Gravedad,61178.38,25847.17,11237.9,Manual,False,Sobre-riego detectado
dc725fef-9411-4b8a-a8c7-195b23ab27df,PAR-066,CIC-2025-PV,2025-08-05,Algodon,Final,7.62,0.916,6.98,68.48,105.36,0.65,1053.6,30659.8,8.0,50.18,Gravedad,51508.46,21761.68,9461.6,Manual,False,
2691af9f-846f-4f3e-b9c6-570e53a4f47e,PAR-067,CIC-2025-PV,2025-03-09,Chile,Inicial,6.05,0.64,3.872,49.84,76.68,0.65,766.8,5060.9,32.0,0.0,Gravedad,8502.31,3592.14,1561.8,Manual,False,Eficiencia baja
1752b908-481d-403f-b2db-2d963d0130c8,PAR-067,CIC-2025-PV,2025-03-10,Chile,Inicial,5.86,0.61,3.575,44.51,68.47,0.65,684.7,4519.0,32.0,0.0,Gravedad,7591.92,3207.58,1394.6,Manual,False,Eficiencia baja
24e2d1d7-ebee-4005-89b5-5b1d7af1e01b,PAR-067,CIC-2025-PV,2025-03-13,Chile,Inicial,6.19,0.63,3.9,46.41,71.4,0.65,714.0,4712.4,32.0,0.0,Gravedad,7916.83,3344.66,1454.2,Manual,False,Sobre-riego detectado
95c25099-2cc0-4966-8e5b-37ef7d516f84,PAR-067,CIC-2025-PV,2025-03-17,Chile,Inicial,5.84,0.64,3.738,39.96,61.48,0.65,614.8,4057.7,32.0,0.0,Gravedad,6816.94,2880.06,1252.2,Experiencia del operador,False,Sobre-riego detectado
b6a8ad09-29ea-4a41-b79a-034a97ced403,PAR-067,CIC-2025-PV,2025-03-30,Chile,Desarrollo,5.83,0.661,3.854,50.11,77.1,0.65,771.0,5088.6,8.0,0.0,Gravedad,8548.85,3611.69,1570.3,Manual,False,
eb5e9c4a-7e98-412b-8874-3fe26b0cef40,PAR-067,CIC-2025-PV,2025-04-03,Chile,Desarrollo,7.84,0.723,5.668,47.16,72.56,0.65,725.6,4789.0,32.0,0.0,Gravedad,8045.52,3399.17,1477.9,Experiencia del operador,True,
f71cd127-4f33-441a-a981-278d3698764e,PAR-067,CIC-2025-PV,2025-04-07,Chile,Desarrollo,7.23,0.724,5.235,51.32,78.96,0.65,789.6,5211.4,32.0,0.0,Gravedad,8755.15,3698.86,1608.2,Experiencia del operador,True,
883fa533-03f9-40dd-b6a4-9d48385795f4,PAR-067,CIC-2025-PV,2025-04-11,Chile,Desarrollo,7.22,0.836,6.036,58.05,89.3,0.65,893.0,5893.8,32.0,0.0,Gravedad,9901.58,4183.24,1818.8,Manual,True,Sobre-riego detectado
07617db8-149d-4f38-aa44-cf69a3cb93ca,PAR-067,CIC-2025-PV,2025-04-19,Chile,Desarrollo,7.2,0.879,6.329,64.72,99.57,0.65,995.7,6571.6,27.8,0.0,Gravedad,11040.29,4664.4,2028.0,Experiencia del operador,True,
910bff80-3559-43f8-963a-62acdbb81e0b,PAR-067,CIC-2025-PV,2025-05-24,Chile,Media,8.25,1.06,8.745,76.6,117.84,0.65,1178.4,7777.4,8.0,229.47,Gravedad,13066.03,5520.23,2400.1,Manual,False,Eficiencia baja
0b5b0b0b-eace-4d8d-974b-1899ce504995,PAR-067,CIC-2025-PV,2025-06-06,Chile,Media,8.76,1.08,9.461,72.74,111.91,0.65,1119.1,7386.1,8.0,50.25,Gravedad,12408.65,5242.62,2279.4,Experiencia del operador,False,
796746e6-9043-4258-8a7f-053d8e966ae8,PAR-068,CIC-2025-PV,2025-03-06,Maiz,Inicial,5.92,0.26,1.539,15.24,18.58,0.82,185.8,4422.0,32.0,0.0,Microaspersion,7428.96,3138.58,1364.6,Manual,False,
3bec61ff-78f0-4983-9030-c339d1b19b4f,PAR-068,CIC-2025-PV,2025-03-23,Maiz,Desarrollo,5.96,0.391,2.33,23.44,28.59,0.82,285.9,6804.4,8.0,16.17,Microaspersion,11431.39,4829.54,2099.8,Manual,True,
67731e3a-08c7-482c-9fe8-1d816bfa0896,PAR-068,CIC-2025-PV,2025-04-06,Maiz,Desarrollo,7.85,0.721,5.66,43.68,53.27,0.82,532.7,12678.3,8.0,35.56,Microaspersion,21299.54,8998.75,3912.5,Experiencia del operador,True,
b6890dea-e599-44b2-a8c7-41ba631e8f7c,PAR-068,CIC-2025-PV,2025-05-02,Maiz,Media,8.6,1.19,10.234,76.65,93.47,0.82,934.7,22245.9,8.0,189.43,Microaspersion,37373.11,15789.73,6865.1,Experiencia del operador,False,Sobre-riego detectado
49c40327-1146-4d63-8a71-a3a8b8b8f7d9,PAR-068,CIC-2025-PV,2025-05-22,Maiz,Media,8.18,1.23,10.061,70.51,85.99,0.82,859.9,20465.6,8.0,130.71,Microaspersion,34382.21,14526.11,6315.7,Manual,False,Deficit acumulado
0a032ea8-0e48-4040-bef1-4e96b2fc28ed,PAR-068,CIC-2025-PV,2025-05-30,Maiz,Media,8.71,1.19,10.365,79.71,97.21,0.82,972.1,23136.0,8.0,3.21,Microaspersion,38868.48,16421.54,7139.8,Experiencia del operador,False,
74ce34a3-1333-4a57-9cf7-0f40e8d72e01,PAR-068,CIC-2025-PV,2025-06-05,Maiz,Final,8.75,1.21,10.588,79.49,96.94,0.82,969.4,23071.7,25.1,0.0,Microaspersion,38760.46,16375.77,7119.9,Manual,True,Deficit acumulado
2fb5bfa8-c637-45b1-9192-4409107722e2,PAR-068,CIC-2025-PV,2025-06-12,Maiz,Final,8.99,1.06,9.529,60.08,73.27,0.82,732.7,17438.3,8.0,6.62,Microaspersion,29296.34,12377.45,5381.5,Tradicion,True,
7eed9170-9bee-4f6c-ab0c-f3c1e7e748a2,PAR-068,CIC-2025-PV,2025-06-16,Maiz,Final,9.1,0.94,8.554,53.28,64.97,0.82,649.7,15462.9,32.0,0.0,Microaspersion,25977.67,10975.37,4771.9,Manual,False,Sobre-riego detectado
9ce1e696-7688-4896-8c2a-ed04a2f11449,PAR-068,CIC-2025-PV,2025-06-17,Maiz,Final,8.97,0.92,8.252,54.51,66.48,0.82,664.8,15822.2,32.0,0.0,Microaspersion,26581.3,11230.21,4882.7,Tradicion,True,Sobre-riego detectado
27b99a83-8ff9-4d8a-92b1-939bee298b56,PAR-068,CIC-2025-PV,2025-06-25,Maiz,Final,8.73,0.78,6.809,51.24,62.49,0.82,624.9,14872.6,8.0,3.23,Microaspersion,24985.97,10556.31,4589.7,Tradicion,True,Deficit acumulado
7933b292-b304-4817-bfa4-aa5033128163,PAR-068,CIC-2025-PV,2025-07-06,Maiz,Final,7.95,0.64,5.088,44.11,53.79,0.82,537.9,12802.0,8.0,11.86,Microaspersion,21507.36,9086.61,3950.7,Experiencia del operador,False,
d6dc783e-211e-47a0-aab1-331fdd5bb13d,PAR-068,CIC-2025-PV,2025-07-07,Maiz,Final,8.05,0.61,4.911,35.75,43.6,0.82,436.0,10376.8,32.0,0.0,Microaspersion,17433.02,7365.29,3202.3,Manual,False,
20083265-b2ca-4bb4-95c3-96ec54d6ffdb,PAR-068,CIC-2025-PV,2025-07-09,Maiz,Final,7.77,0.58,4.507,33.62,41.0,0.82,410.0,9758.0,32.0,0.0,Microaspersion,16393.44,6925.99,3011.3,Manual,True,
00b90ee3-ba3a-4e2d-80cf-24d21e2b6de9,PAR-069,CIC-2025-PV,2025-03-11,Chile,Inicial,5.94,0.63,3.742,68.54,76.15,0.9,761.5,4949.8,32.0,0.0,Goteo,8315.66,3513.25,1527.5,Experiencia del operador,False,Deficit acumulado
e63e58b4-cf97-468c-a611-9264c8f8da5e,PAR-069,CIC-2025-PV,2025-03-18,Chile,Inicial,5.75,0.61,3.507,58.91,65.46,0.9,654.6,4254.9,32.0,0.0,Goteo,7148.23,3020.13,1313.1,Experiencia del operador,False,Deficit acumulado
92b47104-774d-4417-83b7-8580d48987fa,PAR-069,CIC-2025-PV,2025-03-23,Chile,Inicial,6.08,0.62,3.77,56.1,62.33,0.9,623.3,4051.4,32.0,0.0,Goteo,6806.35,2875.69,1250.3,Manual,False,
725b7953-eefc-4d0d-92c5-3a86e2df179b,PAR-069,CIC-2025-PV,2025-03-27,Chile,Desarrollo,6.32,0.573,3.621,59.99,66.65,0.9,666.5,4332.2,32.0,0.0,Goteo,7278.1,3074.87,1336.9,Manual,False,Sobre-riego detectado
050f7601-18e1-4ce3-beb7-496d569aefbc,PAR-069,CIC-2025-PV,2025-04-06,Chile,Desarrollo,7.54,0.741,5.587,70.1,77.89,0.9,778.9,5062.8,25.5,0.0,Goteo,8505.5,3593.52,1562.4,Tradicion,False,
a4b7ecfd-f8a2-42bc-9f2f-527b5eb493dc,PAR-069,CIC-2025-PV,2025-05-01,Chile,Media,8.4,1.01,8.484,108.85,120.94,0.9,1209.4,7861.1,8.0,103.25,Goteo,13206.65,5579.57,2425.9,Tradicion,False,
72e3dbcc-ccb0-4857-88ec-77649ebcbec7,PAR-069,CIC-2025-PV,2025-05-15,Chile,Media,8.69,1.02,8.864,107.85,119.83,0.9,1198.3,7788.9,8.0,16.25,Goteo,13085.35,5528.51,2403.7,Manual,True,Sobre-riego detectado
9ec5037f-3e12-4007-92bb-672b63c5ee86,PAR-069,CIC-2025-PV,2025-05-19,Chile,Media,8.71,1.02,8.884,107.85,119.83,0.9,1198.3,7788.9,32.0,0.0,Goteo,13085.35,5528.51,2403.7,Experiencia del operador,False,Deficit acumulado
bec0ae63-e7dd-42a7-a5de-124e46a52c52,PAR-069,CIC-2025-PV,2025-06-15,Chile,Final,9.12,1.024,9.339,92.66,102.95,0.9,1029.5,6691.8,8.0,159.49,Goteo,11242.22,4749.73,2065.1,Manual,False,
6ff7a703-e311-4f0f-8509-d5ffcd948f6c,PAR-069,CIC-2025-PV,2025-07-02,Chile,Final,7.83,0.942,7.376,98.64,109.6,0.9,1096.0,7124.0,8.0,26.75,Goteo,11968.32,5056.55,2198.5,Experiencia del operador,True,
0fb85121-e905-44bf-a959-4143e9d8d6aa,PAR-070,CIC-2025-PV,2025-03-09,Chile,Inicial,5.98,0.61,3.648,36.4,56.0,0.65,560.0,13160.0,24.7,0.0,Gravedad,22108.8,9340.76,4061.2,Experiencia del operador,True,
2dd8248f-08af-469b-8df9-2c362d01eb4a,PAR-070,CIC-2025-PV,2025-03-15,Chile,Inicial,5.97,0.59,3.522,34.15,52.54,0.65,525.4,12346.9,32.0,0.0,Gravedad,20742.79,8763.69,3810.3,Manual,False,Deficit acumulado
839729d6-2452-4bef-b259-e191683ba77b,PAR-070,CIC-2025-PV,2025-03-20,Chile,Inicial,6.09,0.58,3.532,38.41,59.1,0.65,591.0,13888.5,32.0,0.0,Gravedad,23332.68,9857.8,4286.0,Manual,False,Sobre-riego detectado
b008aa0a-4ddd-4099-93bd-dce2945bf230,PAR-070,CIC-2025-PV,2025-03-26,Chile,Inicial,6.13,0.61,3.739,32.4,49.84,0.65,498.4,11712.4,32.0,0.0,Gravedad,19676.83,8313.12,3614.4,Manual,True,
959becf5-73e8-49eb-a361-c58a6bcf848e,PAR-070,CIC-2025-PV,2025-03-28,Chile,Desarrollo,5.97,0.616,3.678,33.8,52.0,0.65,520.0,12220.0,32.0,0.0,Gravedad,20529.6,8673.53,3771.1,Manual,True,Eficiencia baja
50c5a288-a150-410a-b539-4b1c7cedfa0b,PAR-070,CIC-2025-PV,2025-04-05,Chile,Desarrollo,7.57,0.749,5.67,47.79,73.53,0.65,735.3,17279.5,8.0,0.0,Gravedad,29029.56,12264.75,5332.5,Tradicion,False,
70673538-c127-4385-ae2c-fb613ce9c489,PAR-070,CIC-2025-PV,2025-05-01,Chile,Media,8.83,1.04,9.183,67.64,104.06,0.65,1040.6,24454.1,8.0,171.12,Gravedad,41082.89,17356.95,7546.5,Manual,False,
7587e430-8c2e-4652-9317-85a5113349ab,PAR-070,CIC-2025-PV,2025-05-07,Chile,Media,8.49,1.02,8.66,68.17,104.87,0.65,1048.7,24644.5,31.2,0.0,Gravedad,41402.76,17492.19,7605.3,Tradicion,False,
f320df3a-6df4-4dea-af81-13bbbab77765,PAR-070,CIC-2025-PV,2025-05-10,Chile,Media,8.35,1.07,8.934,67.68,104.12,0.65,1041.2,24468.2,32.0,0.0,Gravedad,41106.58,17367.07,7550.9,Manual,False,
27697e3e-c4e4-476d-9376-501ea6a3a539,PAR-070,CIC-2025-PV,2025-06-06,Chile,Media,9.06,1.08,9.785,70.24,108.06,0.65,1080.6,25394.1,8.0,193.95,Gravedad,42662.09,18024.18,7836.6,Tradicion,False,
c27f7492-7645-4ad1-b88d-e9e5bda39992,PAR-070,CIC-2025-PV,2025-06-14,Chile,Final,9.28,1.01,9.373,59.06,90.86,0.65,908.6,21352.1,8.0,15.92,Gravedad,35871.53,15155.39,6589.3,Manual,True,
c2b0eff6-35a5-4200-b4c3-f0c3ba9787c6,PAR-070,CIC-2025-PV,2025-06-28,Chile,Final,9.16,0.916,8.391,54.66,84.09,0.65,840.9,19761.1,8.0,62.81,Gravedad,33198.65,14026.09,6098.3,Experiencia del operador,False,
da05c844-8592-4875-b055-499bd90dd410,PAR-071,CIC-2025-PV,2025-03-07,Chile,Inicial,5.93,0.57,3.38,43.33,54.16,0.8,541.6,5524.3,32.0,0.0,Aspersion,9280.82,3921.04,1704.8,Manual,False,
f15dc65c-4ca7-4fad-aa83-f415ee3dc2ab,PAR-071,CIC-2025-PV,2025-03-16,Chile,Inicial,6.09,0.58,3.532,44.91,56.14,0.8,561.4,5726.3,32.0,0.0,Aspersion,9620.18,4064.33,1767.1,Manual,False,
8e256d99-f3b5-4385-8019-cc77c96144e3,PAR-071,CIC-2025-PV,2025-03-18,Chile,Inicial,5.88,0.61,3.587,38.57,48.21,0.8,482.1,4917.4,32.0,0.0,Aspersion,8261.23,3490.25,1517.5,Experiencia del operador,False,
bc2f3e85-0915-42b2-8b68-94027c2f1af3,PAR-071,CIC-2025-PV,2025-04-02,Chile,Desarrollo,7.81,0.66,5.155,47.35,59.19,0.8,591.9,6037.4,8.0,29.98,Aspersion,10142.83,4285.13,1863.1,Manual,False,Sobre-riego detectado
bd56de8a-7e93-4e12-8747-9b7e9539f3b7,PAR-071,CIC-2025-PV,2025-04-05,Chile,Desarrollo,7.58,0.729,5.526,49.69,62.11,0.8,621.1,6335.2,32.0,0.0,Aspersion,10643.14,4496.5,1955.0,Manual,False,
b3a3b885-ca83-4255-8626-488b3ae400b5,PAR-071,CIC-2025-PV,2025-04-27,Chile,Desarrollo,7.4,0.991,7.333,62.68,78.35,0.8,783.5,7991.7,8.0,98.65,Aspersion,13426.06,5672.26,2466.2,Experiencia del operador,False,
c1189c0c-91cc-42bf-a3db-a3eae6b75189,PAR-071,CIC-2025-PV,2025-05-02,Chile,Media,8.18,1.07,8.753,73.73,92.16,0.8,921.6,9400.3,32.0,0.0,Aspersion,15792.5,6672.07,2900.9,Tradicion,False,
57081e90-76e7-4640-a63a-a6c25e718913,PAR-071,CIC-2025-PV,2025-05-08,Chile,Media,8.65,1.08,9.342,71.35,89.19,0.8,891.9,9097.4,27.3,0.0,Aspersion,15283.63,6457.25,2807.5,Manual,True,Sobre-riego detectado
5c4f9ae3-0387-4499-87b0-3d2eb37dc5e7,PAR-071,CIC-2025-PV,2025-05-16,Chile,Media,8.6,1.07,9.202,80.57,100.71,0.8,1007.1,10272.4,9.4,0.0,Aspersion,17257.63,7291.23,3170.1,Tradicion,False,
7776572c-2415-4ee9-bcbd-97c5cbe5e0a9,PAR-071,CIC-2025-PV,2025-06-02,Chile,Media,8.8,1.01,8.888,76.05,95.06,0.8,950.6,9696.1,8.0,75.05,Aspersion,16289.45,6882.06,2992.2,Manual,False,Eficiencia baja
edd91b2c-c906-4f4b-adb4-8fb39f88c0ba,PAR-071,CIC-2025-PV,2025-06-07,Chile,Media,9.0,1.05,9.45,73.1,91.37,0.8,913.7,9319.7,32.0,0.0,Aspersion,15657.1,6615.03,2876.1,Manual,True,Eficiencia baja
8fa2f1ab-314a-488f-931a-a2730f6115dd,PAR-071,CIC-2025-PV,2025-06-10,Chile,Final,8.97,1.064,9.544,75.58,94.48,0.8,944.8,9637.0,32.0,0.0,Aspersion,16190.16,6840.2,2974.0,Manual,False,
072d05b4-1dfa-4447-b667-371b1f0373be,PAR-071,CIC-2025-PV,2025-06-19,Chile,Final,9.12,1.02,9.302,73.18,91.48,0.8,914.8,9331.0,8.0,10.54,Aspersion,15676.08,6622.85,2879.5,Manual,False,Eficiencia baja
d9ff5dcc-1362-42ad-9e88-7eb08acfbaad,PAR-072,CIC-2025-PV,2025-03-22,Algodon,Inicial,5.69,0.37,2.105,24.97,38.41,0.65,384.1,10370.7,8.0,19.23,Gravedad,17422.78,7360.92,3200.4,Manual,False,
4c419a35-3ec4-4b57-8521-77b0db68e656,PAR-072,CIC-2025-PV,2025-03-25,Algodon,Inicial,6.1,0.35,2.135,21.24,32.67,0.65,326.7,8820.9,32.0,0.0,Gravedad,14819.11,6260.83,2722.1,Manual,False,Eficiencia baja
d3a2c409-3776-4dff-a5c8-15be5b0491b5,PAR-072,CIC-2025-PV,2025-03-26,Algodon,Inicial,5.99,0.38,2.276,24.47,37.64,0.65,376.4,10162.8,32.0,0.0,Gravedad,17073.5,7213.26,3136.2,Tradicion,False,
0345aa50-f42b-4590-a404-77cf167269d5,PAR-072,CIC-2025-PV,2025-03-28,Algodon,Inicial,5.97,0.35,2.089,22.1,34.0,0.65,340.0,9180.0,32.0,0.0,Gravedad,15422.4,6515.67,2832.9,Manual,True,Eficiencia baja
8df63b68-0010-467b-af79-14c449d731bc,PAR-072,CIC-2025-PV,2025-04-02,Algodon,Desarrollo,7.31,0.394,2.88,23.66,36.4,0.65,364.0,9828.0,32.0,0.0,Gravedad,16511.04,6975.67,3032.9,Manual,False,Sobre-riego detectado
063a2dcd-7dd1-4535-a06c-bf9ce946fad6,PAR-072,CIC-2025-PV,2025-04-03,Algodon,Desarrollo,7.25,0.381,2.762,22.41,34.48,0.65,344.8,9309.6,32.0,0.0,Gravedad,15640.13,6607.67,2872.9,Manual,False,Deficit acumulado
aa9caca9-f48e-4b9b-9bc8-20e2a7f5e7f6,PAR-072,CIC-2025-PV,2025-04-17,Algodon,Desarrollo,7.65,0.679,5.194,39.94,61.44,0.65,614.4,16588.8,8.0,32.78,Gravedad,27869.18,11774.39,5119.3,Manual,False,
186e5ac6-d620-4081-81eb-e2fc28343650,PAR-072,CIC-2025-PV,2025-04-20,Algodon,Desarrollo,7.78,0.69,5.368,45.71,70.32,0.65,703.2,18986.4,32.0,0.0,Gravedad,31897.15,13476.16,5859.2,Manual,True,Sobre-riego detectado
f17f6bc5-4357-40ff-9230-566217e445b9,PAR-072,CIC-2025-PV,2025-04-23,Algodon,Desarrollo,7.85,0.711,5.581,44.9,69.08,0.65,690.8,18651.6,32.0,0.0,Gravedad,31334.69,13238.57,5755.9,Experiencia del operador,False,Deficit acumulado
41185c48-2323-463a-a5e4-62f00603b981,PAR-072,CIC-2025-PV,2025-05-15,Algodon,Desarrollo,8.29,1.105,9.16,71.83,110.51,0.65,1105.1,29837.7,8.0,129.69,Gravedad,50127.34,21178.17,9207.9,Manual,False,Deficit acumulado
56e22e3c-62ac-4667-a3a4-dfec76c48817,PAR-072,CIC-2025-PV,2025-05-18,Algodon,Desarrollo,8.41,1.166,9.806,72.91,112.17,0.65,1121.7,30285.9,32.0,0.0,Gravedad,50880.31,21496.26,9346.2,Manual,False,Sobre-riego detectado
51061122-3533-4f44-9692-616c3871f002,PAR-072,CIC-2025-PV,2025-06-14,Algodon,Media,9.29,1.21,11.241,73.42,112.95,0.65,1129.5,30496.5,8.0,230.09,Gravedad,51234.12,21645.76,9411.2,Experiencia del operador,False,
ede668e6-cead-4aa7-b0fa-fc3a819081bf,PAR-072,CIC-2025-PV,2025-07-01,Algodon,Media,8.3,1.18,9.794,67.21,103.4,0.65,1034.0,27918.0,8.0,99.29,Gravedad,46902.24,19815.65,8615.5,Tradicion,False,Eficiencia baja
90aa4e8b-f13c-43a9-bc8f-701ff4788f30,PAR-073,CIC-2025-PV,2025-04-12,Uva,Desarrollo,7.38,0.593,4.376,65.97,80.45,0.82,804.5,34030.3,8.0,117.82,Microaspersion,57170.9,24154.14,10501.8,Manual,False,Deficit acumulado
2e97b30c-20c0-4f02-aace-e7747167afd0,PAR-073,CIC-2025-PV,2025-05-19,Uva,Media,8.7,0.82,7.134,93.96,114.58,0.82,1145.8,48467.3,8.0,170.0,Microaspersion,81425.06,34401.1,14957.0,Manual,True,
c675f336-7b63-4eef-b4d6-658e7ffd516d,PAR-073,CIC-2025-PV,2025-06-27,Uva,Media,9.24,0.85,7.854,95.55,116.53,0.82,1165.3,49292.2,8.0,210.76,Microaspersion,82810.9,34986.68,15211.6,Manual,False,
d53f350a-4271-4005-a5b6-bd51d058ca69,PAR-073,CIC-2025-PV,2025-07-05,Uva,Media,7.79,0.81,6.31,84.06,102.51,0.82,1025.1,43361.7,32.0,0.0,Microaspersion,72847.66,30777.22,13381.4,Tradicion,False,Sobre-riego detectado
0c95a316-1617-470e-b178-3498b4473820,PAR-073,CIC-2025-PV,2025-07-28,Uva,Media,8.29,0.86,7.129,90.18,109.97,0.82,1099.7,46517.3,8.0,73.79,Microaspersion,78149.06,33016.96,14355.2,Manual,False,
98fb992a-e61f-40cf-9a64-92c14a267bd5,PAR-073,CIC-2025-PV,2025-07-30,Uva,Media,7.91,0.82,6.486,85.98,104.85,0.82,1048.5,44351.5,32.0,0.0,Microaspersion,74510.52,31479.87,13686.9,Manual,False,Eficiencia baja
39b89b2f-2c9c-4624-9e6e-cd453d18d9d3,PAR-073,CIC-2025-PV,2025-08-23,Uva,Media,7.83,0.81,6.342,95.44,116.39,0.82,1163.9,49233.0,8.0,56.77,Microaspersion,82711.44,34944.59,15193.3,Manual,True,
1e3e8359-5bfa-4e94-a7c0-8a9952d782d2,PAR-073,CIC-2025-PV,2025-09-08,Uva,Final,6.67,0.734,4.896,77.79,94.86,0.82,948.6,40125.8,8.0,0.55,Microaspersion,67411.34,28480.44,12382.8,Experiencia del operador,False,
169d5982-4cfc-4847-90e7-23a813421975,PAR-073,CIC-2025-PV,2025-09-15,Uva,Final,6.83,0.624,4.262,66.13,80.65,0.82,806.5,34114.9,32.0,0.0,Microaspersion,57313.03,24214.17,10527.9,Experiencia del operador,True,
f99bfc85-e91f-449c-bf40-dcdde7c957ab,PAR-073,CIC-2025-PV,2025-09-26,Uva,Final,6.57,0.509,3.344,50.03,61.01,0.82,610.1,25807.2,32.0,0.0,Microaspersion,43356.1,18317.43,7964.1,Manual,False,
8d6a8de6-9139-4543-8a2c-2c38a9ae5a2b,PAR-074,CIC-2025-PV,2025-03-06,Frijol,Inicial,5.68,0.39,2.215,40.9,62.93,0.65,629.3,26367.7,32.0,0.0,Gravedad,44297.74,18715.33,8137.1,Tradicion,False,
3ac3e484-783c-40e2-a436-d32073473177,PAR-074,CIC-2025-PV,2025-03-17,Frijol,Inicial,6.17,0.4,2.468,36.13,55.58,0.65,555.8,23288.0,32.0,0.0,Gravedad,39123.84,16529.41,7186.7,Manual,True,Eficiencia baja
a038bf6a-ae64-4f7e-a257-cd6cfafd717f,PAR-074,CIC-2025-PV,2025-04-09,Frijol,Desarrollo,7.82,0.895,6.999,93.87,144.42,0.65,1444.2,60512.0,8.0,67.11,Gravedad,101660.16,42950.2,18674.0,Experiencia del operador,True,
b1960e65-9e1e-41da-8631-2f38a1f2edc3,PAR-074,CIC-2025-PV,2025-04-23,Frijol,Media,7.77,1.17,9.091,111.35,171.31,0.65,1713.1,71778.9,8.0,15.92,Gravedad,120588.55,50947.3,22151.0,Experiencia del operador,False,
31d40751-d3cc-4015-8197-57fc612118e2,PAR-074,CIC-2025-PV,2025-04-27,Frijol,Media,7.32,1.12,8.198,98.98,152.28,0.65,1522.8,63805.3,32.0,0.0,Gravedad,107192.9,45287.69,19690.3,Manual,False,Sobre-riego detectado
d27e5593-7f01-41cb-b308-fb6e7889dfca,PAR-074,CIC-2025-PV,2025-05-20,Frijol,Media,8.57,1.12,9.598,105.51,162.32,0.65,1623.2,68012.1,8.0,115.24,Gravedad,114260.33,48273.55,20988.5,Experiencia del operador,False,Eficiencia baja
6f02e9fe-b8cb-4873-85c5-deda24c5622d,PAR-074,CIC-2025-PV,2025-05-26,Frijol,Final,8.59,0.9,7.731,86.53,133.12,0.65,1331.2,55777.3,32.0,0.0,Gravedad,93705.86,39589.67,17212.9,Manual,False,
16984292-90a6-4ac7-8119-dcc43e0992a5,PAR-074,CIC-2025-PV,2025-06-10,Frijol,Final,9.05,0.35,3.167,36.71,56.48,0.65,564.8,23665.1,8.0,10.79,Gravedad,39757.37,16796.9,7303.0,Manual,False,Deficit acumulado
6df00f70-3d7e-4434-8599-2285c39675a6,PAR-075,CIC-2025-PV,2025-03-18,Maiz,Inicial,5.75,0.32,1.84,15.55,23.92,0.65,239.2,3899.0,8.0,15.73,Gravedad,6550.32,2767.36,1203.2,Experiencia del operador,False,Deficit acumulado
139dde6a-4473-4e8a-8edf-950d60460afb,PAR-075,CIC-2025-PV,2025-03-19,Maiz,Inicial,5.72,0.31,1.773,14.59,22.44,0.65,224.4,3657.7,32.0,0.0,Gravedad,6144.94,2596.24,1128.8,Manual,False,
1b955be8-888b-49f8-920a-4fe174b44d57,PAR-075,CIC-2025-PV,2025-03-25,Maiz,Desarrollo,6.08,0.373,2.268,20.59,31.68,0.65,316.8,5163.8,32.0,0.0,Gravedad,8675.18,3665.05,1593.5,Tradicion,False,
440c0b0b-7b0e-419d-9087-06104fde4642,PAR-075,CIC-2025-PV,2025-04-09,Maiz,Desarrollo,7.54,0.779,5.874,42.2,64.92,0.65,649.2,10582.0,8.0,45.91,Gravedad,17777.76,7510.88,3265.6,Manual,False,Sobre-riego detectado
fb652a7c-d5a4-417d-a76d-40ece88c91b1,PAR-075,CIC-2025-PV,2025-04-16,Maiz,Desarrollo,7.23,0.959,6.934,44.6,68.62,0.65,686.2,11185.1,8.0,3.94,Gravedad,18790.97,7938.91,3451.7,Manual,False,Eficiencia baja
c1757f4e-379b-4b21-a7d4-1a82a79ac84b,PAR-075,CIC-2025-PV,2025-04-21,Maiz,Desarrollo,7.63,1.127,8.599,52.45,80.69,0.65,806.9,13152.5,22.0,0.0,Gravedad,22096.2,9335.47,4058.9,Experiencia del operador,False,
0935608a-6ab9-4663-ae99-47381c0acc68,PAR-075,CIC-2025-PV,2025-04-24,Maiz,Desarrollo,7.52,1.194,8.979,67.79,104.29,0.65,1042.9,16999.3,32.0,0.0,Gravedad,28558.82,12065.8,5246.0,Manual,False,Sobre-riego detectado
a5129d63-8317-4c1e-a83c-a37dc621dd78,PAR-075,CIC-2025-PV,2025-05-14,Maiz,Media,8.67,1.18,10.231,54.91,84.48,0.65,844.8,13770.2,8.0,149.71,Gravedad,23133.94,9773.85,4249.5,Manual,False,Deficit acumulado
48bc45c6-bbf4-4ec5-a969-44ea3514f652,PAR-075,CIC-2025-PV,2025-05-19,Maiz,Media,8.63,1.22,10.529,59.27,91.18,0.65,911.8,14862.3,12.6,0.0,Gravedad,24968.66,10548.95,4586.5,Manual,True,Sobre-riego detectado
3242582d-3229-44b0-8396-bd7b9c44ae57,PAR-075,CIC-2025-PV,2025-06-05,Maiz,Final,8.95,1.17,10.471,63.42,97.57,0.65,975.7,15903.9,8.0,114.59,Gravedad,26718.55,11288.17,4907.9,Manual,True,
cd9e66d6-0809-43ca-b3c2-7b11f3a237ab,PAR-075,CIC-2025-PV,2025-06-06,Maiz,Final,9.18,1.16,10.649,52.79,81.22,0.65,812.2,13238.9,32.0,0.0,Gravedad,22241.35,9396.65,4085.5,Manual,True,
486d55dd-98f5-4fad-96c5-66477c9a774e,PAR-075,CIC-2025-PV,2025-06-21,Maiz,Final,9.01,0.85,7.658,38.68,59.51,0.65,595.1,9700.1,8.0,76.19,Gravedad,16296.17,6885.05,2993.5,Manual,False,Sobre-riego detectado
f75b1ec9-ca00-4da8-88ff-8a41be2dfaa1,PAR-075,CIC-2025-PV,2025-07-15,Maiz,Final,7.7,0.57,4.389,30.32,46.64,0.65,466.4,7602.3,8.0,75.02,Gravedad,12771.86,5396.03,2346.1,Manual,False,
f34a308a-f200-4b1a-b3c9-41774a622d10,PAR-076,CIC-2025-PV,2025-03-09,Chile,Inicial,5.66,0.64,3.622,50.0,76.92,0.65,769.2,27306.6,32.0,0.0,Gravedad,45875.09,19381.64,8426.8,Manual,False,Deficit acumulado
511aaf35-b62f-4871-9126-c9306c953b84,PAR-076,CIC-2025-PV,2025-03-17,Chile,Inicial,6.28,0.59,3.705,50.06,77.02,0.65,770.2,27342.1,32.0,0.0,Gravedad,45934.73,19406.94,8437.8,Manual,False,
b2e58002-9d2a-4bed-aa8e-839ec58a9a1b,PAR-076,CIC-2025-PV,2025-03-24,Chile,Inicial,6.25,0.57,3.562,47.4,72.93,0.65,729.3,25890.1,32.0,0.0,Gravedad,43495.37,18376.31,7989.7,Tradicion,True,
e382cb15-b4dd-49b3-9b4f-fe46b6fad71a,PAR-076,CIC-2025-PV,2025-03-29,Chile,Desarrollo,6.32,0.639,4.038,49.35,75.93,0.65,759.3,26955.1,32.0,0.0,Gravedad,45284.57,19132.09,8318.3,Manual,False,
662fe31a-b4f6-4096-b41b-8065df0abbc1,PAR-076,CIC-2025-PV,2025-04-10,Chile,Desarrollo,7.3,0.813,5.935,63.51,97.7,0.65,977.0,34683.5,8.0,7.71,Gravedad,58268.28,24617.59,10703.3,Manual,False,Eficiencia baja
7167fd42-ca3c-4256-8c7d-ada5aea75d27,PAR-076,CIC-2025-PV,2025-04-19,Chile,Desarrollo,7.24,0.889,6.436,67.92,104.5,0.65,1045.0,37097.5,17.3,0.0,Gravedad,62323.8,26331.09,11448.3,Manual,False,Eficiencia baja
ab492a9d-9f37-45fd-b2f8-bc76fd0c44d7,PAR-076,CIC-2025-PV,2025-05-30,Chile,Media,8.64,1.06,9.158,89.94,138.37,0.65,1383.7,49121.3,8.0,285.54,Gravedad,82523.78,34865.24,15158.8,Manual,True,
32ceedd0-6d71-4ffa-98da-f5f009f25301,PAR-076,CIC-2025-PV,2025-06-09,Chile,Media,8.73,1.02,8.905,81.41,125.24,0.65,1252.4,44460.2,8.0,7.64,Gravedad,74693.14,31556.92,13720.4,Tradicion,False,
0a2a0a2b-0db4-45c8-8e2c-3f5af0664551,PAR-076,CIC-2025-PV,2025-06-22,Chile,Final,9.33,0.982,9.162,81.67,125.65,0.65,1256.5,44605.8,8.0,37.44,Gravedad,74937.74,31660.19,13765.3,Tradicion,False,
a1d686ea-d135-4aa3-8c0a-a67e271a9aaa,PAR-077,CIC-2025-PV,2025-03-09,Maiz,Inicial,5.77,0.3,1.731,26.97,41.49,0.65,414.9,7343.7,32.0,0.0,Gravedad,12337.42,5212.49,2266.3,Manual,False,
5f2cb918-4f9a-46fc-bb00-a05297cd7dfe,PAR-077,CIC-2025-PV,2025-04-01,Maiz,Desarrollo,7.74,0.593,4.59,53.85,82.84,0.65,828.4,14662.7,8.0,51.72,Gravedad,24633.34,10407.27,4524.9,Manual,False,
d004bcf2-87b3-4011-ad0e-bb12dac1494d,PAR-077,CIC-2025-PV,2025-04-20,Maiz,Desarrollo,7.5,1.041,7.807,102.3,157.39,0.65,1573.9,27858.0,8.0,46.03,Gravedad,46801.44,19773.1,8597.0,Tradicion,False,
6fa6817a-0848-43d4-a217-625719793876,PAR-077,CIC-2025-PV,2025-06-08,Maiz,Final,9.31,1.11,10.334,99.78,153.51,0.65,1535.1,27171.3,8.0,406.59,Gravedad,45647.78,19285.73,8385.1,Tradicion,False,
38879917-1ad5-43f6-b62a-523b7f4d47e7,PAR-077,CIC-2025-PV,2025-06-15,Maiz,Final,9.01,1.0,9.01,85.26,131.17,0.65,1311.7,23217.1,32.0,0.0,Gravedad,39004.73,16479.04,7164.8,Experiencia del operador,True,Eficiencia baja
9cf5ce1b-f8ef-48b6-9a7f-5913713f45b3,PAR-077,CIC-2025-PV,2025-06-26,Maiz,Final,8.99,0.8,7.192,69.69,107.22,0.65,1072.2,18977.9,8.0,9.42,Gravedad,31882.87,13470.18,5856.6,Manual,True,
df827384-d2da-4748-8fec-443d71fea22d,PAR-077,CIC-2025-PV,2025-07-05,Maiz,Final,7.69,0.62,4.768,51.71,79.56,0.65,795.6,14082.1,20.5,0.0,Gravedad,23657.93,9995.11,4345.7,Manual,False,
6554408c-8147-4382-94e3-04102c7f0b7b,PAR-077,CIC-2025-PV,2025-07-09,Maiz,Final,8.07,0.63,5.084,56.05,86.23,0.65,862.3,15262.7,32.0,0.0,Gravedad,25641.34,10833.23,4710.1,Manual,False,Sobre-riego detectado
9dfbad19-85d9-411c-8886-1cd4d2cb68ec,PAR-078,CIC-2025-PV,2025-04-26,Uva,Desarrollo,7.61,0.795,6.05,54.04,83.14,0.65,831.4,36249.0,8.0,284.76,Gravedad,60898.32,25728.72,11186.4,Manual,False,Deficit acumulado
5eaf1362-bc86-4704-b1bb-a3ebc8df40a8,PAR-078,CIC-2025-PV,2025-05-11,Uva,Media,8.37,0.87,7.282,53.61,82.48,0.65,824.8,35961.3,8.0,55.62,Gravedad,60414.98,25524.71,11097.7,Manual,False,
3573f4b6-c201-4fd2-b098-9d6af1323968,PAR-078,CIC-2025-PV,2025-05-20,Uva,Media,8.61,0.85,7.318,56.16,86.4,0.65,864.0,37670.4,8.0,9.7,Gravedad,63286.27,26737.73,11625.1,Tradicion,False,
e8b35407-3f41-434d-9074-c52e83365a92,PAR-078,CIC-2025-PV,2025-07-03,Uva,Media,8.25,0.81,6.683,51.46,79.17,0.65,791.7,34518.1,8.0,242.59,Gravedad,57990.41,24500.29,10652.3,Experiencia del operador,False,
21d9899a-315c-447d-ae2d-c920d75d90a9,PAR-078,CIC-2025-PV,2025-07-09,Uva,Media,8.33,0.87,7.247,56.93,87.58,0.65,875.8,38184.9,30.9,0.0,Gravedad,64150.63,27102.97,11783.9,Manual,False,Eficiencia baja
bc4cf239-eb36-458e-aa18-f6d271306c49,PAR-078,CIC-2025-PV,2025-07-10,Uva,Media,7.87,0.89,7.004,50.32,77.42,0.65,774.2,33755.1,32.0,0.0,Gravedad,56708.57,23958.64,10416.8,Manual,True,Eficiencia baja
9ac51164-7ced-4609-9f54-c5f225f58e04,PAR-078,CIC-2025-PV,2025-07-11,Uva,Media,7.89,0.88,6.943,59.26,91.17,0.65,911.7,39750.1,32.0,0.0,Gravedad,66780.17,28213.87,12266.9,Manual,False,
860ef1c9-f409-483e-83e3-90f192a1799f,PAR-078,CIC-2025-PV,2025-07-13,Uva,Media,7.89,0.82,6.47,46.88,72.13,0.65,721.3,31448.7,32.0,0.0,Gravedad,52833.82,22321.73,9705.1,Manual,False,
4bdd92a0-2489-4dfe-a3cf-3da8f71c7e67,PAR-078,CIC-2025-PV,2025-07-17,Uva,Media,7.9,0.85,6.715,56.16,86.4,0.65,864.0,37670.4,32.0,0.0,Gravedad,63286.27,26737.73,11625.1,Manual,True,Eficiencia baja
07d5eb8b-7290-40bd-9ccd-5fd665d79aa9,PAR-078,CIC-2025-PV,2025-08-22,Uva,Media,7.56,0.88,6.653,61.5,94.61,0.65,946.1,41250.0,8.0,178.01,Gravedad,69300.0,29278.54,12729.8,Manual,False,Sobre-riego detectado
17f26f2e-b9f7-4a10-bb70-a398549da34e,PAR-078,CIC-2025-PV,2025-09-14,Uva,Final,6.39,0.656,4.192,36.66,56.4,0.65,564.0,24590.4,8.0,59.76,Gravedad,41311.87,17453.78,7588.6,Manual,True,
9e5fd4e7-b9f7-4e70-9492-65b2e6384d40,PAR-078,CIC-2025-PV,2025-09-18,Uva,Final,6.75,0.57,3.847,36.93,56.82,0.65,568.2,24773.5,32.0,0.0,Gravedad,41619.48,17583.73,7645.1,Experiencia del operador,False,
63346150-aa09-45a8-afd0-836f75a9e85f,PAR-078,CIC-2025-PV,2025-09-24,Uva,Final,6.48,0.511,3.311,28.92,44.49,0.65,444.9,19397.6,32.0,0.0,Gravedad,32587.97,13768.03,5986.1,Manual,False,
aa2f1317-886d-48c4-91bb-7eb9cfcaffa5,PAR-079,CIC-2025-PV,2025-03-18,Frijol,Inicial,6.2,0.4,2.48,38.45,59.16,0.65,591.6,12660.2,8.0,3.71,Gravedad,21269.14,8985.87,3906.9,Tradicion,True,Eficiencia baja
d605d9de-136a-430e-afda-c71547fee646,PAR-079,CIC-2025-PV,2025-04-01,Frijol,Desarrollo,7.18,0.695,4.99,69.29,106.6,0.65,1066.0,22812.4,8.0,0.57,Gravedad,38324.83,16191.77,7039.9,Experiencia del operador,False,
67aa966f-32df-4335-a149-9dab0a05fe62,PAR-079,CIC-2025-PV,2025-04-18,Frijol,Desarrollo,7.67,1.09,8.36,87.33,134.35,0.65,1343.5,28750.9,8.0,54.79,Gravedad,48301.51,20406.75,8872.5,Tradicion,True,Eficiencia baja
5a49a6e8-c71e-48a4-a022-4424fbe0fb6b,PAR-079,CIC-2025-PV,2025-05-07,Frijol,Media,8.34,1.16,9.674,105.33,162.04,0.65,1620.4,34676.6,8.0,78.48,Gravedad,58256.69,24612.76,10701.2,Tradicion,False,Deficit acumulado
1b14f9df-0df7-4a82-8614-cc497359dd7c,PAR-079,CIC-2025-PV,2025-05-08,Frijol,Media,8.39,1.14,9.565,91.33,140.51,0.65,1405.1,30069.1,32.0,0.0,Gravedad,50516.09,21342.39,9279.3,Manual,False,Eficiencia baja
e69d456a-fbf4-4b03-a885-79da5b12ab2b,PAR-079,CIC-2025-PV,2025-05-31,Frijol,Final,8.45,0.7,5.915,62.93,96.82,0.65,968.2,20719.5,8.0,73.11,Gravedad,34808.76,14706.2,6394.0,Manual,False,Eficiencia baja
470f4d82-0d72-4767-80fb-93c2175bb7d4,PAR-079,CIC-2025-PV,2025-06-02,Frijol,Final,9.09,0.63,5.727,55.52,85.42,0.65,854.2,18279.9,32.0,0.0,Gravedad,30710.23,12974.76,5641.2,Tradicion,True,Sobre-riego detectado
d82eba68-c6c2-4a75-a6e4-ca6396c65e9c,PAR-079,CIC-2025-PV,2025-06-17,Frijol,Final,9.09,0.38,3.454,33.83,52.04,0.65,520.4,11136.6,8.0,17.98,Gravedad,18709.49,7904.64,3436.8,Manual,False,Deficit acumulado
f5c84cb4-0e94-4b1a-b724-eae3f67155b0,PAR-080,CIC-2025-PV,2025-04-09,Chile,Desarrollo,7.6,0.79,6.004,34.64,53.3,0.65,533.0,10766.6,8.0,199.52,Gravedad,18087.89,7641.98,3322.6,Tradicion,True,Deficit acumulado
61dfa5ea-608c-4e7f-92b0-bd56b1a86093,PAR-080,CIC-2025-PV,2025-04-30,Chile,Desarrollo,7.23,1.05,7.592,45.56,70.09,0.65,700.9,14158.2,8.0,113.87,Gravedad,23785.78,10049.16,4369.2,Manual,False,Eficiencia baja
c7430eb0-9036-44b2-8e3d-3e24a094f50a,PAR-080,CIC-2025-PV,2025-05-04,Chile,Media,8.47,1.04,8.809,49.0,75.39,0.65,753.9,15228.8,32.0,0.0,Gravedad,25584.38,10809.08,4699.6,Experiencia del operador,False,Sobre-riego detectado
c251faed-2ea1-41f1-8e83-97f81863e629,PAR-080,CIC-2025-PV,2025-05-13,Chile,Media,8.29,1.02,8.456,45.21,69.55,0.65,695.5,14049.1,8.0,30.89,Gravedad,23602.49,9971.88,4335.6,Manual,False,Eficiencia baja
5464f76d-4101-42de-87fa-69b626e693c4,PAR-080,CIC-2025-PV,2025-05-17,Chile,Media,8.61,1.02,8.782,43.78,67.35,0.65,673.5,13604.7,24.6,0.0,Gravedad,22855.9,9656.32,4198.4,Manual,False,
0fc62979-cefe-415b-9e83-23723fd4862a,PAR-080,CIC-2025-PV,2025-05-23,Chile,Media,8.7,1.06,9.222,44.01,67.71,0.65,677.1,13677.4,8.0,11.32,Gravedad,22978.03,9707.84,4220.8,Manual,False,Eficiencia baja
2d6ae37b-2b34-41a4-a3b8-ed9c2dd3135e,PAR-080,CIC-2025-PV,2025-05-26,Chile,Media,8.76,1.03,9.023,52.86,81.32,0.65,813.2,16426.6,32.0,0.0,Gravedad,27596.69,11659.16,5069.2,Experiencia del operador,False,
98f42e03-e01c-4ceb-b5fd-33eaa9916793,PAR-080,CIC-2025-PV,2025-06-07,Chile,Media,9.11,1.04,9.474,43.67,67.18,0.65,671.8,13570.4,8.0,70.02,Gravedad,22798.27,9631.94,4187.8,Manual,True,
ace1b083-01e1-4bb3-af85-60958729950d,PAR-080,CIC-2025-PV,2025-06-09,Chile,Media,9.16,1.04,9.526,53.37,82.11,0.65,821.1,16586.2,32.0,0.0,Gravedad,27864.82,11772.55,5118.5,Tradicion,False,
52a4edf0-fbf2-4d7f-a50d-c0a0754efe22,PAR-080,CIC-2025-PV,2025-06-12,Chile,Final,9.31,1.062,9.887,54.5,83.85,0.65,838.5,16937.7,32.0,0.0,Gravedad,28455.34,12022.1,5227.0,Manual,False,Sobre-riego detectado
d13e0ca7-b730-4545-ad80-8d7b667b8e08,PAR-080,CIC-2025-PV,2025-06-17,Chile,Final,8.82,0.972,8.573,41.27,63.49,0.65,634.9,12825.0,8.0,1.6,Gravedad,21546.0,9102.94,3957.8,Manual,False,
355f3882-c6f6-4017-aaf0-9e68c871c12b,PAR-080,CIC-2025-PV,2025-06-23,Chile,Final,9.17,0.946,8.675,47.22,72.65,0.65,726.5,14675.3,8.0,4.83,Gravedad,24654.5,10416.24,4528.8,Manual,False,Deficit acumulado
75bcd6ae-62e7-499e-b0c5-3f3c6f0af8fb,PAR-080,CIC-2025-PV,2025-06-30,Chile,Final,8.75,0.914,7.998,39.23,60.35,0.65,603.5,12190.7,8.0,16.76,Gravedad,20480.38,8652.83,3762.1,Manual,False,Eficiencia baja
1faa820c-17f5-4dc2-9c9d-b2715d56ba84,PAR-080,CIC-2025-PV,2025-07-03,Chile,Final,8.25,0.936,7.722,38.86,59.79,0.65,597.9,12077.6,32.0,0.0,Gravedad,20290.37,8572.33,3727.1,Tradicion,False,Sobre-riego detectado
76901ae6-3de5-4f2c-b232-4d9dc80782b5,PAR-001,CIC-2025-OI,2025-11-12,Chile,Inicial,3.67,0.63,2.312,32.8,41.0,0.8,410.0,14555.0,8.0,20.38,Aspersion,24452.4,10330.91,4491.7,Manual,False,
f32bc73b-f1e8-43b4-8b60-516310059475,PAR-001,CIC-2025-OI,2025-11-25,Chile,Desarrollo,3.54,0.701,2.482,35.86,44.83,0.8,448.3,15914.6,11.1,0.0,Aspersion,26736.53,11295.76,4911.2,Experiencia del operador,False,
bbcb1c45-3b7b-456a-be9e-f18cdfe96d39,PAR-001,CIC-2025-OI,2025-11-29,Chile,Desarrollo,4.1,0.833,3.415,42.98,53.72,0.8,537.2,19070.6,32.0,0.0,Aspersion,32038.61,13535.96,5885.2,Manual,True,Deficit acumulado
9d944073-3087-46c6-af7f-5e0b61f43982,PAR-001,CIC-2025-OI,2025-12-10,Chile,Desarrollo,3.06,0.944,2.889,48.28,60.35,0.8,603.5,21424.2,32.0,0.0,Aspersion,35992.66,15206.45,6611.5,Manual,False,
10b29995-1602-49e1-984b-0d62c3e2a1c2,PAR-001,CIC-2025-OI,2025-12-11,Chile,Desarrollo,3.07,0.977,2.999,49.05,61.31,0.8,613.1,21765.0,32.0,0.0,Aspersion,36565.2,15448.41,6716.7,Experiencia del operador,False,Eficiencia baja
e9056b36-f94c-45d9-b9e3-a418874841ab,PAR-001,CIC-2025-OI,2025-12-24,Chile,Media,3.46,1.06,3.668,53.7,67.13,0.8,671.3,23831.1,12.6,0.0,Aspersion,40036.25,16914.89,7354.3,Experiencia del operador,False,
05ba9e7f-cbaa-42e2-b7ab-2adb62bbaf02,PAR-001,CIC-2025-OI,2026-01-20,Chile,Media,3.8,1.09,4.142,49.09,61.36,0.8,613.6,21782.8,8.0,62.74,Aspersion,36595.1,15461.06,6722.2,Experiencia del operador,False,Sobre-riego detectado
e9fea5fd-562f-4225-88d9-2f585b4fc9b6,PAR-001,CIC-2025-OI,2026-01-24,Chile,Media,3.73,1.07,3.991,52.7,65.88,0.8,658.8,23387.4,32.0,0.0,Aspersion,39290.83,16600.02,7217.4,Tradicion,True,
13539c1b-fd4e-4fe5-a7a0-c16e4b6f98e1,PAR-001,CIC-2025-OI,2026-02-02,Chile,Final,4.57,1.04,4.753,52.69,65.86,0.8,658.6,23380.3,23.1,0.0,Aspersion,39278.9,16594.96,7215.2,Manual,False,Sobre-riego detectado
e421d317-c71c-4e0d-965f-ff068c4f79cf,PAR-001,CIC-2025-OI,2026-02-14,Chile,Final,4.68,0.928,4.343,44.84,56.05,0.8,560.5,19897.8,8.0,7.28,Aspersion,33428.3,14123.15,6140.5,Manual,False,
65f4d851-50e8-4879-9fe1-df53005ba33f,PAR-001,CIC-2025-OI,2026-02-21,Chile,Final,4.25,0.906,3.851,41.65,52.06,0.8,520.6,18481.3,32.0,0.0,Aspersion,31048.58,13117.59,5703.3,Manual,False,Sobre-riego detectado
6c772e09-9d93-4440-8a4d-22bd0e31fd75,PAR-002,CIC-2025-OI,2025-11-10,Frijol,Desarrollo,3.74,0.445,1.664,26.19,31.94,0.82,319.4,8496.0,8.0,8.75,Microaspersion,14273.28,6030.37,2621.9,Experiencia del operador,False,
670e01d2-2ca7-4b89-aa31-217e7696f4db,PAR-002,CIC-2025-OI,2025-12-16,Frijol,Media,3.01,1.14,3.431,80.95,98.72,0.82,987.2,26259.5,8.0,42.57,Microaspersion,44115.96,18638.51,8103.7,Tradicion,False,
fef7d688-c2a8-423e-8358-6d4aef460bd7,PAR-002,CIC-2025-OI,2025-12-30,Frijol,Media,3.01,1.15,3.461,66.21,80.74,0.82,807.4,21476.8,32.0,0.0,Microaspersion,36081.02,15243.71,6627.7,Experiencia del operador,True,
e549ef17-edc0-48b8-86f9-1b1751c5b81f,PAR-002,CIC-2025-OI,2026-01-09,Frijol,Final,3.75,1.13,4.237,64.34,78.46,0.82,784.6,20870.4,32.0,0.0,Microaspersion,35062.27,14813.38,6440.6,Tradicion,False,Eficiencia baja
48ef417f-5771-4810-9180-481a5f1527ea,PAR-002,CIC-2025-OI,2026-01-16,Frijol,Final,3.25,0.81,2.633,57.51,70.14,0.82,701.4,18657.2,32.0,0.0,Microaspersion,31344.1,13242.48,5757.6,Manual,False,Sobre-riego detectado
de60e44c-1c97-4abe-9b04-683d51fcbcec,PAR-002,CIC-2025-OI,2026-01-20,Frijol,Final,3.16,0.68,2.149,43.94,53.58,0.82,535.8,14252.3,32.0,0.0,Microaspersion,23943.86,10116.09,4398.3,Experiencia del operador,False,
45822a9d-e78d-4a94-8afc-08cc9a6bc556,PAR-002,CIC-2025-OI,2026-01-24,Frijol,Final,3.23,0.54,1.744,36.27,44.23,0.82,442.3,11765.2,32.0,0.0,Microaspersion,19765.54,8350.61,3630.7,Manual,False,Eficiencia baja
cd4338a7-2d90-475e-83b7-187c9577d548,PAR-002,CIC-2025-OI,2026-01-30,Frijol,Final,3.35,0.37,1.24,23.67,28.87,0.82,288.7,7679.4,32.0,0.0,Microaspersion,12901.39,5450.77,2369.9,Manual,False,Deficit acumulado
1c05c42e-42d4-45a3-8cb9-a0d7b30f7d16,PAR-002,CIC-2025-OI,2026-01-31,Frijol,Final,3.57,0.33,1.178,23.64,28.83,0.82,288.3,7668.8,32.0,0.0,Microaspersion,12883.58,5443.18,2366.6,Manual,False,Deficit acumulado
5d3560b1-9dcd-4828-8ce1-40c3adcdfd11,PAR-003,CIC-2025-OI,2025-10-28,Frijol,Inicial,4.72,0.41,1.935,14.26,21.94,0.65,219.4,1601.6,8.0,1.22,Gravedad,2690.69,1136.89,494.3,Manual,False,
2b648271-9c09-4488-8c00-b34c3c7be313,PAR-003,CIC-2025-OI,2025-11-12,Frijol,Desarrollo,4.09,0.475,1.943,20.79,31.98,0.65,319.8,2334.5,8.0,8.35,Gravedad,3921.96,1656.92,720.4,Tradicion,False,Sobre-riego detectado
41762ea6-0d99-4d57-ad8a-7bb4e598a08e,PAR-003,CIC-2025-OI,2025-11-24,Frijol,Desarrollo,3.45,0.735,2.536,28.72,44.19,0.65,441.9,3225.9,8.0,1.71,Gravedad,5419.51,2289.65,995.5,Experiencia del operador,False,
766cfb1b-864e-49b1-96dc-05d437a82e3a,PAR-003,CIC-2025-OI,2025-11-25,Frijol,Desarrollo,3.92,0.77,3.018,27.38,42.13,0.65,421.3,3075.5,32.0,0.0,Gravedad,5166.84,2182.93,949.1,Tradicion,True,Deficit acumulado
7772e876-6a70-42ce-ba49-d22ea7ec87fe,PAR-003,CIC-2025-OI,2025-11-27,Frijol,Desarrollo,3.63,0.84,3.049,32.83,50.5,0.65,505.0,3686.5,32.0,0.0,Gravedad,6193.32,2616.71,1137.7,Manual,False,Deficit acumulado
a6c93bf3-ab72-47fa-8be0-40b623a48cb5,PAR-003,CIC-2025-OI,2025-12-01,Frijol,Desarrollo,2.91,0.97,2.823,39.8,61.23,0.65,612.3,4469.8,32.0,0.0,Gravedad,7509.26,3172.62,1379.4,Experiencia del operador,True,Sobre-riego detectado
a7c567f4-7ab5-4aaf-9e83-99c29e939355,PAR-003,CIC-2025-OI,2025-12-11,Frijol,Media,3.07,1.16,3.561,50.32,77.41,0.65,774.1,5650.9,32.0,0.0,Gravedad,9493.51,4010.97,1743.9,Experiencia del operador,False,Eficiencia baja
1852e2d3-d79a-4eca-9fc3-90e5383e631f,PAR-003,CIC-2025-OI,2025-12-21,Frijol,Media,3.37,1.17,3.943,50.3,77.38,0.65,773.8,5648.7,27.6,0.0,Gravedad,9489.82,4009.36,1743.2,Manual,False,Eficiencia baja
593ac29b-4cf6-4b15-8fd3-6a898a6f99a7,PAR-003,CIC-2025-OI,2026-01-07,Frijol,Media,3.58,1.17,4.189,48.46,74.56,0.65,745.6,5442.9,8.0,22.75,Gravedad,9144.07,3863.31,1679.7,Manual,False,
b2289742-12b4-439c-9cb5-0397e9cce317,PAR-003,CIC-2025-OI,2026-01-12,Frijol,Final,3.77,1.01,3.808,37.89,58.29,0.65,582.9,4255.2,32.0,0.0,Gravedad,7148.74,3020.36,1313.2,Experiencia del operador,False,Deficit acumulado
693a693e-3a94-4c03-96ac-d0d18fb71704,PAR-003,CIC-2025-OI,2026-02-03,Frijol,Final,4.54,0.33,1.498,14.18,21.82,0.65,218.2,1592.9,8.0,18.78,Gravedad,2676.07,1130.68,491.6,Experiencia del operador,True,Deficit acumulado
a7ccad76-0d29-4dce-aa28-95ac7c2b107e,PAR-004,CIC-2025-OI,2025-10-29,Frijol,Inicial,5.26,0.36,1.894,18.5,23.12,0.8,231.2,7259.7,8.5,0.0,Aspersion,12196.3,5152.69,2240.3,Manual,False,Eficiencia baja
261529fb-e1c3-4157-8a72-f7029797654e,PAR-004,CIC-2025-OI,2025-11-08,Frijol,Inicial,3.84,0.39,1.498,22.65,28.31,0.8,283.1,8889.3,32.0,0.0,Aspersion,14934.02,6309.36,2743.2,Manual,False,Sobre-riego detectado
0fda0dcd-81eb-4cf4-be15-51dc213cb1e5,PAR-004,CIC-2025-OI,2025-11-14,Frijol,Desarrollo,3.82,0.545,2.082,31.04,38.8,0.8,388.0,12183.2,32.0,0.0,Aspersion,20467.78,8647.31,3759.7,Experiencia del operador,False,Deficit acumulado
2db59f7b-163d-492a-82a1-e5fca53bf699,PAR-004,CIC-2025-OI,2025-11-27,Frijol,Desarrollo,3.99,0.85,3.392,49.36,61.7,0.8,617.0,19373.8,11.9,0.0,Aspersion,32547.98,13751.24,5978.8,Manual,True,
0b3aa02c-e172-40f2-b9bb-6510d672249d,PAR-004,CIC-2025-OI,2025-12-19,Frijol,Media,3.54,1.15,4.071,58.44,73.05,0.8,730.5,22937.7,8.0,31.12,Aspersion,38535.34,16280.78,7078.6,Manual,False,Sobre-riego detectado
4c3c0cc5-6b6f-450b-a901-0ee3f99fd769,PAR-004,CIC-2025-OI,2025-12-23,Frijol,Media,3.44,1.18,4.059,60.62,75.78,0.8,757.8,23794.9,32.0,0.0,Aspersion,39975.43,16889.13,7343.1,Manual,False,
cc94b393-21a6-4ea4-8c74-b745da109249,PAR-004,CIC-2025-OI,2025-12-24,Frijol,Media,3.31,1.18,3.906,65.23,81.54,0.8,815.4,25603.6,32.0,0.0,Aspersion,43014.05,18172.99,7901.3,Manual,False,Sobre-riego detectado
b3085e74-3d83-42dc-8f0a-6000d97fc699,PAR-004,CIC-2025-OI,2025-12-27,Frijol,Media,3.08,1.12,3.45,55.66,69.58,0.8,695.8,21848.1,32.0,0.0,Aspersion,36704.81,15507.29,6742.3,Tradicion,False,Eficiencia baja
d984a74b-c2d0-42e3-8629-d7b7c9102d37,PAR-004,CIC-2025-OI,2026-01-23,Frijol,Final,3.81,0.52,1.981,32.52,40.65,0.8,406.5,12764.1,8.0,20.97,Aspersion,21443.69,9059.7,3939.0,Tradicion,True,Sobre-riego detectado
5d4cf29b-5c20-4b06-bd2d-76324588c810,PAR-005,CIC-2025-OI,2025-11-08,Algodon,Inicial,3.66,0.33,1.208,14.84,22.83,0.65,228.3,4794.3,8.0,8.11,Gravedad,8054.42,3402.85,1479.5,Manual,False,
50507e10-e25a-46a0-a011-b7d689377236,PAR-005,CIC-2025-OI,2025-11-12,Algodon,Inicial,3.54,0.37,1.31,16.17,24.88,0.65,248.8,5224.8,32.0,0.0,Gravedad,8777.66,3708.52,1612.4,Manual,False,
82a8bc90-49e9-4219-bb93-5bce861f819b,PAR-005,CIC-2025-OI,2025-11-17,Algodon,Inicial,3.76,0.34,1.278,13.86,21.32,0.65,213.2,4477.2,32.0,0.0,Gravedad,7521.7,3177.91,1381.7,Manual,False,
01d86367-4f4b-4636-848f-526125394bc9,PAR-005,CIC-2025-OI,2025-12-09,Algodon,Desarrollo,2.91,0.65,1.892,26.77,41.19,0.65,411.9,8649.9,8.0,14.85,Gravedad,14531.83,6139.62,2669.4,Manual,False,
c9ccf34c-112d-4003-9b1f-75fa0bab3374,PAR-005,CIC-2025-OI,2025-12-29,Algodon,Desarrollo,3.29,1.01,3.323,38.2,58.77,0.65,587.7,12341.7,8.0,28.26,Gravedad,20734.06,8759.78,3808.6,Tradicion,False,
2fad31b6-6577-4ed9-9942-e197db774acc,PAR-005,CIC-2025-OI,2026-01-15,Algodon,Media,3.62,1.19,4.308,52.01,80.02,0.65,800.2,16804.2,8.0,21.23,Gravedad,28231.06,11927.34,5185.8,Manual,False,
a1913e4d-19c2-4466-a795-61c1b9916029,PAR-005,CIC-2025-OI,2026-01-30,Algodon,Media,3.59,1.19,4.272,50.51,77.71,0.65,777.1,16319.1,8.0,13.57,Gravedad,27416.09,11583.03,5036.1,Manual,False,Sobre-riego detectado
81378fed-2ca7-4db2-ad12-7f0cc11d04b4,PAR-005,CIC-2025-OI,2026-02-04,Algodon,Media,4.79,1.21,5.796,50.34,77.45,0.65,774.5,16264.5,32.0,0.0,Gravedad,27324.36,11544.16,5019.2,Manual,False,
d152c3a3-afed-43eb-ab93-fbe68a21b5f7,PAR-005,CIC-2025-OI,2026-03-14,Algodon,Final,6.28,1.129,7.09,51.24,78.83,0.65,788.3,16554.3,8.0,218.18,Gravedad,27811.22,11750.01,5108.7,Tradicion,False,
024465f8-0acb-4e75-93e9-03f9c96def69,PAR-005,CIC-2025-OI,2026-03-28,Algodon,Final,5.68,0.903,5.129,34.17,52.57,0.65,525.7,11039.7,8.0,37.64,Gravedad,18546.7,7835.87,3406.9,Manual,False,
2f317284-9789-4d07-bee7-dea174fe0722,PAR-006,CIC-2025-OI,2025-11-26,Chile,Desarrollo,4.06,0.724,2.939,43.01,53.76,0.8,537.6,7418.9,8.0,65.73,Aspersion,12463.75,5265.85,2289.5,Tradicion,False,
bf5b7ab4-5020-473a-bf1a-63ddbfcb86e0,PAR-006,CIC-2025-OI,2025-12-09,Chile,Desarrollo,3.16,0.921,2.91,61.62,77.03,0.8,770.3,10630.1,32.0,0.0,Aspersion,17858.57,7544.92,3280.4,Manual,False,Deficit acumulado
1a5e9a71-2937-4d75-bb18-031fed17e6a1,PAR-006,CIC-2025-OI,2025-12-23,Chile,Media,3.0,1.02,3.06,57.38,71.72,0.8,717.2,9897.4,32.0,0.0,Aspersion,16627.63,7024.89,3054.3,Tradicion,False,
7c5a1550-4971-42ef-bb4f-e1c1a026fc91,PAR-006,CIC-2025-OI,2026-01-05,Chile,Media,3.22,1.06,3.413,66.92,83.65,0.8,836.5,11543.7,32.0,0.0,Aspersion,19393.42,8193.52,3562.4,Manual,False,Sobre-riego detectado
7e9bd477-4a22-4dae-a8aa-6494a40640da,PAR-006,CIC-2025-OI,2026-01-07,Chile,Media,3.27,1.02,3.335,63.12,78.9,0.8,789.0,10888.2,32.0,0.0,Aspersion,18292.18,7728.23,3360.1,Experiencia del operador,False,
6635b406-d739-44c2-a1b5-62cf79277580,PAR-006,CIC-2025-OI,2026-01-17,Chile,Media,3.57,1.02,3.641,63.75,79.69,0.8,796.9,10997.2,32.0,0.0,Aspersion,18475.3,7805.51,3393.7,Tradicion,False,
475d0dcf-fa09-4475-85b2-3b22c22e78db,PAR-006,CIC-2025-OI,2026-01-25,Chile,Media,3.4,1.04,3.536,67.6,84.5,0.8,845.0,11661.0,32.0,0.0,Aspersion,19590.48,8276.78,3598.6,Experiencia del operador,False,Sobre-riego detectado
a7ec608f-07ce-42f5-92cf-f08766290c65,PAR-006,CIC-2025-OI,2026-02-06,Chile,Final,4.24,0.966,4.096,53.14,66.42,0.8,664.2,9166.0,8.1,0.0,Aspersion,15398.88,6505.78,2828.6,Manual,False,
23bd3b62-86f3-4036-841a-37fffc070163,PAR-007,CIC-2025-OI,2025-10-31,Algodon,Inicial,5.24,0.34,1.782,9.58,14.74,0.65,147.4,4687.3,8.0,10.02,Gravedad,7874.66,3326.95,1446.5,Experiencia del operador,False,
ca3414db-7947-4cbc-a25c-2e1a9d8e5acf,PAR-007,CIC-2025-OI,2025-11-16,Algodon,Inicial,3.86,0.32,1.235,9.75,15.0,0.65,150.0,4770.0,8.0,10.01,Gravedad,8013.6,3385.6,1472.0,Manual,True,
8f8c2380-bb9e-4a2d-8407-2bcb4e17724f,PAR-007,CIC-2025-OI,2025-12-01,Algodon,Desarrollo,3.19,0.584,1.863,17.12,26.34,0.65,263.4,8376.1,8.0,10.83,Gravedad,14071.85,5945.27,2584.9,Tradicion,False,
21404784-bba5-47ea-bc37-b1aea3a393d1,PAR-007,CIC-2025-OI,2025-12-12,Algodon,Desarrollo,3.01,0.761,2.291,19.47,29.95,0.65,299.5,9524.1,8.0,5.73,Gravedad,16000.49,6759.93,2939.1,Manual,False,Eficiencia baja
43b77d81-2246-44ad-bea5-b3f5a41d16c1,PAR-007,CIC-2025-OI,2025-12-17,Algodon,Desarrollo,3.24,0.826,2.676,22.32,34.34,0.65,343.4,10920.1,32.0,0.0,Gravedad,18345.77,7750.77,3369.9,Experiencia del operador,False,Sobre-riego detectado
032d82e9-7ff9-4e72-8c05-181a7bb2ce4c,PAR-007,CIC-2025-OI,2025-12-25,Algodon,Desarrollo,3.2,0.962,3.078,30.69,47.22,0.65,472.2,15016.0,24.7,0.0,Gravedad,25226.88,10657.97,4633.9,Manual,False,
2abeda50-dee2-4205-99ee-571a84614637,PAR-007,CIC-2025-OI,2026-01-10,Algodon,Media,3.16,1.16,3.666,31.67,48.73,0.65,487.3,15496.1,8.0,26.99,Gravedad,26033.45,10998.83,4782.1,Manual,False,
187fd9e6-77ae-49ff-975f-ad2352128470,PAR-007,CIC-2025-OI,2026-02-13,Algodon,Media,4.31,1.2,5.172,32.08,49.35,0.65,493.5,15693.3,8.0,143.77,Gravedad,26364.74,11138.9,4843.0,Manual,False,
8986b0f2-2e5d-4a04-926f-71dece0dd1b7,PAR-007,CIC-2025-OI,2026-02-20,Algodon,Media,4.61,1.18,5.44,30.87,47.49,0.65,474.9,15101.8,8.0,7.21,Gravedad,25371.02,10718.92,4660.4,Manual,False,
b4d05ce8-79c4-4c32-be81-f35bf42dabd3,PAR-007,CIC-2025-OI,2026-02-23,Algodon,Media,4.82,1.18,5.688,36.63,56.36,0.65,563.6,17922.5,32.0,0.0,Gravedad,30109.8,12721.07,5530.9,Manual,False,Deficit acumulado
eebe1127-5e89-40d8-89b8-3c3062a73452,PAR-007,CIC-2025-OI,2026-02-25,Algodon,Media,4.59,1.23,5.646,33.59,51.68,0.65,516.8,16434.2,32.0,0.0,Gravedad,27609.46,11664.68,5071.6,Manual,False,Deficit acumulado
2d8f9101-4a90-4464-b962-fbe60596b6a1,PAR-007,CIC-2025-OI,2026-03-11,Algodon,Final,5.77,1.112,6.416,29.41,45.25,0.65,452.5,14389.5,8.0,60.41,Gravedad,24174.36,10213.38,4440.6,Experiencia del operador,True,
0c612c94-ed96-4ee1-828d-ac179e4e50eb,PAR-007,CIC-2025-OI,2026-04-03,Algodon,Final,7.81,0.857,6.693,24.63,37.89,0.65,378.9,12049.0,8.0,129.31,Gravedad,20242.32,8552.09,3718.3,Manual,True,Sobre-riego detectado
91893472-0aa7-4701-a5b4-736d2c351009,PAR-007,CIC-2025-OI,2026-04-09,Algodon,Final,7.85,0.77,6.045,21.47,33.03,0.65,330.3,10503.5,8.0,14.8,Gravedad,17645.88,7455.22,3241.4,Manual,False,Deficit acumulado
aa86a905-311b-4212-8301-e30f554ae3f9,PAR-008,CIC-2025-OI,2025-10-29,Frijol,Inicial,5.18,0.44,2.279,18.17,22.71,0.8,227.1,1998.5,8.0,2.34,Aspersion,3357.48,1418.41,616.7,Tradicion,False,Sobre-riego detectado
f22fe38e-d756-485f-8a7b-6a417e4277f8,PAR-008,CIC-2025-OI,2025-11-02,Frijol,Inicial,4.03,0.42,1.693,13.9,17.38,0.8,173.8,1529.4,32.0,0.0,Aspersion,2569.39,1085.6,472.0,Manual,True,Sobre-riego detectado
4ca13edc-8e04-459f-9b55-250853fe9f1c,PAR-008,CIC-2025-OI,2025-11-08,Frijol,Inicial,4.06,0.42,1.705,17.18,21.48,0.8,214.8,1890.2,32.0,0.0,Aspersion,3175.54,1341.59,583.3,Manual,False,
6bb4881b-55fb-4828-a065-cf514fe6df8a,PAR-008,CIC-2025-OI,2025-11-09,Frijol,Inicial,3.76,0.42,1.579,15.62,19.53,0.8,195.3,1718.6,32.0,0.0,Aspersion,2887.25,1219.92,530.4,Manual,True,Eficiencia baja
3647e2e7-d07f-4168-b6a4-b28d77e9895f,PAR-008,CIC-2025-OI,2025-11-22,Frijol,Desarrollo,3.68,0.725,2.668,24.54,30.67,0.8,306.7,2699.0,8.0,10.14,Aspersion,4534.32,1915.67,832.9,Manual,False,
4856664e-0dde-4f10-af60-b32dbf803bfb,PAR-008,CIC-2025-OI,2025-11-23,Frijol,Desarrollo,3.99,0.78,3.112,25.53,31.91,0.8,319.1,2808.1,32.0,0.0,Aspersion,4717.61,1993.18,866.6,Experiencia del operador,False,
c1960475-9e8c-483e-b8e8-5980adea4a17,PAR-008,CIC-2025-OI,2025-11-27,Frijol,Desarrollo,3.57,0.88,3.142,30.77,38.46,0.8,384.6,3384.5,32.0,0.0,Aspersion,5685.96,2402.35,1044.5,Experiencia del operador,False,
a2e538b1-c48b-4312-ae79-3cb7a3e09418,PAR-008,CIC-2025-OI,2025-12-07,Frijol,Desarrollo,3.02,1.13,3.413,44.55,55.69,0.8,556.9,4900.7,30.5,0.0,Aspersion,8233.18,3478.52,1512.4,Tradicion,False,Deficit acumulado
3f3ca64b-6f74-4d93-baf8-b91405b48816,PAR-008,CIC-2025-OI,2025-12-19,Frijol,Media,2.95,1.16,3.422,42.28,52.85,0.8,528.5,4650.8,8.0,0.0,Aspersion,7813.34,3300.96,1435.2,Experiencia del operador,False,
6949d34c-c3f3-4f57-af22-b5397d4c82c8,PAR-008,CIC-2025-OI,2025-12-26,Frijol,Media,3.41,1.12,3.819,40.41,50.51,0.8,505.1,4444.9,32.0,0.0,Aspersion,7467.43,3154.91,1371.7,Manual,False,Sobre-riego detectado
10601d1e-3f0c-4908-b009-f111e89723a3,PAR-008,CIC-2025-OI,2025-12-28,Frijol,Media,3.35,1.11,3.719,41.29,51.61,0.8,516.1,4541.7,32.0,0.0,Aspersion,7630.06,3223.68,1401.6,Manual,True,Eficiencia baja
905faa7e-b4f9-4813-afe7-8210244b8a0d,PAR-008,CIC-2025-OI,2026-01-04,Frijol,Media,3.43,1.19,4.082,47.36,59.2,0.8,592.0,5209.6,32.0,0.0,Aspersion,8752.13,3697.71,1607.7,Experiencia del operador,True,Sobre-riego detectado
63f93af0-dd52-4980-b78b-ef64d4eedabd,PAR-008,CIC-2025-OI,2026-01-12,Frijol,Final,3.61,1.01,3.646,38.7,48.37,0.8,483.7,4256.6,32.0,0.0,Aspersion,7151.09,3021.28,1313.6,Tradicion,True,
0fd0c1b1-508d-47bc-9020-c0febafb805c,PAR-008,CIC-2025-OI,2026-02-05,Frijol,Final,4.84,0.39,1.888,15.52,19.4,0.8,194.0,1707.2,8.0,29.79,Aspersion,2868.1,1211.64,526.8,Tradicion,False,
3531855a-f277-4a9c-bc78-a4005771730b,PAR-009,CIC-2025-OI,2025-10-27,Maiz,Inicial,5.03,0.3,1.509,10.99,13.74,0.8,137.4,2899.1,8.0,0.0,Aspersion,4870.49,2057.81,894.7,Manual,False,
b4790d05-a714-40a9-801d-e5cf215df7ed,PAR-009,CIC-2025-OI,2025-11-03,Maiz,Inicial,3.53,0.29,1.024,10.06,12.58,0.8,125.8,2654.4,32.0,0.0,Aspersion,4459.39,1883.93,819.1,Manual,False,
18843eed-760e-4f24-adb0-129389479703,PAR-009,CIC-2025-OI,2025-11-15,Maiz,Desarrollo,3.7,0.474,1.754,16.46,20.57,0.8,205.7,4340.3,8.0,4.59,Aspersion,7291.7,3080.62,1339.4,Manual,False,
58fbf9ec-9ed3-442f-919e-b61b636a92e1,PAR-009,CIC-2025-OI,2025-12-01,Maiz,Desarrollo,3.37,0.896,3.02,34.57,43.21,0.8,432.1,9117.3,8.0,13.75,Aspersion,15317.06,6471.28,2813.6,Manual,False,
a764f97a-c55a-4929-ba67-a1fa6974f491,PAR-009,CIC-2025-OI,2025-12-14,Maiz,Desarrollo,3.25,1.2,3.9,50.98,63.73,0.8,637.3,13447.0,8.0,0.0,Aspersion,22590.96,9544.31,4149.7,Tradicion,False,Deficit acumulado
5b6b5c77-21dd-42d7-9629-c0f87d687b23,PAR-009,CIC-2025-OI,2025-12-16,Maiz,Media,3.1,1.2,3.72,44.43,55.54,0.8,555.4,11718.9,32.0,0.0,Aspersion,19687.75,8317.95,3616.5,Tradicion,False,
9af1d85b-78f9-4629-8147-1300760d2c42,PAR-009,CIC-2025-OI,2026-01-04,Maiz,Media,3.41,1.18,4.024,48.75,60.94,0.8,609.4,12858.3,8.0,27.71,Aspersion,21601.94,9126.63,3968.1,Manual,False,
459d3076-64a0-4d65-8084-bbe254e148c0,PAR-009,CIC-2025-OI,2026-01-10,Maiz,Media,3.28,1.2,3.936,50.05,62.56,0.8,625.6,13200.2,32.0,0.0,Aspersion,22176.34,9369.28,4073.6,Experiencia del operador,True,
3f333cc9-ff33-44a3-bfda-7d173599834f,PAR-009,CIC-2025-OI,2026-01-13,Maiz,Media,3.45,1.18,4.071,45.07,56.34,0.8,563.4,11887.7,32.0,0.0,Aspersion,19971.34,8437.55,3668.5,Manual,True,Deficit acumulado
3ff7fcdc-fa45-4b13-a818-bc12ea4d31fd,PAR-009,CIC-2025-OI,2026-01-21,Maiz,Media,3.48,1.19,4.141,45.92,57.4,0.8,574.0,12111.4,32.0,0.0,Aspersion,20347.15,8596.48,3737.6,Manual,False,
1c1ff15f-2208-4e2a-8488-c0592cece33c,PAR-009,CIC-2025-OI,2026-02-05,Maiz,Final,4.56,0.95,4.332,37.03,46.29,0.8,462.9,9767.2,8.0,27.95,Aspersion,16408.9,6932.66,3014.2,Experiencia del operador,False,
f641012f-e966-443c-a93a-a78721cd8301,PAR-009,CIC-2025-OI,2026-02-15,Maiz,Final,4.5,0.7,3.15,26.74,33.42,0.8,334.2,7051.6,8.0,4.76,Aspersion,11846.69,5005.03,2176.1,Experiencia del operador,False,
ec3c4211-b02b-4481-92dc-09f25c5ccf33,PAR-009,CIC-2025-OI,2026-02-16,Maiz,Final,4.66,0.75,3.495,28.65,35.81,0.8,358.1,7555.9,32.0,0.0,Aspersion,12693.91,5363.14,2331.8,Manual,True,Deficit acumulado
ba2e10b4-ab3d-452b-850b-a4ec67b91840,PAR-010,CIC-2025-OI,2025-11-02,Uva,Inicial,3.47,0.33,1.145,14.88,22.9,0.65,229.0,3435.0,8.0,0.0,Gravedad,5770.8,2438.0,1060.0,Tradicion,False,Eficiencia baja
52dce6a9-8601-43dc-b752-0bb6526fb951,PAR-010,CIC-2025-OI,2025-11-24,Uva,Desarrollo,4.07,0.476,1.937,21.95,33.77,0.65,337.7,5065.5,8.0,20.66,Gravedad,8510.04,3595.36,1563.2,Experiencia del operador,True,
83823cd2-14a7-493b-b662-ef8224ce0a87,PAR-010,CIC-2025-OI,2025-11-27,Uva,Desarrollo,3.69,0.578,2.133,31.2,48.0,0.65,480.0,7200.0,32.0,0.0,Gravedad,12096.0,5110.37,2221.9,Experiencia del operador,False,Eficiencia baja
3a8a1121-809c-453b-bfab-0801ca4e1932,PAR-010,CIC-2025-OI,2025-12-04,Uva,Desarrollo,3.25,0.614,1.996,33.46,51.48,0.65,514.8,7722.0,32.0,0.0,Gravedad,12972.96,5480.9,2383.0,Experiencia del operador,False,
a8a2f6f8-09ff-41a0-9523-c401251e4be7,PAR-010,CIC-2025-OI,2025-12-18,Uva,Desarrollo,3.43,0.826,2.833,37.27,57.34,0.65,573.4,8601.0,8.0,2.39,Gravedad,14449.68,6104.89,2654.3,Manual,False,
a5464ca0-e1e8-4819-afdb-024de2e64da9,PAR-010,CIC-2025-OI,2026-01-27,Uva,Media,3.68,0.83,3.054,42.78,65.82,0.65,658.2,9873.0,8.0,79.38,Gravedad,16586.64,7007.64,3046.8,Manual,False,Eficiencia baja
fba2cace-7a7a-43b4-ae5a-0e5f8887f7a5,PAR-010,CIC-2025-OI,2026-02-18,Uva,Media,4.21,0.85,3.579,43.39,66.76,0.65,667.6,10014.0,8.0,35.35,Gravedad,16823.52,7107.69,3090.3,Tradicion,False,Deficit acumulado
fc70946d-c241-4eff-bec0-c970661f4c3b,PAR-010,CIC-2025-OI,2026-02-23,Uva,Media,4.78,0.82,3.92,39.02,60.03,0.65,600.3,9004.5,32.0,0.0,Gravedad,15127.56,6391.24,2778.8,Manual,False,
d9a16d56-11e2-4efe-a87b-f0348599a07f,PAR-010,CIC-2025-OI,2026-03-05,Uva,Media,6.17,0.83,5.121,42.78,65.82,0.65,658.2,9873.0,8.0,8.43,Gravedad,16586.64,7007.64,3046.8,Manual,False,
c8d2ddc8-7f39-4520-b397-640dba284be7,PAR-010,CIC-2025-OI,2026-03-09,Uva,Media,6.09,0.84,5.116,44.55,68.54,0.65,685.4,10281.0,32.0,0.0,Gravedad,17272.08,7297.21,3172.7,Manual,False,Sobre-riego detectado
a3bf531e-9b0c-4caf-aae9-3159964338f0,PAR-010,CIC-2025-OI,2026-03-17,Uva,Media,6.1,0.83,5.063,37.02,56.96,0.65,569.6,8544.0,8.0,3.48,Gravedad,14353.92,6064.41,2636.7,Tradicion,False,Sobre-riego detectado
9abff09d-dad0-4762-a8a6-4e79de6b264c,PAR-011,CIC-2025-OI,2025-10-29,Maiz,Inicial,4.75,0.29,1.377,10.3,15.84,0.65,158.4,6668.6,8.0,2.09,Gravedad,11203.25,4733.17,2057.9,Manual,True,
b4de99e3-2060-401c-8a95-077403ff1abd,PAR-011,CIC-2025-OI,2025-11-15,Maiz,Desarrollo,3.93,0.414,1.627,13.92,21.42,0.65,214.2,9017.8,8.0,13.74,Gravedad,15149.9,6400.67,2782.9,Manual,True,
ba7c704d-d79c-48fb-9d19-f46bb7e4b04d,PAR-011,CIC-2025-OI,2025-11-24,Maiz,Desarrollo,3.49,0.716,2.499,26.21,40.33,0.65,403.3,16978.9,16.6,0.0,Gravedad,28524.55,12051.31,5239.7,Manual,True,Eficiencia baja
5eeff2f3-2c23-4bd9-949e-0ead2812011a,PAR-011,CIC-2025-OI,2025-12-10,Maiz,Desarrollo,3.03,1.057,3.203,44.31,68.17,0.65,681.7,28699.6,8.0,6.94,Gravedad,48215.33,20370.41,8856.7,Manual,True,Deficit acumulado
c402bf19-0d0b-4bdf-a469-2cda2cb62b40,PAR-011,CIC-2025-OI,2025-12-12,Maiz,Desarrollo,3.38,1.139,3.85,43.86,67.47,0.65,674.7,28404.9,32.0,0.0,Gravedad,47720.23,20161.34,8765.8,Experiencia del operador,False,
c6a7b467-b862-453f-b8ba-2be84991ec9c,PAR-011,CIC-2025-OI,2025-12-16,Maiz,Media,3.12,1.19,3.713,40.89,62.91,0.65,629.1,26485.1,32.0,0.0,Gravedad,44494.97,18798.59,8173.3,Manual,False,
f4e763e0-cb2c-48d6-ac93-0af26b3b17e0,PAR-011,CIC-2025-OI,2025-12-26,Maiz,Media,3.13,1.23,3.85,46.45,71.46,0.65,714.6,30084.7,20.6,0.0,Gravedad,50542.3,21353.43,9284.1,Experiencia del operador,False,Sobre-riego detectado
b894abe7-df0c-41a0-ab82-6589e43da953,PAR-011,CIC-2025-OI,2026-01-03,Maiz,Media,3.34,1.19,3.975,49.88,76.74,0.65,767.4,32307.5,32.0,0.0,Gravedad,54276.6,22931.23,9970.1,Manual,False,
83746beb-69a5-418f-bd24-23223e911a2a,PAR-011,CIC-2025-OI,2026-01-15,Maiz,Media,3.61,1.18,4.26,40.55,62.38,0.65,623.8,26262.0,8.0,10.57,Gravedad,44120.16,18640.35,8104.5,Tradicion,False,Sobre-riego detectado
e42147c1-a299-404a-9699-7427e952dd82,PAR-011,CIC-2025-OI,2026-02-15,Maiz,Final,4.74,0.71,3.365,26.81,41.25,0.65,412.5,17366.2,8.0,77.51,Gravedad,29175.22,12326.16,5359.2,Manual,False,Deficit acumulado
84de4c79-d2b3-4fa9-ac10-e99539a8d879,PAR-011,CIC-2025-OI,2026-02-23,Maiz,Final,4.7,0.57,2.679,21.74,33.44,0.65,334.4,14078.2,8.0,0.0,Gravedad,23651.38,9992.35,4344.5,Experiencia del operador,False,
36c0e685-d67d-4842-ab28-a040e40a577a,PAR-011,CIC-2025-OI,2026-03-02,Maiz,Final,5.97,0.57,3.403,18.94,29.14,0.65,291.4,12267.9,8.0,4.88,Gravedad,20610.07,8707.57,3785.9,Experiencia del operador,False,
0cb20575-ec42-4863-87e6-4710aba1464c,PAR-012,CIC-2025-OI,2025-10-25,Uva,Inicial,5.23,0.33,1.726,25.0,30.49,0.82,304.9,4756.4,32.0,0.0,Microaspersion,7990.75,3375.94,1467.8,Manual,False,Deficit acumulado
2d6312f2-b26d-431e-be7c-cd3bade88208,PAR-012,CIC-2025-OI,2025-11-09,Uva,Inicial,3.88,0.28,1.086,22.43,27.35,0.82,273.5,4266.6,32.0,0.0,Microaspersion,7167.89,3028.41,1316.7,Manual,False,Eficiencia baja
e4024b67-3c19-4846-ac2b-dcba8ce23f19,PAR-012,CIC-2025-OI,2025-12-28,Uva,Media,3.29,0.88,2.895,71.11,86.72,0.82,867.2,13528.3,8.0,70.74,Microaspersion,22727.54,9602.04,4174.8,Experiencia del operador,False,
00327259-2ae4-4fbe-8de2-10a5636beb68,PAR-012,CIC-2025-OI,2026-01-02,Uva,Media,3.84,0.83,3.187,57.49,70.11,0.82,701.1,10937.2,32.0,0.0,Microaspersion,18374.5,7762.96,3375.2,Experiencia del operador,False,Eficiencia baja
11c2a2d4-8a71-491e-906e-5a0e83e33d73,PAR-012,CIC-2025-OI,2026-01-22,Uva,Media,3.16,0.82,2.591,62.11,75.75,0.82,757.5,11817.0,19.9,0.0,Microaspersion,19852.56,8387.41,3646.7,Manual,False,Sobre-riego detectado
e8dd5fdd-994a-468a-9d4f-4a3f67ca10b6,PAR-012,CIC-2025-OI,2026-01-30,Uva,Media,3.78,0.85,3.213,63.78,77.78,0.82,777.8,12133.7,32.0,0.0,Microaspersion,20384.62,8612.35,3744.5,Experiencia del operador,False,
fa8f8056-16b9-40da-8f6f-de398639710f,PAR-012,CIC-2025-OI,2026-02-25,Uva,Media,4.64,0.82,3.805,62.71,76.48,0.82,764.8,11930.9,8.0,36.22,Microaspersion,20043.91,8468.37,3681.9,Tradicion,True,
63045af1-3339-4303-97e6-6221d966e7e0,PAR-012,CIC-2025-OI,2026-03-27,Uva,Media,6.11,0.82,5.01,59.75,72.87,0.82,728.7,11367.7,8.0,90.55,Microaspersion,19097.74,8068.63,3508.1,Experiencia del operador,False,Eficiencia baja
4b2af6c7-1f2a-47e3-a94e-f4e0c840ab99,PAR-012,CIC-2025-OI,2026-04-17,Uva,Media,7.83,0.87,6.812,60.88,74.25,0.82,742.5,11583.0,8.0,82.17,Microaspersion,19459.44,8221.35,3574.5,Tradicion,False,Deficit acumulado
afade1fb-611e-4f93-8af5-2fb31ead5c42,PAR-013,CIC-2025-OI,2025-10-27,Algodon,Inicial,5.0,0.33,1.65,12.47,15.59,0.8,155.9,2135.8,8.0,0.0,Aspersion,3588.14,1515.93,659.1,Tradicion,False,
0d6e4c47-55d0-4826-a284-fe392299e37e,PAR-013,CIC-2025-OI,2025-10-30,Algodon,Inicial,5.05,0.37,1.868,12.46,15.58,0.8,155.8,2134.5,32.0,0.0,Aspersion,3585.96,1515.01,658.7,Manual,False,Deficit acumulado
6a2e22a5-7018-4681-a1c5-280354638ca6,PAR-013,CIC-2025-OI,2025-11-17,Algodon,Inicial,3.63,0.33,1.198,12.6,15.75,0.8,157.5,2157.8,8.0,8.96,Aspersion,3625.1,1531.57,665.9,Manual,False,
06ee7375-6e60-4826-9bfa-a0c05e16303b,PAR-013,CIC-2025-OI,2025-11-25,Algodon,Desarrollo,4.0,0.452,1.808,15.74,19.67,0.8,196.7,2694.8,8.9,0.0,Aspersion,4527.26,1912.68,831.6,Manual,False,
fd1da8b9-e039-4c7f-873b-ecff11b1b914,PAR-013,CIC-2025-OI,2025-12-13,Algodon,Desarrollo,3.32,0.748,2.483,28.84,36.05,0.8,360.5,4938.8,8.0,15.85,Aspersion,8297.18,3505.43,1524.1,Tradicion,False,Sobre-riego detectado
109b914a-840e-4cfa-9a14-6385ff7ff962,PAR-013,CIC-2025-OI,2025-12-20,Algodon,Desarrollo,3.51,0.857,3.008,33.04,41.3,0.8,413.0,5658.1,32.0,0.0,Aspersion,9505.61,4016.03,1746.1,Manual,False,Eficiencia baja
e6ce50fb-e9f2-4758-ab04-1711ad79b8d0,PAR-013,CIC-2025-OI,2026-01-04,Algodon,Desarrollo,3.45,1.162,4.009,48.71,60.89,0.8,608.9,8341.9,8.0,11.43,Aspersion,14014.39,5920.89,2574.3,Manual,True,
2530e184-82e7-40f6-8ee7-3d0542819883,PAR-013,CIC-2025-OI,2026-01-24,Algodon,Media,3.48,1.22,4.246,44.3,55.37,0.8,553.7,7585.7,8.0,40.62,Aspersion,12743.98,5384.07,2340.9,Manual,False,Deficit acumulado
f6e6d953-33a2-40e9-912a-cce63c15755b,PAR-013,CIC-2025-OI,2026-01-27,Algodon,Media,3.18,1.18,3.752,48.58,60.73,0.8,607.3,8320.0,32.0,0.0,Aspersion,13977.6,5905.48,2567.6,Tradicion,False,Sobre-riego detectado
ae639870-5f66-4f50-9496-382968361811,PAR-013,CIC-2025-OI,2026-02-15,Algodon,Media,4.42,1.18,5.216,42.4,53.0,0.8,530.0,7261.0,8.0,56.7,Aspersion,12198.48,5153.61,2240.7,Tradicion,False,
c4879505-c902-4747-a4fe-406a05dcb5ae,PAR-013,CIC-2025-OI,2026-02-20,Algodon,Media,4.31,1.23,5.301,48.34,60.43,0.8,604.3,8278.9,32.0,0.0,Aspersion,13908.55,5876.27,2554.9,Manual,False,Deficit acumulado
6a1872e2-82da-4bf8-be0c-81bc369d9b5a,PAR-013,CIC-2025-OI,2026-03-31,Algodon,Final,5.77,0.89,5.135,31.65,39.56,0.8,395.6,5419.7,8.0,168.61,Aspersion,9105.1,3846.75,1672.5,Manual,True,
0a40cb4b-02d8-4cb8-9d2e-fc0e79e656c7,PAR-013,CIC-2025-OI,2026-04-03,Algodon,Final,7.72,0.897,6.925,34.23,42.79,0.8,427.9,5862.2,32.0,0.0,Aspersion,9848.5,4160.93,1809.1,Manual,False,Deficit acumulado
af0fc071-d46e-4b60-9835-0f44addea170,PAR-013,CIC-2025-OI,2026-04-17,Algodon,Final,7.23,0.721,5.213,25.38,31.72,0.8,317.2,4345.6,8.0,47.6,Aspersion,7300.61,3084.53,1341.1,Manual,False,Eficiencia baja
aad98749-8614-425b-b2ea-8a4e27bb39a5,PAR-014,CIC-2025-OI,2025-11-02,Maiz,Inicial,3.92,0.29,1.137,20.87,32.1,0.65,321.0,13931.4,32.0,0.0,Gravedad,23404.75,9888.16,4299.2,Manual,False,
574df30b-e62f-42ea-9f7a-3b449516f98a,PAR-014,CIC-2025-OI,2025-11-09,Maiz,Inicial,3.52,0.33,1.162,24.92,38.34,0.65,383.4,16639.6,32.0,0.0,Gravedad,27954.53,11810.5,5135.0,Manual,False,
16715953-4ad1-44d7-a46a-ba474191e3d7,PAR-014,CIC-2025-OI,2025-11-12,Maiz,Desarrollo,3.89,0.347,1.35,24.49,37.67,0.65,376.7,16348.8,32.0,0.0,Gravedad,27465.98,11603.96,5045.2,Experiencia del operador,False,
4e6bcfff-e23c-4d5b-a67c-3f2761f8a121,PAR-014,CIC-2025-OI,2025-11-15,Maiz,Desarrollo,3.88,0.424,1.645,29.02,44.64,0.65,446.4,19373.8,32.0,0.0,Gravedad,32547.98,13751.24,5978.8,Manual,False,Eficiencia baja
7ce8ed0a-4655-453f-924e-8006e96bc07d,PAR-014,CIC-2025-OI,2025-11-18,Maiz,Desarrollo,3.86,0.561,2.165,36.39,55.99,0.65,559.9,24299.7,32.0,0.0,Gravedad,40823.5,17247.47,7498.9,Manual,False,Sobre-riego detectado
10a1c9bf-c580-4eda-a2bb-99023b5de9fc,PAR-014,CIC-2025-OI,2025-11-25,Maiz,Desarrollo,3.87,0.711,2.752,54.74,84.21,0.65,842.1,36547.1,32.0,0.0,Gravedad,61399.13,25940.32,11278.4,Tradicion,True,
4332cba1-4d21-45f6-bb84-bdf368b124fe,PAR-014,CIC-2025-OI,2026-01-29,Maiz,Final,3.33,1.06,3.53,74.0,113.85,0.65,1138.5,49410.9,8.0,155.45,Gravedad,83010.31,35070.86,15248.2,Tradicion,False,Deficit acumulado
349cd8c5-41ed-4f85-aabc-09dbe69256c2,PAR-014,CIC-2025-OI,2026-02-14,Maiz,Final,4.25,0.77,3.272,48.82,75.11,0.65,751.1,32597.7,8.0,3.53,Gravedad,54764.14,23137.31,10059.7,Manual,False,
24d0954d-864a-4069-86cb-a53c1a0dca45,PAR-014,CIC-2025-OI,2026-02-16,Maiz,Final,4.51,0.69,3.112,51.12,78.65,0.65,786.5,34134.1,32.0,0.0,Gravedad,57345.29,24227.74,10533.8,Manual,False,
cc7201bb-71d3-4a80-b410-2d30207ef9ca,PAR-015,CIC-2025-OI,2025-10-26,Chile,Inicial,4.79,0.61,2.922,27.54,42.37,0.65,423.7,12202.6,32.0,0.0,Gravedad,20500.37,8661.11,3765.7,Manual,False,
423f3c3c-b1d3-4a06-ae7b-125a6d4fdad2,PAR-015,CIC-2025-OI,2025-12-01,Chile,Desarrollo,3.33,0.789,2.627,39.17,60.26,0.65,602.6,17354.9,8.0,55.4,Gravedad,29156.23,12318.11,5355.7,Manual,False,
f03df8f5-c1ed-44fc-942f-acf70760b53a,PAR-015,CIC-2025-OI,2025-12-03,Chile,Desarrollo,3.52,0.824,2.9,42.59,65.53,0.65,655.3,18872.6,32.0,0.0,Gravedad,31705.97,13395.43,5824.1,Experiencia del operador,False,Sobre-riego detectado
fd8d1ab8-cea5-4a4e-b070-6d6dcc97c2ef,PAR-015,CIC-2025-OI,2025-12-07,Chile,Desarrollo,3.17,0.926,2.935,49.69,76.45,0.65,764.5,22017.6,32.0,0.0,Gravedad,36989.57,15627.58,6794.6,Manual,False,Sobre-riego detectado
e1e85e12-ec1f-4bcb-8dba-2e205a50df6c,PAR-015,CIC-2025-OI,2025-12-11,Chile,Desarrollo,3.3,0.947,3.125,49.89,76.76,0.65,767.6,22106.9,32.0,0.0,Gravedad,37139.59,15691.06,6822.2,Experiencia del operador,False,Deficit acumulado
e3c3c672-0259-44e2-b7e2-f099d530b258,PAR-015,CIC-2025-OI,2025-12-24,Chile,Media,3.19,1.01,3.222,53.71,82.63,0.65,826.3,23797.4,28.2,0.0,Gravedad,39979.63,16890.97,7343.9,Manual,False,
588dd3c5-978e-46d0-9522-b650766d6060,PAR-015,CIC-2025-OI,2025-12-30,Chile,Media,2.99,1.04,3.11,48.0,73.85,0.65,738.5,21268.8,32.0,0.0,Gravedad,35731.58,15096.28,6563.6,Manual,False,Sobre-riego detectado
6c50035b-ca1e-4ad8-901e-69add70372cb,PAR-015,CIC-2025-OI,2026-01-08,Chile,Media,3.4,1.09,3.706,55.23,84.97,0.65,849.7,24471.4,32.0,0.0,Gravedad,41111.95,17369.37,7551.9,Manual,False,Deficit acumulado
88b98dc0-b3e8-497d-8503-e6c45cf5b224,PAR-015,CIC-2025-OI,2026-01-10,Chile,Media,3.59,1.06,3.805,58.5,90.0,0.65,900.0,25920.0,32.0,0.0,Gravedad,43545.6,18397.47,7998.9,Manual,True,Sobre-riego detectado
7bfa1459-59e9-4054-9bf3-e85a9ee42248,PAR-016,CIC-2025-OI,2025-10-27,Frijol,Inicial,5.31,0.36,1.912,23.58,29.47,0.8,294.7,4597.3,32.0,0.0,Aspersion,7723.46,3263.01,1418.7,Tradicion,False,
2d391ad4-e61b-4f93-afb8-be1fb3aed604,PAR-016,CIC-2025-OI,2025-11-06,Frijol,Inicial,3.5,0.41,1.435,22.01,27.51,0.8,275.1,4291.6,32.0,0.0,Aspersion,7209.89,3046.12,1324.4,Manual,False,Deficit acumulado
084f594b-12a0-47b2-9158-528bbef98dd3,PAR-016,CIC-2025-OI,2025-11-16,Frijol,Desarrollo,3.82,0.565,2.158,34.99,43.74,0.8,437.4,6823.4,32.0,0.0,Aspersion,11463.31,4843.11,2105.7,Manual,False,
c7fac9fc-d5fd-42fc-ae61-4690848fac9c,PAR-016,CIC-2025-OI,2025-11-19,Frijol,Desarrollo,3.62,0.67,2.425,35.18,43.97,0.8,439.7,6859.3,32.0,0.0,Aspersion,11523.62,4868.64,2116.8,Tradicion,False,
73906213-20e6-4143-9990-bd8a2aac2ad9,PAR-016,CIC-2025-OI,2025-11-22,Frijol,Desarrollo,3.66,0.695,2.544,37.72,47.15,0.8,471.5,7355.4,32.0,0.0,Aspersion,12357.07,5220.77,2269.9,Manual,True,Eficiencia baja
4b9c15fd-c1cb-4ecc-a58f-14a7d1a2a39b,PAR-016,CIC-2025-OI,2025-11-25,Frijol,Desarrollo,4.06,0.83,3.37,52.88,66.1,0.8,661.0,10311.6,32.0,0.0,Aspersion,17323.49,7319.06,3182.2,Tradicion,False,Deficit acumulado
09c96d46-4a80-42fa-bfbb-9a0a00be032d,PAR-016,CIC-2025-OI,2025-11-27,Frijol,Desarrollo,3.96,0.83,3.287,52.39,65.49,0.8,654.9,10216.4,32.0,0.0,Aspersion,17163.55,7251.44,3152.8,Tradicion,True,
a355ad61-3ee7-4226-8380-b56db1017ff4,PAR-016,CIC-2025-OI,2025-12-07,Frijol,Desarrollo,3.12,1.08,3.37,69.44,86.8,0.8,868.0,13540.8,32.0,0.0,Aspersion,22748.54,9611.01,4178.7,Tradicion,False,
d9668ace-d4ab-4f0e-96e9-4c147008bd4f,PAR-016,CIC-2025-OI,2026-01-03,Frijol,Media,3.47,1.17,4.06,66.26,82.82,0.8,828.2,12919.9,8.0,43.36,Aspersion,21705.43,9170.33,3987.1,Manual,False,
fe6b0a37-af2c-4767-8e04-88bfdca699f8,PAR-016,CIC-2025-OI,2026-01-25,Frijol,Final,3.65,0.48,1.752,28.31,35.39,0.8,353.9,5520.8,8.0,10.23,Aspersion,9274.94,3918.51,1703.7,Manual,False,
ebb93402-ee65-4535-9e64-7250af7ebf92,PAR-017,CIC-2025-OI,2025-11-03,Maiz,Inicial,3.74,0.33,1.234,11.35,17.46,0.65,174.6,4626.9,8.0,5.93,Gravedad,7773.19,3284.17,1427.9,Manual,False,Sobre-riego detectado
cc24f97b-9e38-4346-9ba3-db2cf8fba832,PAR-017,CIC-2025-OI,2025-12-04,Maiz,Desarrollo,2.98,0.933,2.78,28.18,43.36,0.65,433.6,11490.4,8.0,58.0,Gravedad,19303.87,8155.57,3545.9,Manual,False,Sobre-riego detectado
655098d7-bda3-46ae-95ff-6f97d5a531cd,PAR-017,CIC-2025-OI,2025-12-15,Maiz,Media,3.06,1.2,3.672,38.57,59.34,0.65,593.4,15725.1,8.0,1.82,Gravedad,26418.17,11161.44,4852.8,Tradicion,False,Eficiencia baja
fab7c3a1-a716-4956-a1e5-397f4f272b98,PAR-017,CIC-2025-OI,2025-12-17,Maiz,Media,3.5,1.17,4.095,33.85,52.07,0.65,520.7,13798.6,32.0,0.0,Gravedad,23181.65,9793.86,4258.2,Manual,False,
74a1df48-4b91-42f2-8e53-e3d4ffb7b9ff,PAR-017,CIC-2025-OI,2025-12-19,Maiz,Media,2.99,1.17,3.498,34.97,53.8,0.65,538.0,14257.0,32.0,0.0,Gravedad,23951.76,10119.31,4399.7,Manual,False,
f6a73e7a-ca62-41c9-9a15-a8d9040758bd,PAR-017,CIC-2025-OI,2025-12-20,Maiz,Media,3.42,1.2,4.104,40.11,61.71,0.65,617.1,16353.2,32.0,0.0,Gravedad,27473.38,11607.18,5046.6,Manual,True,
5bb07839-131d-4ea1-a022-8daf7139142f,PAR-017,CIC-2025-OI,2025-12-24,Maiz,Media,3.55,1.19,4.224,42.84,65.9,0.65,659.0,17463.5,32.0,0.0,Gravedad,29338.68,12395.16,5389.2,Tradicion,False,Sobre-riego detectado
20ccd74f-6d20-4633-9a7f-ae95f58bbcf9,PAR-017,CIC-2025-OI,2026-01-11,Maiz,Media,3.69,1.21,4.465,36.95,56.84,0.65,568.4,15062.6,8.0,43.42,Gravedad,25305.17,10691.09,4648.3,Manual,False,
4a633afb-c67b-4b85-8ddb-a4d56926db4b,PAR-017,CIC-2025-OI,2026-01-29,Maiz,Final,3.81,1.08,4.115,37.49,57.67,0.65,576.7,15282.6,8.0,36.58,Gravedad,25674.77,10847.26,4716.2,Manual,False,
4ea5dd1d-7508-42df-8394-6e46f1e68703,PAR-017,CIC-2025-OI,2026-02-03,Maiz,Final,4.84,0.99,4.792,35.32,54.34,0.65,543.4,14400.1,32.0,0.0,Gravedad,24192.17,10220.97,4443.9,Experiencia del operador,True,
f9f16ba7-2cce-4f5b-8fe3-53a82e57af56,PAR-017,CIC-2025-OI,2026-02-10,Maiz,Final,4.67,0.83,3.876,26.41,40.63,0.65,406.3,10767.0,8.0,0.72,Gravedad,18088.56,7642.21,3322.7,Tradicion,False,
c1360715-44a4-4fb7-bec5-fd8b7975e9b9,PAR-017,CIC-2025-OI,2026-02-17,Maiz,Final,4.68,0.7,3.276,23.62,36.34,0.65,363.4,9630.1,8.0,0.0,Gravedad,16178.57,6835.14,2971.8,Experiencia del operador,False,Sobre-riego detectado
e7da1a06-6c04-4726-87d9-b6fa0daefaa5,PAR-018,CIC-2025-OI,2025-11-20,Chile,Desarrollo,3.75,0.637,2.389,36.31,45.39,0.8,453.9,20153.2,8.0,37.75,Aspersion,33857.38,14304.39,6219.3,Tradicion,False,
ba0ad2be-1e9d-40b6-966f-fb1fec6aede0,PAR-018,CIC-2025-OI,2025-12-17,Chile,Desarrollo,2.87,0.994,2.853,57.2,71.5,0.8,715.0,31746.0,8.0,19.83,Aspersion,53333.28,22532.64,9796.8,Manual,True,Eficiencia baja
683f83d1-c1ee-4564-8470-0f2a1aa9510b,PAR-018,CIC-2025-OI,2025-12-18,Chile,Desarrollo,3.25,1.067,3.468,61.39,76.74,0.8,767.4,34072.6,32.0,0.0,Aspersion,57241.97,24184.04,10514.8,Tradicion,False,
84f7c558-7a7e-43eb-b1cd-2bd728c6b99f,PAR-018,CIC-2025-OI,2025-12-20,Chile,Media,3.54,1.03,3.646,51.5,64.38,0.8,643.8,28584.7,32.0,0.0,Aspersion,48022.3,20288.76,8821.2,Experiencia del operador,True,
d390b718-055b-4c90-a291-ce56e872baf2,PAR-018,CIC-2025-OI,2025-12-21,Chile,Media,2.98,1.07,3.189,52.35,65.44,0.8,654.4,29055.4,32.0,0.0,Aspersion,48813.07,20622.95,8966.5,Tradicion,False,
c8e7fb1e-51cf-4211-9971-2e3fbbe9bdd0,PAR-018,CIC-2025-OI,2026-01-04,Chile,Media,3.78,1.05,3.969,50.81,63.51,0.8,635.1,28198.4,8.0,4.76,Aspersion,47373.31,20014.6,8702.0,Manual,False,Deficit acumulado
8cc27a93-58c9-43ab-be62-572ab46c40f0,PAR-018,CIC-2025-OI,2026-01-22,Chile,Media,3.17,1.06,3.36,59.85,74.81,0.8,748.1,33215.6,8.0,0.63,Aspersion,55802.21,23575.69,10250.3,Experiencia del operador,True,Deficit acumulado
3df65050-dba2-4707-9147-54042eadec8c,PAR-018,CIC-2025-OI,2026-01-31,Chile,Final,3.2,1.022,3.27,61.0,76.25,0.8,762.5,33855.0,32.0,0.0,Aspersion,56876.4,24029.71,10447.7,Manual,True,Eficiencia baja
d9b1fd2a-57eb-4641-abbe-6ef961bfbe41,PAR-018,CIC-2025-OI,2026-02-11,Chile,Final,4.61,0.946,4.361,45.78,57.22,0.8,572.2,25405.7,8.0,2.19,Aspersion,42681.58,18032.46,7840.2,Manual,False,Sobre-riego detectado
d4b2e21d-824e-4e57-8db0-4e6c9b8109d5,PAR-019,CIC-2025-OI,2025-11-11,Maiz,Desarrollo,3.65,0.351,1.281,15.62,17.35,0.9,173.5,7044.1,8.0,12.56,Goteo,11834.09,4999.74,2173.8,Experiencia del operador,False,
424348cc-f740-4102-bbfb-19399646eb81,PAR-019,CIC-2025-OI,2025-11-22,Maiz,Desarrollo,4.0,0.644,2.576,25.48,28.31,0.9,283.1,11493.9,8.0,2.86,Goteo,19309.75,8158.1,3547.0,Manual,False,Deficit acumulado
a506ffb1-35e8-43b5-89e2-19bc3ecced0c,PAR-019,CIC-2025-OI,2025-11-27,Maiz,Desarrollo,4.08,0.743,3.031,32.1,35.67,0.9,356.7,14482.0,32.0,0.0,Goteo,24329.76,10278.93,4469.1,Experiencia del operador,False,
8f71371f-4ffb-47ec-a218-f4d6ffd03abd,PAR-019,CIC-2025-OI,2025-12-04,Maiz,Desarrollo,2.98,0.903,2.691,37.54,41.71,0.9,417.1,16934.3,32.0,0.0,Goteo,28449.62,12019.57,5225.9,Experiencia del operador,False,Sobre-riego detectado
01278699-96d3-41b0-86d1-2ef10e545173,PAR-019,CIC-2025-OI,2025-12-15,Maiz,Media,3.02,1.17,3.533,51.98,57.76,0.9,577.6,23450.6,32.0,0.0,Goteo,39397.01,16644.87,7236.9,Manual,False,
96172794-0582-433b-b777-39356fb1dd84,PAR-019,CIC-2025-OI,2025-12-16,Maiz,Media,3.05,1.17,3.568,52.46,58.29,0.9,582.9,23665.7,32.0,0.0,Goteo,39758.38,16797.36,7303.2,Manual,False,
d4b680ce-6110-42cd-a0f0-7e6d8d79e913,PAR-019,CIC-2025-OI,2026-01-12,Maiz,Media,3.84,1.19,4.57,49.0,54.44,0.9,544.4,22102.6,8.0,74.39,Goteo,37132.37,15688.07,6820.9,Manual,True,Sobre-riego detectado
9c787a28-d411-418e-9731-cf6c2b9669fd,PAR-019,CIC-2025-OI,2026-02-01,Maiz,Final,4.5,1.04,4.68,45.36,50.4,0.9,504.0,20462.4,8.0,48.24,Goteo,34376.83,14523.81,6314.7,Experiencia del operador,False,Eficiencia baja
5aeabfdc-2146-4aab-b39b-259961ad350d,PAR-019,CIC-2025-OI,2026-02-02,Maiz,Final,4.3,1.0,4.3,36.28,40.31,0.9,403.1,16365.9,32.0,0.0,Goteo,27494.71,11616.15,5050.5,Manual,True,
e195b280-e1ac-400d-b5b5-349ac80facbe,PAR-019,CIC-2025-OI,2026-02-07,Maiz,Final,4.62,0.93,4.297,37.53,41.7,0.9,417.0,16930.2,32.0,0.0,Goteo,28442.74,12016.81,5224.7,Manual,False,Deficit acumulado
fc43dbe4-9d30-4f0c-a82a-8d539bc9d552,PAR-019,CIC-2025-OI,2026-02-09,Maiz,Final,4.43,0.89,3.943,31.92,35.47,0.9,354.7,14400.8,32.0,0.0,Goteo,24193.34,10221.43,4444.1,Manual,False,Deficit acumulado
7417f52c-12c1-4ef9-a070-04dc09e8f195,PAR-019,CIC-2025-OI,2026-02-12,Maiz,Final,4.38,0.8,3.504,34.57,38.41,0.9,384.1,15594.5,32.0,0.0,Goteo,26198.76,11068.75,4812.5,Experiencia del operador,False,Sobre-riego detectado
72aeef36-7b3d-438f-aa1d-41ec6555f719,PAR-019,CIC-2025-OI,2026-02-23,Maiz,Final,4.53,0.61,2.763,23.37,25.97,0.9,259.7,10543.8,8.0,7.02,Goteo,17713.58,7483.74,3253.8,Experiencia del operador,True,Eficiencia baja
4a8ed43b-bf5b-4455-85ee-da8f12b472f0,PAR-019,CIC-2025-OI,2026-02-24,Maiz,Final,4.74,0.62,2.939,23.26,25.84,0.9,258.4,10491.0,32.0,0.0,Goteo,17624.88,7446.25,3237.5,Manual,False,Deficit acumulado
e63187c6-cdaa-403e-aeb9-9895cc8b2d91,PAR-020,CIC-2025-OI,2025-10-26,Chile,Inicial,4.96,0.57,2.827,21.74,33.45,0.65,334.5,8195.2,28.2,0.0,Gravedad,13767.94,5816.7,2529.0,Manual,False,Deficit acumulado
3f8c7b2f-34ab-4915-9b23-b37e2bc50bc0,PAR-020,CIC-2025-OI,2025-11-03,Chile,Inicial,4.1,0.62,2.542,22.49,34.6,0.65,346.0,8477.0,10.6,0.0,Gravedad,14241.36,6016.8,2616.0,Manual,True,Sobre-riego detectado
d9920f6c-1683-4477-b7d7-fa9981ad5481,PAR-020,CIC-2025-OI,2025-11-13,Chile,Inicial,3.75,0.63,2.362,26.39,40.6,0.65,406.0,9947.0,11.7,0.0,Gravedad,16710.96,7060.08,3069.6,Manual,False,
e7204c90-c1eb-4df4-8fc6-51882a42a1d7,PAR-020,CIC-2025-OI,2025-11-15,Chile,Desarrollo,3.92,0.613,2.403,21.31,32.79,0.65,327.9,8033.5,32.0,0.0,Gravedad,13496.28,5701.93,2479.1,Manual,False,
8bf7d4de-739d-4a7b-afc4-d95bc4001f26,PAR-020,CIC-2025-OI,2025-11-28,Chile,Desarrollo,3.57,0.78,2.785,26.84,41.29,0.65,412.9,10116.0,8.0,9.36,Gravedad,16994.88,7180.14,3121.8,Experiencia del operador,False,Eficiencia baja
f7131cb2-4f3d-4d73-babb-4416a71ebbb5,PAR-020,CIC-2025-OI,2025-12-09,Chile,Desarrollo,3.08,0.881,2.713,33.95,52.23,0.65,522.3,12796.3,13.8,0.0,Gravedad,21497.78,9082.47,3948.9,Tradicion,True,
e2c8309e-8e37-42fa-8b9d-caf8e6560ef6,PAR-020,CIC-2025-OI,2025-12-14,Chile,Desarrollo,3.13,0.996,3.117,36.49,56.14,0.65,561.4,13754.3,32.0,0.0,Gravedad,23107.22,9762.58,4244.6,Manual,True,Eficiencia baja
bc8da696-a723-4ddf-8a4e-b62e47d3de85,PAR-020,CIC-2025-OI,2025-12-20,Chile,Media,3.08,1.05,3.234,34.55,53.16,0.65,531.6,13024.2,32.0,0.0,Gravedad,21880.66,9244.39,4019.3,Manual,True,Deficit acumulado
b596a555-c160-4341-bc66-1473fb89c867,PAR-020,CIC-2025-OI,2026-01-18,Chile,Media,3.47,1.06,3.678,35.68,54.89,0.65,548.9,13448.0,8.0,70.98,Gravedad,22592.64,9545.23,4150.1,Manual,False,Eficiencia baja
2ed79733-cae8-470e-bb80-edd8102b8973,PAR-020,CIC-2025-OI,2026-01-19,Chile,Media,3.18,1.06,3.371,43.21,66.48,0.65,664.8,16287.6,32.0,0.0,Gravedad,27363.17,11560.72,5026.4,Experiencia del operador,False,
82198afa-9b23-4158-9532-0fc087a27124,PAR-020,CIC-2025-OI,2026-01-27,Chile,Media,3.5,1.02,3.57,42.72,65.73,0.65,657.3,16103.8,32.0,0.0,Gravedad,27054.38,11430.08,4969.6,Tradicion,False,
79bbb690-ae62-4595-83e9-2a376bdcc90c,PAR-020,CIC-2025-OI,2026-01-30,Chile,Final,3.27,1.058,3.46,43.92,67.57,0.65,675.7,16554.7,32.0,0.0,Gravedad,27811.9,11750.24,5108.8,Tradicion,False,
2d484687-c973-4e69-bda6-76dffd89abe5,PAR-021,CIC-2025-OI,2025-10-27,Frijol,Inicial,4.71,0.43,2.025,20.17,24.6,0.82,246.0,8511.6,32.0,0.0,Microaspersion,14299.49,6041.41,2626.7,Experiencia del operador,False,Deficit acumulado
f0352d98-7b0a-40d8-b7cd-fd5fac45a3cb,PAR-021,CIC-2025-OI,2025-11-02,Frijol,Inicial,3.71,0.4,1.484,21.24,25.9,0.82,259.0,8961.4,32.0,0.0,Microaspersion,15055.15,6360.65,2765.5,Manual,False,
197f6800-3a73-49f4-b1e3-7b52ad990704,PAR-021,CIC-2025-OI,2025-11-11,Frijol,Desarrollo,4.14,0.45,1.863,22.96,28.0,0.82,280.0,9688.0,32.0,0.0,Microaspersion,16275.84,6876.31,2989.7,Manual,True,Eficiencia baja
3cf7ef99-c898-4430-857e-b52abd76089c,PAR-021,CIC-2025-OI,2025-11-16,Frijol,Desarrollo,3.9,0.595,2.321,32.5,39.64,0.82,396.4,13715.4,32.0,0.0,Microaspersion,23041.87,9734.98,4232.6,Tradicion,False,
f828ab2f-133a-49a3-8bd6-1fa7edd6f867,PAR-021,CIC-2025-OI,2025-12-04,Frijol,Desarrollo,3.3,1.025,3.382,50.19,61.21,0.82,612.1,21178.7,8.0,10.69,Microaspersion,35580.22,15032.11,6535.7,Manual,True,
d545643b-d68d-475d-8690-b1254d001891,PAR-021,CIC-2025-OI,2025-12-06,Frijol,Desarrollo,3.08,1.095,3.373,53.05,64.7,0.82,647.0,22386.2,32.0,0.0,Microaspersion,37608.82,15889.32,6908.4,Tradicion,True,
1d6b0232-8e44-4578-bf96-543584d0f685,PAR-021,CIC-2025-OI,2025-12-25,Frijol,Media,3.54,1.11,3.929,61.22,74.66,0.82,746.6,25832.4,8.0,13.43,Microaspersion,43398.43,18335.37,7971.9,Manual,False,
5bc76faa-c388-48dd-ad37-4169b8cb7382,PAR-021,CIC-2025-OI,2026-01-10,Frijol,Final,3.52,1.03,3.626,48.84,59.56,0.82,595.6,20607.8,8.0,9.18,Microaspersion,34621.1,14627.08,6359.6,Manual,True,
1d210bb5-7fdb-44e1-8a8f-bb70c5c1348f,PAR-021,CIC-2025-OI,2026-01-14,Frijol,Final,3.2,0.93,2.976,44.58,54.37,0.82,543.7,18812.0,32.0,0.0,Microaspersion,31604.16,13352.42,5805.4,Manual,False,Deficit acumulado
fd970493-1ebc-4146-909a-53fe406764af,PAR-021,CIC-2025-OI,2026-01-18,Frijol,Final,3.21,0.72,2.311,37.85,46.16,0.82,461.6,15971.4,32.0,0.0,Microaspersion,26831.95,11336.24,4928.8,Manual,True,Sobre-riego detectado
ad541b4f-0e75-4312-903f-3c138e3c66e1,PAR-021,CIC-2025-OI,2026-01-21,Frijol,Final,3.45,0.61,2.105,31.13,37.96,0.82,379.6,13134.2,32.0,0.0,Microaspersion,22065.46,9322.36,4053.2,Manual,False,Deficit acumulado
cdebeda7-4b4a-43a5-baab-0bcd0ebdceed,PAR-021,CIC-2025-OI,2026-01-30,Frijol,Final,3.45,0.34,1.173,18.05,22.01,0.82,220.1,7615.5,32.0,0.0,Microaspersion,12794.04,5405.23,2350.1,Manual,False,
f2fe0655-57da-4d11-93e8-d7a86e090b9e,PAR-021,CIC-2025-OI,2026-01-31,Frijol,Final,3.83,0.33,1.264,15.82,19.29,0.82,192.9,6674.3,32.0,0.0,Microaspersion,11212.82,4737.31,2059.7,Experiencia del operador,True,Eficiencia baja
96cfd7cb-8482-47d0-8ec4-317d765a9f38,PAR-022,CIC-2025-OI,2025-11-13,Chile,Inicial,3.96,0.63,2.495,31.7,39.63,0.8,396.3,10739.7,8.0,28.18,Aspersion,18042.7,7622.89,3314.3,Experiencia del operador,False,Eficiencia baja
cff79aea-ce14-45af-a8b6-b55100a1e7ea,PAR-022,CIC-2025-OI,2025-12-18,Chile,Desarrollo,3.11,1.057,3.287,58.29,72.86,0.8,728.6,19745.1,8.0,56.76,Aspersion,33171.77,14014.59,6093.3,Manual,False,
8e76b67e-cc24-4daa-a62f-c3cac7ec72cf,PAR-022,CIC-2025-OI,2025-12-19,Chile,Desarrollo,3.18,1.01,3.212,49.74,62.18,0.8,621.8,16850.8,32.0,0.0,Aspersion,28309.34,11960.46,5200.2,Manual,True,
684de32d-1a7b-4ebe-96f0-24acc1c1600d,PAR-022,CIC-2025-OI,2025-12-20,Chile,Media,3.36,1.04,3.494,54.01,67.51,0.8,675.1,18295.2,32.0,0.0,Aspersion,30735.94,12985.57,5645.9,Experiencia del operador,False,
69df6a2f-30fc-46d8-8b53-3fd83b505582,PAR-022,CIC-2025-OI,2025-12-24,Chile,Media,3.53,1.08,3.812,56.08,70.1,0.8,701.0,18997.1,32.0,0.0,Aspersion,31915.13,13483.75,5862.5,Experiencia del operador,False,
aa70c58a-951e-43bd-996a-b06d5ad2d3b9,PAR-022,CIC-2025-OI,2025-12-28,Chile,Media,2.9,1.07,3.103,62.43,78.04,0.8,780.4,21148.8,32.0,0.0,Aspersion,35529.98,15010.95,6526.5,Manual,False,
b0014c73-f417-435d-ac84-a4de9abd1b4a,PAR-022,CIC-2025-OI,2026-01-11,Chile,Media,3.26,1.08,3.521,61.29,76.61,0.8,766.1,20761.3,24.3,0.0,Aspersion,34878.98,14735.87,6406.9,Manual,False,
3a056b69-2963-40b6-becb-8a3f7aa722e4,PAR-022,CIC-2025-OI,2026-01-27,Chile,Media,3.39,1.06,3.593,59.58,74.48,0.8,744.8,20184.1,8.0,0.0,Aspersion,33909.29,14326.24,6228.8,Manual,False,
d3fa08fb-e4c7-4feb-a4c8-45d12adf8713,PAR-022,CIC-2025-OI,2026-01-30,Chile,Final,3.42,1.008,3.447,52.88,66.1,0.8,661.0,17913.1,32.0,0.0,Aspersion,30094.01,12714.4,5528.0,Manual,False,Sobre-riego detectado
eb6a2619-c76a-43fa-a91e-95246b4c0ee0,PAR-023,CIC-2025-OI,2025-10-28,Maiz,Inicial,4.86,0.31,1.507,16.74,25.76,0.65,257.6,4920.2,32.0,0.0,Gravedad,8265.94,3492.32,1518.4,Experiencia del operador,False,
dc2208d7-0155-4da3-a11b-3bbc867bef83,PAR-023,CIC-2025-OI,2025-11-01,Maiz,Inicial,3.74,0.33,1.234,17.5,26.93,0.65,269.3,5143.6,32.0,0.0,Gravedad,8641.25,3650.79,1587.3,Manual,True,
84fb1ca2-1e70-400f-81b6-094c1076d50d,PAR-023,CIC-2025-OI,2025-11-17,Maiz,Desarrollo,3.99,0.496,1.979,23.15,35.62,0.65,356.2,6803.4,8.0,8.51,Gravedad,11429.71,4828.85,2099.5,Manual,False,Deficit acumulado
032f1580-0ab1-4d05-b9b5-32c18c68a88d,PAR-023,CIC-2025-OI,2025-11-23,Maiz,Desarrollo,4.1,0.67,2.747,31.95,49.15,0.65,491.5,9387.7,32.0,0.0,Gravedad,15771.34,6663.1,2897.0,Manual,True,Deficit acumulado
1fe64afd-108f-43cd-a2be-0ece168a7d74,PAR-023,CIC-2025-OI,2025-12-01,Maiz,Desarrollo,3.42,0.896,3.064,38.35,59.0,0.65,590.0,11269.0,32.0,0.0,Gravedad,18931.92,7998.48,3477.6,Manual,False,
3e6db61a-0102-4547-9636-3f6cfa7690aa,PAR-023,CIC-2025-OI,2025-12-05,Maiz,Desarrollo,3.22,0.969,3.12,49.01,75.4,0.65,754.0,14401.4,32.0,0.0,Gravedad,24194.35,10221.89,4444.3,Experiencia del operador,True,Eficiencia baja
7530dbc4-e6d7-4fbb-a326-b99cdaa9d77e,PAR-023,CIC-2025-OI,2025-12-27,Maiz,Media,2.98,1.18,3.516,52.25,80.38,0.65,803.8,15352.6,8.0,25.1,Gravedad,25792.37,10896.94,4737.8,Experiencia del operador,True,Sobre-riego detectado
44bf102e-e46b-400b-ae03-168f2323eba5,PAR-023,CIC-2025-OI,2025-12-29,Maiz,Media,3.17,1.19,3.772,62.53,96.2,0.65,962.0,18374.2,32.0,0.0,Gravedad,30868.66,13041.69,5670.3,Manual,True,
7ffd45b3-6a7d-4eae-afa3-3cc7ec567ed5,PAR-023,CIC-2025-OI,2025-12-30,Maiz,Media,2.98,1.23,3.665,63.44,97.6,0.65,976.0,18641.6,32.0,0.0,Gravedad,31317.89,13231.44,5752.8,Manual,False,
279102ea-c8f2-4e69-849b-685cae959773,PAR-023,CIC-2025-OI,2026-02-18,Maiz,Final,4.46,0.66,2.944,35.32,54.34,0.65,543.4,10378.9,8.0,111.88,Gravedad,17436.55,7366.67,3202.9,Manual,False,Deficit acumulado
9f7818c4-ae7c-4f4f-85ec-ab98f6b45b34,PAR-024,CIC-2025-OI,2025-10-28,Frijol,Inicial,4.72,0.4,1.888,27.13,33.09,0.82,330.9,13335.3,32.0,0.0,Microaspersion,22403.3,9465.19,4115.3,Manual,False,
426964b2-c6df-45a8-9a55-a05611d110ef,PAR-024,CIC-2025-OI,2025-11-02,Frijol,Inicial,4.14,0.41,1.697,29.19,35.6,0.82,356.0,14346.8,32.0,0.0,Microaspersion,24102.62,10183.02,4427.4,Experiencia del operador,False,Eficiencia baja
2877964d-290c-45a0-a10c-0ae1f4718cf4,PAR-024,CIC-2025-OI,2025-11-09,Frijol,Inicial,3.87,0.37,1.432,23.85,29.09,0.82,290.9,11723.3,32.0,0.0,Microaspersion,19695.14,8320.94,3617.8,Manual,False,Deficit acumulado
a2bd7ce1-70d9-4db7-ad61-9702da012c95,PAR-024,CIC-2025-OI,2025-11-24,Frijol,Desarrollo,4.11,0.735,3.021,51.34,62.61,0.82,626.1,25231.8,13.3,0.0,Microaspersion,42389.42,17908.95,7786.5,Experiencia del operador,False,Eficiencia baja
63f136e8-e708-4611-9944-cb5aaf35dd1e,PAR-024,CIC-2025-OI,2025-11-29,Frijol,Desarrollo,4.06,0.92,3.735,66.12,80.63,0.82,806.3,32493.9,32.0,0.0,Microaspersion,54589.75,23063.48,10027.6,Manual,False,
5f7a1d37-503c-404d-b5a9-c7b0d8df2a5d,PAR-024,CIC-2025-OI,2025-12-07,Frijol,Desarrollo,3.13,1.06,3.318,76.89,93.77,0.82,937.7,37789.3,32.0,0.0,Microaspersion,63486.02,26822.14,11661.8,Manual,True,Sobre-riego detectado
9eb531f5-0a79-411b-843b-1f5d952670e2,PAR-024,CIC-2025-OI,2025-12-12,Frijol,Media,3.46,1.16,4.014,74.01,90.26,0.82,902.6,36374.8,32.0,0.0,Microaspersion,61109.66,25818.19,11225.3,Manual,False,
496815d3-97a8-4fc0-bbf2-238d3e4964aa,PAR-024,CIC-2025-OI,2026-01-07,Frijol,Media,3.63,1.19,4.32,87.12,106.24,0.82,1062.4,42814.7,8.0,25.2,Microaspersion,71928.7,30388.98,13212.6,Tradicion,False,Deficit acumulado
9637f341-7691-4bee-8f5a-bf8a86b51392,PAR-025,CIC-2025-OI,2025-10-29,Algodon,Inicial,5.2,0.37,1.924,9.63,14.82,0.65,148.2,1689.5,8.0,7.69,Gravedad,2838.36,1199.22,521.4,Manual,True,Sobre-riego detectado
d786774e-0619-4e6d-baee-16d6669db726,PAR-025,CIC-2025-OI,2025-11-05,Algodon,Inicial,3.66,0.34,1.244,8.76,13.48,0.65,134.8,1536.7,8.0,0.0,Gravedad,2581.66,1090.66,474.2,Tradicion,False,
08e6d28b-5233-4678-bfad-5f5b65f9842b,PAR-025,CIC-2025-OI,2025-12-23,Algodon,Desarrollo,2.97,0.968,2.875,23.76,36.55,0.65,365.5,4166.7,8.0,114.24,Gravedad,7000.06,2957.34,1285.8,Manual,False,
3241b099-5fe0-4514-bdb0-32ac6287c599,PAR-025,CIC-2025-OI,2026-01-15,Algodon,Media,3.32,1.24,4.117,28.59,43.98,0.65,439.8,5013.7,8.0,66.1,Gravedad,8423.02,3558.56,1547.2,Manual,True,
5ae67cae-859f-4ec2-bee4-9488b95fb5cc,PAR-025,CIC-2025-OI,2026-01-16,Algodon,Media,3.17,1.2,3.804,32.72,50.34,0.65,503.4,5738.8,32.0,0.0,Gravedad,9641.18,4073.3,1771.0,Manual,False,Eficiencia baja
e77c5f3c-eeaa-44f5-ba76-8fe13d88d586,PAR-025,CIC-2025-OI,2026-01-25,Algodon,Media,3.3,1.21,3.993,28.19,43.37,0.65,433.7,4944.2,8.0,7.75,Gravedad,8306.26,3509.34,1525.8,Experiencia del operador,False,
2654782b-4691-4013-916a-f919abf5a1ec,PAR-025,CIC-2025-OI,2026-02-04,Algodon,Media,4.24,1.22,5.173,27.52,42.34,0.65,423.4,4826.8,8.0,24.21,Gravedad,8109.02,3426.08,1489.6,Tradicion,False,
aff358ca-13f8-4be0-a555-c92ef76ccbce,PAR-025,CIC-2025-OI,2026-02-15,Algodon,Media,4.21,1.17,4.926,30.45,46.85,0.65,468.5,5340.9,8.0,23.74,Gravedad,8972.71,3790.86,1648.2,Manual,False,
2c82f714-f3d0-41dd-8786-6b39a3fbf06a,PAR-025,CIC-2025-OI,2026-02-26,Algodon,Media,4.2,1.19,4.998,28.32,43.57,0.65,435.7,4967.0,8.0,26.66,Gravedad,8344.56,3525.44,1532.8,Experiencia del operador,False,
7dd18a47-604d-4838-8f5e-01642017ebe1,PAR-025,CIC-2025-OI,2026-03-29,Algodon,Final,6.33,0.932,5.9,22.65,34.84,0.65,348.4,3971.8,8.0,160.25,Gravedad,6672.62,2819.11,1225.7,Manual,True,Sobre-riego detectado
b4ee501b-cc55-4f25-8ff8-c98f6d0ef7d0,PAR-025,CIC-2025-OI,2026-03-30,Algodon,Final,5.85,0.931,5.446,21.0,32.31,0.65,323.1,3683.3,32.0,0.0,Gravedad,6187.94,2614.41,1136.7,Manual,False,Deficit acumulado
5a6f4328-b15c-4641-80d4-b8b78b262a79,PAR-025,CIC-2025-OI,2026-04-05,Algodon,Final,7.67,0.874,6.704,19.73,30.35,0.65,303.5,3459.9,8.0,20.49,Gravedad,5812.63,2455.71,1067.7,Manual,True,Eficiencia baja
1782652b-3e32-4246-b719-c864e6c7153c,PAR-025,CIC-2025-OI,2026-04-16,Algodon,Final,7.82,0.752,5.881,19.02,29.26,0.65,292.6,3335.6,8.0,45.67,Gravedad,5603.81,2367.62,1029.4,Manual,False,
59496a25-2be1-44e0-a20a-bcb3642b31d0,PAR-026,CIC-2025-OI,2025-11-10,Frijol,Desarrollo,3.67,0.395,1.45,12.4,19.07,0.65,190.7,2650.7,8.0,18.05,Gravedad,4453.18,1881.4,818.0,Manual,False,
25c5d4b3-0d8f-40c4-abee-4bb4690c94d6,PAR-026,CIC-2025-OI,2025-11-22,Frijol,Desarrollo,3.85,0.685,2.637,22.15,34.07,0.65,340.7,4735.7,8.0,9.49,Gravedad,7955.98,3361.22,1461.4,Manual,False,
18e9687b-2cb5-43e2-bdaa-072be2804224,PAR-026,CIC-2025-OI,2025-12-04,Frijol,Desarrollo,3.53,1.055,3.724,29.47,45.34,0.65,453.4,6302.3,8.0,15.22,Gravedad,10587.86,4473.27,1944.9,Manual,True,
67c9110b-4cc0-4d94-abf6-8e8350fcaba7,PAR-026,CIC-2025-OI,2025-12-10,Frijol,Media,3.0,1.14,3.42,37.93,58.35,0.65,583.5,8110.7,32.0,0.0,Gravedad,13625.98,5756.9,2503.0,Manual,False,Sobre-riego detectado
31f86d0d-7eed-4b03-8d1e-b17e4a4cc92e,PAR-026,CIC-2025-OI,2025-12-13,Frijol,Media,3.5,1.18,4.13,39.63,60.97,0.65,609.7,8474.8,32.0,0.0,Gravedad,14237.66,6015.19,2615.3,Experiencia del operador,False,Eficiencia baja
ecb0474c-693d-4022-81b7-082328978458,PAR-026,CIC-2025-OI,2025-12-18,Frijol,Media,3.54,1.13,4.0,36.89,56.75,0.65,567.5,7888.2,32.0,0.0,Gravedad,13252.18,5598.89,2434.3,Manual,False,
1403f55b-ab60-46b5-af8c-d94901e8eee7,PAR-026,CIC-2025-OI,2025-12-30,Frijol,Media,3.12,1.13,3.526,34.76,53.48,0.65,534.8,7433.7,8.0,7.55,Gravedad,12488.62,5276.2,2294.0,Experiencia del operador,False,
93816466-55a3-4f62-afa1-6b1b52bbf200,PAR-026,CIC-2025-OI,2026-01-08,Frijol,Media,3.42,1.16,3.967,36.78,56.58,0.65,565.8,7864.6,8.0,0.0,Gravedad,13212.53,5582.1,2427.0,Manual,False,Deficit acumulado
b3b5f6ad-f4e5-454b-bc7f-2459571e9862,PAR-026,CIC-2025-OI,2026-01-10,Frijol,Final,3.64,1.04,3.786,32.97,50.72,0.65,507.2,7050.1,32.0,0.0,Gravedad,11844.17,5004.11,2175.7,Manual,True,
c6986857-8281-43ad-a8b3-f01a27c9c352,PAR-026,CIC-2025-OI,2026-01-17,Frijol,Final,3.76,0.77,2.895,21.51,33.09,0.65,330.9,4599.5,8.0,0.0,Gravedad,7727.16,3264.62,1419.4,Manual,False,Deficit acumulado
edb36dfa-7361-443d-9077-104d08f2486d,PAR-026,CIC-2025-OI,2026-01-19,Frijol,Final,3.55,0.73,2.591,22.68,34.9,0.65,349.0,4851.1,32.0,0.0,Gravedad,8149.85,3443.1,1497.0,Experiencia del operador,False,Deficit acumulado
2590ccf7-435e-408b-ba53-d719e0913af0,PAR-026,CIC-2025-OI,2026-01-31,Frijol,Final,3.3,0.38,1.254,12.76,19.63,0.65,196.3,2728.6,8.0,2.29,Gravedad,4584.05,1936.6,842.0,Manual,False,Sobre-riego detectado
9c60fa09-0dc7-4b26-91f3-1fa346291241,PAR-026,CIC-2025-OI,2026-02-03,Frijol,Final,4.4,0.38,1.672,13.0,20.0,0.65,200.0,2780.0,32.0,0.0,Gravedad,4670.4,1973.17,857.9,Manual,False,Deficit acumulado
ed3b7191-6af6-4107-bd54-1d1e119323ae,PAR-026,CIC-2025-OI,2026-02-04,Frijol,Final,4.41,0.31,1.367,10.9,16.77,0.65,167.7,2331.0,32.0,0.0,Gravedad,3916.08,1654.39,719.3,Manual,False,Sobre-riego detectado
ac9c6692-2095-4eb3-bcd6-e3b9ecf620c6,PAR-027,CIC-2025-OI,2025-11-02,Maiz,Inicial,3.72,0.29,1.079,11.77,18.1,0.65,181.0,1737.6,8.0,2.26,Gravedad,2919.17,1233.26,536.2,Experiencia del operador,False,Sobre-riego detectado
61d93065-a8cb-4833-8e22-23c18232a5de,PAR-027,CIC-2025-OI,2025-11-07,Maiz,Inicial,3.53,0.28,0.988,10.04,15.44,0.65,154.4,1482.2,32.0,0.0,Gravedad,2490.1,1052.02,457.4,Tradicion,True,
66148c50-3036-4b43-8180-aba13bb20146,PAR-027,CIC-2025-OI,2025-11-24,Maiz,Desarrollo,3.85,0.696,2.68,27.94,42.99,0.65,429.9,4127.0,8.0,17.62,Gravedad,6933.36,2929.28,1273.6,Manual,False,Sobre-riego detectado
00dee229-d434-4621-8642-159996addd91,PAR-027,CIC-2025-OI,2025-12-02,Maiz,Desarrollo,3.41,0.861,2.936,31.21,48.01,0.65,480.1,4609.0,32.0,0.0,Gravedad,7743.12,3271.29,1422.3,Experiencia del operador,False,
270fe897-8b05-4fe5-b9c4-11be4f12f394,PAR-027,CIC-2025-OI,2025-12-09,Maiz,Desarrollo,3.15,1.091,3.437,43.84,67.45,0.65,674.5,6475.2,32.0,0.0,Gravedad,10878.34,4595.86,1998.2,Manual,False,
999a81a1-9550-4b32-a804-a919590001c7,PAR-027,CIC-2025-OI,2025-12-25,Maiz,Media,3.49,1.22,4.258,51.41,79.09,0.65,790.9,7592.6,8.0,16.72,Gravedad,12755.57,5389.13,2343.1,Manual,False,
cd164847-b20e-4c5b-ac2e-292bd3b580fd,PAR-027,CIC-2025-OI,2025-12-26,Maiz,Media,2.86,1.24,3.546,49.32,75.88,0.65,758.8,7284.5,32.0,0.0,Gravedad,12237.96,5170.4,2248.0,Tradicion,False,
76e96647-9a02-4317-94a5-f53df1ab652a,PAR-027,CIC-2025-OI,2026-01-19,Maiz,Media,3.49,1.21,4.223,47.65,73.31,0.65,733.1,7037.8,8.0,53.7,Gravedad,11823.5,4995.37,2171.9,Tradicion,False,
23a75e27-43d1-431b-80f5-0dfdeaaa7c5c,PAR-027,CIC-2025-OI,2026-02-05,Maiz,Final,4.24,0.91,3.858,37.99,58.44,0.65,584.4,5610.2,8.0,27.6,Gravedad,9425.14,3981.99,1731.3,Manual,True,
d8cf5fa4-65a8-450f-86f6-6f01ca3a9f31,PAR-027,CIC-2025-OI,2026-02-13,Maiz,Final,4.64,0.78,3.619,27.03,41.59,0.65,415.9,3992.6,8.0,1.92,Gravedad,6707.57,2833.83,1232.1,Experiencia del operador,False,Sobre-riego detectado
c55364a3-d449-440f-8e1f-876495a543f3,PAR-027,CIC-2025-OI,2026-03-05,Maiz,Final,5.68,0.63,3.578,25.3,38.93,0.65,389.3,3737.3,8.0,46.26,Gravedad,6278.66,2652.59,1153.3,Manual,True,Eficiencia baja
d7ed584e-98ab-47ca-97da-aa9a6383d570,PAR-028,CIC-2025-OI,2025-11-15,Uva,Desarrollo,3.55,0.422,1.498,36.97,46.21,0.8,462.1,13493.3,8.0,1.98,Aspersion,22668.74,9577.2,4164.0,Manual,False,Eficiencia baja
52222431-1b7b-4f06-9ee3-3b09abe025cf,PAR-028,CIC-2025-OI,2025-11-25,Uva,Desarrollo,3.87,0.53,2.051,46.37,57.96,0.8,579.6,16924.3,32.0,0.0,Aspersion,28432.82,12012.44,5222.8,Manual,False,Sobre-riego detectado
3ad6c3da-2c18-48cc-9696-da12c9c77f6f,PAR-028,CIC-2025-OI,2025-12-07,Uva,Desarrollo,3.02,0.665,2.008,54.11,67.64,0.8,676.4,19750.9,32.0,0.0,Aspersion,33181.51,14018.73,6095.1,Manual,False,Deficit acumulado
91814e37-91e6-4a67-b57f-6e3f4537d7ca,PAR-028,CIC-2025-OI,2026-01-09,Uva,Media,3.82,0.81,3.094,72.29,90.36,0.8,903.6,26385.1,8.0,29.81,Aspersion,44326.97,18727.52,8142.4,Manual,False,Eficiencia baja
8185d85a-bc6d-48b3-ba7e-0622f6318b17,PAR-028,CIC-2025-OI,2026-01-26,Uva,Media,3.24,0.89,2.884,80.21,100.26,0.8,1002.6,29275.9,32.0,0.0,Aspersion,49183.51,20779.35,9034.5,Manual,False,Eficiencia baja
720faf4a-3532-42e3-bb6a-47dae1420937,PAR-028,CIC-2025-OI,2026-02-10,Uva,Media,4.42,0.88,3.89,84.7,105.87,0.8,1058.7,30914.0,32.0,0.0,Aspersion,51935.52,21942.23,9540.1,Experiencia del operador,False,Eficiencia baja
5e1d951c-2ccd-4b0b-aad5-85a5f250b389,PAR-028,CIC-2025-OI,2026-03-03,Uva,Media,6.12,0.83,5.08,80.61,100.76,0.8,1007.6,29421.9,8.0,26.07,Aspersion,49428.79,20883.08,9079.6,Manual,False,Sobre-riego detectado
bcc32daa-6030-4d88-9e06-4ba98efbbece,PAR-028,CIC-2025-OI,2026-03-13,Uva,Media,6.09,0.85,5.176,69.9,87.38,0.8,873.8,25515.0,32.0,0.0,Aspersion,42865.2,18109.97,7873.9,Manual,False,
7fa1cf87-206e-4802-9893-a0008b367bfa,PAR-029,CIC-2025-OI,2025-10-31,Algodon,Inicial,5.3,0.32,1.696,8.12,12.5,0.65,125.0,2787.5,8.0,10.54,Gravedad,4683.0,1978.46,860.2,Manual,False,
fc2df8eb-29d9-4d7b-9bf5-44d9552cd96b,PAR-029,CIC-2025-OI,2025-11-13,Algodon,Inicial,3.52,0.35,1.232,9.28,14.27,0.65,142.7,3182.2,8.0,6.74,Gravedad,5346.1,2258.6,982.0,Tradicion,False,
db433f02-bf51-41e1-8161-6cad32da33c7,PAR-029,CIC-2025-OI,2025-11-25,Algodon,Desarrollo,3.64,0.422,1.536,10.48,16.13,0.65,161.3,3597.0,8.0,7.95,Gravedad,6042.96,2553.0,1110.0,Manual,True,
5d8bfc37-7b5a-4c66-8d0a-39cf450d3ea4,PAR-029,CIC-2025-OI,2025-12-03,Algodon,Desarrollo,2.98,0.598,1.782,17.66,27.17,0.65,271.7,6058.9,23.8,0.0,Gravedad,10178.95,4300.54,1869.8,Tradicion,False,
117fa69f-9322-4737-93bf-25e66febec28,PAR-029,CIC-2025-OI,2025-12-05,Algodon,Desarrollo,3.18,0.612,1.946,15.37,23.65,0.65,236.5,5273.9,32.0,0.0,Gravedad,8860.15,3743.25,1627.5,Manual,False,
fb4f439b-6910-4264-a0e7-bbe49425d1f1,PAR-029,CIC-2025-OI,2025-12-27,Algodon,Desarrollo,2.96,0.986,2.919,24.77,38.11,0.65,381.1,8498.5,8.0,39.45,Gravedad,14277.48,6031.98,2622.6,Experiencia del operador,False,Eficiencia baja
e9a01720-91e5-43c1-9e83-4a8f91d9247f,PAR-029,CIC-2025-OI,2026-01-02,Algodon,Desarrollo,3.19,1.078,3.439,31.25,48.07,0.65,480.7,10719.6,32.0,0.0,Gravedad,18008.93,7608.63,3308.1,Manual,False,Deficit acumulado
39f8d319-4cb1-450a-9aa4-d20006b5ff0d,PAR-029,CIC-2025-OI,2026-01-13,Algodon,Media,3.62,1.23,4.453,33.27,51.19,0.65,511.9,11415.4,8.0,15.71,Gravedad,19177.87,8102.44,3522.8,Experiencia del operador,True,Eficiencia baja
b38fc7b4-7317-4c5c-bdee-137ce3cc85aa,PAR-029,CIC-2025-OI,2026-01-30,Algodon,Media,3.71,1.18,4.378,32.57,50.11,0.65,501.1,11174.5,8.0,41.86,Gravedad,18773.16,7931.55,3448.5,Manual,False,
67c7beb7-909a-4aa2-9ec3-337fa488142d,PAR-029,CIC-2025-OI,2026-02-09,Algodon,Media,4.81,1.16,5.58,34.91,53.7,0.65,537.0,11975.1,8.0,20.89,Gravedad,20118.17,8499.65,3695.5,Manual,False,Sobre-riego detectado
ff02eb57-f0c7-48e4-9167-189ccb63b127,PAR-029,CIC-2025-OI,2026-02-13,Algodon,Media,4.81,1.19,5.724,32.19,49.53,0.65,495.3,11045.2,32.0,0.0,Gravedad,18555.94,7839.55,3408.5,Manual,False,
4d8d0297-ab8d-4043-a7f2-8299827273c6,PAR-029,CIC-2025-OI,2026-03-04,Algodon,Media,5.71,1.24,7.08,36.28,55.82,0.65,558.2,12447.9,8.0,98.24,Gravedad,20912.47,8835.22,3841.4,Manual,True,Sobre-riego detectado
93e39590-64bd-48b3-bd63-c92d18f069ab,PAR-029,CIC-2025-OI,2026-03-10,Algodon,Final,5.71,1.123,6.412,29.46,45.32,0.65,453.2,10106.4,8.0,9.01,Gravedad,16978.75,7173.24,3118.8,Experiencia del operador,False,Sobre-riego detectado
1e86ae30-2dbe-4946-ae7d-f2001a8e0e3d,PAR-029,CIC-2025-OI,2026-03-28,Algodon,Final,6.32,0.903,5.707,24.44,37.6,0.65,376.0,8384.8,8.0,78.29,Gravedad,14086.46,5951.25,2587.5,Tradicion,False,Deficit acumulado
fbdd52de-0dec-45c0-ab22-5d0ecf7c5afb,PAR-030,CIC-2025-OI,2025-10-26,Uva,Inicial,4.77,0.34,1.622,17.76,22.2,0.8,222.0,7303.8,32.0,0.0,Aspersion,12270.38,5184.2,2254.0,Manual,False,Sobre-riego detectado
abd709ed-70b5-402f-a97e-6e221dc19a4e,PAR-030,CIC-2025-OI,2025-10-28,Uva,Inicial,4.95,0.31,1.534,16.19,20.24,0.8,202.4,6659.0,32.0,0.0,Aspersion,11187.12,4726.5,2055.0,Manual,False,Eficiencia baja
642412e7-61d9-4f94-a65d-3e2ddd931375,PAR-030,CIC-2025-OI,2025-11-25,Uva,Desarrollo,4.09,0.55,2.25,27.84,34.8,0.8,348.0,11449.2,8.0,35.16,Aspersion,19234.66,8126.36,3533.2,Tradicion,False,Sobre-riego detectado
d6d4c5a5-ea55-4c55-8242-0cacf58048f7,PAR-030,CIC-2025-OI,2025-12-12,Uva,Desarrollo,3.05,0.794,2.422,42.74,53.42,0.8,534.2,17575.2,8.0,0.0,Aspersion,29526.34,12474.51,5423.7,Manual,True,
a627ff5b-1143-4916-9a51-3801634be053,PAR-030,CIC-2025-OI,2025-12-26,Uva,Media,3.29,0.89,2.928,46.48,58.1,0.8,581.0,19114.9,13.4,0.0,Aspersion,32113.03,13567.47,5898.9,Manual,False,
2953ab6c-4c33-4b33-bd2e-bfa349b45aba,PAR-030,CIC-2025-OI,2026-01-21,Uva,Media,3.51,0.86,3.019,50.47,63.09,0.8,630.9,20756.6,8.0,28.02,Aspersion,34871.09,14732.65,6405.5,Experiencia del operador,False,
c508c966-9728-43e5-8cf0-e4666feead67,PAR-030,CIC-2025-OI,2026-02-05,Uva,Media,4.19,0.81,3.394,38.38,47.97,0.8,479.7,15782.1,8.0,12.53,Aspersion,26513.93,11201.92,4870.4,Experiencia del operador,False,Eficiencia baja
d5c73d7c-a7d1-4b2c-8e84-aa300ab2fe44,PAR-030,CIC-2025-OI,2026-02-10,Uva,Media,4.23,0.85,3.596,43.94,54.92,0.8,549.2,18068.7,32.0,0.0,Aspersion,30355.42,12824.8,5576.0,Manual,False,Sobre-riego detectado
217e5f3c-ff10-4551-a611-1122cd583dfa,PAR-030,CIC-2025-OI,2026-03-10,Uva,Media,5.72,0.82,4.69,44.15,55.19,0.8,551.9,18157.5,8.0,87.17,Aspersion,30504.6,12887.82,5603.4,Manual,False,Deficit acumulado
0770da22-dd39-4612-bdaf-dee72a325cc0,PAR-030,CIC-2025-OI,2026-03-31,Uva,Media,5.94,0.88,5.227,52.12,65.15,0.8,651.5,21434.3,8.0,57.65,Aspersion,36009.62,15213.58,6614.6,Manual,True,
5db051cf-e79b-4b1e-ac7e-aa9f8206b89f,PAR-030,CIC-2025-OI,2026-04-16,Uva,Media,7.33,0.87,6.377,46.38,57.97,0.8,579.7,19072.1,8.0,55.65,Aspersion,32041.13,13537.11,5885.7,Manual,False,
63ac3526-7eac-4e36-ad23-ecdb1246e9b7,PAR-030,CIC-2025-OI,2026-04-18,Uva,Media,7.77,0.88,6.838,47.86,59.82,0.8,598.2,19680.8,32.0,0.0,Aspersion,33063.74,13969.05,6073.5,Manual,True,
a6eeb6bd-4071-4f18-860f-831872d9cbc6,PAR-031,CIC-2025-OI,2025-10-26,Uva,Inicial,5.13,0.27,1.385,13.6,20.93,0.65,209.3,5630.2,32.0,0.0,Gravedad,9458.74,3996.25,1737.5,Experiencia del operador,False,
3f194f0d-f354-45f5-a36d-3125a2e3a8da,PAR-031,CIC-2025-OI,2025-11-04,Uva,Inicial,4.04,0.29,1.172,15.58,23.97,0.65,239.7,6447.9,32.0,0.0,Gravedad,10832.47,4576.54,1989.8,Manual,False,Sobre-riego detectado
4f0a3672-aac7-4fd8-9a05-a39f0fbf1b0f,PAR-031,CIC-2025-OI,2025-11-22,Uva,Desarrollo,3.54,0.469,1.66,24.92,38.34,0.65,383.4,10313.5,8.0,4.96,Gravedad,17326.68,7320.21,3182.7,Manual,False,Deficit acumulado
e7abe434-eca6-4c9c-b14d-cc64dbb827aa,PAR-031,CIC-2025-OI,2025-11-29,Uva,Desarrollo,3.49,0.535,1.867,32.0,49.23,0.65,492.3,13242.9,32.0,0.0,Gravedad,22248.07,9399.64,4086.8,Experiencia del operador,False,
1997f03c-8389-4ae6-8686-75dbcc43d950,PAR-031,CIC-2025-OI,2025-12-05,Uva,Desarrollo,2.86,0.667,1.908,36.97,56.87,0.65,568.7,15298.0,32.0,0.0,Gravedad,25700.64,10858.3,4721.0,Manual,False,
362a06d8-0457-424a-8bc4-818103b4b36e,PAR-031,CIC-2025-OI,2025-12-12,Uva,Desarrollo,3.02,0.794,2.398,40.44,62.21,0.65,622.1,16734.5,32.0,0.0,Gravedad,28113.96,11877.89,5164.3,Tradicion,True,Eficiencia baja
8ef9eba0-ee2a-4a71-a6e2-97ce701885bb,PAR-031,CIC-2025-OI,2025-12-14,Uva,Desarrollo,3.39,0.821,2.783,49.57,76.26,0.65,762.6,20513.9,32.0,0.0,Gravedad,34463.35,14560.38,6330.6,Manual,False,
3bfe4c2e-38aa-48e8-8ad6-576105ce572c,PAR-031,CIC-2025-OI,2026-01-05,Uva,Media,3.29,0.89,2.928,51.75,79.62,0.65,796.2,21417.8,8.0,12.67,Gravedad,35981.9,15201.85,6609.5,Manual,False,
990bad92-d2d0-4c0d-aeaf-e5870c502eef,PAR-031,CIC-2025-OI,2026-01-23,Uva,Media,3.58,0.82,2.936,42.23,64.97,0.65,649.7,17476.9,8.0,10.62,Gravedad,29361.19,12404.82,5393.4,Tradicion,False,Deficit acumulado
c8e75c7d-228b-408d-8afe-daae5e5a95ea,PAR-031,CIC-2025-OI,2026-01-24,Uva,Media,3.31,0.85,2.813,42.84,65.9,0.65,659.0,17727.1,32.0,0.0,Gravedad,29781.53,12582.38,5470.6,Manual,False,Deficit acumulado
6f891e4f-d4b5-4b3a-9138-b7d805e8c781,PAR-031,CIC-2025-OI,2026-02-13,Uva,Media,4.8,0.85,4.08,46.13,70.97,0.65,709.7,19090.9,8.0,35.47,Gravedad,32072.71,13550.45,5891.5,Tradicion,True,Sobre-riego detectado
0b2b140d-7e8b-49e1-9df5-6ddcdad42efc,PAR-032,CIC-2025-OI,2025-10-31,Frijol,Inicial,5.29,0.38,2.01,12.02,18.49,0.65,184.9,4696.5,8.0,10.09,Gravedad,7890.12,3333.39,1449.3,Manual,False,
069a15c8-e525-44cc-9cb5-b043c1ba2d7f,PAR-032,CIC-2025-OI,2025-11-01,Frijol,Inicial,3.7,0.38,1.406,12.69,19.52,0.65,195.2,4958.1,32.0,0.0,Gravedad,8329.61,3519.23,1530.1,Manual,False,
8c781245-6503-4177-a4c3-208dc213e57f,PAR-032,CIC-2025-OI,2025-11-22,Frijol,Desarrollo,3.84,0.705,2.707,27.01,41.55,0.65,415.5,10553.7,8.0,29.84,Gravedad,17730.22,7490.87,3256.9,Manual,False,Eficiencia baja
8ea46813-9fac-40e0-a346-2f982affedcb,PAR-032,CIC-2025-OI,2025-11-23,Frijol,Desarrollo,3.97,0.74,2.938,26.53,40.81,0.65,408.1,10365.7,32.0,0.0,Gravedad,17414.38,7357.47,3198.9,Tradicion,False,
2f0f8fbe-ffc7-4d82-b6f6-4b47dc2858d4,PAR-032,CIC-2025-OI,2025-12-03,Frijol,Desarrollo,3.04,0.99,3.01,35.49,54.6,0.65,546.0,13868.4,17.9,0.0,Gravedad,23298.91,9843.54,4279.8,Manual,False,Deficit acumulado
9aac8c2f-e06d-4d48-84c8-333391e6595d,PAR-032,CIC-2025-OI,2025-12-07,Frijol,Desarrollo,3.29,1.09,3.586,39.08,60.12,0.65,601.2,15270.5,32.0,0.0,Gravedad,25654.44,10838.75,4712.5,Manual,False,
cdd7d525-ba38-4ebd-adea-c809b56edcce,PAR-032,CIC-2025-OI,2025-12-18,Frijol,Media,3.42,1.11,3.796,36.28,55.82,0.65,558.2,14178.3,8.0,5.48,Gravedad,23819.54,10063.42,4375.4,Experiencia del operador,False,Sobre-riego detectado
8032d958-6bba-4724-93bc-25bd90410040,PAR-032,CIC-2025-OI,2025-12-25,Frijol,Media,3.51,1.11,3.896,40.18,61.82,0.65,618.2,15702.3,32.0,0.0,Gravedad,26379.86,11145.11,4845.7,Manual,False,Deficit acumulado
25360fbf-f129-49be-82d4-e7b37f10e009,PAR-032,CIC-2025-OI,2025-12-29,Frijol,Media,3.22,1.11,3.574,35.89,55.22,0.65,552.2,14025.9,32.0,0.0,Gravedad,23563.51,9955.32,4328.4,Manual,True,
507d427d-878a-42ab-9ac4-35367fe0ac19,PAR-032,CIC-2025-OI,2026-01-14,Frijol,Final,3.65,0.93,3.395,35.63,54.81,0.65,548.1,13921.7,8.0,18.69,Gravedad,23388.46,9881.26,4296.2,Tradicion,False,Eficiencia baja
3f7182a9-c542-46b7-9540-850bd0ea3d95,PAR-032,CIC-2025-OI,2026-01-15,Frijol,Final,3.46,0.85,2.941,31.37,48.26,0.65,482.6,12258.0,32.0,0.0,Gravedad,20593.44,8700.44,3782.8,Experiencia del operador,True,
6e86f441-671f-4490-93dc-f3a718b042ae,PAR-032,CIC-2025-OI,2026-01-22,Frijol,Final,3.52,0.59,2.077,23.02,35.41,0.65,354.1,8994.1,32.0,0.0,Gravedad,15110.09,6383.88,2775.6,Manual,True,Eficiencia baja
aabc0db9-4172-445a-a52b-54cfcd5e51dc,PAR-033,CIC-2025-OI,2025-11-05,Algodon,Inicial,3.6,0.39,1.404,21.32,26.0,0.82,260.0,3640.0,8.0,1.14,Microaspersion,6115.2,2583.59,1123.3,Tradicion,False,
6ffd6def-0f77-4119-be99-f27d4bbebf73,PAR-033,CIC-2025-OI,2025-11-09,Algodon,Inicial,3.95,0.32,1.264,15.66,19.1,0.82,191.0,2674.0,32.0,0.0,Microaspersion,4492.32,1897.96,825.2,Manual,False,Eficiencia baja
6578c812-7c36-4a7f-8eaf-027c347f3a9f,PAR-033,CIC-2025-OI,2025-12-12,Algodon,Desarrollo,3.24,0.761,2.466,36.45,44.45,0.82,444.5,6223.0,8.0,44.93,Microaspersion,10454.64,4416.92,1920.4,Manual,False,Eficiencia baja
39e4783d-2131-4936-baa8-a11023d7ae06,PAR-033,CIC-2025-OI,2026-01-07,Algodon,Desarrollo,3.18,1.173,3.73,56.19,68.52,0.82,685.2,9592.8,8.0,40.79,Microaspersion,16115.9,6808.69,2960.3,Manual,False,Eficiencia baja
990953b5-9670-49f5-b96a-3ba88ce1e47f,PAR-033,CIC-2025-OI,2026-02-03,Algodon,Media,4.76,1.22,5.807,56.53,68.94,0.82,689.4,9651.6,8.0,100.26,Microaspersion,16214.69,6850.55,2978.5,Manual,False,Deficit acumulado
a0131dd2-f5c6-481f-9210-4d422fa17d8b,PAR-033,CIC-2025-OI,2026-02-28,Algodon,Media,4.52,1.19,5.379,54.52,66.49,0.82,664.9,9308.6,8.0,79.95,Microaspersion,15638.45,6606.98,2872.6,Manual,False,Eficiencia baja
aa4f9953-a71f-445a-af9d-b50decd41090,PAR-033,CIC-2025-OI,2026-03-05,Algodon,Final,5.88,1.169,6.874,67.55,82.38,0.82,823.8,11533.2,32.0,0.0,Microaspersion,19375.78,8185.93,3559.1,Tradicion,False,Deficit acumulado
560c0973-9595-48bf-a630-5a4ea29cd231,PAR-033,CIC-2025-OI,2026-03-10,Algodon,Final,5.94,1.103,6.552,59.17,72.16,0.82,721.6,10102.4,32.0,0.0,Microaspersion,16972.03,7170.48,3117.6,Manual,False,
0cae8b76-fa36-46f6-9a4f-bdf6d1671001,PAR-033,CIC-2025-OI,2026-03-18,Algodon,Final,6.22,1.014,6.307,57.05,69.57,0.82,695.7,9739.8,13.0,0.0,Microaspersion,16362.86,6913.11,3005.7,Manual,False,Eficiencia baja
fba218d1-5a05-499d-a47c-b49497df3d56,PAR-034,CIC-2025-OI,2025-11-07,Chile,Inicial,3.59,0.62,2.226,30.82,47.42,0.65,474.2,6069.8,8.0,9.25,Gravedad,10197.26,4308.13,1873.1,Experiencia del operador,True,Deficit acumulado
c84ed282-2ea4-4993-b649-cc596bcab2f5,PAR-034,CIC-2025-OI,2026-01-01,Chile,Media,3.66,1.09,3.989,51.56,79.33,0.65,793.3,10154.2,8.0,167.83,Gravedad,17059.06,7207.28,3133.6,Manual,False,Sobre-riego detectado
fc9a1104-33db-40a5-be9b-011d95ab9c74,PAR-034,CIC-2025-OI,2026-01-07,Chile,Media,3.5,1.03,3.605,49.22,75.73,0.65,757.3,9693.4,32.0,0.0,Gravedad,16284.91,6880.22,2991.4,Manual,True,
7a8bd610-e788-43dd-b471-91c064031ffc,PAR-034,CIC-2025-OI,2026-01-17,Chile,Media,3.81,1.06,4.039,47.07,72.42,0.65,724.2,9269.8,16.5,0.0,Gravedad,15573.26,6579.61,2860.7,Manual,True,Deficit acumulado
8f2ebf0a-0579-4c41-aa67-5382cbda8813,PAR-034,CIC-2025-OI,2026-01-25,Chile,Media,3.77,1.06,3.996,55.26,85.02,0.65,850.2,10882.6,32.0,0.0,Gravedad,18282.77,7724.32,3358.4,Tradicion,True,Deficit acumulado
f3e0de06-2f88-4723-9f44-d8bc8985e9cf,PAR-034,CIC-2025-OI,2026-01-28,Chile,Media,3.2,1.03,3.296,46.74,71.9,0.65,719.0,9203.2,32.0,0.0,Gravedad,15461.38,6532.23,2840.1,Experiencia del operador,True,
50f9b39e-e8b5-416a-9196-68affc6f0590,PAR-034,CIC-2025-OI,2026-02-01,Chile,Final,4.25,1.026,4.361,52.49,80.76,0.65,807.6,10337.3,32.0,0.0,Gravedad,17366.66,7337.23,3190.1,Manual,False,
56b949e5-7aed-44ae-9c17-25481325bc07,PAR-034,CIC-2025-OI,2026-02-13,Chile,Final,4.42,0.944,4.172,41.46,63.79,0.65,637.9,8165.1,8.0,8.6,Gravedad,13717.37,5795.31,2519.7,Manual,False,
e879b7b8-9c77-4faa-986a-02b87b4191cd,PAR-035,CIC-2025-OI,2025-10-27,Uva,Inicial,4.99,0.3,1.497,21.79,33.52,0.65,335.2,4625.8,32.0,0.0,Gravedad,7771.34,3283.25,1427.5,Tradicion,False,
30cda428-9041-4af2-b335-6fa418d42fb0,PAR-035,CIC-2025-OI,2025-10-28,Uva,Inicial,5.03,0.33,1.66,22.69,34.91,0.65,349.1,4817.6,32.0,0.0,Gravedad,8093.57,3419.41,1486.7,Manual,True,Eficiencia baja
f586acf3-dc0b-43ab-8491-8ad8f03356a3,PAR-035,CIC-2025-OI,2025-11-15,Uva,Desarrollo,3.52,0.412,1.45,34.74,53.44,0.65,534.4,7374.7,32.0,0.0,Gravedad,12389.5,5234.34,2275.8,Experiencia del operador,True,Deficit acumulado
368a45e8-0f1e-453e-8f9c-f9c902384e2b,PAR-035,CIC-2025-OI,2025-11-21,Uva,Desarrollo,3.47,0.435,1.509,32.94,50.67,0.65,506.7,6992.5,32.0,0.0,Gravedad,11747.4,4963.17,2157.9,Manual,False,Eficiencia baja
1468cd37-6a41-4529-8e3d-e1d06090ac91,PAR-035,CIC-2025-OI,2025-11-30,Uva,Desarrollo,3.61,0.559,2.018,47.05,72.39,0.65,723.9,9989.8,32.0,0.0,Gravedad,16782.86,7090.67,3082.9,Experiencia del operador,False,
0caf8c31-f909-4468-9a20-29daf574d472,PAR-035,CIC-2025-OI,2025-12-27,Uva,Media,3.43,0.87,2.984,61.16,94.1,0.65,941.0,12985.8,8.0,19.41,Gravedad,21816.14,9217.02,4007.4,Manual,False,Deficit acumulado
297990f4-1508-4a66-9db1-b2556dba8fcc,PAR-035,CIC-2025-OI,2026-01-01,Uva,Media,3.22,0.88,2.834,75.47,116.11,0.65,1161.1,16023.2,32.0,0.0,Gravedad,26918.98,11373.04,4944.8,Manual,True,Eficiencia baja
902233f7-5a0c-43a9-b4fc-b510e995d768,PAR-035,CIC-2025-OI,2026-03-27,Uva,Media,5.73,0.88,5.042,74.79,115.06,0.65,1150.6,15878.3,8.0,353.78,Gravedad,26675.54,11270.0,4900.0,Manual,False,
3780e3a6-6c27-4c8b-bc4a-a9fb442a67c5,PAR-035,CIC-2025-OI,2026-04-03,Uva,Media,7.26,0.83,6.026,62.84,96.68,0.65,966.8,13341.8,32.0,0.0,Gravedad,22414.22,9469.79,4117.3,Manual,False,
e992e030-97ec-4cad-afa8-85f329d7c095,PAR-036,CIC-2025-OI,2025-10-25,Uva,Inicial,4.88,0.33,1.61,11.88,18.28,0.65,182.8,5392.6,32.0,0.0,Gravedad,9059.57,3827.66,1664.2,Experiencia del operador,False,
9de4ae1e-2c8e-47f7-a937-d65e82ce2ec1,PAR-036,CIC-2025-OI,2025-11-13,Uva,Desarrollo,3.75,0.395,1.481,16.41,25.25,0.65,252.5,7448.8,8.0,11.73,Gravedad,12513.98,5287.01,2298.7,Experiencia del operador,False,
0cf1d041-a1c3-49f9-9410-0959c559c64f,PAR-036,CIC-2025-OI,2025-11-20,Uva,Desarrollo,3.68,0.471,1.733,19.96,30.7,0.65,307.0,9056.5,32.0,0.0,Gravedad,15214.92,6428.04,2794.8,Manual,False,
31d56c35-9ba1-4f05-84dd-e7e550c6fa05,PAR-036,CIC-2025-OI,2025-12-31,Uva,Media,3.2,0.82,2.624,32.77,50.42,0.65,504.2,14873.9,8.0,74.81,Gravedad,24988.15,10557.23,4590.1,Tradicion,False,Deficit acumulado
c502be7d-f6d8-4451-86ab-86283e720d4a,PAR-036,CIC-2025-OI,2026-01-02,Uva,Media,3.42,0.82,2.804,33.1,50.92,0.65,509.2,15021.4,32.0,0.0,Gravedad,25235.95,10661.88,4635.6,Experiencia del operador,False,
f1aa5049-cbac-4769-bfa9-9ae5f562cd2f,PAR-036,CIC-2025-OI,2026-01-06,Uva,Media,3.72,0.85,3.162,31.28,48.13,0.65,481.3,14198.4,32.0,0.0,Gravedad,23853.31,10077.68,4381.6,Manual,True,Sobre-riego detectado
1b7e4e98-4103-4882-bca5-eb17ee9d8bde,PAR-036,CIC-2025-OI,2026-01-10,Uva,Media,3.29,0.87,2.862,37.18,57.2,0.65,572.0,16874.0,32.0,0.0,Gravedad,28348.32,11976.79,5207.3,Manual,False,Deficit acumulado
85558d7b-3269-4333-9972-d279430c4966,PAR-036,CIC-2025-OI,2026-01-22,Uva,Media,3.79,0.89,3.373,31.34,48.22,0.65,482.2,14224.9,8.0,9.14,Gravedad,23897.83,10096.54,4389.8,Manual,False,Deficit acumulado
dd92dd6f-b7d6-45c7-bfe4-a14eb5156358,PAR-036,CIC-2025-OI,2026-01-27,Uva,Media,3.36,0.88,2.957,31.69,48.75,0.65,487.5,14381.2,32.0,0.0,Gravedad,24160.42,10207.4,4438.0,Tradicion,False,
71983360-60c1-4c5f-a558-736c76892e6d,PAR-036,CIC-2025-OI,2026-03-01,Uva,Media,5.82,0.82,4.772,35.05,53.92,0.65,539.2,15906.4,8.0,122.43,Gravedad,26722.75,11290.01,4908.7,Manual,False,Sobre-riego detectado
2e8b0040-5bfa-4a56-8c68-cc50930f8b97,PAR-036,CIC-2025-OI,2026-04-02,Uva,Media,7.82,0.84,6.569,34.91,53.7,0.65,537.0,15841.5,8.0,175.3,Gravedad,26613.72,11244.01,4888.7,Experiencia del operador,False,
0d547d7a-0062-435b-9bcd-f265bbc96dd0,PAR-036,CIC-2025-OI,2026-04-12,Uva,Media,7.83,0.87,6.812,33.4,51.38,0.65,513.8,15157.1,8.0,34.72,Gravedad,25463.93,10758.25,4677.5,Manual,False,Sobre-riego detectado
297c176f-be78-4622-ac8c-ed45292ecf1e,PAR-036,CIC-2025-OI,2026-04-18,Uva,Media,7.48,0.82,6.134,33.1,50.92,0.65,509.2,15021.4,8.0,3.7,Gravedad,25235.95,10661.88,4635.6,Manual,True,Eficiencia baja
5dbef752-509b-4fdd-b430-f062661d1817,PAR-037,CIC-2025-OI,2025-10-26,Frijol,Inicial,4.76,0.42,1.999,25.28,38.89,0.65,388.9,15011.5,32.0,0.0,Gravedad,25219.32,10654.75,4632.5,Manual,False,Deficit acumulado
341685dc-0987-4228-9f51-17ea10601468,PAR-037,CIC-2025-OI,2025-11-03,Frijol,Inicial,3.8,0.42,1.596,20.41,31.4,0.65,314.0,12120.4,32.0,0.0,Gravedad,20362.27,8602.92,3740.4,Experiencia del operador,False,
02be4ad1-ee67-44c3-a97c-164284923082,PAR-037,CIC-2025-OI,2025-11-13,Frijol,Desarrollo,3.84,0.52,1.997,31.01,47.71,0.65,477.1,18416.1,32.0,0.0,Gravedad,30939.05,13071.36,5683.2,Tradicion,False,
d4cdbead-f1dc-4a0b-aebc-25a587b2d37b,PAR-037,CIC-2025-OI,2025-11-17,Frijol,Desarrollo,3.61,0.58,2.094,35.23,54.2,0.65,542.0,20921.2,32.0,0.0,Gravedad,35147.62,14849.49,6456.3,Manual,False,
85b52898-facb-44b5-8b6e-f54fc8257490,PAR-037,CIC-2025-OI,2025-12-17,Frijol,Media,3.11,1.14,3.545,69.88,107.51,0.65,1075.1,41498.9,8.0,36.47,Gravedad,69718.15,29455.18,12806.6,Manual,False,Sobre-riego detectado
b09abe6c-22d0-47da-af77-79465651fd21,PAR-037,CIC-2025-OI,2025-12-24,Frijol,Media,3.0,1.14,3.42,57.91,89.1,0.65,891.0,34392.6,32.0,0.0,Gravedad,57779.57,24411.28,10613.6,Tradicion,False,Sobre-riego detectado
423019e3-7922-424b-a0e3-7e835b05f988,PAR-037,CIC-2025-OI,2026-01-05,Frijol,Media,3.72,1.17,4.352,63.97,98.41,0.65,984.1,37986.3,22.5,0.0,Gravedad,63816.98,26961.98,11722.6,Manual,False,
28045611-8409-4934-a13c-e988a457552b,PAR-037,CIC-2025-OI,2026-01-30,Frijol,Final,3.73,0.37,1.38,18.8,28.92,0.65,289.2,11163.1,8.0,15.7,Gravedad,18754.01,7923.27,3444.9,Manual,False,Deficit acumulado
cb8edd0a-e906-44b8-9271-3b4f95a6b899,PAR-037,CIC-2025-OI,2026-02-06,Frijol,Final,4.34,0.33,1.432,16.58,25.51,0.65,255.1,9846.9,32.0,0.0,Gravedad,16542.79,6989.24,3038.8,Manual,False,Eficiencia baja
011cc6a2-6a13-48e6-9373-5aa38bb45622,PAR-038,CIC-2025-OI,2025-10-27,Algodon,Inicial,4.87,0.33,1.607,15.14,23.29,0.65,232.9,4285.4,32.0,0.0,Gravedad,7199.47,3041.75,1322.5,Manual,False,
89f2c291-f6a8-48ae-a7cc-9cfb19f42fe2,PAR-038,CIC-2025-OI,2025-11-10,Algodon,Inicial,3.59,0.38,1.364,16.5,25.38,0.65,253.8,4669.9,8.0,2.6,Gravedad,7845.43,3314.53,1441.1,Manual,False,
fba7bd93-ec0b-4b26-b14a-b2a0bf6cc740,PAR-038,CIC-2025-OI,2025-11-21,Algodon,Desarrollo,3.92,0.364,1.427,14.31,22.02,0.65,220.2,4051.7,8.0,1.39,Gravedad,6806.86,2875.92,1250.4,Tradicion,True,Deficit acumulado
d54d8e53-73b6-4c0e-b0e1-3eb2cd3151be,PAR-038,CIC-2025-OI,2025-12-05,Algodon,Desarrollo,2.87,0.592,1.699,25.95,39.92,0.65,399.2,7345.3,9.1,0.0,Gravedad,12340.1,5213.64,2266.8,Experiencia del operador,False,Sobre-riego detectado
edb4533c-f1ae-406a-9214-5a878bc4e1a1,PAR-038,CIC-2025-OI,2025-12-12,Algodon,Desarrollo,3.05,0.751,2.291,28.3,43.54,0.65,435.4,8011.4,32.0,0.0,Gravedad,13459.15,5686.29,2472.3,Experiencia del operador,True,
06ed95d6-178e-4966-b464-2b8c26989251,PAR-038,CIC-2025-OI,2025-12-18,Algodon,Desarrollo,2.92,0.803,2.345,34.53,53.13,0.65,531.3,9775.9,32.0,0.0,Gravedad,16423.51,6938.64,3016.8,Manual,False,
2a548e9f-4268-46be-85fc-14c3b90551b2,PAR-038,CIC-2025-OI,2026-01-12,Algodon,Media,3.25,1.24,4.03,53.33,82.05,0.65,820.5,15097.2,8.0,47.42,Gravedad,25363.3,10715.7,4659.0,Tradicion,False,
19c53aa8-0632-4b22-b8ec-f13a94a64884,PAR-038,CIC-2025-OI,2026-03-12,Algodon,Final,6.08,1.111,6.755,45.97,70.72,0.65,707.2,13012.5,8.0,352.58,Gravedad,21861.0,9236.11,4015.7,Manual,False,Deficit acumulado
b721a244-9875-4711-98c3-6621cdfd8486,PAR-038,CIC-2025-OI,2026-03-15,Algodon,Final,5.89,1.038,6.114,41.24,63.44,0.65,634.4,11673.0,32.0,0.0,Gravedad,19610.64,8285.29,3602.3,Experiencia del operador,True,
39793b9a-c22e-4565-b93b-3d3c7fcbae0f,PAR-038,CIC-2025-OI,2026-03-26,Algodon,Final,6.19,0.926,5.732,36.78,56.58,0.65,565.8,10410.7,8.0,26.27,Gravedad,17489.98,7389.21,3212.7,Manual,False,
0de024d0-3d2b-4d97-bd36-6ca797dc7004,PAR-039,CIC-2025-OI,2025-10-28,Algodon,Inicial,4.97,0.35,1.739,17.71,27.25,0.65,272.5,7275.8,27.3,0.0,Gravedad,12223.34,5164.19,2245.3,Manual,False,
7cc6dc6f-3ed3-411f-b1e1-52f40f99b1e0,PAR-039,CIC-2025-OI,2025-11-16,Algodon,Inicial,3.91,0.35,1.369,14.39,22.14,0.65,221.4,5911.4,8.0,11.62,Gravedad,9931.15,4195.89,1824.3,Manual,False,
268314ee-2c99-49e8-914f-e501c98c68b9,PAR-039,CIC-2025-OI,2025-11-18,Algodon,Inicial,3.48,0.32,1.114,15.76,24.24,0.65,242.4,6472.1,32.0,0.0,Gravedad,10873.13,4593.79,1997.3,Experiencia del operador,False,
72d258b3-0992-4a5d-b0e1-a629f2f1fc0a,PAR-039,CIC-2025-OI,2025-11-30,Algodon,Desarrollo,4.09,0.517,2.115,21.26,32.7,0.65,327.0,8730.9,8.0,4.12,Gravedad,14667.91,6197.12,2694.4,Manual,False,
322a6875-27d0-478e-b7df-0236c6be789c,PAR-039,CIC-2025-OI,2026-01-12,Algodon,Media,3.82,1.17,4.469,51.27,78.88,0.65,788.8,21061.0,8.0,140.9,Gravedad,35382.48,14948.62,6499.4,Experiencia del operador,False,Eficiencia baja
b849075f-a292-47dc-ac2e-cf9d2bbba798,PAR-039,CIC-2025-OI,2026-03-01,Algodon,Media,6.26,1.21,7.575,61.22,94.19,0.65,941.9,25148.7,8.0,302.38,Gravedad,42249.82,17850.07,7760.9,Manual,False,
eb717393-13eb-449d-a659-bce6513d931f,PAR-039,CIC-2025-OI,2026-03-14,Algodon,Final,5.69,1.079,6.14,52.16,80.24,0.65,802.4,21424.1,8.0,27.66,Gravedad,35992.49,15206.45,6611.5,Tradicion,True,Sobre-riego detectado
bc56b79b-bd2f-4ed8-9fd6-d735ccb60606,PAR-039,CIC-2025-OI,2026-03-19,Algodon,Final,5.85,1.003,5.868,41.7,64.16,0.65,641.6,17130.7,32.0,0.0,Gravedad,28779.58,12158.95,5286.5,Experiencia del operador,False,Deficit acumulado
e15b9f35-339f-4fc8-b8d9-45062e6b4e72,PAR-039,CIC-2025-OI,2026-04-03,Algodon,Final,7.42,0.887,6.582,39.66,61.01,0.65,610.1,16289.7,8.0,59.07,Gravedad,27366.7,11562.1,5027.0,Manual,False,
a12ae29c-98d6-4792-9068-acfe5e23c054,PAR-040,CIC-2025-OI,2025-11-10,Uva,Desarrollo,4.13,0.294,1.214,10.56,16.25,0.65,162.5,845.0,8.0,14.93,Gravedad,1419.6,599.84,260.8,Manual,False,
ff5aad51-06c7-4c25-8376-d06694b4e1b1,PAR-040,CIC-2025-OI,2025-11-15,Uva,Desarrollo,3.75,0.403,1.511,14.63,22.51,0.65,225.1,1170.5,32.0,0.0,Gravedad,1966.44,830.76,361.2,Manual,True,Sobre-riego detectado
71d0a458-e9f7-48dd-aebe-be482cc75516,PAR-040,CIC-2025-OI,2025-11-21,Uva,Desarrollo,3.64,0.435,1.583,15.14,23.29,0.65,232.9,1211.1,32.0,0.0,Gravedad,2034.65,859.51,373.7,Experiencia del operador,False,
bf53f6b7-e7c7-497b-856d-e9577369dddd,PAR-040,CIC-2025-OI,2025-12-10,Uva,Desarrollo,3.0,0.726,2.178,30.62,47.1,0.65,471.0,2449.2,8.0,10.76,Gravedad,4114.66,1738.34,755.8,Manual,False,Sobre-riego detectado
4ad45f6a-1287-40d1-a097-d740e4e02a5c,PAR-040,CIC-2025-OI,2025-12-15,Uva,Desarrollo,3.48,0.795,2.767,30.13,46.35,0.65,463.5,2410.2,32.0,0.0,Gravedad,4049.14,1710.74,743.8,Manual,True,Eficiencia baja
375b2d68-7945-4f1b-ba17-9766d8acec28,PAR-040,CIC-2025-OI,2026-01-14,Uva,Media,3.81,0.89,3.391,34.42,52.95,0.65,529.5,2753.4,8.0,67.31,Gravedad,4625.71,1954.31,849.7,Tradicion,False,Deficit acumulado
1a1e32b2-306f-4bfc-a231-bbfbd3893772,PAR-040,CIC-2025-OI,2026-01-17,Uva,Media,3.83,0.82,3.141,31.08,47.81,0.65,478.1,2486.1,32.0,0.0,Gravedad,4176.65,1764.56,767.2,Tradicion,False,Sobre-riego detectado
adf972fa-9d06-4344-af8b-2989d489a4c9,PAR-040,CIC-2025-OI,2026-01-20,Uva,Media,3.54,0.83,2.938,34.98,53.82,0.65,538.2,2798.6,32.0,0.0,Gravedad,4701.65,1986.28,863.6,Manual,True,
ffd26151-3342-4aa0-99d4-cb061b879cc8,PAR-040,CIC-2025-OI,2026-02-03,Uva,Media,4.55,0.86,3.913,30.26,46.56,0.65,465.6,2421.1,8.0,24.52,Gravedad,4067.45,1718.56,747.2,Manual,True,
94e1f87e-66a2-4eeb-9202-f8c3eaeeec7b,PAR-040,CIC-2025-OI,2026-02-04,Uva,Media,4.8,0.89,4.272,34.42,52.95,0.65,529.5,2753.4,32.0,0.0,Gravedad,4625.71,1954.31,849.7,Manual,True,
cbbc7ba1-22d5-47e3-a4c8-a196e3064621,PAR-040,CIC-2025-OI,2026-02-12,Uva,Media,4.43,0.87,3.854,33.64,51.76,0.65,517.6,2691.5,9.1,0.0,Gravedad,4521.72,1910.38,830.6,Manual,False,Deficit acumulado
1676454a-9865-43bc-9118-c05460b02d8d,PAR-040,CIC-2025-OI,2026-02-21,Uva,Media,4.59,0.81,3.718,32.27,49.64,0.65,496.4,2581.3,8.0,1.19,Gravedad,4336.58,1832.18,796.6,Tradicion,True,Deficit acumulado
6c0873f3-875e-4b76-9201-ba3d203830b2,PAR-040,CIC-2025-OI,2026-02-26,Uva,Media,4.67,0.87,4.063,31.29,48.14,0.65,481.4,2503.3,32.0,0.0,Gravedad,4205.54,1776.75,772.5,Tradicion,False,
03d516c2-92c3-4575-b067-f087f79bc9bf,PAR-040,CIC-2025-OI,2026-03-28,Uva,Media,5.91,0.87,5.142,32.3,49.69,0.65,496.9,2583.9,8.0,121.96,Gravedad,4340.95,1834.02,797.4,Manual,False,
dfc29697-552f-41ec-96b9-8ddea190c284,PAR-041,CIC-2025-OI,2025-10-29,Uva,Inicial,5.03,0.29,1.459,15.93,24.5,0.65,245.0,3381.0,21.3,0.0,Gravedad,5680.08,2399.82,1043.4,Experiencia del operador,False,
ec48dddf-c893-4d4a-8428-f1e58115a90e,PAR-041,CIC-2025-OI,2025-11-25,Uva,Desarrollo,3.88,0.51,1.979,31.76,48.86,0.65,488.6,6742.7,8.0,21.67,Gravedad,11327.74,4785.84,2080.8,Manual,False,Sobre-riego detectado
b357d174-9613-4d61-8e00-3a2ad7b1fedc,PAR-041,CIC-2025-OI,2026-01-10,Uva,Media,3.21,0.85,2.728,42.34,65.14,0.65,651.4,8989.3,8.0,83.15,Gravedad,15102.02,6380.43,2774.1,Experiencia del operador,True,
a3b3dba7-0e09-4ab0-81d0-cd166d8b4db3,PAR-041,CIC-2025-OI,2026-01-11,Uva,Media,3.68,0.85,3.128,52.93,81.43,0.65,814.3,11237.3,32.0,0.0,Gravedad,18878.66,7975.94,3467.8,Manual,False,
2cfb7d1d-783d-4a25-9739-075565fc6785,PAR-041,CIC-2025-OI,2026-01-26,Uva,Media,3.56,0.87,3.097,43.84,67.44,0.65,674.4,9306.7,8.0,2.61,Gravedad,15635.26,6605.6,2872.0,Manual,False,Deficit acumulado
10cc7f23-453f-4920-9549-3e54257b916a,PAR-041,CIC-2025-OI,2026-02-07,Uva,Media,4.31,0.82,3.534,45.96,70.7,0.65,707.0,9756.6,8.4,0.0,Gravedad,16391.09,6925.07,3010.9,Experiencia del operador,True,
6d6836e7-d10f-4672-b0e3-857d66b2518c,PAR-041,CIC-2025-OI,2026-02-18,Uva,Media,4.82,0.82,3.952,44.56,68.56,0.65,685.6,9461.3,8.0,0.0,Gravedad,15894.98,6715.54,2919.8,Experiencia del operador,False,
cc65eb52-1515-4095-995d-37eca9e414f0,PAR-041,CIC-2025-OI,2026-03-01,Uva,Media,6.14,0.84,5.158,50.41,77.55,0.65,775.5,10701.9,8.0,6.33,Gravedad,17979.19,7595.98,3302.6,Manual,False,Deficit acumulado
43c2d834-d9a1-40ef-8fd2-d61c38b92997,PAR-041,CIC-2025-OI,2026-03-02,Uva,Media,6.01,0.82,4.928,43.63,67.13,0.65,671.3,9263.9,32.0,0.0,Gravedad,15563.35,6575.24,2858.8,Manual,False,
5d2706e9-346b-4040-99d9-c4a9e268b42d,PAR-041,CIC-2025-OI,2026-04-09,Uva,Media,7.62,0.86,6.553,42.84,65.91,0.65,659.1,9095.6,8.0,206.17,Gravedad,15280.61,6455.87,2806.9,Experiencia del operador,True,Sobre-riego detectado
e8971972-552e-419b-bc41-fe16a39afe91,PAR-042,CIC-2025-OI,2025-11-15,Chile,Desarrollo,3.57,0.593,2.117,31.38,39.23,0.8,392.3,10356.7,8.0,23.66,Aspersion,17399.26,7351.03,3196.1,Tradicion,True,Deficit acumulado
8c0b4a8f-37b4-428f-a04d-77c557603a89,PAR-042,CIC-2025-OI,2025-12-04,Chile,Desarrollo,2.92,0.897,2.619,46.19,57.74,0.8,577.4,15243.4,8.0,3.57,Aspersion,25608.91,10819.43,4704.1,Tradicion,True,
72927825-2c92-48ab-8a1d-206c1bec008c,PAR-042,CIC-2025-OI,2025-12-06,Chile,Desarrollo,3.4,0.863,2.934,44.85,56.06,0.8,560.6,14799.8,32.0,0.0,Aspersion,24863.66,10504.56,4567.2,Manual,False,Deficit acumulado
e41404bb-78e9-4359-9871-b68f2f34d372,PAR-042,CIC-2025-OI,2025-12-19,Chile,Desarrollo,3.51,1.06,3.721,47.44,59.3,0.8,593.0,15655.2,8.0,0.93,Aspersion,26300.74,11111.76,4831.2,Manual,True,Sobre-riego detectado
074513b9-ebde-4042-a7ee-aa4eb70dfa86,PAR-042,CIC-2025-OI,2025-12-30,Chile,Media,3.29,1.08,3.553,53.02,66.27,0.8,662.7,17495.3,32.0,0.0,Aspersion,29392.1,12417.7,5399.0,Manual,False,
c65ce531-e9ce-46d5-b1f8-07f7576aca35,PAR-042,CIC-2025-OI,2026-01-06,Chile,Media,3.79,1.07,4.055,46.34,57.93,0.8,579.3,15293.5,32.0,0.0,Aspersion,25693.08,10855.08,4719.6,Experiencia del operador,True,
1866c253-1e4d-4ac8-81d7-294fa1aba42f,PAR-042,CIC-2025-OI,2026-01-09,Chile,Media,3.24,1.06,3.434,50.5,63.13,0.8,631.3,16666.3,32.0,0.0,Aspersion,27999.38,11829.36,5143.2,Manual,True,
a7befa86-d946-4d98-b820-628a6ef2292a,PAR-042,CIC-2025-OI,2026-01-27,Chile,Media,3.78,1.02,3.856,46.63,58.29,0.8,582.9,15388.6,8.0,22.78,Aspersion,25852.85,10922.47,4748.9,Tradicion,False,
f41a4994-c357-4b06-a632-7fbbfa383401,PAR-042,CIC-2025-OI,2026-02-06,Chile,Final,4.7,1.006,4.728,51.8,64.75,0.8,647.5,17094.0,9.6,0.0,Aspersion,28717.92,12132.96,5275.2,Manual,False,Eficiencia baja
dd797640-3a16-4cdf-bf00-21f7d4c6e4a3,PAR-042,CIC-2025-OI,2026-02-09,Chile,Final,4.21,1.018,4.286,44.58,55.73,0.8,557.3,14712.7,32.0,0.0,Aspersion,24717.34,10442.69,4540.3,Manual,False,
2d926dd8-b2f8-4ed8-a2a5-735e64d67469,PAR-043,CIC-2025-OI,2025-11-21,Algodon,Desarrollo,4.12,0.354,1.458,22.33,27.23,0.82,272.3,5500.5,8.0,24.33,Microaspersion,9240.84,3904.25,1697.5,Experiencia del operador,False,Eficiencia baja
1e687f56-1f9c-442b-ab9a-066fea2ba7df,PAR-043,CIC-2025-OI,2025-11-25,Algodon,Desarrollo,3.89,0.452,1.758,31.36,38.25,0.82,382.5,7726.5,32.0,0.0,Microaspersion,12980.52,5484.12,2384.4,Manual,True,Sobre-riego detectado
d88ef986-5bf1-4bd9-887f-c873ee2a4a54,PAR-043,CIC-2025-OI,2025-11-30,Algodon,Desarrollo,4.08,0.527,2.15,38.42,46.85,0.82,468.5,9463.7,32.0,0.0,Microaspersion,15899.02,6717.15,2920.5,Tradicion,False,Sobre-riego detectado
e994b1fa-b2db-4bb9-83a6-b187b3483071,PAR-043,CIC-2025-OI,2025-12-10,Algodon,Desarrollo,3.53,0.737,2.602,57.85,70.55,0.82,705.5,14251.1,32.0,0.0,Microaspersion,23941.85,10115.17,4397.9,Experiencia del operador,False,
8fb9af5d-58fd-4a0c-ba99-eddd2d413996,PAR-043,CIC-2025-OI,2025-12-31,Algodon,Desarrollo,3.23,1.054,3.404,67.96,82.88,0.82,828.8,16741.8,8.0,3.52,Microaspersion,28126.22,11882.95,5166.5,Manual,False,Deficit acumulado
9b33e9ae-e186-413b-ac0e-81a2cc33c280,PAR-043,CIC-2025-OI,2026-01-05,Algodon,Desarrollo,3.57,1.149,4.102,81.34,99.19,0.82,991.9,20036.4,32.0,0.0,Microaspersion,33661.15,14221.36,6183.2,Tradicion,False,Deficit acumulado
4a4b0677-6588-4340-96ae-882c5b972f65,PAR-043,CIC-2025-OI,2026-02-19,Algodon,Media,4.3,1.16,4.988,78.87,96.18,0.82,961.8,19428.4,8.0,145.59,Microaspersion,32639.71,13789.88,5995.6,Manual,True,Deficit acumulado
e35e351c-e759-4ca6-ae52-072617f2cbe1,PAR-043,CIC-2025-OI,2026-03-26,Algodon,Final,5.8,0.926,5.371,68.12,83.07,0.82,830.7,16780.1,8.0,119.87,Microaspersion,28190.57,11910.09,5178.3,Manual,False,
5e2eb9c6-6c6c-41fe-bb32-438c2446bec0,PAR-044,CIC-2025-OI,2025-12-13,Maiz,Desarrollo,2.97,1.154,3.427,53.24,81.9,0.65,819.0,19492.2,8.0,131.82,Gravedad,32746.9,13835.19,6015.3,Experiencia del operador,False,
a955e1e1-f67b-4a5f-b773-2135531b9ac5,PAR-044,CIC-2025-OI,2026-01-08,Maiz,Media,3.45,1.18,4.071,62.03,95.43,0.65,954.3,22712.3,8.0,43.82,Gravedad,38156.66,16120.7,7009.0,Manual,False,
1d135c40-3b04-48ab-9190-38acf5f55582,PAR-044,CIC-2025-OI,2026-01-22,Maiz,Media,3.42,1.23,4.207,56.73,87.27,0.65,872.7,20770.3,8.0,2.17,Gravedad,34894.1,14742.31,6409.7,Manual,False,
28b6e45f-3183-45df-82eb-b62720497c96,PAR-044,CIC-2025-OI,2026-02-04,Maiz,Final,4.72,0.98,4.626,48.11,74.02,0.65,740.2,17616.8,8.0,12.03,Gravedad,29596.22,12503.95,5436.5,Manual,False,Eficiencia baja
daeb0fee-b2cd-4bee-bb22-3a041ce4f793,PAR-044,CIC-2025-OI,2026-02-13,Maiz,Final,4.56,0.82,3.739,38.63,59.43,0.65,594.3,14144.3,14.8,0.0,Gravedad,23762.42,10039.27,4364.9,Tradicion,False,Sobre-riego detectado
5bc33733-68d8-4153-bc68-1d67b6e732db,PAR-044,CIC-2025-OI,2026-02-21,Maiz,Final,4.23,0.59,2.496,31.3,48.16,0.65,481.6,11462.1,32.0,0.0,Gravedad,19256.33,8135.56,3537.2,Experiencia del operador,False,Eficiencia baja
ad8c32c0-6582-48d2-beb3-ebaacc3902d4,PAR-044,CIC-2025-OI,2026-02-28,Maiz,Final,4.32,0.62,2.678,28.59,43.99,0.65,439.9,10469.6,32.0,0.0,Gravedad,17588.93,7431.07,3230.9,Manual,False,Eficiencia baja
dadeb465-becd-4b0f-b46d-55c6e3db46e9,PAR-044,CIC-2025-OI,2026-03-05,Maiz,Final,5.74,0.61,3.501,29.04,44.68,0.65,446.8,10633.8,32.0,0.0,Gravedad,17864.78,7547.68,3281.6,Manual,False,Deficit acumulado
7624ba17-975e-4c23-8141-1363448c8109,PAR-045,CIC-2025-OI,2025-11-02,Frijol,Inicial,3.72,0.37,1.376,14.77,18.46,0.8,184.6,2399.8,8.0,3.12,Aspersion,4031.66,1703.38,740.6,Manual,True,
bb21d425-d99c-4be6-acb8-010f74a0f936,PAR-045,CIC-2025-OI,2025-11-07,Frijol,Inicial,4.14,0.43,1.78,18.5,23.13,0.8,231.3,3006.9,32.0,0.0,Aspersion,5051.59,2134.17,927.9,Manual,True,
68791bbe-5e68-43b1-9211-7a8bf1669194,PAR-045,CIC-2025-OI,2025-11-21,Frijol,Desarrollo,3.48,0.69,2.401,27.26,34.08,0.8,340.8,4430.4,8.0,6.35,Aspersion,7443.07,3144.56,1367.2,Tradicion,True,
f42a2849-00a5-440f-a832-2eedf9600854,PAR-045,CIC-2025-OI,2025-11-23,Frijol,Desarrollo,3.46,0.77,2.664,29.82,37.28,0.8,372.8,4846.4,32.0,0.0,Aspersion,8141.95,3439.88,1495.6,Experiencia del operador,False,Eficiencia baja
e2d17d59-3887-43ef-bc07-300fb98eb144,PAR-045,CIC-2025-OI,2025-11-29,Frijol,Desarrollo,3.67,0.89,3.266,33.43,41.79,0.8,417.9,5432.7,32.0,0.0,Aspersion,9126.94,3855.95,1676.5,Manual,False,Eficiencia baja
aeca6f5d-7160-438b-a142-a0a7c41886d2,PAR-045,CIC-2025-OI,2025-11-30,Frijol,Desarrollo,3.8,0.915,3.477,31.86,39.83,0.8,398.3,5177.9,32.0,0.0,Aspersion,8698.87,3675.17,1597.9,Manual,False,
796714b5-8f29-45f3-a55a-6eca2778cb5a,PAR-045,CIC-2025-OI,2025-12-05,Frijol,Desarrollo,3.2,1.03,3.296,41.51,51.89,0.8,518.9,6745.7,32.0,0.0,Aspersion,11332.78,4787.91,2081.7,Manual,False,
fc7e7be4-e14d-4e0e-a2b7-83876d3aee11,PAR-045,CIC-2025-OI,2025-12-13,Frijol,Media,2.92,1.17,3.416,42.58,53.22,0.8,532.2,6918.6,32.0,0.0,Aspersion,11623.25,4910.73,2135.1,Manual,True,Eficiencia baja
67d8ccb2-daa7-4904-9b5d-2b2f2dd488de,PAR-045,CIC-2025-OI,2025-12-31,Frijol,Media,3.45,1.15,3.967,47.24,59.05,0.8,590.5,7676.5,8.0,24.17,Aspersion,12896.52,5448.7,2369.0,Manual,True,Deficit acumulado
959ebaf0-a2e0-478a-8d98-4a6c117c7b96,PAR-045,CIC-2025-OI,2026-01-04,Frijol,Media,3.66,1.19,4.355,49.82,62.27,0.8,622.7,8095.1,32.0,0.0,Aspersion,13599.77,5745.63,2498.1,Tradicion,False,
ef7bf72c-5964-4a84-b060-455f0375e2fe,PAR-045,CIC-2025-OI,2026-01-10,Frijol,Final,3.76,1.06,3.986,38.98,48.73,0.8,487.3,6334.9,32.0,0.0,Aspersion,10642.63,4496.5,1955.0,Manual,True,Eficiencia baja
9159b935-222c-454c-b881-772de6c2b394,PAR-045,CIC-2025-OI,2026-01-18,Frijol,Final,3.2,0.72,2.304,27.04,33.8,0.8,338.0,4394.0,32.0,0.0,Aspersion,7381.92,3118.8,1356.0,Tradicion,False,
cba1682b-874e-400e-8c02-26df524ef5a7,PAR-045,CIC-2025-OI,2026-01-24,Frijol,Final,3.34,0.48,1.603,17.28,21.6,0.8,216.0,2808.0,32.0,0.0,Aspersion,4717.44,1992.95,866.5,Manual,False,Sobre-riego detectado
07aedb80-e171-4b80-992b-500341043b1f,PAR-045,CIC-2025-OI,2026-02-05,Frijol,Final,4.24,0.34,1.442,14.5,18.12,0.8,181.2,2355.6,8.0,2.8,Aspersion,3957.41,1671.87,726.9,Tradicion,False,
98f7f183-2f2f-4b0f-8a08-0c6ddc63d10f,PAR-046,CIC-2025-OI,2025-11-17,Algodon,Inicial,4.02,0.33,1.327,8.33,12.82,0.65,128.2,1499.9,8.0,28.83,Gravedad,2519.83,1064.67,462.9,Manual,False,
0cdc714c-f1d3-4c9d-9b9a-ac942687dd96,PAR-046,CIC-2025-OI,2025-11-25,Algodon,Desarrollo,3.98,0.432,1.719,11.73,18.05,0.65,180.5,2111.8,8.0,2.02,Gravedad,3547.82,1498.91,651.7,Manual,False,Eficiencia baja
c6f5614f-801f-4f40-b53e-0101701cb4ab,PAR-046,CIC-2025-OI,2025-12-21,Algodon,Desarrollo,3.35,0.864,2.894,24.4,37.54,0.65,375.4,4392.2,8.0,50.84,Gravedad,7378.9,3117.42,1355.4,Tradicion,True,Deficit acumulado
0c1cba41-30fb-47c7-b479-233bb4d557c1,PAR-046,CIC-2025-OI,2025-12-25,Algodon,Desarrollo,3.0,0.962,2.886,25.34,38.99,0.65,389.9,4561.8,32.0,0.0,Gravedad,7663.82,3237.94,1407.8,Experiencia del operador,False,
22258b09-c974-4249-ac3b-51a05f4f6689,PAR-046,CIC-2025-OI,2026-01-04,Algodon,Desarrollo,3.29,1.162,3.823,30.93,47.58,0.65,475.8,5566.9,8.0,7.3,Gravedad,9352.39,3951.17,1717.9,Manual,False,Deficit acumulado
3c365c64-06f5-4bea-bced-b2def413a96b,PAR-046,CIC-2025-OI,2026-01-15,Algodon,Media,3.63,1.21,4.392,36.47,56.11,0.65,561.1,6564.9,8.0,11.84,Gravedad,11029.03,4659.57,2025.9,Tradicion,False,Deficit acumulado
8dcfee3c-9d2c-44ca-a54f-ee3f930e9fd4,PAR-046,CIC-2025-OI,2026-02-24,Algodon,Media,4.47,1.22,5.453,30.15,46.38,0.65,463.8,5426.5,8.0,187.97,Gravedad,9116.52,3851.58,1674.6,Manual,False,
f16a75b2-20df-48d9-9beb-896869a879bd,PAR-046,CIC-2025-OI,2026-02-25,Algodon,Media,4.28,1.18,5.05,28.52,43.88,0.65,438.8,5134.0,32.0,0.0,Gravedad,8625.12,3644.12,1584.4,Tradicion,False,Eficiencia baja
dc92a929-e5d7-4aea-8c0b-41dabf0aac92,PAR-046,CIC-2025-OI,2026-02-27,Algodon,Media,4.23,1.17,4.949,32.09,49.37,0.65,493.7,5776.3,32.0,0.0,Gravedad,9704.18,4099.98,1782.6,Manual,False,Deficit acumulado
4404f927-975e-41cb-a9e9-8466c0e9501f,PAR-046,CIC-2025-OI,2026-03-07,Algodon,Final,5.93,1.207,7.158,32.12,49.41,0.65,494.1,5781.0,8.0,25.14,Gravedad,9712.08,4103.2,1784.0,Manual,True,Eficiencia baja
add62482-bc4e-4ed6-9371-b4b7832ed01c,PAR-046,CIC-2025-OI,2026-03-09,Algodon,Final,5.91,1.104,6.525,26.7,41.07,0.65,410.7,4805.2,32.0,0.0,Gravedad,8072.74,3410.67,1482.9,Experiencia del operador,False,
a2078852-e72d-4214-a7ab-ff970715b1f8,PAR-046,CIC-2025-OI,2026-03-21,Algodon,Final,5.79,0.971,5.622,24.52,37.73,0.65,377.3,4414.4,8.0,42.94,Gravedad,7416.19,3133.29,1362.3,Manual,False,
2baa192b-8286-45f3-a7b9-146c8fd71aa4,PAR-046,CIC-2025-OI,2026-04-12,Algodon,Final,7.58,0.747,5.662,20.28,31.2,0.65,312.0,3650.4,8.0,104.28,Gravedad,6132.67,2590.95,1126.5,Manual,False,
65ab78a9-81e4-4a3d-8a9f-68453e8c3551,PAR-047,CIC-2025-OI,2025-11-03,Algodon,Inicial,3.93,0.35,1.375,26.1,31.83,0.82,318.3,8912.4,32.0,0.0,Microaspersion,14972.83,6325.92,2750.4,Manual,False,Eficiencia baja
85e23e42-3579-458f-8d42-71613ce3c300,PAR-047,CIC-2025-OI,2025-11-07,Algodon,Inicial,3.9,0.33,1.287,25.85,31.52,0.82,315.2,8825.6,32.0,0.0,Microaspersion,14827.01,6264.28,2723.6,Manual,False,Sobre-riego detectado
ef680616-d849-4b13-8c21-5b18da0fbc1d,PAR-047,CIC-2025-OI,2025-11-10,Algodon,Inicial,3.58,0.38,1.36,31.18,38.02,0.82,380.2,10645.6,32.0,0.0,Microaspersion,17884.61,7555.96,3285.2,Tradicion,False,Eficiencia baja
f59aca16-8e33-4c10-a794-a4f8b382815a,PAR-047,CIC-2025-OI,2025-11-23,Algodon,Desarrollo,4.05,0.438,1.774,34.3,41.83,0.82,418.3,11712.4,32.0,0.0,Microaspersion,19676.83,8313.12,3614.4,Manual,False,Sobre-riego detectado
62df556e-983b-46e1-b6cb-7407f0237751,PAR-047,CIC-2025-OI,2025-12-20,Algodon,Desarrollo,2.97,0.867,2.575,62.07,75.7,0.82,757.0,21196.0,8.0,7.46,Microaspersion,35609.28,15044.53,6541.1,Experiencia del operador,True,Sobre-riego detectado
9b29c3f0-bf6a-4697-a8bd-e9e27680d65a,PAR-047,CIC-2025-OI,2025-12-25,Algodon,Desarrollo,3.32,0.952,3.161,69.59,84.86,0.82,848.6,23760.8,32.0,0.0,Microaspersion,39918.14,16864.98,7332.6,Manual,True,Eficiencia baja
22325386-5b9e-47c3-a92f-44b1d474084e,PAR-047,CIC-2025-OI,2026-01-01,Algodon,Desarrollo,3.77,1.061,4.0,72.8,88.78,0.82,887.8,24858.4,32.0,0.0,Microaspersion,41762.11,17643.99,7671.3,Manual,False,
00e0cd54-41de-4f7f-b15c-a29f3a9767cf,PAR-047,CIC-2025-OI,2026-03-21,Algodon,Final,6.06,1.041,6.308,77.65,94.7,0.82,947.0,26516.0,8.0,420.68,Microaspersion,44546.88,18820.44,8182.8,Manual,False,Sobre-riego detectado
96f7f20b-2cb2-4bf9-b59f-ef36e636b15c,PAR-048,CIC-2025-OI,2025-11-06,Chile,Inicial,3.91,0.62,2.424,33.58,41.98,0.8,419.8,15616.6,8.0,7.63,Aspersion,26235.89,11084.39,4819.3,Tradicion,False,Eficiencia baja
379cf9af-e8c3-435f-8deb-223c78bdce86,PAR-048,CIC-2025-OI,2025-11-12,Chile,Inicial,3.93,0.59,2.319,30.79,38.49,0.8,384.9,14318.3,32.0,0.0,Aspersion,24054.74,10162.78,4418.6,Manual,True,
ed2649ae-b3ce-41ac-832f-6f55d427b9b3,PAR-048,CIC-2025-OI,2025-11-15,Chile,Desarrollo,4.05,0.613,2.483,31.68,39.6,0.8,396.0,14731.2,32.0,0.0,Aspersion,24748.42,10455.8,4546.0,Manual,False,Sobre-riego detectado
bd2c200e-7b1a-4ff3-b3b8-d87fa80580d6,PAR-048,CIC-2025-OI,2025-11-23,Chile,Desarrollo,3.62,0.706,2.556,37.18,46.47,0.8,464.7,17286.8,32.0,0.0,Aspersion,29041.82,12269.81,5334.7,Experiencia del operador,False,
d77a8981-74bf-4d49-bc05-649307be8820,PAR-048,CIC-2025-OI,2025-12-01,Chile,Desarrollo,2.91,0.819,2.383,44.75,55.94,0.8,559.4,20809.7,32.0,0.0,Aspersion,34960.3,14770.37,6421.9,Experiencia del operador,False,Eficiencia baja
c0bf4847-a11b-4fdd-9caa-90a61b75669e,PAR-048,CIC-2025-OI,2025-12-02,Chile,Desarrollo,3.46,0.841,2.91,43.5,54.37,0.8,543.7,20225.6,32.0,0.0,Aspersion,33979.01,14355.68,6241.6,Experiencia del operador,False,
b03927aa-05ab-4f49-89ae-0e5797f9712b,PAR-048,CIC-2025-OI,2025-12-28,Chile,Media,2.97,1.03,3.059,56.31,70.39,0.8,703.9,26185.1,8.0,23.22,Aspersion,43990.97,18585.61,8080.7,Manual,False,
fa138431-fc7a-4d4e-8d46-640e307e1780,PAR-048,CIC-2025-OI,2025-12-31,Chile,Media,3.26,1.05,3.423,57.93,72.41,0.8,724.1,26936.5,32.0,0.0,Aspersion,45253.32,19118.98,8312.6,Manual,False,Sobre-riego detectado
0b501d9f-7c5e-4e2e-992b-ad0ec2e16044,PAR-048,CIC-2025-OI,2026-01-20,Chile,Media,3.56,1.08,3.845,56.36,70.45,0.8,704.5,26207.4,8.0,20.54,Aspersion,44028.43,18601.48,8087.6,Tradicion,True,
8bab50be-691d-46bd-8f69-220db747851c,PAR-048,CIC-2025-OI,2026-01-29,Chile,Final,3.55,1.024,3.635,54.46,68.07,0.8,680.7,25322.0,32.0,0.0,Aspersion,42540.96,17973.12,7814.4,Manual,False,Sobre-riego detectado
9ed56d0a-b945-4682-816f-298cc347eccd,PAR-048,CIC-2025-OI,2026-02-01,Chile,Final,4.5,1.016,4.572,52.51,65.64,0.8,656.4,24418.1,32.0,0.0,Aspersion,41022.41,17331.42,7535.4,Experiencia del operador,False,
d5512558-d98b-4839-b1df-35c3ecacf91d,PAR-048,CIC-2025-OI,2026-02-08,Chile,Final,4.83,0.984,4.753,50.38,62.97,0.8,629.7,23424.8,32.0,0.0,Aspersion,39353.66,16626.47,7228.9,Manual,False,Eficiencia baja
a2a2dba0-5c09-456b-acf1-4e586da7a78f,PAR-049,CIC-2025-OI,2025-10-28,Uva,Inicial,5.32,0.26,1.383,14.79,22.76,0.65,227.6,8626.0,32.0,0.0,Gravedad,14491.68,6122.6,2662.0,Manual,False,Deficit acumulado
c178cc64-9b00-47c7-a49d-dba5e047eafd,PAR-049,CIC-2025-OI,2025-11-04,Uva,Inicial,3.75,0.29,1.087,17.29,26.6,0.65,266.0,10081.4,32.0,0.0,Gravedad,16936.75,7155.53,3111.1,Manual,True,
64500815-3306-4543-a6dd-94de52293d81,PAR-049,CIC-2025-OI,2025-11-07,Uva,Inicial,4.1,0.33,1.353,16.81,25.86,0.65,258.6,9800.9,32.0,0.0,Gravedad,16465.51,6956.58,3024.6,Experiencia del operador,False,Sobre-riego detectado
53b394b2-a3b5-4282-932c-bfe320d57cdf,PAR-049,CIC-2025-OI,2025-11-25,Uva,Desarrollo,4.08,0.48,1.958,28.61,44.02,0.65,440.2,16683.6,8.0,6.63,Gravedad,28028.45,11841.78,5148.6,Tradicion,False,
7635faba-f004-4f8b-853e-cfa425281b3e,PAR-049,CIC-2025-OI,2025-12-19,Uva,Desarrollo,3.16,0.82,2.591,48.44,74.52,0.65,745.2,28243.1,8.0,13.74,Gravedad,47448.41,20046.34,8715.8,Tradicion,True,Deficit acumulado
5c0f3b36-6421-4c61-8ed8-b253ff40b98b,PAR-049,CIC-2025-OI,2026-01-05,Uva,Media,3.33,0.88,2.93,46.74,71.9,0.65,719.0,27250.1,8.0,3.07,Gravedad,45780.17,19341.62,8409.4,Manual,False,Sobre-riego detectado
c84a0f9a-2433-4e8c-8403-e30dd5e5fba4,PAR-049,CIC-2025-OI,2026-01-11,Uva,Media,3.36,0.87,2.923,51.86,79.79,0.65,797.9,30240.4,32.0,0.0,Gravedad,50803.87,21464.06,9332.2,Experiencia del operador,False,
30444954-7e50-4c4b-adda-eaaaf821877e,PAR-049,CIC-2025-OI,2026-02-18,Uva,Media,4.7,0.85,3.995,49.75,76.54,0.65,765.4,29008.7,8.0,102.06,Gravedad,48734.62,20589.83,8952.1,Manual,True,
c1baae0b-1d71-4daa-91ee-f71652f9e166,PAR-049,CIC-2025-OI,2026-02-27,Uva,Media,4.64,0.89,4.13,48.23,74.2,0.65,742.0,28121.8,29.8,0.0,Gravedad,47244.62,19960.32,8678.4,Manual,False,
a22e62d6-c92b-4005-96b3-d843eb8f82de,PAR-049,CIC-2025-OI,2026-03-25,Uva,Media,5.98,0.85,5.083,51.13,78.66,0.65,786.6,29812.1,8.0,81.03,Gravedad,50084.33,21160.0,9200.0,Experiencia del operador,True,
a82546a9-c777-472a-8859-fcb34e8b1173,PAR-050,CIC-2025-OI,2025-11-05,Chile,Inicial,3.68,0.6,2.208,19.7,24.62,0.8,246.2,9183.3,8.0,15.63,Aspersion,15427.94,6518.2,2834.0,Manual,False,
8cf4c8d1-ccd5-41cb-8c12-03bccb8b6fae,PAR-050,CIC-2025-OI,2025-11-10,Chile,Inicial,3.68,0.61,2.245,19.8,24.75,0.8,247.5,9231.8,32.0,0.0,Aspersion,15509.42,6552.47,2848.9,Tradicion,False,
70d8bae5-6a42-4a1a-b115-6f36a7fa3929,PAR-050,CIC-2025-OI,2025-11-11,Chile,Inicial,3.95,0.58,2.291,22.21,27.76,0.8,277.6,10354.5,32.0,0.0,Aspersion,17395.56,7349.42,3195.4,Tradicion,True,
551ff96b-c71f-450a-a0d2-348506820aae,PAR-050,CIC-2025-OI,2025-11-25,Chile,Desarrollo,4.13,0.761,3.143,25.27,31.59,0.8,315.9,11783.1,8.0,18.73,Aspersion,19795.61,8363.49,3636.3,Manual,False,Eficiencia baja
0b0edeb9-e8ec-4427-be4d-2e010b00304d,PAR-050,CIC-2025-OI,2025-12-02,Chile,Desarrollo,3.35,0.821,2.75,32.95,41.19,0.8,411.9,15363.9,32.0,0.0,Aspersion,25811.35,10904.99,4741.3,Experiencia del operador,False,Deficit acumulado
641fcf96-1100-4d34-bde5-e3d574729b83,PAR-050,CIC-2025-OI,2025-12-11,Chile,Desarrollo,2.93,0.937,2.745,30.08,37.6,0.8,376.0,14024.8,21.7,0.0,Aspersion,23561.66,9954.63,4328.1,Tradicion,False,
fd4f3e26-93fb-4e52-a200-c1bd606aed49,PAR-050,CIC-2025-OI,2025-12-17,Chile,Desarrollo,2.92,0.984,2.873,33.38,41.73,0.8,417.3,15565.3,32.0,0.0,Aspersion,26149.7,11048.05,4803.5,Experiencia del operador,True,
be6fa997-f693-4c05-b89c-73ec5062c509,PAR-050,CIC-2025-OI,2025-12-29,Chile,Media,3.16,1.07,3.381,34.73,43.41,0.8,434.1,16191.9,8.0,5.84,Aspersion,27202.39,11492.64,4996.8,Manual,False,
313651ec-0701-404d-a0af-375c2d5ac4b8,PAR-050,CIC-2025-OI,2026-01-07,Chile,Media,3.84,1.08,4.147,42.54,53.17,0.8,531.7,19832.4,14.0,0.0,Aspersion,33318.43,14076.69,6120.3,Tradicion,False,
83e39d9e-fec0-487a-a0f3-ce00d146ee5e,PAR-050,CIC-2025-OI,2026-01-11,Chile,Media,3.63,1.05,3.812,41.74,52.18,0.8,521.8,19463.1,32.0,0.0,Aspersion,32698.01,13814.49,6006.3,Tradicion,True,Deficit acumulado
9130a8ce-6a03-4a05-826c-0e8ff17246f4,PAR-050,CIC-2025-OI,2026-01-12,Chile,Media,3.6,1.01,3.636,33.89,42.36,0.8,423.6,15800.3,32.0,0.0,Aspersion,26544.5,11214.8,4876.0,Manual,True,
a72d0342-86be-49aa-a0bf-38c18f226dea,PAR-050,CIC-2025-OI,2026-01-29,Chile,Final,3.64,1.004,3.655,34.06,42.57,0.8,425.7,15878.6,8.0,28.07,Aspersion,26676.05,11270.23,4900.1,Experiencia del operador,False,
11947ab9-99c7-4e48-a75e-1ebabeadb2bf,PAR-050,CIC-2025-OI,2026-02-02,Chile,Final,4.22,1.05,4.431,39.06,48.82,0.8,488.2,18209.9,32.0,0.0,Aspersion,30592.63,12925.08,5619.6,Manual,False,
e85e81c8-0828-48fb-9d95-f427927ce4ca,PAR-050,CIC-2025-OI,2026-02-18,Chile,Final,4.42,0.934,4.128,36.45,45.56,0.8,455.6,16993.9,8.0,29.6,Aspersion,28549.75,12061.89,5244.3,Experiencia del operador,False,
dbd2ccf0-8c93-4495-a8a3-9e44b4cfbada,PAR-051,CIC-2025-OI,2025-10-27,Algodon,Inicial,5.25,0.38,1.995,14.1,21.69,0.65,216.9,8741.1,8.0,0.0,Gravedad,14685.05,6204.25,2697.5,Manual,False,
225e8b8d-ef12-40ec-b4ef-6c28a6fef969,PAR-051,CIC-2025-OI,2025-11-02,Algodon,Inicial,3.72,0.36,1.339,12.02,18.49,0.65,184.9,7451.5,32.0,0.0,Gravedad,12518.52,5288.85,2299.5,Manual,False,
00728a1c-b4ef-4520-a295-5b1b01608737,PAR-051,CIC-2025-OI,2025-11-24,Algodon,Desarrollo,3.84,0.395,1.517,14.51,22.32,0.65,223.2,8995.0,8.0,18.86,Gravedad,15111.6,6384.57,2775.9,Manual,False,
1f03b0e7-e166-4202-9522-39448d1d2ce6,PAR-051,CIC-2025-OI,2026-01-10,Algodon,Media,3.36,1.23,4.133,44.27,68.1,0.65,681.0,27444.3,8.0,149.98,Gravedad,46106.42,19479.39,8469.3,Experiencia del operador,False,
0b869920-533f-4191-93fb-efdbcbcc7c54,PAR-051,CIC-2025-OI,2026-02-01,Algodon,Media,4.57,1.24,5.667,42.32,65.11,0.65,651.1,26239.3,8.0,82.35,Gravedad,44082.02,18624.02,8097.4,Tradicion,False,
09f2fee8-bb15-4a89-be47-fd051aa9b8e5,PAR-051,CIC-2025-OI,2026-02-19,Algodon,Media,4.33,1.2,5.196,46.74,71.91,0.65,719.1,28979.7,8.0,46.79,Gravedad,48685.9,20569.13,8943.1,Tradicion,False,Eficiencia baja
6a56bb03-79b6-4608-af7c-98c752348263,PAR-051,CIC-2025-OI,2026-03-18,Algodon,Final,6.06,1.064,6.448,42.65,65.61,0.65,656.1,26440.8,8.0,131.45,Gravedad,44420.54,18767.08,8159.6,Manual,True,
b1d421bc-dd5c-4eba-b0a5-57f14c557187,PAR-051,CIC-2025-OI,2026-03-22,Algodon,Final,5.76,0.98,5.645,32.72,50.34,0.65,503.4,20287.0,32.0,0.0,Gravedad,34082.16,14399.38,6260.6,Manual,False,
132eddc4-fd08-4fe6-b85b-f2631a723bcc,PAR-051,CIC-2025-OI,2026-04-08,Algodon,Final,7.48,0.851,6.365,33.47,51.49,0.65,514.9,20750.5,8.0,74.73,Gravedad,34860.84,14728.28,6403.6,Manual,True,Deficit acumulado
bd9b8000-50f9-49e3-832a-6c87382b1bbb,PAR-051,CIC-2025-OI,2026-04-09,Algodon,Final,7.66,0.79,6.051,28.43,43.74,0.65,437.4,17627.2,32.0,0.0,Gravedad,29613.7,12511.54,5439.8,Experiencia del operador,False,Sobre-riego detectado
f177dd38-dbf5-45b3-8a05-d0ffc5ad10d6,PAR-052,CIC-2025-OI,2025-11-01,Uva,Inicial,3.65,0.29,1.058,26.18,32.72,0.8,327.2,4417.2,32.0,0.0,Aspersion,7420.9,3135.13,1363.1,Manual,False,
583825fa-5878-4495-aa56-dd59d8afd29d,PAR-052,CIC-2025-OI,2025-11-03,Uva,Inicial,4.02,0.32,1.286,28.88,36.1,0.8,361.0,4873.5,32.0,0.0,Aspersion,8187.48,3459.2,1504.0,Tradicion,True,
c90c1e5d-af4b-4927-8e06-1ae997ae183e,PAR-052,CIC-2025-OI,2025-11-12,Uva,Desarrollo,3.52,0.331,1.165,28.61,35.76,0.8,357.6,4827.6,32.0,0.0,Aspersion,8110.37,3426.54,1489.8,Manual,False,Eficiencia baja
46f42104-082c-4dc0-a4e9-b0b2e62af1d1,PAR-052,CIC-2025-OI,2025-12-08,Uva,Desarrollo,3.39,0.739,2.505,73.13,91.41,0.8,914.1,12340.4,12.3,0.0,Aspersion,20731.87,8758.86,3808.2,Manual,False,
7a3f6d23-6557-4d4f-ad9a-1a0fc0f38976,PAR-052,CIC-2025-OI,2026-01-28,Uva,Media,3.66,0.86,3.148,91.81,114.76,0.8,1147.6,15492.6,8.0,68.74,Aspersion,26027.57,10996.3,4781.0,Tradicion,False,Deficit acumulado
906715ee-cbf5-480e-8177-77a348538e23,PAR-052,CIC-2025-OI,2026-02-15,Uva,Media,4.55,0.83,3.776,79.74,99.68,0.8,996.8,13456.8,17.3,0.0,Aspersion,22607.42,9551.44,4152.8,Manual,False,
c9874b24-c382-4d4a-8f6b-6cb798c40931,PAR-052,CIC-2025-OI,2026-03-29,Uva,Media,6.25,0.83,5.188,86.18,107.73,0.8,1077.3,14543.5,8.0,131.72,Aspersion,24433.08,10322.63,4488.1,Experiencia del operador,False,
0ef4f403-996a-42fe-b3a8-a03c950b7be1,PAR-052,CIC-2025-OI,2026-04-04,Uva,Media,7.76,0.85,6.596,84.14,105.17,0.8,1051.7,14198.0,32.0,0.0,Aspersion,23852.64,10077.45,4381.5,Manual,False,Eficiencia baja
f22ecb51-dd63-4f77-8fdc-63999333b5da,PAR-053,CIC-2025-OI,2025-10-30,Maiz,Inicial,5.29,0.34,1.799,14.04,17.12,0.82,171.2,2516.6,8.0,3.95,Microaspersion,4227.89,1786.18,776.6,Manual,True,
d284cf8d-f4c1-4a69-80a6-1470dfc21737,PAR-053,CIC-2025-OI,2025-11-07,Maiz,Inicial,3.63,0.27,0.98,11.39,13.89,0.82,138.9,2041.8,32.0,0.0,Microaspersion,3430.22,1449.23,630.1,Manual,True,
57f8b13a-49eb-4e6f-bed3-f623a8de8e8f,PAR-053,CIC-2025-OI,2025-11-11,Maiz,Desarrollo,4.02,0.361,1.451,15.24,18.59,0.82,185.9,2732.7,32.0,0.0,Microaspersion,4590.94,1939.59,843.3,Manual,True,Sobre-riego detectado
7ea42dab-3976-4087-af29-af1f142d63a7,PAR-053,CIC-2025-OI,2025-12-04,Maiz,Desarrollo,3.41,0.973,3.318,43.6,53.17,0.82,531.7,7816.0,8.0,32.71,Microaspersion,13130.88,5547.6,2412.0,Tradicion,False,Sobre-riego detectado
c4570180-d2f4-4c83-b590-bc8ee0b43315,PAR-053,CIC-2025-OI,2025-12-21,Maiz,Media,3.09,1.23,3.801,48.63,59.31,0.82,593.1,8718.6,8.0,15.99,Microaspersion,14647.25,6188.38,2690.6,Experiencia del operador,False,
13b0f0c1-ad2c-4860-943e-515d540fb059,PAR-053,CIC-2025-OI,2025-12-23,Maiz,Media,3.5,1.2,4.2,57.47,70.08,0.82,700.8,10301.8,32.0,0.0,Microaspersion,17307.02,7311.93,3179.1,Experiencia del operador,False,Eficiencia baja
b04d48d7-818b-4112-b0ed-1baf4aac5b29,PAR-053,CIC-2025-OI,2025-12-28,Maiz,Media,3.36,1.19,3.998,47.05,57.38,0.82,573.8,8434.9,32.0,0.0,Microaspersion,14170.63,5986.9,2603.0,Experiencia del operador,False,
226413b1-299e-41ef-9620-705a40195503,PAR-053,CIC-2025-OI,2026-01-07,Maiz,Media,3.4,1.16,3.944,50.45,61.53,0.82,615.3,9044.9,27.9,0.0,Microaspersion,15195.43,6419.99,2791.3,Manual,True,Sobre-riego detectado
9806b403-1064-4634-8655-9f53d955c119,PAR-053,CIC-2025-OI,2026-01-17,Maiz,Media,3.17,1.22,3.867,57.35,69.94,0.82,699.4,10281.2,32.0,0.0,Microaspersion,17272.42,7297.44,3172.8,Manual,False,
10cc7bec-e7d4-4960-b7f3-a7972e504d88,PAR-053,CIC-2025-OI,2026-01-24,Maiz,Final,3.63,1.15,4.174,53.55,65.31,0.82,653.1,9600.6,32.0,0.0,Microaspersion,16129.01,6814.21,2962.7,Tradicion,False,
127eddab-13b5-4215-80c5-247f1a60a109,PAR-053,CIC-2025-OI,2026-02-01,Maiz,Final,4.69,1.02,4.784,47.05,57.38,0.82,573.8,8434.9,22.9,0.0,Microaspersion,14170.63,5986.9,2603.0,Experiencia del operador,False,
480b3e2d-33c2-44c0-9e00-0a533bd6e376,PAR-054,CIC-2025-OI,2025-10-27,Maiz,Inicial,4.78,0.28,1.338,9.07,13.96,0.65,139.6,2345.3,8.0,0.3,Gravedad,3940.1,1664.74,723.8,Manual,False,Deficit acumulado
4555aa0b-be65-4707-98eb-50b001b4d292,PAR-054,CIC-2025-OI,2025-11-08,Maiz,Inicial,4.15,0.32,1.328,10.6,16.31,0.65,163.1,2740.1,8.0,5.34,Gravedad,4603.37,1944.88,845.6,Experiencia del operador,False,Sobre-riego detectado
bb4861c8-5a09-40ba-96f4-5b7eae48de3c,PAR-054,CIC-2025-OI,2025-11-17,Maiz,Desarrollo,3.91,0.536,2.096,17.56,27.01,0.65,270.1,4537.7,8.0,1.3,Gravedad,7623.34,3220.69,1400.3,Tradicion,True,
9d0f9ba6-dd6f-4fbb-aac2-ca73f08bfa4b,PAR-054,CIC-2025-OI,2025-11-24,Maiz,Desarrollo,3.96,0.706,2.796,24.92,38.34,0.65,383.4,6441.1,27.3,0.0,Gravedad,10821.05,4571.71,1987.7,Manual,False,Eficiencia baja
eedd04e9-48fc-4368-bbaf-20f4f6d250a3,PAR-054,CIC-2025-OI,2025-12-13,Maiz,Desarrollo,3.51,1.184,4.156,46.14,70.98,0.65,709.8,11924.6,8.0,32.82,Gravedad,20033.33,8463.77,3679.9,Manual,False,Deficit acumulado
c39af925-67cd-46dc-93e0-c54547033ab0,PAR-054,CIC-2025-OI,2025-12-23,Maiz,Media,3.22,1.24,3.993,42.44,65.29,0.65,652.9,10968.7,8.0,0.0,Gravedad,18427.42,7785.27,3384.9,Tradicion,False,Sobre-riego detectado
3c376279-5e07-4c2a-a4ca-6d3b08519d3f,PAR-054,CIC-2025-OI,2025-12-24,Maiz,Media,3.09,1.16,3.584,41.39,63.67,0.65,636.7,10696.6,32.0,0.0,Gravedad,17970.29,7592.3,3301.0,Tradicion,False,Sobre-riego detectado
c1f28fdd-319e-45e0-a00a-f1e110875ca4,PAR-054,CIC-2025-OI,2026-01-20,Maiz,Media,3.29,1.22,4.014,40.42,62.18,0.65,621.8,10446.2,8.0,67.96,Gravedad,17549.62,7414.51,3223.7,Tradicion,True,
293ccb97-f676-437b-a5cc-0ff0b95de93b,PAR-054,CIC-2025-OI,2026-01-23,Maiz,Media,3.54,1.23,4.354,40.75,62.69,0.65,626.9,10531.9,32.0,0.0,Gravedad,17693.59,7475.23,3250.1,Manual,True,Deficit acumulado
4cd6effe-4904-4391-925b-9465c6dec541,PAR-054,CIC-2025-OI,2026-01-27,Maiz,Final,3.64,1.09,3.968,41.27,63.5,0.65,635.0,10668.0,32.0,0.0,Gravedad,17922.24,7571.83,3292.1,Experiencia del operador,False,Sobre-riego detectado
1fa7aa7c-6f9f-4023-8bee-76f6d09f2af8,PAR-054,CIC-2025-OI,2026-02-13,Maiz,Final,4.5,0.75,3.375,24.3,37.39,0.65,373.9,6281.5,8.0,33.08,Gravedad,10552.92,4458.55,1938.5,Manual,False,Eficiencia baja
cf0cf2e1-e3dd-4dc7-8132-6955866d6392,PAR-055,CIC-2025-OI,2025-10-29,Algodon,Inicial,4.67,0.31,1.448,21.05,23.39,0.9,233.9,7742.1,32.0,0.0,Goteo,13006.73,5495.16,2389.2,Manual,False,Eficiencia baja
56ad1353-6bb1-47cd-a75f-a82cb79a0f3e,PAR-055,CIC-2025-OI,2025-11-09,Algodon,Inicial,4.02,0.33,1.327,22.19,24.66,0.9,246.6,8162.5,32.0,0.0,Goteo,13713.0,5793.47,2518.9,Manual,False,
5ea413ed-c030-4c00-8d1f-18790820bea1,PAR-055,CIC-2025-OI,2026-01-04,Algodon,Desarrollo,3.45,1.102,3.802,71.21,79.12,0.9,791.2,26188.7,8.0,141.7,Goteo,43997.02,18588.14,8081.8,Manual,False,
139ca7ca-826b-4016-a98c-832510f32f4d,PAR-055,CIC-2025-OI,2026-01-30,Algodon,Media,3.42,1.19,4.07,82.39,91.55,0.9,915.5,30303.1,8.0,23.43,Goteo,50909.21,21508.45,9351.5,Manual,False,
c00b7595-b739-4edd-b8d7-3a297e58ac4d,PAR-055,CIC-2025-OI,2026-01-31,Algodon,Media,3.47,1.16,4.025,78.02,86.69,0.9,866.9,28694.4,32.0,0.0,Goteo,48206.59,20366.73,8855.1,Tradicion,False,Eficiencia baja
7ad1178d-5832-4f69-a8aa-2c6a8678a8e0,PAR-055,CIC-2025-OI,2026-02-15,Algodon,Media,4.26,1.18,5.027,75.47,83.86,0.9,838.6,27757.7,8.0,0.0,Goteo,46632.94,19701.8,8566.0,Manual,True,Sobre-riego detectado
dd8b7c4e-ca9b-4406-b33e-f1a049f0e979,PAR-055,CIC-2025-OI,2026-02-28,Algodon,Media,4.35,1.2,5.22,82.3,91.44,0.9,914.4,30266.6,21.3,0.0,Goteo,50847.89,21482.69,9340.3,Manual,True,Deficit acumulado
6a76808b-5858-460d-9c61-f967d015e56d,PAR-055,CIC-2025-OI,2026-03-30,Algodon,Final,6.19,0.901,5.577,56.45,62.72,0.9,627.2,20760.3,8.0,110.86,Goteo,34877.3,14735.18,6406.6,Tradicion,False,
63b15387-4e20-47e8-bd0d-e5ce4ec50cd3,PAR-056,CIC-2025-OI,2025-10-26,Frijol,Inicial,4.8,0.41,1.968,27.25,30.28,0.9,302.8,4148.4,32.0,0.0,Goteo,6969.31,2944.46,1280.2,Manual,False,
58a1f452-049b-4536-90d4-d2be480ad8c0,PAR-056,CIC-2025-OI,2025-11-09,Frijol,Inicial,3.84,0.39,1.498,32.34,35.93,0.9,359.3,4922.4,32.0,0.0,Goteo,8269.63,3493.93,1519.1,Experiencia del operador,True,Eficiencia baja
123cbb46-8b89-425d-bbc8-8a19a1c98e42,PAR-056,CIC-2025-OI,2025-11-26,Frijol,Desarrollo,3.63,0.805,2.922,60.13,66.81,0.9,668.1,9153.0,21.1,0.0,Goteo,15377.04,6496.58,2824.6,Manual,False,Deficit acumulado
61ba8107-cd1f-4789-803d-f3bae87fa039,PAR-056,CIC-2025-OI,2025-12-03,Frijol,Desarrollo,3.46,0.97,3.356,75.35,83.72,0.9,837.2,11469.6,32.0,0.0,Goteo,19268.93,8140.85,3539.5,Manual,True,Sobre-riego detectado
08f3240a-76ed-4de2-9580-8e16b9597d3d,PAR-056,CIC-2025-OI,2026-01-10,Frijol,Final,3.28,1.07,3.51,79.92,88.8,0.9,888.0,12165.6,8.0,53.46,Goteo,20438.21,8634.89,3754.3,Experiencia del operador,False,Sobre-riego detectado
74826ea4-2a0c-491e-bc5d-dcf9e13776e4,PAR-056,CIC-2025-OI,2026-01-16,Frijol,Final,3.54,0.83,2.938,57.65,64.06,0.9,640.6,8776.2,32.0,0.0,Goteo,14744.02,6229.09,2708.3,Manual,False,Sobre-riego detectado
2676fb51-8f52-4440-af55-d83ce55a0418,PAR-056,CIC-2025-OI,2026-01-17,Frijol,Final,3.62,0.79,2.86,64.31,71.46,0.9,714.6,9790.0,32.0,0.0,Goteo,16447.2,6948.76,3021.2,Manual,False,Sobre-riego detectado
e83858b7-8af6-48db-b6f2-73bb2ae21d20,PAR-056,CIC-2025-OI,2026-01-31,Frijol,Final,3.57,0.39,1.392,27.96,31.07,0.9,310.7,4256.6,32.0,0.0,Goteo,7151.09,3021.28,1313.6,Manual,False,Sobre-riego detectado
c421cbae-90f9-4930-b6b8-576154683978,PAR-056,CIC-2025-OI,2026-02-02,Frijol,Final,4.51,0.35,1.578,24.57,27.3,0.9,273.0,3740.1,32.0,0.0,Goteo,6283.37,2654.66,1154.2,Manual,False,
9434d3e1-7f26-47cc-8284-dee671209fb1,PAR-056,CIC-2025-OI,2026-02-05,Frijol,Final,4.44,0.38,1.687,29.23,32.48,0.9,324.8,4449.8,32.0,0.0,Goteo,7475.66,3158.36,1373.2,Manual,True,Eficiencia baja
39acc438-6efe-41d1-8318-940f347131cd,PAR-057,CIC-2025-OI,2025-11-01,Algodon,Inicial,3.69,0.31,1.144,9.89,15.22,0.65,152.2,2146.0,8.0,3.84,Gravedad,3605.28,1523.29,662.3,Tradicion,True,
bf2bc65a-3160-4538-bc88-3f6ce5e7ab99,PAR-057,CIC-2025-OI,2025-12-05,Algodon,Desarrollo,2.96,0.652,1.93,23.72,36.49,0.65,364.9,5145.1,8.0,41.9,Gravedad,8643.77,3651.94,1587.8,Manual,False,Deficit acumulado
9f388f13-fe6e-4ffb-9bbf-9af74f1adab1,PAR-057,CIC-2025-OI,2026-01-08,Algodon,Desarrollo,3.55,1.23,4.366,47.28,72.74,0.65,727.4,10256.3,8.0,101.16,Gravedad,17230.58,7279.73,3165.1,Tradicion,False,
13796c66-71dc-4d63-b1c6-f976fb609556,PAR-057,CIC-2025-OI,2026-01-18,Algodon,Media,3.66,1.16,4.246,43.0,66.15,0.65,661.5,9327.1,8.0,0.0,Gravedad,15669.53,6620.09,2878.3,Tradicion,False,
11741714-c201-4311-a54f-577da82557a8,PAR-057,CIC-2025-OI,2026-01-27,Algodon,Media,3.48,1.21,4.211,41.94,64.53,0.65,645.3,9098.7,10.7,0.0,Gravedad,15285.82,6458.17,2807.9,Experiencia del operador,False,Deficit acumulado
082bf759-2409-4c28-b3e4-026a498c9414,PAR-057,CIC-2025-OI,2026-01-28,Algodon,Media,3.74,1.22,4.563,39.78,61.2,0.65,612.0,8629.2,32.0,0.0,Gravedad,14497.06,6124.9,2663.0,Manual,False,Eficiencia baja
21a6d9dc-77f4-437a-93f0-96d73df40a68,PAR-057,CIC-2025-OI,2026-02-06,Algodon,Media,4.31,1.2,5.172,39.54,60.83,0.65,608.3,8577.0,8.0,7.01,Gravedad,14409.36,6087.87,2646.9,Manual,False,
2dc84a0e-ce21-424e-b5c2-31b9f5ae0839,PAR-057,CIC-2025-OI,2026-02-22,Algodon,Media,4.66,1.22,5.685,45.64,70.22,0.65,702.2,9901.0,8.0,45.32,Gravedad,16633.68,7027.42,3055.4,Manual,True,
c1130cc0-d98b-4793-abf7-47483e353229,PAR-057,CIC-2025-OI,2026-04-02,Algodon,Final,7.5,0.878,6.585,33.14,50.98,0.65,509.8,7188.2,8.0,223.67,Gravedad,12076.18,5102.09,2218.3,Experiencia del operador,False,
aad261df-845a-49c4-98c1-65ddb69daf4a,PAR-057,CIC-2025-OI,2026-04-09,Algodon,Final,7.7,0.81,6.237,26.13,40.2,0.65,402.0,5668.2,8.0,17.53,Gravedad,9522.58,4023.16,1749.2,Manual,False,Deficit acumulado
75368c48-3557-48a8-a4a6-888c94a83463,PAR-058,CIC-2025-OI,2025-11-14,Uva,Desarrollo,3.95,0.359,1.418,17.89,27.53,0.65,275.3,2505.2,8.0,17.56,Gravedad,4208.74,1778.13,773.1,Manual,True,Sobre-riego detectado
70dedb98-a799-482a-8060-df66ca645247,PAR-058,CIC-2025-OI,2025-11-24,Uva,Desarrollo,4.03,0.506,2.039,22.7,34.93,0.65,349.3,3178.6,11.3,0.0,Gravedad,5340.05,2256.07,980.9,Manual,False,Deficit acumulado
1bb55f57-305b-4f29-918e-197e7ae6d637,PAR-058,CIC-2025-OI,2025-11-29,Uva,Desarrollo,3.81,0.545,2.076,27.74,42.67,0.65,426.7,3883.0,32.0,0.0,Gravedad,6523.44,2756.09,1198.3,Experiencia del operador,False,Eficiencia baja
0ce68f65-8a4e-4122-aead-f39dd8855f16,PAR-058,CIC-2025-OI,2025-12-30,Uva,Media,2.94,0.85,2.499,44.97,69.18,0.65,691.8,6295.4,8.0,32.5,Gravedad,10576.27,4468.44,1942.8,Manual,False,Sobre-riego detectado
553eafb8-bc53-436b-b3ee-3b2c23375311,PAR-058,CIC-2025-OI,2026-01-06,Uva,Media,3.39,0.88,2.983,47.89,73.67,0.65,736.7,6704.0,32.0,0.0,Gravedad,11262.72,4758.47,2068.9,Manual,False,
634bdf8e-22a2-4e7c-b9dd-5ed8f90ceab1,PAR-058,CIC-2025-OI,2026-01-13,Uva,Media,3.23,0.83,2.681,43.91,67.55,0.65,675.5,6147.1,32.0,0.0,Gravedad,10327.13,4363.1,1897.0,Manual,False,Eficiencia baja
999e4261-c1b7-46c0-a0b7-9c92d098acdb,PAR-058,CIC-2025-OI,2026-01-20,Uva,Media,3.81,0.82,3.124,45.45,69.92,0.65,699.2,6362.7,32.0,0.0,Gravedad,10689.34,4516.05,1963.5,Experiencia del operador,False,
94f62197-fe7b-4e70-b3f0-12751590d86d,PAR-058,CIC-2025-OI,2026-03-23,Uva,Media,5.85,0.85,4.972,42.4,65.23,0.65,652.3,5935.9,8.0,265.86,Gravedad,9972.31,4213.14,1831.8,Manual,False,
1580a898-c841-460b-95b2-e23607810e60,PAR-058,CIC-2025-OI,2026-03-29,Uva,Media,6.19,0.82,5.076,45.45,69.92,0.65,699.2,6362.7,32.0,0.0,Gravedad,10689.34,4516.05,1963.5,Tradicion,True,Sobre-riego detectado
abf92890-6795-4c6d-a362-5ebd9c6fae72,PAR-058,CIC-2025-OI,2026-04-13,Uva,Media,7.57,0.84,6.359,41.05,63.16,0.65,631.6,5747.6,8.0,54.34,Gravedad,9655.97,4079.51,1773.7,Experiencia del operador,False,
d54bad7a-9fdf-4d7b-96c0-21294ab56ac8,PAR-058,CIC-2025-OI,2026-04-15,Uva,Media,7.27,0.87,6.325,46.03,70.81,0.65,708.1,6443.7,32.0,0.0,Gravedad,10825.42,4573.55,1988.5,Manual,False,Sobre-riego detectado
50433c9c-2be8-46c4-b2b3-cbe3484dc9be,PAR-059,CIC-2025-OI,2025-11-06,Maiz,Inicial,3.65,0.34,1.241,12.32,18.95,0.65,189.5,7182.1,8.0,8.78,Gravedad,12065.93,5097.72,2216.4,Manual,False,Eficiencia baja
9cc0ea35-682c-47ec-b501-d18ee8d0a5bf,PAR-059,CIC-2025-OI,2025-12-09,Maiz,Desarrollo,3.51,1.031,3.619,35.12,54.03,0.65,540.3,20477.4,8.0,84.31,Gravedad,34402.03,14534.39,6319.3,Tradicion,False,Deficit acumulado
96f64301-bd8a-4f37-9fc0-ce76add890c7,PAR-059,CIC-2025-OI,2026-01-06,Maiz,Media,3.62,1.24,4.489,40.87,62.88,0.65,628.8,23831.5,8.0,84.82,Gravedad,40036.92,16915.12,7354.4,Manual,False,
e245d661-2793-4d19-8165-d70cddd82a12,PAR-059,CIC-2025-OI,2026-01-14,Maiz,Media,3.68,1.23,4.526,39.65,61.0,0.65,610.0,23119.0,9.5,0.0,Gravedad,38839.92,16409.35,7134.5,Manual,False,
e65cd88e-caf3-4585-8400-2863cce7e67c,PAR-059,CIC-2025-OI,2026-01-15,Maiz,Media,3.53,1.22,4.307,41.1,63.23,0.65,632.3,23964.2,32.0,0.0,Gravedad,40259.86,17009.42,7395.4,Experiencia del operador,False,Sobre-riego detectado
721aa0e2-57e2-4079-a8a1-7dfb94acda5a,PAR-059,CIC-2025-OI,2026-01-20,Maiz,Media,3.41,1.19,4.058,40.95,63.0,0.65,630.0,23877.0,32.0,0.0,Gravedad,40113.36,16947.32,7368.4,Tradicion,False,
78e72ede-0dc1-44fe-bc92-0d9005b6aea8,PAR-059,CIC-2025-OI,2026-01-31,Maiz,Final,3.51,1.02,3.58,39.9,61.39,0.65,613.9,23266.8,8.0,0.0,Gravedad,39088.22,16514.23,7180.1,Manual,False,
3c1976af-7390-429e-9d43-72a99fa35f3c,PAR-059,CIC-2025-OI,2026-02-11,Maiz,Final,4.64,0.85,3.944,33.25,51.16,0.65,511.6,19389.6,8.0,10.13,Gravedad,32574.53,13762.28,5983.6,Experiencia del operador,False,
3ca7bd90-4fc7-4f8b-a0b9-201a2bece047,PAR-059,CIC-2025-OI,2026-03-04,Maiz,Final,5.83,0.59,3.44,23.3,35.84,0.65,358.4,13583.4,8.0,48.94,Gravedad,22820.11,9641.14,4191.8,Manual,False,Sobre-riego detectado
a8d42e08-cecc-4d14-860b-3e08d5891ce1,PAR-059,CIC-2025-OI,2026-03-06,Maiz,Final,6.33,0.59,3.735,22.87,35.18,0.65,351.8,13333.2,32.0,0.0,Gravedad,22399.78,9463.58,4114.6,Manual,False,Eficiencia baja
90d394d3-6466-46a1-9d08-619cf52aa66d,PAR-059,CIC-2025-OI,2026-03-08,Maiz,Final,5.76,0.57,3.283,19.82,30.49,0.65,304.9,11555.7,32.0,0.0,Gravedad,19413.58,8202.03,3566.1,Experiencia del operador,False,
4f9e5fbe-7fd0-4862-bb2c-3fac1e698756,PAR-060,CIC-2025-OI,2025-10-27,Maiz,Inicial,5.0,0.28,1.4,15.8,24.31,0.65,243.1,10890.9,32.0,0.0,Gravedad,18296.71,7730.07,3360.9,Manual,False,
770efdfe-a972-475b-8bbc-9abf674b91a5,PAR-060,CIC-2025-OI,2025-11-03,Maiz,Inicial,3.97,0.31,1.231,16.92,26.03,0.65,260.3,11661.4,32.0,0.0,Gravedad,19591.15,8277.01,3598.7,Manual,False,
5fd42a97-5428-412e-ba15-0259f8bb8a1a,PAR-060,CIC-2025-OI,2025-11-19,Maiz,Desarrollo,3.6,0.587,2.113,33.5,51.54,0.65,515.4,23089.9,8.0,0.31,Gravedad,38791.03,16388.65,7125.5,Experiencia del operador,False,
4c4d844a-22f9-4eb6-a962-ac9a7982450e,PAR-060,CIC-2025-OI,2025-12-12,Maiz,Desarrollo,3.12,1.129,3.522,71.4,109.84,0.65,1098.4,49208.3,8.0,9.61,Gravedad,82669.94,34927.11,15185.7,Manual,False,
2c0f275e-d7c9-49ae-9c9e-6da011a9bd50,PAR-060,CIC-2025-OI,2026-01-13,Maiz,Media,3.82,1.18,4.508,79.77,122.72,0.65,1227.2,54978.6,8.0,64.49,Gravedad,92364.05,39022.72,16966.4,Manual,False,
6ba2f9a1-4c44-4fc0-a39f-c359b46e4f25,PAR-060,CIC-2025-OI,2026-01-14,Maiz,Media,3.49,1.2,4.188,79.63,122.51,0.65,1225.1,54884.5,32.0,0.0,Gravedad,92205.96,38956.02,16937.4,Experiencia del operador,False,
55d279ec-96d9-4d02-8af4-1b558dcee48b,PAR-060,CIC-2025-OI,2026-02-12,Maiz,Final,4.49,0.8,3.592,44.66,68.7,0.65,687.0,30777.6,8.0,59.51,Gravedad,51706.37,21845.4,9498.0,Manual,False,Eficiencia baja
64d10678-2f88-4fed-8a24-117ef5c37477,PAR-060,CIC-2025-OI,2026-03-07,Maiz,Final,5.94,0.57,3.386,35.0,53.84,0.65,538.4,24120.3,8.0,42.88,Gravedad,40522.1,17120.05,7443.5,Manual,False,Sobre-riego detectado
40ee100a-90a9-4297-b914-ab1e1321757e,PAR-061,CIC-2025-OI,2025-11-23,Uva,Desarrollo,3.76,0.472,1.775,26.57,33.21,0.8,332.1,5612.5,8.0,33.78,Aspersion,9429.0,3983.6,1732.0,Manual,False,
cf96d284-74e4-411e-911c-3ecce4e86cfc,PAR-061,CIC-2025-OI,2025-11-26,Uva,Desarrollo,3.6,0.514,1.85,30.36,37.95,0.8,379.5,6413.5,32.0,0.0,Aspersion,10774.68,4552.16,1979.2,Manual,False,
bca760f7-d8d7-43c1-8bad-9dc98ff5b76a,PAR-061,CIC-2025-OI,2026-01-21,Uva,Media,3.3,0.85,2.805,53.16,66.45,0.8,664.5,11230.0,8.0,103.92,Aspersion,18866.4,7970.88,3465.6,Tradicion,True,
69aeebd1-6df4-4274-ba92-20defcea13df,PAR-061,CIC-2025-OI,2026-02-03,Uva,Media,4.23,0.88,3.722,56.04,70.05,0.8,700.5,11838.4,15.8,0.0,Aspersion,19888.51,8402.59,3653.3,Tradicion,False,
1d861d8e-e772-4d25-af39-7eb022885d41,PAR-061,CIC-2025-OI,2026-02-07,Uva,Media,4.53,0.87,3.941,55.41,69.26,0.8,692.6,11704.9,32.0,0.0,Aspersion,19664.23,8307.83,3612.1,Manual,False,Sobre-riego detectado
bfb51bcb-0afc-46b3-94a2-62aa8dad8959,PAR-061,CIC-2025-OI,2026-02-25,Uva,Media,4.7,0.81,3.807,44.62,55.77,0.8,557.7,9425.1,8.0,23.91,Aspersion,15834.17,6689.78,2908.6,Manual,False,
c70ace60-6c83-4647-9674-ff4f67acb37c,PAR-061,CIC-2025-OI,2026-02-27,Uva,Media,4.19,0.87,3.645,44.42,55.53,0.8,555.3,9384.6,32.0,0.0,Aspersion,15766.13,6661.03,2896.1,Manual,False,Deficit acumulado
19874fce-919a-400b-8f60-d97cdcd2a740,PAR-061,CIC-2025-OI,2026-03-27,Uva,Media,6.34,0.83,5.262,51.43,64.29,0.8,642.9,10865.0,8.0,95.91,Aspersion,18253.2,7711.67,3352.9,Experiencia del operador,False,Deficit acumulado
2902da95-7721-4f35-9f7c-5d88a2ce3672,PAR-061,CIC-2025-OI,2026-04-12,Uva,Media,7.35,0.84,6.174,44.34,55.42,0.8,554.2,9366.0,8.0,54.44,Aspersion,15734.88,6647.69,2890.3,Manual,False,Deficit acumulado
41b6f953-0f89-4a70-b5f1-ca070d2c4028,PAR-061,CIC-2025-OI,2026-04-18,Uva,Media,7.54,0.84,6.334,45.3,56.63,0.8,566.3,9570.5,19.2,0.0,Aspersion,16078.44,6793.05,2953.5,Manual,True,Sobre-riego detectado
0a1f88cb-2cae-4db0-85db-be38555bbd74,PAR-062,CIC-2025-OI,2025-10-28,Frijol,Inicial,5.18,0.42,2.176,17.04,26.21,0.65,262.1,4088.8,8.0,0.37,Gravedad,6869.18,2902.14,1261.8,Manual,False,
8acafc4d-5fc6-493b-88f0-d8514942369c,PAR-062,CIC-2025-OI,2025-10-30,Frijol,Inicial,5.07,0.38,1.927,14.47,22.26,0.65,222.6,3472.6,32.0,0.0,Gravedad,5833.97,2464.68,1071.6,Tradicion,False,Deficit acumulado
08da703f-12a1-409c-9831-859b240066d6,PAR-062,CIC-2025-OI,2025-11-07,Frijol,Inicial,4.03,0.38,1.531,17.15,26.38,0.65,263.8,4115.3,32.0,0.0,Gravedad,6913.7,2921.0,1270.0,Manual,False,
a776a30d-4f7e-4bbd-88a4-32ae125c0843,PAR-062,CIC-2025-OI,2025-11-14,Frijol,Desarrollo,3.47,0.495,1.718,19.47,29.95,0.65,299.5,4672.2,32.0,0.0,Gravedad,7849.3,3316.14,1441.8,Manual,True,
dc229092-d22f-4265-8273-ae3ae0d0cf30,PAR-062,CIC-2025-OI,2025-11-23,Frijol,Desarrollo,3.85,0.77,2.965,30.92,47.57,0.65,475.7,7420.9,15.9,0.0,Gravedad,12467.11,5267.23,2290.1,Experiencia del operador,True,
0da6a631-1e18-475a-9ae4-9575531e013f,PAR-062,CIC-2025-OI,2025-11-30,Frijol,Desarrollo,3.84,0.935,3.59,38.71,59.55,0.65,595.5,9289.8,32.0,0.0,Gravedad,15606.86,6593.64,2866.8,Tradicion,False,
f0827df1-b82e-45f7-a613-3ac0383206ca,PAR-062,CIC-2025-OI,2025-12-02,Frijol,Desarrollo,2.86,0.945,2.703,39.12,60.18,0.65,601.8,9388.1,32.0,0.0,Gravedad,15772.01,6663.56,2897.2,Experiencia del operador,False,
7a8842d0-7e7b-4bcd-a6c6-c0fda00935d7,PAR-062,CIC-2025-OI,2025-12-14,Frijol,Media,3.35,1.17,3.919,47.95,73.77,0.65,737.7,11508.1,8.0,0.0,Gravedad,19333.61,8168.22,3551.4,Tradicion,False,
c0651cbf-d405-43e1-8164-f9ed00a3343e,PAR-062,CIC-2025-OI,2025-12-26,Frijol,Media,3.39,1.13,3.831,46.31,71.25,0.65,712.5,11115.0,8.0,0.0,Gravedad,18673.2,7889.23,3430.1,Experiencia del operador,False,
0e84ba02-3588-46f5-899c-a42bbd73b3fc,PAR-062,CIC-2025-OI,2025-12-28,Frijol,Media,3.07,1.12,3.438,42.19,64.91,0.65,649.1,10126.0,32.0,0.0,Gravedad,17011.68,7187.27,3124.9,Manual,True,Deficit acumulado
7792ab09-4a78-4b7c-96d5-3ce137e5175d,PAR-062,CIC-2025-OI,2026-01-13,Frijol,Final,3.3,0.92,3.036,42.28,65.04,0.65,650.4,10146.2,8.0,6.3,Gravedad,17045.62,7201.53,3131.1,Tradicion,False,Deficit acumulado
ae9fb0e8-6aab-4dc6-850b-2ef3d09cbf64,PAR-062,CIC-2025-OI,2026-02-03,Frijol,Final,4.43,0.37,1.639,16.54,25.45,0.65,254.5,3970.2,8.0,17.88,Gravedad,6669.94,2817.96,1225.2,Tradicion,False,
23ac4158-3e10-400a-9adf-5987d7adc145,PAR-063,CIC-2025-OI,2025-11-03,Algodon,Inicial,4.12,0.37,1.524,21.04,23.38,0.9,233.8,1472.9,8.0,0.3,Goteo,2474.47,1045.35,454.5,Experiencia del operador,False,
8f34f61a-c950-4df8-b78b-7cdcfbd9a450,PAR-063,CIC-2025-OI,2025-12-02,Algodon,Desarrollo,3.24,0.581,1.882,37.27,41.41,0.9,414.1,2608.8,8.0,17.31,Goteo,4382.78,1851.73,805.1,Manual,False,
55a62ffe-6e54-4849-8d9d-dedcdb3282f4,PAR-063,CIC-2025-OI,2025-12-28,Algodon,Desarrollo,3.34,1.043,3.484,61.22,68.02,0.9,680.2,4285.3,8.0,29.36,Goteo,7199.3,3041.52,1322.4,Manual,True,
4e362487-595b-4f85-9a3a-6645d313a096,PAR-063,CIC-2025-OI,2026-01-12,Algodon,Media,3.24,1.18,3.823,66.41,73.79,0.9,737.9,4648.8,15.8,0.0,Goteo,7809.98,3299.58,1434.6,Manual,True,
e2af7730-baf4-4c33-85a8-d220d99eddb9,PAR-063,CIC-2025-OI,2026-01-15,Algodon,Media,3.5,1.18,4.13,73.55,81.72,0.9,817.2,5148.4,32.0,0.0,Goteo,8649.31,3654.24,1588.8,Tradicion,False,
a89cb2da-c834-4465-8a19-5984215ea361,PAR-063,CIC-2025-OI,2026-01-19,Algodon,Media,3.76,1.2,4.512,71.16,79.07,0.9,790.7,4981.4,32.0,0.0,Goteo,8368.75,3535.79,1537.3,Manual,False,
7fec9446-8282-49ed-bf1b-c4056d23ff73,PAR-063,CIC-2025-OI,2026-02-07,Algodon,Media,4.85,1.2,5.82,76.25,84.72,0.9,847.2,5337.4,8.0,34.33,Goteo,8966.83,3788.33,1647.1,Manual,False,
eab9e04c-2903-4376-b831-1bdcad08fddc,PAR-063,CIC-2025-OI,2026-02-28,Algodon,Media,4.77,1.2,5.724,74.07,82.3,0.9,823.0,5184.9,8.0,46.13,Goteo,8710.63,3680.23,1600.1,Manual,True,
04cbaa14-cbf8-478c-89f5-32eb41d27c4e,PAR-064,CIC-2025-OI,2025-10-27,Uva,Inicial,5.27,0.29,1.528,13.2,16.1,0.82,161.0,1545.6,23.4,0.0,Microaspersion,2596.61,1097.1,477.0,Manual,False,Eficiencia baja
c68261c0-f848-4fc9-a6ff-c60c2525c8cd,PAR-064,CIC-2025-OI,2025-11-28,Uva,Desarrollo,3.65,0.531,1.938,27.71,33.79,0.82,337.9,3243.8,8.0,34.31,Microaspersion,5449.58,2302.3,1001.0,Experiencia del operador,False,Eficiencia baja
7f1eb1f1-8b37-46b5-b690-353811ce51d6,PAR-064,CIC-2025-OI,2025-12-06,Uva,Desarrollo,3.11,0.671,2.087,33.73,41.14,0.82,411.4,3949.4,32.0,0.0,Microaspersion,6634.99,2803.24,1218.8,Manual,False,
e9800ae0-bb24-44b2-95f5-988a6fb59220,PAR-064,CIC-2025-OI,2025-12-17,Uva,Desarrollo,3.31,0.863,2.857,36.8,44.88,0.82,448.8,4308.5,17.1,0.0,Microaspersion,7238.28,3058.08,1329.6,Manual,True,Deficit acumulado
f7c6471e-93e6-4491-9bfc-052cd3644e68,PAR-064,CIC-2025-OI,2025-12-28,Uva,Media,3.05,0.81,2.47,36.1,44.02,0.82,440.2,4225.9,32.0,0.0,Microaspersion,7099.51,2999.43,1304.1,Manual,True,
64ad619f-79f9-4fbd-a5cf-4c6b296e9414,PAR-064,CIC-2025-OI,2026-01-17,Uva,Media,3.56,0.87,3.097,43.72,53.32,0.82,533.2,5118.7,8.0,18.22,Microaspersion,8599.42,3633.08,1579.6,Manual,False,
dd12d918-cd05-4f0f-8eb6-2a9deac288c7,PAR-064,CIC-2025-OI,2026-01-28,Uva,Media,3.57,0.83,2.963,43.67,53.26,0.82,532.6,5113.0,32.0,0.0,Microaspersion,8589.84,3629.17,1577.9,Tradicion,False,
cd6ebfa3-1c17-44cc-8f5d-40bc7b9eeea2,PAR-064,CIC-2025-OI,2026-02-20,Uva,Media,4.3,0.82,3.526,34.21,41.72,0.82,417.2,4005.1,8.0,46.89,Microaspersion,6728.57,2842.8,1236.0,Manual,False,Sobre-riego detectado
474909dc-6558-4aff-99e9-aff59960dea2,PAR-064,CIC-2025-OI,2026-02-22,Uva,Media,4.8,0.85,4.08,41.51,50.62,0.82,506.2,4859.5,32.0,0.0,Microaspersion,8163.96,3449.08,1499.6,Manual,True,Sobre-riego detectado
1c0c5e97-226c-4567-8089-7974b99bfaec,PAR-064,CIC-2025-OI,2026-02-23,Uva,Media,4.38,0.82,3.592,42.76,52.15,0.82,521.5,5006.4,32.0,0.0,Microaspersion,8410.75,3553.5,1545.0,Manual,True,
f1ed7a64-a588-4073-b14f-6450a32738ab,PAR-064,CIC-2025-OI,2026-03-06,Uva,Media,5.95,0.86,5.117,40.36,49.22,0.82,492.2,4725.1,8.0,15.93,Microaspersion,7938.17,3353.86,1458.2,Manual,False,Sobre-riego detectado
4c99ee48-b0c4-4f14-a835-bca6d20b2be1,PAR-064,CIC-2025-OI,2026-03-08,Uva,Media,5.82,0.86,5.005,39.55,48.23,0.82,482.3,4630.1,32.0,0.0,Microaspersion,7778.57,3286.24,1428.8,Experiencia del operador,False,Eficiencia baja
416e57f2-42f1-4fe8-81d8-6f871798e360,PAR-064,CIC-2025-OI,2026-03-28,Uva,Media,5.87,0.82,4.813,39.26,47.88,0.82,478.8,4596.5,8.0,57.0,Microaspersion,7722.12,3262.55,1418.5,Tradicion,True,
1acaa5d9-32f9-49c5-bc9f-b036f79cd91a,PAR-064,CIC-2025-OI,2026-03-31,Uva,Media,6.24,0.86,5.366,45.26,55.19,0.82,551.9,5298.2,32.0,0.0,Microaspersion,8900.98,3760.5,1635.0,Manual,False,
b0543639-c269-4fe3-bef0-49cad75e7c97,PAR-065,CIC-2025-OI,2025-10-31,Uva,Inicial,4.9,0.32,1.568,17.59,21.45,0.82,214.5,2145.0,8.0,0.0,Microaspersion,3603.6,1522.37,661.9,Tradicion,False,Sobre-riego detectado
c39872a3-f44b-4b68-967c-b5a5647e7f51,PAR-065,CIC-2025-OI,2025-11-24,Uva,Desarrollo,4.09,0.496,2.029,32.27,39.35,0.82,393.5,3935.0,8.0,16.43,Microaspersion,6610.8,2792.89,1214.3,Tradicion,False,
87b8a4d2-5928-429b-8bd3-caac5cb7189d,PAR-065,CIC-2025-OI,2025-12-09,Uva,Desarrollo,3.04,0.703,2.137,43.18,52.66,0.82,526.6,5266.0,32.0,0.0,Microaspersion,8846.88,3737.73,1625.1,Experiencia del operador,False,
fd14a0fc-a288-4a11-8979-c9e520cea01c,PAR-065,CIC-2025-OI,2025-12-28,Uva,Media,3.34,0.86,2.872,48.29,58.89,0.82,588.9,5889.0,8.0,6.28,Microaspersion,9893.52,4179.79,1817.3,Manual,False,Sobre-riego detectado
6ee5da68-a7b4-470b-b6af-201726df504c,PAR-065,CIC-2025-OI,2026-01-22,Uva,Media,3.75,0.88,3.3,57.21,69.77,0.82,697.7,6977.0,8.0,25.29,Microaspersion,11721.36,4952.13,2153.1,Tradicion,False,
4e74fc66-40bb-475d-966b-8b91c58ee4f9,PAR-065,CIC-2025-OI,2026-01-26,Uva,Media,3.27,0.88,2.878,55.14,67.24,0.82,672.4,6724.0,32.0,0.0,Microaspersion,11296.32,4772.5,2075.0,Tradicion,False,Sobre-riego detectado
cc14d1ca-6c22-49c5-ae56-8737ff513dea,PAR-065,CIC-2025-OI,2026-02-13,Uva,Media,4.41,0.83,3.66,50.53,61.62,0.82,616.2,6162.0,8.0,15.35,Microaspersion,10352.16,4373.68,1901.6,Manual,False,Deficit acumulado
3c439238-8585-44fc-9bc5-c78f6745d742,PAR-065,CIC-2025-OI,2026-02-21,Uva,Media,4.76,0.84,3.998,45.18,55.1,0.82,551.0,5510.0,32.0,0.0,Microaspersion,9256.8,3910.92,1700.4,Experiencia del operador,False,Sobre-riego detectado
b28c3e4d-c30d-43d4-9804-09d181adcd0a,PAR-065,CIC-2025-OI,2026-03-16,Uva,Media,5.69,0.88,5.007,53.57,65.33,0.82,653.3,6533.0,8.0,61.59,Microaspersion,10975.44,4637.03,2016.1,Manual,False,
4c67cd75-6e49-4027-876a-dfb085ac646b,PAR-065,CIC-2025-OI,2026-04-09,Uva,Media,7.34,0.89,6.533,56.81,69.28,0.82,692.8,6928.0,8.0,99.98,Microaspersion,11639.04,4917.4,2138.0,Tradicion,False,Eficiencia baja
2dd8e6a5-9f8f-4924-a88c-88e11b1c3c04,PAR-065,CIC-2025-OI,2026-04-18,Uva,Media,7.74,0.83,6.424,52.98,64.61,0.82,646.1,6461.0,8.0,4.84,Microaspersion,10854.48,4585.97,1993.9,Manual,False,Deficit acumulado
a411f4c2-761f-41cf-8c39-ccea6954b0e7,PAR-066,CIC-2025-OI,2025-10-28,Algodon,Inicial,4.89,0.37,1.809,13.77,21.18,0.65,211.8,6163.4,8.0,0.7,Gravedad,10354.51,4374.6,1902.0,Manual,False,
c6d18285-7068-4b73-8824-2b800a8fcf33,PAR-066,CIC-2025-OI,2025-11-09,Algodon,Inicial,3.51,0.32,1.123,12.84,19.76,0.65,197.6,5750.2,8.0,0.64,Gravedad,9660.34,4081.35,1774.5,Manual,False,Deficit acumulado
09027fc7-d425-4689-b9b5-76668856e932,PAR-066,CIC-2025-OI,2025-11-10,Algodon,Inicial,3.67,0.35,1.284,13.16,20.24,0.65,202.4,5889.8,32.0,0.0,Gravedad,9894.86,4180.48,1817.6,Manual,False,Sobre-riego detectado
bbdf15d9-b8d1-47f8-9560-42b502442b6c,PAR-066,CIC-2025-OI,2025-12-01,Algodon,Desarrollo,3.0,0.534,1.602,18.9,29.07,0.65,290.7,8459.4,8.0,14.74,Gravedad,14211.79,6004.38,2610.6,Manual,False,Deficit acumulado
76e55056-1dda-4bb0-8cf0-115972fef0df,PAR-066,CIC-2025-OI,2025-12-13,Algodon,Desarrollo,3.07,0.738,2.266,28.0,43.08,0.65,430.8,12536.3,8.0,0.0,Gravedad,21060.98,8898.01,3868.7,Manual,False,
1c7cb366-53d7-4b60-aaf0-78dff2c1ef2e,PAR-066,CIC-2025-OI,2026-01-26,Algodon,Media,3.24,1.2,3.888,38.97,59.95,0.65,599.5,17445.5,8.0,132.1,Gravedad,29308.44,12382.51,5383.7,Manual,True,Deficit acumulado
ff398c20-03e3-4b13-9d73-2b1de64614e7,PAR-066,CIC-2025-OI,2026-02-05,Algodon,Media,4.55,1.17,5.323,41.83,64.36,0.65,643.6,18728.8,8.0,11.4,Gravedad,31464.38,13293.31,5779.7,Manual,False,Deficit acumulado
61abae07-e013-4703-be7e-c75cf16b64f9,PAR-066,CIC-2025-OI,2026-02-08,Algodon,Media,4.27,1.22,5.209,42.29,65.06,0.65,650.6,18932.5,32.0,0.0,Gravedad,31806.6,13437.98,5842.6,Experiencia del operador,False,
a5bb0455-be4d-4a14-acd0-50b71896f248,PAR-066,CIC-2025-OI,2026-03-02,Algodon,Media,5.9,1.23,7.257,43.53,66.97,0.65,669.7,19488.3,8.0,116.12,Gravedad,32740.34,13832.43,6014.1,Tradicion,False,
22eeeebe-37f5-4ee6-b85e-03f9b7dd6de4,PAR-066,CIC-2025-OI,2026-03-06,Algodon,Final,6.13,1.138,6.976,38.19,58.76,0.65,587.6,17099.2,32.0,0.0,Gravedad,28726.66,12136.64,5276.8,Tradicion,False,
16ce107f-5f00-49dc-bdcb-0071112e2503,PAR-066,CIC-2025-OI,2026-04-13,Algodon,Final,7.55,0.736,5.557,30.06,46.24,0.65,462.4,13455.8,8.0,181.11,Gravedad,22605.74,9550.75,4152.5,Experiencia del operador,False,
d90c0dfb-ad88-4e0a-9978-918a2aaea1da,PAR-066,CIC-2025-OI,2026-04-14,Algodon,Final,7.71,0.734,5.659,24.92,38.34,0.65,383.4,11156.9,32.0,0.0,Gravedad,18743.59,7918.9,3443.0,Tradicion,False,
9dfe896e-689a-4fd5-8c4a-7ae151a8d23c,PAR-067,CIC-2025-OI,2025-10-29,Chile,Inicial,4.67,0.57,2.662,37.29,57.37,0.65,573.7,3786.4,32.0,0.0,Gravedad,6361.15,2687.55,1168.5,Manual,False,Sobre-riego detectado
f9db87d0-c1f9-48b0-b071-2cf01ccb832f,PAR-067,CIC-2025-OI,2025-11-20,Chile,Desarrollo,3.56,0.687,2.446,42.39,65.21,0.65,652.1,4303.9,8.0,11.42,Gravedad,7230.55,3054.86,1328.2,Manual,False,Sobre-riego detectado
ed5fe9c6-17f4-40af-b597-aa8699dc1dba,PAR-067,CIC-2025-OI,2025-11-21,Chile,Desarrollo,3.58,0.66,2.363,39.89,61.37,0.65,613.7,4050.4,32.0,0.0,Gravedad,6804.67,2875.0,1250.0,Manual,False,Deficit acumulado
999019f2-7d93-42fa-953a-8fe5bdc1fbe6,PAR-067,CIC-2025-OI,2025-11-27,Chile,Desarrollo,3.98,0.737,2.933,45.47,69.96,0.65,699.6,4617.4,32.0,0.0,Gravedad,7757.23,3277.27,1424.9,Tradicion,False,
6af4413b-168f-4fae-a583-56dea35159b2,PAR-067,CIC-2025-OI,2025-12-23,Chile,Media,3.34,1.06,3.54,70.01,107.71,0.65,1077.1,7108.9,8.0,22.03,Gravedad,11942.95,5045.74,2193.8,Experiencia del operador,False,Eficiencia baja
0f103aa4-2ad8-46d4-807f-fc402e22e754,PAR-067,CIC-2025-OI,2025-12-29,Chile,Media,3.36,1.04,3.494,66.1,101.69,0.65,1016.9,6711.5,32.0,0.0,Gravedad,11275.32,4763.76,2071.2,Experiencia del operador,False,Eficiencia baja
031a3cb0-af00-473c-9e67-c348b9f05adc,PAR-067,CIC-2025-OI,2026-01-31,Chile,Final,3.18,1.022,3.25,70.05,107.77,0.65,1077.7,7112.8,8.0,37.2,Gravedad,11949.5,5048.5,2195.0,Manual,False,
59ef9b38-15fa-4e71-a6bc-5b959194867b,PAR-067,CIC-2025-OI,2026-02-20,Chile,Final,4.23,0.922,3.9,56.3,86.62,0.65,866.2,5716.9,8.0,21.7,Gravedad,9604.39,4057.66,1764.2,Manual,False,
4fd02d9d-b999-442a-96ad-6d45c1223d1c,PAR-068,CIC-2025-OI,2025-11-07,Maiz,Inicial,3.66,0.34,1.244,18.76,22.88,0.82,228.8,5445.4,8.0,3.63,Microaspersion,9148.27,3865.15,1680.5,Manual,False,
240e994e-0a14-44d5-b602-5ec5cd6550bc,PAR-068,CIC-2025-OI,2025-11-27,Maiz,Desarrollo,3.51,0.743,2.608,42.82,52.22,0.82,522.2,12428.4,8.0,9.34,Microaspersion,20879.71,8821.42,3835.4,Tradicion,False,Eficiencia baja
4d5ccf5a-ca5f-4a16-ba04-9160434312df,PAR-068,CIC-2025-OI,2025-11-29,Maiz,Desarrollo,3.45,0.834,2.877,47.06,57.39,0.82,573.9,13658.8,32.0,0.0,Microaspersion,22946.78,9694.73,4215.1,Manual,False,
0f7f6b23-7425-4008-b5ce-e825e7bd9cce,PAR-068,CIC-2025-OI,2025-12-06,Maiz,Desarrollo,3.13,1.014,3.174,57.84,70.54,0.82,705.4,16788.5,32.0,0.0,Microaspersion,28204.68,11916.07,5180.9,Experiencia del operador,False,
8ce1a2dc-93a8-4c39-be76-13f5678ff4ca,PAR-068,CIC-2025-OI,2025-12-14,Maiz,Desarrollo,3.34,1.2,4.008,78.0,95.12,0.82,951.2,22638.6,32.0,0.0,Microaspersion,38032.85,16068.49,6986.3,Manual,False,Eficiencia baja
3a7306bd-e4e0-43aa-ba8b-68fc6bc249e7,PAR-068,CIC-2025-OI,2026-01-09,Maiz,Media,3.68,1.17,4.306,65.29,79.62,0.82,796.2,18949.6,8.0,46.67,Microaspersion,31835.33,13449.94,5847.8,Manual,False,
ff5af1e4-fd4d-45fd-92af-b59f3efc933e,PAR-068,CIC-2025-OI,2026-01-18,Maiz,Media,3.66,1.16,4.246,69.71,85.01,0.82,850.1,20232.4,32.0,0.0,Microaspersion,33990.43,14360.51,6243.7,Experiencia del operador,False,Eficiencia baja
504d7a77-69bd-49a4-bdf0-24413b57e62b,PAR-068,CIC-2025-OI,2026-03-05,Maiz,Final,5.99,0.57,3.414,37.05,45.18,0.82,451.8,10752.8,8.0,119.99,Microaspersion,18064.7,7632.09,3318.3,Tradicion,True,
d64cd06f-8247-45b7-a5ea-760e197bbce6,PAR-068,CIC-2025-OI,2026-03-08,Maiz,Final,5.77,0.63,3.635,36.31,44.28,0.82,442.8,10538.6,32.0,0.0,Microaspersion,17704.85,7480.06,3252.2,Manual,False,Sobre-riego detectado
fd4cfd11-5a2b-4e51-8f8d-fa3f2644fa8c,PAR-069,CIC-2025-OI,2025-10-30,Chile,Inicial,5.16,0.59,3.044,31.03,34.48,0.9,344.8,2241.2,8.0,0.0,Goteo,3765.22,1590.68,691.6,Experiencia del operador,False,Sobre-riego detectado
6faac514-dbb5-4709-984a-8e7b6ecd52fa,PAR-069,CIC-2025-OI,2025-11-03,Chile,Inicial,3.56,0.57,2.029,26.23,29.14,0.9,291.4,1894.1,32.0,0.0,Goteo,3182.09,1344.35,584.5,Tradicion,False,
f96dea36-4dde-4692-9c16-fbddd0fe9579,PAR-069,CIC-2025-OI,2025-11-05,Chile,Inicial,3.46,0.57,1.972,29.98,33.31,0.9,333.1,2165.2,32.0,0.0,Goteo,3637.54,1536.86,668.2,Experiencia del operador,False,Sobre-riego detectado
8bae3dce-4243-49dc-b8b9-bcc7c2c26071,PAR-069,CIC-2025-OI,2025-11-11,Chile,Inicial,3.66,0.58,2.123,27.57,30.63,0.9,306.3,1991.0,32.0,0.0,Goteo,3344.88,1413.12,614.4,Manual,False,
a27895a5-ec30-4a17-87f2-27c305707243,PAR-069,CIC-2025-OI,2025-11-18,Chile,Desarrollo,3.8,0.661,2.512,35.79,39.77,0.9,397.7,2585.0,32.0,0.0,Goteo,4342.8,1834.71,797.7,Manual,False,Eficiencia baja
6014f626-bcbf-4dd6-8cc2-f1be999043eb,PAR-069,CIC-2025-OI,2025-11-21,Chile,Desarrollo,3.53,0.69,2.436,32.1,35.67,0.9,356.7,2318.5,32.0,0.0,Goteo,3895.08,1645.65,715.5,Experiencia del operador,False,
59bb482b-d6ba-4b55-a57e-e38d523985e1,PAR-069,CIC-2025-OI,2025-11-23,Chile,Desarrollo,4.06,0.696,2.826,31.66,35.18,0.9,351.8,2286.7,32.0,0.0,Goteo,3841.66,1623.11,705.7,Manual,False,
904be176-7316-41e9-bdfb-799d0398b269,PAR-069,CIC-2025-OI,2025-12-02,Chile,Desarrollo,3.26,0.871,2.839,40.99,45.54,0.9,455.4,2960.1,32.0,0.0,Goteo,4972.97,2101.05,913.5,Tradicion,False,
fdb64904-53ae-435e-bbec-0ccbadc86f59,PAR-069,CIC-2025-OI,2025-12-07,Chile,Desarrollo,3.15,0.866,2.728,43.34,48.16,0.9,481.6,3130.4,32.0,0.0,Goteo,5259.07,2221.8,966.0,Manual,True,
81ff36f3-e1a9-401c-be3c-16e13477182b,PAR-069,CIC-2025-OI,2025-12-14,Chile,Desarrollo,3.17,0.976,3.094,43.91,48.79,0.9,487.9,3171.3,32.0,0.0,Goteo,5327.78,2251.01,978.7,Tradicion,False,Eficiencia baja
e2e20616-ae1e-4bc0-a8af-e54da1b59c91,PAR-069,CIC-2025-OI,2025-12-19,Chile,Desarrollo,3.15,1.05,3.308,55.22,61.36,0.9,613.6,3988.4,32.0,0.0,Goteo,6700.51,2830.84,1230.8,Manual,False,Deficit acumulado
ddb2b8be-426e-4516-904a-7cbec73bcb82,PAR-069,CIC-2025-OI,2025-12-27,Chile,Media,3.06,1.02,3.121,50.55,56.17,0.9,561.7,3651.1,32.0,0.0,Goteo,6133.85,2591.41,1126.7,Experiencia del operador,False,
3ac8f58f-1262-46ef-8e60-09b7f49cfe3f,PAR-069,CIC-2025-OI,2026-01-15,Chile,Media,3.17,1.07,3.392,49.24,54.71,0.9,547.1,3556.2,8.0,15.21,Goteo,5974.42,2524.02,1097.4,Manual,False,
7679ff62-d810-48d9-8b1c-1b279e446434,PAR-069,CIC-2025-OI,2026-02-19,Chile,Final,4.32,0.908,3.923,41.33,45.92,0.9,459.2,2984.8,8.0,95.98,Goteo,5014.46,2118.53,921.1,Manual,True,Deficit acumulado
b75cfc71-d053-4ca9-b368-0dbf621fe69f,PAR-070,CIC-2025-OI,2025-11-25,Chile,Desarrollo,3.96,0.771,3.053,29.15,44.85,0.65,448.5,10539.8,8.0,80.76,Gravedad,17706.86,7480.98,3252.6,Manual,False,Sobre-riego detectado
e44054c8-d9c7-4051-af43-9d12ae909df8,PAR-070,CIC-2025-OI,2025-11-29,Chile,Desarrollo,3.58,0.823,2.946,34.33,52.82,0.65,528.2,12412.7,32.0,0.0,Gravedad,20853.34,8810.38,3830.6,Manual,False,
1e53d6b7-c341-477a-8926-fd22e2939049,PAR-070,CIC-2025-OI,2025-12-08,Chile,Desarrollo,3.53,0.919,3.244,38.69,59.52,0.65,595.2,13987.2,32.0,0.0,Gravedad,23498.5,9927.72,4316.4,Tradicion,False,Eficiencia baja
9d859b8f-6bbe-415d-b2bc-abe8613d1695,PAR-070,CIC-2025-OI,2025-12-22,Chile,Media,3.28,1.01,3.313,40.15,61.77,0.65,617.7,14516.0,8.0,6.23,Gravedad,24386.88,10303.08,4479.6,Manual,False,Sobre-riego detectado
ef0d60ce-82ac-43ea-bf16-5dcb8278c429,PAR-070,CIC-2025-OI,2026-01-12,Chile,Media,3.41,1.04,3.546,40.53,62.35,0.65,623.5,14652.2,8.0,33.94,Gravedad,24615.7,10399.91,4521.7,Experiencia del operador,False,
e35236bd-8f22-4cbf-a180-bf323935ae28,PAR-070,CIC-2025-OI,2026-01-21,Chile,Media,3.69,1.01,3.727,37.77,58.1,0.65,581.0,13653.5,12.6,0.0,Gravedad,22937.88,9691.05,4213.5,Manual,False,Deficit acumulado
44df9dad-f780-4748-b5ab-e3ddeb2e3231,PAR-070,CIC-2025-OI,2026-02-07,Chile,Final,4.62,1.0,4.62,37.39,57.53,0.65,575.3,13519.5,8.0,41.15,Gravedad,22712.76,9595.83,4172.1,Experiencia del operador,True,
d1cfaa4e-0535-466a-9595-e4e50c55d39c,PAR-070,CIC-2025-OI,2026-02-08,Chile,Final,4.61,1.004,4.628,37.54,57.76,0.65,577.6,13573.6,32.0,0.0,Gravedad,22803.65,9634.24,4188.8,Experiencia del operador,False,
3bf3d690-9145-47a0-b1c9-f81aed5b63c1,PAR-070,CIC-2025-OI,2026-02-16,Chile,Final,4.37,0.956,4.178,35.0,53.84,0.65,538.4,12652.4,8.0,0.0,Gravedad,21256.03,8980.35,3904.5,Manual,False,Deficit acumulado
96502aa5-d890-4bda-a6c6-d19acc49f082,PAR-070,CIC-2025-OI,2026-02-17,Chile,Final,4.19,0.9,3.771,33.65,51.77,0.65,517.7,12166.0,32.0,0.0,Gravedad,20438.88,8635.12,3754.4,Tradicion,False,
2395058d-7042-4830-bceb-2eba7f855e99,PAR-070,CIC-2025-OI,2026-02-19,Chile,Final,4.44,0.918,4.076,36.86,56.7,0.65,567.0,13324.5,32.0,0.0,Gravedad,22385.16,9457.37,4111.9,Tradicion,False,
c027cb1f-6246-42ae-8e62-63d0027288a2,PAR-071,CIC-2025-OI,2025-11-13,Chile,Inicial,3.97,0.6,2.382,30.11,37.64,0.8,376.4,3839.3,8.0,27.06,Aspersion,6450.02,2725.04,1184.8,Manual,False,Eficiencia baja
96648c9b-4140-4ad1-8eb3-df4b634d1cb7,PAR-071,CIC-2025-OI,2025-11-20,Chile,Desarrollo,3.77,0.647,2.439,31.83,39.79,0.8,397.9,4058.6,32.0,0.0,Aspersion,6818.45,2880.75,1252.5,Manual,False,Deficit acumulado
ec97b092-0fdc-4945-9840-d950c8f595a7,PAR-071,CIC-2025-OI,2025-12-04,Chile,Desarrollo,3.29,0.847,2.787,42.94,53.67,0.8,536.7,5474.3,10.0,0.0,Aspersion,9196.82,3885.62,1689.4,Experiencia del operador,False,Sobre-riego detectado
13fd3b77-cd8a-4efe-a4a5-f0d428dee348,PAR-071,CIC-2025-OI,2025-12-08,Chile,Desarrollo,3.38,0.899,3.039,42.42,53.02,0.8,530.2,5408.0,32.0,0.0,Aspersion,9085.44,3838.47,1668.9,Experiencia del operador,False,
5e7d2c0c-5509-47d0-9eb6-1a6e6bea744e,PAR-071,CIC-2025-OI,2025-12-20,Chile,Media,3.49,1.06,3.699,47.93,59.91,0.8,599.1,6110.8,8.0,0.0,Aspersion,10266.14,4337.34,1885.8,Tradicion,False,Sobre-riego detectado
3d4c80f4-79c9-49f7-8012-503e64618e66,PAR-071,CIC-2025-OI,2025-12-23,Chile,Media,2.92,1.06,3.095,48.98,61.22,0.8,612.2,6244.4,32.0,0.0,Aspersion,10490.59,4432.1,1927.0,Manual,False,Deficit acumulado
36cd7d99-d214-428c-a7b2-ec6cc5e28bac,PAR-071,CIC-2025-OI,2025-12-27,Chile,Media,3.46,1.02,3.529,53.72,67.15,0.8,671.5,6849.3,32.0,0.0,Aspersion,11506.82,4861.51,2113.7,Experiencia del operador,False,Eficiencia baja
81bad425-07ab-4bd2-8db8-e0dfe9a99302,PAR-071,CIC-2025-OI,2026-01-28,Chile,Media,3.68,1.05,3.864,51.13,63.91,0.8,639.1,6518.8,8.0,72.52,Aspersion,10951.58,4626.91,2011.7,Tradicion,False,Eficiencia baja
d3bbff66-9be7-4254-9212-37d3eae6deb6,PAR-071,CIC-2025-OI,2026-02-07,Chile,Final,4.59,1.03,4.728,53.22,66.53,0.8,665.3,6786.1,12.6,0.0,Aspersion,11400.65,4816.66,2094.2,Manual,False,
e210b04f-2715-4da9-9f7d-184d15b80121,PAR-071,CIC-2025-OI,2026-02-11,Chile,Final,4.42,0.936,4.137,50.69,63.36,0.8,633.6,6462.7,32.0,0.0,Aspersion,10857.34,4587.12,1994.4,Experiencia del operador,False,Eficiencia baja
f491aceb-0fbf-4a86-8093-9fba82992039,PAR-072,CIC-2025-OI,2025-10-25,Algodon,Inicial,5.16,0.38,1.961,15.07,23.19,0.65,231.9,6261.3,32.0,0.0,Gravedad,10518.98,4444.06,1932.2,Manual,False,Deficit acumulado
5b220d1d-759a-4440-aaed-e65b035f80c6,PAR-072,CIC-2025-OI,2025-12-04,Algodon,Desarrollo,3.25,0.595,1.934,21.05,32.38,0.65,323.8,8742.6,8.0,56.31,Gravedad,14687.57,6205.4,2698.0,Manual,False,Sobre-riego detectado
09459ec6-1b4a-4f6a-b83c-18ddcfc53040,PAR-072,CIC-2025-OI,2025-12-08,Algodon,Desarrollo,3.37,0.683,2.302,26.6,40.92,0.65,409.2,11048.4,32.0,0.0,Gravedad,18561.31,7841.85,3409.5,Experiencia del operador,False,Deficit acumulado
0715cebd-0d6a-4b85-b22b-652a1987f95d,PAR-072,CIC-2025-OI,2025-12-09,Algodon,Desarrollo,3.45,0.73,2.518,24.0,36.92,0.65,369.2,9968.4,32.0,0.0,Gravedad,16746.91,7075.26,3076.2,Manual,False,Deficit acumulado
6636acbb-396d-440d-93ac-eda9f1b4c8da,PAR-072,CIC-2025-OI,2026-01-06,Algodon,Desarrollo,3.27,1.156,3.78,45.44,69.9,0.65,699.0,18873.0,8.0,60.4,Gravedad,31706.64,13395.66,5824.2,Manual,False,Eficiencia baja
bebbc59c-5956-4b7e-90fa-396a19a037bf,PAR-072,CIC-2025-OI,2026-01-18,Algodon,Media,3.2,1.21,3.872,38.48,59.2,0.65,592.0,15984.0,8.0,7.98,Gravedad,26853.12,11345.21,4932.7,Tradicion,False,Deficit acumulado
cdf897cb-6983-4d1c-8670-6953b48f4868,PAR-072,CIC-2025-OI,2026-02-04,Algodon,Media,4.63,1.21,5.602,42.8,65.85,0.65,658.5,17779.5,8.0,52.43,Gravedad,29869.56,12619.64,5486.8,Manual,False,
85e32bb1-b4d6-4d87-9a58-2acf07edef73,PAR-072,CIC-2025-OI,2026-02-20,Algodon,Media,4.5,1.17,5.265,38.04,58.53,0.65,585.3,15803.1,8.0,46.2,Gravedad,26549.21,11216.64,4876.8,Tradicion,False,Deficit acumulado
65e40385-e574-4bc9-8ad8-7937f03c38c5,PAR-072,CIC-2025-OI,2026-03-10,Algodon,Final,5.82,1.143,6.652,42.89,65.99,0.65,659.9,17817.3,8.0,76.85,Gravedad,29933.06,12646.32,5498.4,Manual,True,Sobre-riego detectado
9172a408-4c79-4900-af94-538f464a3b91,PAR-072,CIC-2025-OI,2026-04-10,Algodon,Final,7.63,0.829,6.325,29.02,44.65,0.65,446.5,12055.5,8.0,167.06,Gravedad,20253.24,8556.69,3720.3,Tradicion,False,
d5b8dfaf-9da0-425f-a502-83c3a6b84af2,PAR-072,CIC-2025-OI,2026-04-17,Algodon,Final,7.2,0.721,5.191,25.25,38.85,0.65,388.5,10489.5,8.0,11.09,Gravedad,17622.36,7445.33,3237.1,Manual,False,
4dc4a438-ccb3-4b8e-b7d8-de265a7f2d0c,PAR-073,CIC-2025-OI,2025-10-31,Uva,Inicial,4.72,0.31,1.463,14.18,17.29,0.82,172.9,7313.7,8.0,1.91,Microaspersion,12287.02,5191.1,2257.0,Manual,False,
fadf6f2d-537b-43b5-a42a-f2593b45ae7a,PAR-073,CIC-2025-OI,2025-11-04,Uva,Inicial,3.79,0.29,1.099,12.1,14.76,0.82,147.6,6243.5,32.0,0.0,Microaspersion,10489.08,4431.41,1926.7,Manual,False,
073e74bd-eb24-4f17-a67c-63d3af0d1897,PAR-073,CIC-2025-OI,2025-11-09,Uva,Inicial,3.76,0.27,1.015,12.82,15.64,0.82,156.4,6615.7,32.0,0.0,Microaspersion,11114.38,4695.68,2041.6,Manual,False,
3e69d9d1-7484-4328-84c9-570834510761,PAR-073,CIC-2025-OI,2026-01-07,Uva,Media,3.18,0.82,2.608,33.14,40.41,0.82,404.1,17093.4,8.0,120.73,Microaspersion,28716.91,12132.5,5275.0,Tradicion,False,Deficit acumulado
9020d607-ae4c-483f-b01f-bce652f0bec6,PAR-073,CIC-2025-OI,2026-01-26,Uva,Media,3.77,0.83,3.129,37.59,45.84,0.82,458.4,19390.3,8.0,21.86,Microaspersion,32575.7,13762.74,5983.8,Manual,False,
a94baa84-e371-4d38-bbfb-f254c8491c06,PAR-073,CIC-2025-OI,2026-02-03,Uva,Media,4.26,0.88,3.749,40.25,49.08,0.82,490.8,20760.8,32.0,0.0,Microaspersion,34878.14,14735.64,6406.8,Experiencia del operador,False,
0879ac7e-8f54-40e6-b656-ce3d915bc06b,PAR-073,CIC-2025-OI,2026-02-04,Uva,Media,4.36,0.87,3.793,40.95,49.94,0.82,499.4,21124.6,32.0,0.0,Microaspersion,35489.33,14993.93,6519.1,Manual,True,Eficiencia baja
93676aba-265c-4fe5-aa89-da00b35f51c5,PAR-073,CIC-2025-OI,2026-02-14,Uva,Media,4.75,0.82,3.895,34.23,41.74,0.82,417.4,17656.0,8.0,4.72,Microaspersion,29662.08,12531.78,5448.6,Manual,True,Deficit acumulado
658fe430-7b90-4ade-a289-ae4993888495,PAR-073,CIC-2025-OI,2026-02-25,Uva,Media,4.56,0.82,3.739,33.5,40.85,0.82,408.5,17279.5,8.0,7.63,Microaspersion,29029.56,12264.75,5332.5,Manual,False,
f820372f-9f13-4f7a-933d-c81628a2984a,PAR-073,CIC-2025-OI,2026-03-04,Uva,Media,6.01,0.84,5.048,40.66,49.58,0.82,495.8,20972.3,15.0,0.0,Microaspersion,35233.46,14885.83,6472.1,Tradicion,False,
24c29169-c517-428b-b55d-9dc509db3803,PAR-073,CIC-2025-OI,2026-03-10,Uva,Media,6.28,0.84,5.275,41.4,50.49,0.82,504.9,21357.3,30.8,0.0,Microaspersion,35880.26,15159.07,6590.9,Manual,False,
cc9ae597-c580-4376-9740-227c4b66f125,PAR-073,CIC-2025-OI,2026-03-29,Uva,Media,5.87,0.88,5.166,37.9,46.22,0.82,462.2,19551.1,8.0,60.25,Microaspersion,32845.85,13877.05,6033.5,Experiencia del operador,False,
d1dfcf6c-6be0-4df1-8726-6b8296de7e3c,PAR-073,CIC-2025-OI,2026-04-04,Uva,Media,7.49,0.87,6.516,38.63,47.11,0.82,471.1,19927.5,8.0,0.47,Microaspersion,33478.2,14144.08,6149.6,Experiencia del operador,True,Sobre-riego detectado
edb59fd7-0f21-40b4-a922-3c7fff7097fe,PAR-073,CIC-2025-OI,2026-04-08,Uva,Media,7.39,0.83,6.134,35.01,42.7,0.82,427.0,18062.1,32.0,0.0,Microaspersion,30344.33,12820.2,5574.0,Manual,True,
6ba35a80-d816-4d8c-87a2-ce6bd53ccc9d,PAR-074,CIC-2025-OI,2025-10-26,Frijol,Inicial,4.82,0.42,2.024,15.62,24.03,0.65,240.3,10068.6,28.6,0.0,Gravedad,16915.25,7146.56,3107.2,Manual,False,
1302005d-0cab-4e56-9301-71bc853ad1b7,PAR-074,CIC-2025-OI,2025-11-09,Frijol,Inicial,4.05,0.39,1.579,12.6,19.39,0.65,193.9,8124.4,8.0,9.51,Gravedad,13648.99,5766.56,2507.2,Experiencia del operador,True,
4f009a05-4ba0-40f9-8468-113992ff1735,PAR-074,CIC-2025-OI,2025-11-19,Frijol,Desarrollo,3.64,0.61,2.22,20.14,30.99,0.65,309.9,12984.8,8.0,2.06,Gravedad,21814.46,9216.33,4007.1,Manual,False,Sobre-riego detectado
de0fa1f0-7d64-4e3e-a5b0-b56441d43fc4,PAR-074,CIC-2025-OI,2025-11-23,Frijol,Desarrollo,4.08,0.76,3.101,24.04,36.98,0.65,369.8,15494.6,32.0,0.0,Gravedad,26030.93,10997.68,4781.6,Manual,True,Deficit acumulado
035efc20-5753-4b6c-a72e-9c27f8d3dccc,PAR-074,CIC-2025-OI,2025-12-09,Frijol,Desarrollo,3.02,1.19,3.594,43.84,67.45,0.65,674.5,28261.5,8.0,13.66,Gravedad,47479.32,20059.45,8721.5,Experiencia del operador,False,
1921a807-5eac-4124-8d44-c23219030a11,PAR-074,CIC-2025-OI,2025-12-22,Frijol,Media,3.47,1.15,3.99,35.57,54.73,0.65,547.3,22931.9,8.0,16.3,Gravedad,38525.59,16276.64,7076.8,Manual,True,Sobre-riego detectado
c7c53f9d-d7b2-4ed0-9b0a-2f99863cd71b,PAR-074,CIC-2025-OI,2025-12-27,Frijol,Media,3.16,1.13,3.571,38.88,59.82,0.65,598.2,25064.6,32.0,0.0,Gravedad,42108.53,17790.27,7734.9,Manual,False,Deficit acumulado
00ed3460-00e1-4b0a-8cb2-80ade0b28fd5,PAR-074,CIC-2025-OI,2025-12-31,Frijol,Media,3.27,1.19,3.891,39.29,60.45,0.65,604.5,25328.5,32.0,0.0,Gravedad,42551.88,17977.72,7816.4,Manual,False,Sobre-riego detectado
ee6eea8e-f158-438f-82f6-64e2e0e4822c,PAR-074,CIC-2025-OI,2026-01-05,Frijol,Media,3.65,1.18,4.307,40.61,62.47,0.65,624.7,26174.9,32.0,0.0,Gravedad,43973.83,18578.48,8077.6,Manual,False,
9b1e5a91-d7a6-4c5f-ba21-f87ecae86130,PAR-074,CIC-2025-OI,2026-01-14,Frijol,Final,3.58,0.91,3.258,31.31,48.17,0.65,481.7,20183.2,8.0,0.0,Gravedad,33907.78,14325.55,6228.5,Manual,False,
76dd85f8-35b2-4acd-bfa4-fc6c51c2d42b,PAR-074,CIC-2025-OI,2026-01-16,Frijol,Final,3.57,0.8,2.856,27.81,42.78,0.65,427.8,17924.8,32.0,0.0,Gravedad,30113.66,12722.68,5531.6,Manual,False,
ed6616cb-2241-4a12-b73d-b500c2f4525c,PAR-074,CIC-2025-OI,2026-01-28,Frijol,Final,3.51,0.37,1.299,14.27,21.96,0.65,219.6,9201.2,8.0,1.32,Gravedad,15458.02,6530.85,2839.5,Manual,False,
f8afb64a-f92d-4b8d-9532-8b9a2da99c21,PAR-074,CIC-2025-OI,2026-02-02,Frijol,Final,4.32,0.35,1.512,11.56,17.78,0.65,177.8,7449.8,32.0,0.0,Gravedad,12515.66,5287.7,2299.0,Tradicion,False,
daec4846-99ca-4f69-af82-b4b3fbb7a12e,PAR-074,CIC-2025-OI,2026-02-06,Frijol,Final,4.46,0.35,1.561,13.5,20.77,0.65,207.7,8702.6,32.0,0.0,Gravedad,14620.37,6176.88,2685.6,Manual,False,Eficiencia baja
c89bdae4-e81e-487d-80f7-29fdc2c0908b,PAR-075,CIC-2025-OI,2025-11-10,Maiz,Desarrollo,3.99,0.346,1.381,13.91,21.4,0.65,214.0,3488.2,8.0,15.09,Gravedad,5860.18,2475.95,1076.5,Manual,False,Deficit acumulado
c98c1345-06f2-417e-a943-d94057cbb6e2,PAR-075,CIC-2025-OI,2025-11-18,Maiz,Desarrollo,3.68,0.551,2.028,20.73,31.9,0.65,319.0,5199.7,27.9,0.0,Gravedad,8735.5,3690.58,1604.6,Experiencia del operador,False,
806b1fd5-d909-4075-a531-2e319504f847,PAR-075,CIC-2025-OI,2025-12-05,Maiz,Desarrollo,3.4,0.949,3.227,33.53,51.59,0.65,515.9,8409.2,8.0,21.33,Gravedad,14127.46,5968.73,2595.1,Manual,False,Eficiencia baja
63bed772-1477-4f70-b3c2-a6ffd5247ac9,PAR-075,CIC-2025-OI,2025-12-09,Maiz,Desarrollo,3.11,1.071,3.331,38.28,58.89,0.65,588.9,9599.1,32.0,0.0,Gravedad,16126.49,6813.29,2962.3,Manual,False,Eficiencia baja
48314c84-3d9d-45e4-a91b-dcd80e74d1b8,PAR-075,CIC-2025-OI,2025-12-10,Maiz,Desarrollo,3.16,1.087,3.435,40.07,61.64,0.65,616.4,10047.3,32.0,0.0,Gravedad,16879.46,7131.38,3100.6,Experiencia del operador,False,Sobre-riego detectado
0d0641a6-f3ce-4966-aae1-cd243dce35fc,PAR-075,CIC-2025-OI,2025-12-13,Maiz,Desarrollo,3.38,1.174,3.968,43.28,66.58,0.65,665.8,10852.5,32.0,0.0,Gravedad,18232.2,7702.93,3349.1,Experiencia del operador,False,Deficit acumulado
d630262f-b87f-42be-99fc-47ba37f5b69f,PAR-075,CIC-2025-OI,2026-01-10,Maiz,Media,3.83,1.17,4.481,46.64,71.75,0.65,717.5,11695.2,8.0,78.83,Gravedad,19647.94,8300.93,3609.1,Manual,False,Deficit acumulado
4293e946-e0b3-4665-8c44-a21bb39ad583,PAR-075,CIC-2025-OI,2026-01-20,Maiz,Media,3.3,1.18,3.894,46.6,71.69,0.65,716.9,11685.5,19.7,0.0,Gravedad,19631.64,8294.03,3606.1,Manual,False,Sobre-riego detectado
9bc87a5a-c8c5-45d0-8604-663e0151e6c5,PAR-075,CIC-2025-OI,2026-02-12,Maiz,Final,4.38,0.81,3.548,32.6,50.15,0.65,501.5,8174.5,8.0,49.0,Gravedad,13733.16,5802.21,2522.7,Manual,False,
97330f31-2ead-4f42-a742-481684e14b65,PAR-075,CIC-2025-OI,2026-02-15,Maiz,Final,4.29,0.75,3.218,26.23,40.36,0.65,403.6,6578.7,32.0,0.0,Gravedad,11052.22,4669.46,2030.2,Tradicion,False,Eficiencia baja
ba9307af-4075-4aa4-9cdd-9ba2eadf40c0,PAR-075,CIC-2025-OI,2026-02-22,Maiz,Final,4.22,0.57,2.405,20.15,31.0,0.65,310.0,5053.0,19.7,0.0,Gravedad,8489.04,3586.62,1559.4,Manual,False,
8acbed8e-21b5-4487-ad86-e28a614b2fb2,PAR-075,CIC-2025-OI,2026-02-28,Maiz,Final,4.57,0.57,2.605,23.8,36.61,0.65,366.1,5967.4,32.0,0.0,Gravedad,10025.23,4235.45,1841.5,Manual,False,
991affcb-870b-4290-b8c1-5c7e108cffab,PAR-076,CIC-2025-OI,2025-11-01,Chile,Inicial,3.85,0.63,2.425,23.49,36.14,0.65,361.4,12829.7,8.0,5.61,Gravedad,21553.9,9106.16,3959.2,Manual,False,Eficiencia baja
3132ef89-0b71-42d2-b5f3-20e6f97eac8b,PAR-076,CIC-2025-OI,2025-11-06,Chile,Inicial,3.93,0.57,2.24,18.25,28.07,0.65,280.7,9964.9,32.0,0.0,Gravedad,16741.03,7072.96,3075.2,Manual,False,
b7f71bae-1ece-4856-8c2a-64c9c8db12b0,PAR-076,CIC-2025-OI,2025-11-25,Chile,Desarrollo,3.95,0.711,2.808,24.02,36.96,0.65,369.6,13120.8,8.0,29.33,Gravedad,22042.94,9312.93,4049.1,Manual,False,
bcb887e0-11ac-4a1f-90a9-2598db7c5efe,PAR-076,CIC-2025-OI,2025-11-29,Chile,Desarrollo,3.97,0.813,3.228,26.59,40.91,0.65,409.1,14523.1,32.0,0.0,Gravedad,24398.81,10308.14,4481.8,Manual,False,
41d56f45-874e-4a79-934c-8533a1f6d141,PAR-076,CIC-2025-OI,2025-12-07,Chile,Desarrollo,3.1,0.886,2.747,28.98,44.58,0.65,445.8,15825.9,31.8,0.0,Gravedad,26587.51,11232.97,4883.9,Manual,False,
8b385991-1c0a-4fd2-bcc1-bbb06f7961ba,PAR-076,CIC-2025-OI,2025-12-11,Chile,Desarrollo,3.5,0.967,3.385,30.96,47.63,0.65,476.3,16908.7,32.0,0.0,Gravedad,28406.62,12001.4,5218.0,Experiencia del operador,False,
642c28f1-d3b0-45ea-83d2-b009c548b33b,PAR-076,CIC-2025-OI,2025-12-12,Chile,Desarrollo,3.41,0.95,3.24,36.09,55.53,0.65,555.3,19713.1,32.0,0.0,Gravedad,33118.01,13992.05,6083.5,Manual,False,
6dacc0a2-e847-41ad-9d4c-ec904f3f6b00,PAR-076,CIC-2025-OI,2025-12-20,Chile,Media,3.11,1.02,3.172,36.6,56.31,0.65,563.1,19990.0,32.0,0.0,Gravedad,33583.2,14188.47,6168.9,Manual,False,Eficiencia baja
930fba1d-e87d-4f1d-b940-5cb120a7ca24,PAR-076,CIC-2025-OI,2025-12-26,Chile,Media,3.4,1.02,3.468,35.89,55.21,0.65,552.1,19599.5,32.0,0.0,Gravedad,32927.16,13911.32,6048.4,Tradicion,False,Sobre-riego detectado
320ba510-cc32-4e48-b1be-76a47e929b8f,PAR-076,CIC-2025-OI,2026-01-01,Chile,Media,3.66,1.03,3.77,36.96,56.86,0.65,568.6,20185.3,32.0,0.0,Gravedad,33911.3,14327.16,6229.2,Tradicion,False,
386227dd-6cce-4c06-9982-66392ff1aaf0,PAR-076,CIC-2025-OI,2026-01-08,Chile,Media,3.26,1.03,3.358,36.24,55.75,0.65,557.5,19791.2,32.0,0.0,Gravedad,33249.22,14047.48,6107.6,Manual,False,
dc1ec9bc-01e9-4ac9-96c0-1e4e3a712cad,PAR-076,CIC-2025-OI,2026-01-10,Chile,Media,3.58,1.02,3.652,40.19,61.83,0.65,618.3,21949.6,32.0,0.0,Gravedad,36875.33,15579.28,6773.6,Manual,False,
ee8439be-183d-4915-870a-718b41b48dce,PAR-076,CIC-2025-OI,2026-01-14,Chile,Media,3.72,1.03,3.832,35.87,55.19,0.65,551.9,19592.5,32.0,0.0,Gravedad,32915.4,13906.26,6046.2,Manual,False,Sobre-riego detectado
7e58abca-34f5-41da-8d22-529576bc4203,PAR-077,CIC-2025-OI,2025-10-26,Maiz,Inicial,4.76,0.29,1.38,11.61,17.86,0.65,178.6,3161.2,32.0,0.0,Gravedad,5310.82,2243.65,975.5,Manual,False,Sobre-riego detectado
392c8e0d-1c41-4f5d-97a8-c823e579cbf1,PAR-077,CIC-2025-OI,2025-10-27,Maiz,Inicial,4.67,0.28,1.308,10.69,16.44,0.65,164.4,2909.9,32.0,0.0,Gravedad,4888.63,2065.4,898.0,Manual,False,
eda37f5f-a687-4d24-8afd-8650a7e72b85,PAR-077,CIC-2025-OI,2025-10-29,Maiz,Inicial,4.89,0.28,1.369,9.43,14.51,0.65,145.1,2568.3,32.0,0.0,Gravedad,4314.74,1822.98,792.6,Manual,False,
91afe361-3661-4812-99c4-e584dc40affe,PAR-077,CIC-2025-OI,2025-10-30,Maiz,Inicial,4.8,0.31,1.488,11.02,16.95,0.65,169.5,3000.2,32.0,0.0,Gravedad,5040.34,2129.57,925.9,Experiencia del operador,False,Deficit acumulado
e17f4602-4711-4292-af19-d6af001bbd3b,PAR-077,CIC-2025-OI,2025-12-21,Maiz,Media,3.51,1.19,4.177,41.41,63.71,0.65,637.1,11276.7,8.0,175.79,Gravedad,18944.86,8004.0,3480.0,Manual,True,
a2eca6b0-ecbc-443d-8e10-a521c9ea0672,PAR-077,CIC-2025-OI,2026-01-08,Maiz,Media,3.24,1.2,3.888,49.84,76.68,0.65,766.8,13572.4,8.0,20.14,Gravedad,22801.63,9633.32,4188.4,Manual,False,
3763b5db-03e9-40d8-94f5-414ef56135a1,PAR-077,CIC-2025-OI,2026-01-15,Maiz,Media,3.75,1.21,4.537,42.11,64.78,0.65,647.8,11466.1,32.0,0.0,Gravedad,19263.05,8138.32,3538.4,Manual,False,
04790833-ff33-4753-b8b7-8b6144e2d33c,PAR-077,CIC-2025-OI,2026-01-19,Maiz,Media,3.29,1.22,4.014,48.85,75.15,0.65,751.5,13301.5,32.0,0.0,Gravedad,22346.52,9441.04,4104.8,Tradicion,False,Sobre-riego detectado
92ccaa4b-c9d6-414c-8dd4-8cfd324fae33,PAR-077,CIC-2025-OI,2026-02-01,Maiz,Final,4.83,1.03,4.975,38.55,59.3,0.65,593.0,10496.1,8.0,26.12,Gravedad,17633.45,7449.93,3239.1,Tradicion,False,Sobre-riego detectado
7491f78a-e71e-4213-b997-22e521fa3ad0,PAR-077,CIC-2025-OI,2026-02-04,Maiz,Final,4.26,0.95,4.047,33.06,50.86,0.65,508.6,9002.2,32.0,0.0,Gravedad,15123.7,6389.63,2778.1,Experiencia del operador,False,Eficiencia baja
7aa89b2d-0e59-400c-9f8f-6633bd6e2fe7,PAR-077,CIC-2025-OI,2026-02-12,Maiz,Final,4.67,0.83,3.876,29.82,45.87,0.65,458.7,8119.0,8.0,1.19,Gravedad,13639.92,5762.65,2505.5,Manual,True,Sobre-riego detectado
0b540ade-4832-426f-b038-dffbf3d98af8,PAR-077,CIC-2025-OI,2026-02-18,Maiz,Final,4.71,0.71,3.344,25.77,39.65,0.65,396.5,7018.0,28.5,0.0,Gravedad,11790.24,4981.34,2165.8,Manual,False,
0ab0ab72-3c40-4bdc-bca2-2448b8330be1,PAR-078,CIC-2025-OI,2025-11-10,Uva,Desarrollo,3.85,0.354,1.363,13.42,20.64,0.65,206.4,8999.0,8.0,15.2,Gravedad,15118.32,6387.33,2777.1,Manual,True,
e7afac08-dc77-4db5-9025-dc54bdc6f51f,PAR-078,CIC-2025-OI,2025-11-19,Uva,Desarrollo,3.98,0.407,1.62,15.12,23.26,0.65,232.6,10141.4,8.0,0.0,Gravedad,17037.55,7198.08,3129.6,Manual,False,
14fe358c-ee97-4d49-b7df-af8ac49bdbd4,PAR-078,CIC-2025-OI,2025-12-22,Uva,Media,3.06,0.86,2.632,36.93,56.81,0.65,568.1,24769.2,8.0,49.93,Gravedad,41612.26,17580.74,7643.8,Manual,False,Deficit acumulado
6c2e125c-b5c6-463f-8051-f571705badf4,PAR-078,CIC-2025-OI,2026-01-09,Uva,Media,3.81,0.84,3.2,38.87,59.8,0.65,598.0,26072.8,8.0,18.73,Gravedad,43802.3,18506.03,8046.1,Manual,False,Sobre-riego detectado
25b361b6-017d-4b1a-bdda-705626d8685d,PAR-078,CIC-2025-OI,2026-01-12,Uva,Media,3.7,0.85,3.145,31.54,48.52,0.65,485.2,21154.7,32.0,0.0,Gravedad,35539.9,15015.09,6528.3,Manual,False,
aff6d6a1-41ed-4c93-815e-334f73878b77,PAR-078,CIC-2025-OI,2026-01-23,Uva,Media,3.41,0.89,3.035,40.07,61.64,0.65,616.4,26875.0,20.0,0.0,Gravedad,45150.0,19075.28,8293.6,Tradicion,False,Sobre-riego detectado
b4367d68-d241-4700-b9d8-020656e225cf,PAR-078,CIC-2025-OI,2026-01-25,Uva,Media,3.38,0.83,2.805,37.71,58.02,0.65,580.2,25296.7,32.0,0.0,Gravedad,42498.46,17955.18,7806.6,Manual,False,Deficit acumulado
17a08074-adeb-4d6f-9407-c32a95bfaf25,PAR-078,CIC-2025-OI,2026-02-04,Uva,Media,4.79,0.86,4.119,31.91,49.09,0.65,490.9,21403.2,8.0,9.28,Gravedad,35957.38,15191.5,6605.0,Experiencia del operador,False,
0142fd4f-a12c-438e-8120-fd3bb65bbc24,PAR-078,CIC-2025-OI,2026-02-09,Uva,Media,4.52,0.84,3.797,32.21,49.56,0.65,495.6,21608.2,32.0,0.0,Gravedad,36301.78,15337.09,6668.3,Manual,False,Deficit acumulado
7fb3fab2-2dd3-4a15-b85a-ed408a059b40,PAR-078,CIC-2025-OI,2026-02-13,Uva,Media,4.21,0.82,3.452,38.29,58.9,0.65,589.0,25680.4,32.0,0.0,Gravedad,43143.07,18227.5,7925.0,Manual,False,
c6de0abd-6a59-4aa3-8e8b-9ec93a385aac,PAR-078,CIC-2025-OI,2026-04-09,Uva,Media,7.84,0.83,6.507,37.71,58.02,0.65,580.2,25296.7,8.0,320.17,Gravedad,42498.46,17955.18,7806.6,Tradicion,False,
6b816d96-b196-4237-9be3-f8b64cc2d686,PAR-079,CIC-2025-OI,2025-11-10,Frijol,Desarrollo,4.01,0.465,1.865,21.09,32.45,0.65,324.5,6944.3,8.0,18.07,Gravedad,11666.42,4928.9,2143.0,Manual,False,
1f120e92-153b-4342-a36c-85fecfb2d6ad,PAR-079,CIC-2025-OI,2025-11-26,Frijol,Desarrollo,3.73,0.835,3.115,45.36,69.79,0.65,697.9,14935.1,8.0,4.48,Gravedad,25090.97,10600.7,4609.0,Manual,False,Eficiencia baja
2f91e687-85db-4054-b7d9-506ab4fd179d,PAR-079,CIC-2025-OI,2025-12-03,Frijol,Desarrollo,2.98,0.97,2.891,50.28,77.36,0.65,773.6,16555.0,32.0,0.0,Gravedad,27812.4,11750.47,5108.9,Manual,False,
cfd84fc3-a105-4584-86ab-8ef70f4af212,PAR-079,CIC-2025-OI,2025-12-05,Frijol,Desarrollo,3.32,1.05,3.486,52.34,80.52,0.65,805.2,17231.3,32.0,0.0,Gravedad,28948.58,12230.48,5317.6,Tradicion,False,Eficiencia baja
b167990c-8653-4c58-a31a-072bc837ce12,PAR-079,CIC-2025-OI,2025-12-10,Frijol,Media,3.38,1.18,3.988,53.52,82.34,0.65,823.4,17620.8,32.0,0.0,Gravedad,29602.94,12506.94,5437.8,Experiencia del operador,False,Deficit acumulado
2dd5b576-1bff-4e57-aa2a-074a1e1e8164,PAR-079,CIC-2025-OI,2025-12-24,Frijol,Media,3.26,1.16,3.782,63.6,97.85,0.65,978.5,20939.9,20.1,0.0,Gravedad,35179.03,14862.83,6462.1,Manual,False,
91f6f12a-2bfa-4be3-a321-7fdf3450b824,PAR-079,CIC-2025-OI,2026-01-02,Frijol,Media,3.59,1.12,4.021,59.74,91.9,0.65,919.0,19666.6,32.0,0.0,Gravedad,33039.89,13958.93,6069.1,Manual,True,
7db5f00e-c537-4cbd-b285-82f6184d2e13,PAR-079,CIC-2025-OI,2026-01-17,Frijol,Final,3.17,0.79,2.504,42.13,64.82,0.65,648.2,13871.5,12.2,0.0,Gravedad,23304.12,9845.61,4280.7,Manual,False,Sobre-riego detectado
96a45bd3-0023-4e7f-a3d1-e68ab7fb27bd,PAR-080,CIC-2025-OI,2025-11-18,Chile,Desarrollo,3.83,0.661,2.532,26.72,41.1,0.65,411.0,8302.2,8.0,46.71,Gravedad,13947.7,5892.83,2562.1,Manual,False,Eficiencia baja
a5ffabf6-84f1-44d3-b788-b40ed524f998,PAR-080,CIC-2025-OI,2025-11-21,Chile,Desarrollo,3.49,0.69,2.408,25.99,39.99,0.65,399.9,8078.0,32.0,0.0,Gravedad,13571.04,5733.67,2492.9,Manual,False,Deficit acumulado
a75d730c-a408-4ffc-a41f-48eeb872a507,PAR-080,CIC-2025-OI,2025-12-08,Chile,Desarrollo,2.92,0.879,2.567,37.88,58.27,0.65,582.7,11770.5,8.0,5.76,Gravedad,19774.44,8354.52,3632.4,Manual,True,
c41c6691-edd4-4f55-9e41-2e2ae89355b2,PAR-080,CIC-2025-OI,2025-12-15,Chile,Desarrollo,3.06,0.979,2.996,41.42,63.73,0.65,637.3,12873.5,32.0,0.0,Gravedad,21627.48,9137.44,3972.8,Manual,False,
f5939d10-0474-4ff5-85b5-48a3c3c40830,PAR-080,CIC-2025-OI,2025-12-21,Chile,Media,3.54,1.07,3.788,37.4,57.54,0.65,575.4,11623.1,32.0,0.0,Gravedad,19526.81,8249.87,3586.9,Tradicion,True,
0c24fd2f-26d8-48f0-b6d6-aabd6a2e114f,PAR-080,CIC-2025-OI,2025-12-22,Chile,Media,2.99,1.08,3.229,45.31,69.7,0.65,697.0,14079.4,32.0,0.0,Gravedad,23653.39,9993.27,4344.9,Manual,False,Deficit acumulado
ff2a5964-4e48-42c6-862f-e9855b571494,PAR-080,CIC-2025-OI,2026-01-06,Chile,Media,3.66,1.04,3.806,38.78,59.66,0.65,596.6,12051.3,8.0,18.31,Gravedad,20246.18,8553.7,3719.0,Tradicion,False,
75fbe322-6f20-46bd-a5be-ff22b8dd6e88,PAR-080,CIC-2025-OI,2026-01-13,Chile,Media,3.75,1.08,4.05,42.37,65.18,0.65,651.8,13166.4,32.0,0.0,Gravedad,22119.55,9345.36,4063.2,Tradicion,False,Deficit acumulado
23fc19c8-ad17-4b43-95a5-1824153ba9b3,PAR-080,CIC-2025-OI,2026-02-06,Chile,Final,4.64,0.976,4.529,42.46,65.32,0.65,653.2,13194.6,8.0,66.24,Gravedad,22166.93,9365.37,4071.9,Manual,False,Sobre-riego detectado
6112b580-a106-448a-b926-63177ee36d15,PAR-080,CIC-2025-OI,2026-02-11,Chile,Final,4.63,0.986,4.565,39.44,60.68,0.65,606.8,12257.4,32.0,0.0,Gravedad,20592.43,8699.98,3782.6,Tradicion,True,
8c41d128-7b4e-4930-9ac5-41295734d365,PAR-080,CIC-2025-OI,2026-02-13,Chile,Final,4.26,0.954,4.064,41.13,63.27,0.65,632.7,12780.5,32.0,0.0,Gravedad,21471.24,9071.43,3944.1,Tradicion,False,Deficit acumulado
38b345d2-22f0-4f42-bc2c-26ac71d3b0b8,PAR-001,CIC-2026-PV,2026-03-06,Chile,Inicial,6.33,0.57,3.608,27.95,34.09,0.82,340.9,12101.9,10.0,0.0,Microaspersion,20331.19,8589.58,3734.6,MILPIN,True,
ad05a8e1-e6a1-416e-a97a-194e6029294b,PAR-001,CIC-2026-PV,2026-03-23,Chile,Inicial,6.06,0.62,3.757,29.47,35.94,0.82,359.4,12758.7,0.0,34.4,Microaspersion,21434.62,9055.79,3937.3,MILPIN,True,
dd17dd1a-c2ef-4211-860a-a8db2702b7c7,PAR-001,CIC-2026-PV,2026-04-12,Chile,Desarrollo,7.25,0.829,6.01,41.06,50.07,0.82,500.7,17774.8,0.0,79.14,Microaspersion,29861.66,12616.19,5485.3,Manual,False,
faebe4d7-018a-40d3-9c0f-a92283db7e82,PAR-001,CIC-2026-PV,2026-04-13,Chile,Desarrollo,7.29,0.811,5.912,37.33,45.53,0.82,455.3,16163.1,10.0,0.0,Microaspersion,27154.01,11472.17,4987.9,MILPIN,True,
3a751f31-6c31-45f5-9868-ba61c1d36161,PAR-001,CIC-2026-PV,2026-04-16,Chile,Desarrollo,7.6,0.89,6.764,45.0,54.88,0.82,548.8,19482.4,10.0,0.0,Microaspersion,32730.43,13828.29,6012.3,Manual,True,
4a6210f7-662b-4f47-96a9-475c9d8dabca,PAR-001,CIC-2026-PV,2026-04-24,Chile,Desarrollo,7.57,0.983,7.441,46.72,56.97,0.82,569.7,20224.4,0.0,12.81,Microaspersion,33976.99,14354.76,6241.2,FAO-56 automatizado,True,
7cd40480-1835-4134-bec8-fceb49839f81,PAR-001,CIC-2026-PV,2026-04-28,Chile,Desarrollo,7.53,0.994,7.485,51.78,63.15,0.82,631.5,22418.2,10.0,0.0,Microaspersion,37662.58,15912.09,6918.3,MILPIN,True,
ea94c8c3-190d-4f74-83b5-b14dd2da90a9,PAR-001,CIC-2026-PV,2026-05-04,Chile,Media,8.39,1.07,8.977,51.4,62.68,0.82,626.8,22251.4,0.0,2.46,Microaspersion,37382.35,15793.64,6866.8,MILPIN,True,
14f4af97-11b5-4b6f-9589-81744964bd02,PAR-001,CIC-2026-PV,2026-05-05,Chile,Media,8.23,1.02,8.395,51.06,62.27,0.82,622.7,22105.9,10.0,0.0,Microaspersion,37137.91,15690.37,6821.9,Manual,True,
9e29c6a1-bd3c-455b-a3cb-10711cf441e4,PAR-001,CIC-2026-PV,2026-05-11,Chile,Media,8.63,1.05,9.062,56.81,69.28,0.82,692.8,24594.4,4.5,0.0,Microaspersion,41318.59,17456.54,7589.8,MILPIN,True,
fa462e13-7beb-468c-a5fd-5a4717caa093,PAR-001,CIC-2026-PV,2026-06-06,Chile,Media,8.71,1.02,8.884,54.67,66.67,0.82,666.7,23667.9,0.0,176.31,Microaspersion,39762.07,16798.97,7303.9,Manual,False,
01647f2c-6ec2-481e-b0f5-f179454bc8de,PAR-001,CIC-2026-PV,2026-06-28,Chile,Final,9.26,0.976,9.038,51.32,62.59,0.82,625.9,22219.5,0.0,147.52,Microaspersion,37328.76,15770.87,6856.9,FAO-56 automatizado,True,
0e459395-6ee6-4de5-b08f-ed50fe845e6b,PAR-001,CIC-2026-PV,2026-06-29,Chile,Final,8.72,0.97,8.458,51.99,63.4,0.82,634.0,22507.0,10.0,0.0,Microaspersion,37811.76,15975.11,6945.7,MILPIN,False,
f8a6ed87-1c31-497d-ac27-2e2739d232ef,PAR-002,CIC-2026-PV,2026-03-07,Frijol,Inicial,6.21,0.41,2.546,25.41,30.99,0.82,309.9,8243.3,10.0,0.0,Microaspersion,13848.74,5850.97,2543.9,Manual,True,
13ad487e-9a3b-46ad-b272-73028a7ccf14,PAR-002,CIC-2026-PV,2026-03-16,Frijol,Inicial,5.9,0.41,2.419,23.81,29.04,0.82,290.4,7724.6,9.4,0.0,Microaspersion,12977.33,5482.74,2383.8,Manual,True,
4f8968b4-ab02-4bbf-b8fe-13d936f383a4,PAR-002,CIC-2026-PV,2026-03-18,Frijol,Inicial,6.15,0.37,2.276,18.39,22.43,0.82,224.3,5966.4,10.0,0.0,Microaspersion,10023.55,4234.76,1841.2,FAO-56 automatizado,False,Deficit leve
343e5dcb-c4fd-44c7-b9df-70b158342970,PAR-002,CIC-2026-PV,2026-04-03,Frijol,Desarrollo,7.75,0.745,5.774,37.02,45.15,0.82,451.5,12009.9,0.0,55.36,Microaspersion,20176.63,8524.49,3706.3,FAO-56 automatizado,False,
87af3159-e7b0-4775-b827-d791da562568,PAR-002,CIC-2026-PV,2026-04-06,Frijol,Desarrollo,7.67,0.82,6.289,44.88,54.73,0.82,547.3,14558.2,10.0,0.0,Microaspersion,24457.78,10333.21,4492.7,MILPIN,True,
d02623e4-80fd-49e9-8f28-6af3590b6182,PAR-002,CIC-2026-PV,2026-04-07,Frijol,Desarrollo,7.17,0.825,5.915,51.14,62.36,0.82,623.6,16587.8,10.0,0.0,Microaspersion,27867.5,11773.7,5119.0,MILPIN,True,
1a4c2ed1-dcb5-4b7c-bc1c-058e5ba93502,PAR-002,CIC-2026-PV,2026-04-20,Frijol,Desarrollo,7.71,1.18,9.098,69.19,84.38,0.82,843.8,22445.1,0.0,49.08,Microaspersion,37707.77,15931.18,6926.6,MILPIN,True,
c9e74a4f-b2f3-43fc-8b49-9a73084ff2f6,PAR-002,CIC-2026-PV,2026-05-07,Frijol,Media,8.39,1.14,9.565,70.67,86.18,0.82,861.8,22923.9,0.0,91.93,Microaspersion,38512.15,16270.89,7074.3,MILPIN,True,
6fca26dc-744a-4a0d-bcb6-63cf241f1d67,PAR-002,CIC-2026-PV,2026-05-08,Frijol,Media,8.38,1.15,9.637,67.43,82.23,0.82,822.3,21873.2,10.0,0.0,Microaspersion,36746.98,15525.23,6750.1,MILPIN,True,
210b28b8-0b1f-46d3-9c75-59f1eda303f5,PAR-002,CIC-2026-PV,2026-05-19,Frijol,Media,8.3,1.18,9.794,69.85,85.18,0.82,851.8,22657.9,0.0,37.88,Microaspersion,38065.27,16082.06,6992.2,Manual,True,
e32e94e4-4349-487d-bb26-c623ee9e4222,PAR-002,CIC-2026-PV,2026-05-30,Frijol,Final,8.43,0.74,6.238,39.67,48.38,0.82,483.8,12869.1,0.0,28.95,Microaspersion,21620.09,9134.22,3971.4,MILPIN,False,
ad56136c-1b9b-4335-9115-e31548a309dc,PAR-002,CIC-2026-PV,2026-06-05,Frijol,Final,8.88,0.52,4.618,29.91,36.48,0.82,364.8,9703.7,8.0,0.0,Microaspersion,16302.22,6887.58,2994.6,MILPIN,True,
51967fba-afcb-436d-ace3-cb5c0aa0262c,PAR-002,CIC-2026-PV,2026-06-17,Frijol,Final,8.72,0.36,3.139,21.11,25.74,0.82,257.4,6846.8,0.0,16.56,Microaspersion,11502.62,4859.67,2112.9,FAO-56 automatizado,True,
ec8bff57-b280-45d6-8f16-440e1e79771b,PAR-003,CIC-2026-PV,2026-03-26,Frijol,Desarrollo,6.11,0.485,2.963,27.48,34.35,0.8,343.5,2507.5,0.0,46.6,Aspersion,4212.6,1779.74,773.8,MILPIN,True,Deficit leve
c0489be8-517a-48d9-b42f-20a3da32672f,PAR-003,CIC-2026-PV,2026-03-27,Frijol,Desarrollo,5.9,0.53,3.127,25.3,31.62,0.8,316.2,2308.3,10.0,0.0,Aspersion,3877.94,1638.29,712.3,FAO-56 automatizado,True,
4a980ffb-0e5a-4de5-8a22-8af8d6288401,PAR-003,CIC-2026-PV,2026-03-31,Frijol,Desarrollo,6.22,0.63,3.919,36.02,45.03,0.8,450.3,3287.2,10.0,0.0,Aspersion,5522.5,2333.12,1014.4,MILPIN,True,
68fe68ef-9207-4686-a43d-b9c7d6017ef1,PAR-003,CIC-2026-PV,2026-04-08,Frijol,Desarrollo,7.38,0.85,6.273,41.46,51.83,0.8,518.3,3783.6,0.0,8.72,Aspersion,6356.45,2685.48,1167.6,MILPIN,True,
1d78da75-867f-4a7b-b471-0a557aac5ea7,PAR-003,CIC-2026-PV,2026-04-16,Frijol,Desarrollo,7.62,1.06,8.077,52.82,66.03,0.8,660.3,4820.2,0.0,11.8,Aspersion,8097.94,3421.25,1487.5,FAO-56 automatizado,True,
1d30c431-9784-4d03-9e2a-8bdc082f1029,PAR-003,CIC-2026-PV,2026-04-18,Frijol,Desarrollo,7.84,1.08,8.467,53.26,66.57,0.8,665.7,4859.6,10.0,0.0,Aspersion,8164.13,3449.31,1499.7,MILPIN,True,
b0c9f62d-fe8c-41ba-bf22-276f1258eb89,PAR-003,CIC-2026-PV,2026-04-19,Frijol,Desarrollo,7.25,1.125,8.156,56.06,70.08,0.8,700.8,5115.8,10.0,0.0,Aspersion,8594.54,3631.01,1578.7,MILPIN,False,
8ccb4241-d3f3-456a-8f22-470e3a851da6,PAR-003,CIC-2026-PV,2026-04-21,Frijol,Media,7.74,1.12,8.669,57.58,71.97,0.8,719.7,5253.8,10.0,0.0,Aspersion,8826.38,3728.99,1621.3,Manual,False,
679929c5-68ac-49e4-a4d6-937ab89c50c7,PAR-003,CIC-2026-PV,2026-05-01,Frijol,Media,8.44,1.16,9.79,65.72,82.15,0.8,821.5,5996.9,0.0,32.18,Aspersion,10074.79,4256.38,1850.6,Manual,True,Deficit leve
b79af600-83de-4eee-b228-1ff6a55f1a15,PAR-003,CIC-2026-PV,2026-05-07,Frijol,Media,8.77,1.12,9.822,65.22,81.52,0.8,815.2,5951.0,10.0,0.0,Aspersion,9997.68,4223.95,1836.5,MILPIN,True,
d818b10c-1721-4391-8f10-c2d35fa57210,PAR-003,CIC-2026-PV,2026-06-04,Frijol,Final,9.21,0.52,4.789,25.64,32.05,0.8,320.5,2339.7,0.0,108.45,Aspersion,3930.7,1660.6,722.0,MILPIN,True,
f1a9bf29-36b1-4977-b5b3-41ad9d5dcde4,PAR-003,CIC-2026-PV,2026-06-10,Frijol,Final,8.87,0.37,3.282,18.82,23.53,0.8,235.3,1717.7,0.0,0.87,Aspersion,2885.74,1219.23,530.1,MILPIN,True,
0420b53d-e52f-4959-a122-02f25f2cdbf0,PAR-003,CIC-2026-PV,2026-06-17,Frijol,Final,8.82,0.38,3.352,20.14,25.17,0.8,251.7,1837.4,0.0,3.32,Aspersion,3086.83,1304.1,567.0,MILPIN,True,Deficit leve
178b7741-fc23-4385-8af8-8596b307a3cd,PAR-004,CIC-2026-PV,2026-03-19,Frijol,Inicial,5.7,0.41,2.337,22.17,27.04,0.82,270.4,8490.6,0.0,19.9,Microaspersion,14264.21,6026.46,2620.2,Manual,True,
09b27c03-c9e2-4941-9b34-84f0662be94a,PAR-004,CIC-2026-PV,2026-04-03,Frijol,Desarrollo,7.17,0.685,4.911,35.98,43.88,0.82,438.8,13778.3,0.0,37.68,Microaspersion,23147.54,9779.6,4252.0,FAO-56 automatizado,True,
7f6b0b8a-a624-4338-b089-28e269614971,PAR-004,CIC-2026-PV,2026-04-04,Frijol,Desarrollo,7.84,0.76,5.958,36.4,44.39,0.82,443.9,13938.5,10.0,0.0,Microaspersion,23416.68,9893.22,4301.4,FAO-56 automatizado,True,
230379c4-31d0-4f78-b170-47663920733d,PAR-004,CIC-2026-PV,2026-04-09,Frijol,Desarrollo,7.62,0.875,6.668,43.25,52.75,0.82,527.5,16563.5,10.0,0.0,Microaspersion,27826.68,11756.45,5111.5,Manual,False,Deficit leve
3510f2df-5ad4-4c26-84b0-89385bf3b7fd,PAR-004,CIC-2026-PV,2026-04-15,Frijol,Desarrollo,7.81,1.015,7.927,47.57,58.01,0.82,580.1,18215.1,0.0,0.0,Microaspersion,30601.37,12928.76,5621.2,Manual,False,Deficit leve
ccb16ca1-91a0-4fcf-ac13-8507a0727594,PAR-004,CIC-2026-PV,2026-04-19,Frijol,Desarrollo,7.37,1.165,8.586,52.79,64.38,0.82,643.8,20215.3,10.0,0.0,Microaspersion,33961.7,14348.32,6238.4,Manual,True,
0f90fefd-4cf8-4d89-a5fe-075e5941de1d,PAR-004,CIC-2026-PV,2026-05-04,Frijol,Media,8.56,1.12,9.587,61.71,75.26,0.82,752.6,23631.6,0.0,82.1,Microaspersion,39701.09,16773.21,7292.7,MILPIN,True,Deficit leve
7a171580-d45a-491e-b7ed-67e5c20a774f,PAR-004,CIC-2026-PV,2026-05-15,Frijol,Media,8.44,1.15,9.706,54.48,66.44,0.82,664.4,20862.2,0.0,52.29,Microaspersion,35048.5,14807.63,6438.1,MILPIN,True,Deficit leve
654a7485-093f-4e1f-a2a8-b48f560d8ca9,PAR-004,CIC-2026-PV,2026-05-22,Frijol,Final,8.69,1.07,9.298,61.71,75.26,0.82,752.6,23631.6,0.0,3.38,Microaspersion,39701.09,16773.21,7292.7,MILPIN,True,
b4b41f76-3547-4d30-9c52-f957258f3d43,PAR-004,CIC-2026-PV,2026-05-27,Frijol,Final,8.66,0.83,7.188,41.03,50.04,0.82,500.4,15712.6,10.0,0.0,Microaspersion,26397.17,11152.47,4848.9,MILPIN,False,Deficit leve
507b5935-9cbb-4ffc-9337-cc31856cfb53,PAR-004,CIC-2026-PV,2026-06-03,Frijol,Final,9.14,0.58,5.301,31.06,37.88,0.82,378.8,11894.3,0.0,6.05,Microaspersion,19982.42,8442.38,3670.6,FAO-56 automatizado,True,
6afc4ae4-d655-440d-a8fd-dd0a0b6774a9,PAR-004,CIC-2026-PV,2026-06-05,Frijol,Final,8.75,0.54,4.725,26.7,32.56,0.82,325.6,10223.8,10.0,0.0,Microaspersion,17175.98,7256.73,3155.1,MILPIN,True,
babb7135-2aa2-4add-8552-def6be9e3577,PAR-004,CIC-2026-PV,2026-06-06,Frijol,Final,9.15,0.44,4.026,24.7,30.12,0.82,301.2,9457.7,10.0,0.0,Microaspersion,15888.94,6712.78,2918.6,FAO-56 automatizado,True,
8ac7f61f-985a-44dc-b089-96b66707a272,PAR-004,CIC-2026-PV,2026-06-17,Frijol,Final,8.93,0.36,3.215,17.24,21.03,0.82,210.3,6603.4,0.0,18.12,Microaspersion,11093.71,4686.94,2037.8,MILPIN,True,
fed3aa13-907c-42d1-8acf-cd1475449b77,PAR-005,CIC-2026-PV,2026-03-06,Algodon,Inicial,5.8,0.31,1.798,17.28,26.58,0.65,265.8,5581.8,10.0,0.0,Gravedad,9377.42,3961.75,1722.5,MILPIN,True,Deficit leve
0c7be80b-54f4-4046-8a17-a760a2407603,PAR-005,CIC-2026-PV,2026-03-09,Algodon,Inicial,5.77,0.34,1.962,19.54,30.06,0.65,300.6,6312.6,10.0,0.0,Gravedad,10605.17,4480.63,1948.1,MILPIN,True,
a58a304d-83d1-40b0-8b32-2c3575b34734,PAR-005,CIC-2026-PV,2026-03-21,Algodon,Inicial,5.67,0.31,1.758,16.02,24.64,0.65,246.4,5174.4,0.0,5.08,Gravedad,8692.99,3672.64,1596.8,Manual,False,
02fdf614-51c2-484f-bd9f-4b54880b4ff1,PAR-005,CIC-2026-PV,2026-03-30,Algodon,Inicial,6.22,0.38,2.364,20.96,32.24,0.65,322.4,6770.4,0.0,0.32,Gravedad,11374.27,4805.39,2089.3,MILPIN,True,
df4565eb-402a-479a-b435-97aba23d30b3,PAR-005,CIC-2026-PV,2026-04-18,Algodon,Desarrollo,7.28,0.666,4.848,38.66,59.48,0.65,594.8,12490.8,0.0,53.45,Gravedad,20984.54,8865.81,3854.7,MILPIN,True,Deficit leve
bef6fbdf-8dc9-467a-a742-2ed77b5ddb82,PAR-005,CIC-2026-PV,2026-06-09,Algodon,Media,8.76,1.23,10.775,73.55,113.15,0.65,1131.5,23761.5,0.0,486.75,Gravedad,39919.32,16865.44,7332.8,MILPIN,False,
9a637be4-c85d-47ac-aa8b-b03fc940d899,PAR-005,CIC-2026-PV,2026-07-19,Algodon,Final,8.03,1.184,9.508,66.7,102.62,0.65,1026.2,21550.2,0.0,313.62,Gravedad,36204.34,15295.92,6650.4,FAO-56 automatizado,False,
f6707e55-5f97-4fb1-ac55-5f0d6be788a0,PAR-005,CIC-2026-PV,2026-07-26,Algodon,Final,8.04,1.047,8.418,58.34,89.75,0.65,897.5,18847.5,0.0,0.59,Gravedad,31663.8,13377.49,5816.3,MILPIN,True,
5057a914-837e-409c-88b2-5a0b574ad89e,PAR-005,CIC-2026-PV,2026-08-08,Algodon,Final,7.28,0.932,6.785,53.04,81.6,0.65,816.0,17136.0,0.0,35.16,Gravedad,28788.48,12162.86,5288.2,MILPIN,True,
ef2b5bec-33c8-4f05-ab3f-fa572f708072,PAR-005,CIC-2026-PV,2026-08-27,Algodon,Final,7.72,0.681,5.257,43.5,66.92,0.65,669.2,14053.2,0.0,56.38,Gravedad,23609.38,9974.64,4336.8,Manual,True,Deficit leve
d91dacee-339f-4178-aeaa-e79587699bdb,PAR-006,CIC-2026-PV,2026-03-23,Chile,Inicial,6.02,0.6,3.612,21.21,26.51,0.8,265.1,3658.4,0.0,58.25,Aspersion,6146.11,2596.7,1129.0,MILPIN,True,Deficit leve
44fddabc-b37b-4602-b4da-8e1c1bc3fa76,PAR-006,CIC-2026-PV,2026-03-31,Chile,Desarrollo,6.17,0.644,3.973,26.1,32.62,0.8,326.2,4501.6,0.0,5.68,Aspersion,7562.69,3195.16,1389.2,MILPIN,True,
cd9ca3e6-ece3-4231-aed7-1ae88286b245,PAR-006,CIC-2026-PV,2026-04-11,Chile,Desarrollo,7.18,0.846,6.074,29.9,37.37,0.8,373.7,5157.1,0.0,36.91,Aspersion,8663.93,3660.45,1591.5,MILPIN,True,
3da9532a-0d1f-42de-af65-ed99b2644b4f,PAR-006,CIC-2026-PV,2026-04-16,Chile,Desarrollo,7.82,0.86,6.725,30.4,38.0,0.8,380.0,5244.0,0.0,3.22,Aspersion,8809.92,3722.09,1618.3,FAO-56 automatizado,True,Deficit leve
ebeae4d9-76fb-4dde-b94e-41d6ec9f3672,PAR-006,CIC-2026-PV,2026-04-25,Chile,Desarrollo,7.74,0.976,7.554,38.75,48.44,0.8,484.4,6684.7,0.0,29.24,Aspersion,11230.3,4744.67,2062.9,MILPIN,False,
f5b5c186-0117-4e1e-b422-f6d73831d657,PAR-006,CIC-2026-PV,2026-05-11,Chile,Media,8.47,1.02,8.639,37.27,46.59,0.8,465.9,6429.4,0.0,100.95,Aspersion,10801.39,4563.43,1984.1,MILPIN,True,
5fa0936a-ffa4-479e-9da9-89209864ae27,PAR-006,CIC-2026-PV,2026-05-12,Chile,Media,8.65,1.01,8.737,40.11,50.14,0.8,501.4,6919.3,10.0,0.0,Aspersion,11624.42,4911.19,2135.3,Manual,True,
52434039-c8af-4895-8565-6a9d65579617,PAR-006,CIC-2026-PV,2026-05-13,Chile,Media,8.18,1.02,8.344,39.3,49.12,0.8,491.2,6778.6,10.0,0.0,Aspersion,11388.05,4811.37,2091.9,MILPIN,False,
a3cd04cc-2de7-4b59-a36f-acfdb635bb11,PAR-006,CIC-2026-PV,2026-05-14,Chile,Media,8.78,1.05,9.219,43.37,54.21,0.8,542.1,7481.0,10.0,0.0,Aspersion,12568.08,5309.78,2308.6,MILPIN,False,
502c8c92-61f0-47ed-8812-0a3f060bac22,PAR-006,CIC-2026-PV,2026-05-17,Chile,Media,8.73,1.06,9.254,40.83,51.04,0.8,510.4,7043.5,10.0,0.0,Aspersion,11833.08,4999.28,2173.6,FAO-56 automatizado,True,
58ee5616-8c28-4f16-92ea-ac8ee3c94f93,PAR-006,CIC-2026-PV,2026-05-18,Chile,Media,8.57,1.03,8.827,42.14,52.67,0.8,526.7,7268.5,10.0,0.0,Aspersion,12211.08,5159.13,2243.1,MILPIN,False,
e1b8d0b3-d1f1-4484-8596-49d5893f6859,PAR-006,CIC-2026-PV,2026-05-27,Chile,Media,8.63,1.09,9.407,45.46,56.82,0.8,568.2,7841.2,0.0,39.2,Aspersion,13173.22,5565.54,2419.8,MILPIN,True,
a678056b-6852-4edb-a8ba-78ba6e33ab4f,PAR-006,CIC-2026-PV,2026-06-03,Chile,Media,9.17,1.07,9.812,40.37,50.46,0.8,504.6,6963.5,0.0,28.31,Aspersion,11698.68,4942.47,2148.9,MILPIN,True,
b940bc81-de69-4dce-bd18-c462ab4b78f6,PAR-006,CIC-2026-PV,2026-06-10,Chile,Final,8.91,1.064,9.48,45.64,57.05,0.8,570.5,7872.9,0.0,20.72,Aspersion,13226.47,5588.08,2429.6,MILPIN,False,
15222561-16eb-40ec-a68d-8d4b31fff593,PAR-006,CIC-2026-PV,2026-06-30,Chile,Final,8.83,0.944,8.336,32.99,41.24,0.8,412.4,5691.1,0.0,133.73,Aspersion,9561.05,4039.49,1756.3,FAO-56 automatizado,True,
e4f4a1be-ca67-4a1a-86e1-89796d782e93,PAR-007,CIC-2026-PV,2026-03-23,Algodon,Inicial,6.23,0.35,2.18,12.63,15.4,0.82,154.0,4897.2,0.0,35.33,Microaspersion,8227.3,3475.99,1511.3,MILPIN,True,Deficit leve
1d03c834-95c9-4e23-a029-aa4464ac90a1,PAR-007,CIC-2026-PV,2026-03-24,Algodon,Inicial,5.91,0.33,1.95,13.72,16.73,0.82,167.3,5320.1,10.0,0.0,Microaspersion,8937.77,3776.14,1641.8,FAO-56 automatizado,True,
1daed38e-06d1-48ad-ab12-df388213cc39,PAR-007,CIC-2026-PV,2026-04-04,Algodon,Desarrollo,7.61,0.428,3.257,16.79,20.47,0.82,204.7,6509.5,0.0,19.04,Microaspersion,10935.96,4620.24,2008.8,MILPIN,True,
ab558eeb-7eef-45ec-82d0-1516ae001a9d,PAR-007,CIC-2026-PV,2026-04-15,Algodon,Desarrollo,7.37,0.575,4.238,23.0,28.05,0.82,280.5,8919.9,0.0,23.62,Microaspersion,14985.43,6331.21,2752.7,MILPIN,True,
95a33dfc-e753-46e6-920d-af85e0b4fd26,PAR-007,CIC-2026-PV,2026-04-17,Algodon,Desarrollo,7.8,0.609,4.75,22.93,27.96,0.82,279.6,8891.3,10.0,0.0,Microaspersion,14937.38,6310.97,2743.9,MILPIN,False,
6d82481f-93fc-4b6c-aeda-f84bd6854154,PAR-007,CIC-2026-PV,2026-04-21,Algodon,Desarrollo,7.42,0.737,5.469,26.58,32.42,0.82,324.2,10309.6,10.0,0.0,Microaspersion,17320.13,7317.45,3181.5,MILPIN,True,
3c90923d-d270-4012-93fc-2f896db35615,PAR-007,CIC-2026-PV,2026-05-02,Algodon,Desarrollo,8.28,0.924,7.651,33.69,41.09,0.82,410.9,13066.6,0.0,50.47,Microaspersion,21951.89,9274.52,4032.4,FAO-56 automatizado,True,
cb587c27-ee4e-420a-968f-8abdfc4b6fb7,PAR-007,CIC-2026-PV,2026-05-10,Algodon,Desarrollo,8.2,1.07,8.774,39.44,48.1,0.82,481.0,15295.8,0.0,30.75,Microaspersion,25696.94,10856.69,4720.3,Manual,True,
f7a5060c-f328-4463-ab0e-c9dfd562aba3,PAR-007,CIC-2026-PV,2026-05-17,Algodon,Desarrollo,8.25,1.149,9.479,50.01,60.99,0.82,609.9,19394.8,0.0,16.34,Microaspersion,32583.26,13765.96,5985.2,MILPIN,True,
12d81bb8-cc77-48ed-9ca6-e003542269cb,PAR-007,CIC-2026-PV,2026-05-28,Algodon,Media,8.44,1.2,10.128,47.53,57.96,0.82,579.6,18431.3,0.0,63.88,Microaspersion,30964.58,13082.17,5687.9,Manual,True,
f43c6ceb-6a4a-4127-aea6-c6897660a74c,PAR-007,CIC-2026-PV,2026-06-15,Algodon,Media,9.3,1.17,10.881,44.5,54.27,0.82,542.7,17257.9,0.0,151.36,Microaspersion,28993.27,12249.34,5325.8,MILPIN,False,
358c3b1b-316b-4858-817e-c6ebf4c368aa,PAR-007,CIC-2026-PV,2026-07-09,Algodon,Media,7.81,1.24,9.684,47.17,57.52,0.82,575.2,18291.4,0.0,185.25,Microaspersion,30729.55,12982.81,5644.7,Manual,True,
124c9022-fc2f-4c4b-ae89-9afd01647c9f,PAR-007,CIC-2026-PV,2026-07-21,Algodon,Final,8.19,1.122,9.189,40.04,48.83,0.82,488.3,15527.9,0.0,70.23,Microaspersion,26086.87,11021.37,4791.9,MILPIN,True,
181bf782-d10d-4407-bff1-c4b28879bd2d,PAR-007,CIC-2026-PV,2026-08-16,Algodon,Final,7.54,0.803,6.055,28.35,34.57,0.82,345.7,10993.3,0.0,129.08,Microaspersion,18468.74,7802.75,3392.5,FAO-56 automatizado,False,
c7b11d0a-28f3-4931-b4d7-4a5b507dc314,PAR-007,CIC-2026-PV,2026-08-27,Algodon,Final,7.42,0.691,5.127,28.18,34.37,0.82,343.7,10929.7,0.0,28.22,Microaspersion,18361.9,7757.67,3372.9,FAO-56 automatizado,True,
d7394853-3e5a-4f3d-a971-0eb2c32f1675,PAR-008,CIC-2026-PV,2026-03-24,Frijol,Desarrollo,6.24,0.445,2.777,15.47,23.8,0.65,238.0,2094.4,0.0,48.4,Gravedad,3518.59,1486.49,646.3,FAO-56 automatizado,True,
c258c3ee-c544-410e-87ac-467348077391,PAR-008,CIC-2026-PV,2026-03-25,Frijol,Desarrollo,5.97,0.54,3.224,19.36,29.79,0.65,297.9,2621.5,10.0,0.0,Gravedad,4404.12,1860.7,809.0,FAO-56 automatizado,True,
00fd540d-5dd3-4e97-8bf8-a459df4722f9,PAR-008,CIC-2026-PV,2026-04-03,Frijol,Desarrollo,7.38,0.765,5.646,27.15,41.77,0.65,417.7,3675.8,0.0,23.66,Gravedad,6175.34,2609.12,1134.4,Manual,True,
312b6879-108a-4251-bc75-962e22913a3c,PAR-008,CIC-2026-PV,2026-04-07,Frijol,Desarrollo,7.65,0.855,6.541,31.58,48.59,0.65,485.9,4275.9,10.0,0.0,Gravedad,7183.51,3034.85,1319.5,Manual,True,
e388bd46-b741-4ffe-8b97-5d0c35afb406,PAR-008,CIC-2026-PV,2026-04-11,Frijol,Desarrollo,7.53,0.915,6.89,35.13,54.04,0.65,540.4,4755.5,10.0,0.0,Gravedad,7989.24,3375.25,1467.5,FAO-56 automatizado,True,
e88a50af-4197-495d-b3bd-fb223ea8dc7b,PAR-008,CIC-2026-PV,2026-04-19,Frijol,Desarrollo,7.3,1.085,7.92,35.76,55.01,0.65,550.1,4840.9,0.0,27.6,Gravedad,8132.71,3435.97,1493.9,MILPIN,True,
eca70c4a-c95b-4c31-ad6e-9346a7624b5c,PAR-008,CIC-2026-PV,2026-04-21,Frijol,Media,7.36,1.17,8.611,45.76,70.4,0.65,704.0,6195.2,10.0,0.0,Gravedad,10407.94,4397.14,1911.8,Manual,True,
460c3428-f574-4a2e-a430-f35a1a10d7de,PAR-008,CIC-2026-PV,2026-05-03,Frijol,Media,8.3,1.12,9.296,40.97,63.03,0.65,630.3,5546.6,0.0,70.58,Gravedad,9318.29,3936.91,1711.7,MILPIN,True,Deficit leve
e2616168-e782-4ee8-bb8e-bfbc339b4038,PAR-008,CIC-2026-PV,2026-05-06,Frijol,Media,8.45,1.15,9.717,46.23,71.12,0.65,711.2,6258.6,10.0,0.0,Gravedad,10514.45,4442.22,1931.4,MILPIN,True,
8aa9079e-7ba5-4cce-a428-2861b2b3ad63,PAR-008,CIC-2026-PV,2026-05-13,Frijol,Media,8.55,1.17,10.004,38.98,59.97,0.65,599.7,5277.4,0.0,31.05,Gravedad,8866.03,3745.78,1628.6,Manual,True,
a9507306-d771-4b60-8774-114d703aa597,PAR-008,CIC-2026-PV,2026-05-23,Frijol,Final,8.43,1.03,8.683,39.91,61.4,0.65,614.0,5403.2,0.0,46.92,Gravedad,9077.38,3835.02,1667.4,MILPIN,True,
0c655bbc-96bd-4fb8-bca9-0d80902249a3,PAR-008,CIC-2026-PV,2026-05-26,Frijol,Final,8.48,0.89,7.547,35.13,54.05,0.65,540.5,4756.4,10.0,0.0,Gravedad,7990.75,3375.94,1467.8,MILPIN,True,
e2dba30b-89db-416a-a662-63d22835e8e4,PAR-008,CIC-2026-PV,2026-06-07,Frijol,Final,8.87,0.42,3.725,16.73,25.74,0.65,257.4,2265.1,0.0,27.97,Gravedad,3805.37,1607.7,699.0,Manual,True,
509f871f-98d9-42bf-ba32-4388e3dbf788,PAR-009,CIC-2026-PV,2026-03-08,Maiz,Inicial,6.09,0.31,1.888,12.23,18.81,0.65,188.1,3968.9,0.0,0.99,Gravedad,6667.75,2817.04,1224.8,MILPIN,True,
9b1bab7a-9a8c-4b78-b3a0-e4efececa6cd,PAR-009,CIC-2026-PV,2026-03-11,Maiz,Inicial,6.33,0.29,1.836,11.33,17.43,0.65,174.3,3677.7,10.0,0.0,Gravedad,6178.54,2610.27,1134.9,MILPIN,False,
54424244-ae59-482e-b8d2-f6d01b7b2893,PAR-009,CIC-2026-PV,2026-03-19,Maiz,Inicial,6.18,0.33,2.039,11.28,17.35,0.65,173.5,3660.9,0.0,5.03,Gravedad,6150.31,2598.54,1129.8,FAO-56 automatizado,True,
a57fb81e-c3b3-433f-b5f5-b0e256755df6,PAR-009,CIC-2026-PV,2026-03-22,Maiz,Desarrollo,5.77,0.326,1.881,10.76,16.56,0.65,165.6,3494.2,10.0,0.0,Gravedad,5870.26,2480.09,1078.3,MILPIN,False,Deficit leve
a94f7f52-1c67-4cbc-a2fd-b20913aadc65,PAR-009,CIC-2026-PV,2026-03-27,Maiz,Desarrollo,6.05,0.444,2.686,16.52,25.42,0.65,254.2,5363.6,10.0,0.0,Gravedad,9010.85,3806.96,1655.2,MILPIN,False,
834e7714-c00d-4d9b-9699-ec05b0f46293,PAR-009,CIC-2026-PV,2026-03-29,Maiz,Desarrollo,6.05,0.476,2.88,19.47,29.96,0.65,299.6,6321.6,10.0,0.0,Gravedad,10620.29,4486.84,1950.8,MILPIN,False,
14a261ea-404a-449f-98b6-1bd196ebe368,PAR-009,CIC-2026-PV,2026-03-30,Maiz,Desarrollo,5.77,0.511,2.948,19.79,30.44,0.65,304.4,6422.8,10.0,0.0,Gravedad,10790.3,4558.83,1982.1,FAO-56 automatizado,False,
dec7e473-a1a7-4929-8e57-05eeacd72b02,PAR-009,CIC-2026-PV,2026-04-13,Maiz,Desarrollo,7.85,0.911,7.151,36.63,56.36,0.65,563.6,11892.0,0.0,63.48,Gravedad,19978.56,8440.77,3669.9,MILPIN,False,
f621e2de-6b52-484a-a01c-f883fb49ea87,PAR-009,CIC-2026-PV,2026-04-26,Maiz,Media,7.35,1.17,8.599,47.03,72.35,0.65,723.5,15265.9,0.0,64.76,Gravedad,25646.71,10835.53,4711.1,MILPIN,True,
c473ef08-312a-4a61-8918-a6adc68b0b9b,PAR-009,CIC-2026-PV,2026-04-29,Maiz,Media,7.16,1.23,8.807,50.36,77.48,0.65,774.8,16348.3,10.0,0.0,Gravedad,27465.14,11603.73,5045.1,FAO-56 automatizado,False,
283c0774-b529-4207-b140-b33acf3f6906,PAR-009,CIC-2026-PV,2026-05-23,Maiz,Media,8.75,1.17,10.237,40.87,62.88,0.65,628.8,13267.7,0.0,204.82,Gravedad,22289.74,9417.12,4094.4,MILPIN,False,
8b139a0d-95a3-4949-921e-a66a663f4a9a,PAR-009,CIC-2026-PV,2026-05-25,Maiz,Media,8.49,1.17,9.933,48.34,74.37,0.65,743.7,15692.1,10.0,0.0,Gravedad,26362.73,11137.98,4842.6,MILPIN,True,
f5e779fe-f35b-4ab3-829d-2e24e0b31263,PAR-009,CIC-2026-PV,2026-05-29,Maiz,Media,8.36,1.23,10.283,45.74,70.37,0.65,703.7,14848.1,10.0,0.0,Gravedad,24944.81,10538.83,4582.1,FAO-56 automatizado,True,
4c5c8fbb-cd21-4369-8f1a-73a8d056131f,PAR-009,CIC-2026-PV,2026-06-05,Maiz,Final,9.17,1.17,10.729,46.59,71.67,0.65,716.7,15122.4,0.0,28.51,Gravedad,25405.63,10733.64,4666.8,FAO-56 automatizado,True,
8bd1443c-4540-4cec-9142-dc63a9dd90b2,PAR-009,CIC-2026-PV,2026-06-06,Maiz,Final,9.04,1.16,10.486,39.65,61.0,0.65,610.0,12871.0,10.0,0.0,Gravedad,21623.28,9135.6,3972.0,Manual,True,Deficit leve
a3625344-effe-4625-ae11-9ea638764ab1,PAR-010,CIC-2026-PV,2026-03-15,Uva,Inicial,6.29,0.3,1.887,19.22,21.35,0.9,213.5,3202.5,0.0,7.2,Goteo,5380.2,2273.09,988.3,MILPIN,True,
2ef7e918-9105-4ac0-aa99-0bfb0f0c5c35,PAR-010,CIC-2026-PV,2026-04-26,Uva,Desarrollo,7.71,0.835,6.438,44.65,49.61,0.9,496.1,7441.5,0.0,225.75,Goteo,12501.72,5281.72,2296.4,MILPIN,True,
b0274105-2c0e-428a-9087-9f4b896b2252,PAR-010,CIC-2026-PV,2026-05-14,Uva,Media,8.26,0.84,6.938,52.81,58.68,0.9,586.8,8802.0,0.0,72.07,Goteo,14787.36,6247.49,2716.3,MILPIN,False,
6394943a-bcac-454c-8e72-e0da9cf11aa9,PAR-010,CIC-2026-PV,2026-05-30,Uva,Media,8.66,0.87,7.534,54.18,60.2,0.9,602.0,9030.0,0.0,66.36,Goteo,15170.4,6409.41,2786.7,MILPIN,False,Deficit leve
ee096581-76a8-4ed2-9881-3a6157581a1d,PAR-010,CIC-2026-PV,2026-06-07,Uva,Media,8.7,0.82,7.134,49.14,54.6,0.9,546.0,8190.0,0.0,7.93,Goteo,13759.2,5813.02,2527.4,FAO-56 automatizado,True,
36c487c1-f844-493f-9c2f-9513e7549ac0,PAR-010,CIC-2026-PV,2026-06-10,Uva,Media,9.2,0.84,7.728,44.91,49.9,0.9,499.0,7485.0,10.0,0.0,Goteo,12574.8,5312.77,2309.9,MILPIN,True,
11afcbd3-e480-45d7-9d20-2b42529bfcac,PAR-010,CIC-2026-PV,2026-06-11,Uva,Media,8.79,0.83,7.296,51.7,57.44,0.9,574.4,8616.0,10.0,0.0,Goteo,14474.88,6115.47,2658.9,MILPIN,True,
d3ce1e8c-9a3b-434f-aca9-5eb951cd83ac,PAR-010,CIC-2026-PV,2026-06-13,Uva,Media,9.32,0.83,7.736,42.91,47.68,0.9,476.8,7152.0,10.0,0.0,Goteo,12015.36,5076.33,2207.1,MILPIN,True,
ae53e940-689b-41fe-89bf-c9d9e60966b3,PAR-010,CIC-2026-PV,2026-07-04,Uva,Media,7.71,0.83,6.399,46.82,52.02,0.9,520.2,7803.0,0.0,87.56,Goteo,13109.04,5538.4,2408.0,Manual,True,
339c2b05-27da-4810-bbc0-5a1e1d8737ee,PAR-010,CIC-2026-PV,2026-08-25,Uva,Media,7.65,0.82,6.273,48.18,53.53,0.9,535.3,8029.5,0.0,278.02,Goteo,13489.56,5699.17,2477.9,MILPIN,True,
174165e3-a1c6-40e2-ae0e-49905b3461f8,PAR-010,CIC-2026-PV,2026-08-30,Uva,Final,7.62,0.827,6.302,52.97,58.86,0.9,588.6,8829.0,10.0,0.0,Goteo,14832.72,6266.58,2724.6,MILPIN,True,Deficit leve
235a3096-beed-49c0-9f5f-f9be587cc6f6,PAR-010,CIC-2026-PV,2026-08-31,Uva,Final,7.15,0.826,5.906,44.63,49.59,0.9,495.9,7438.5,10.0,0.0,Goteo,12496.68,5279.65,2295.5,MILPIN,True,Deficit leve
678dc641-1b19-495c-aa9c-79d7b94290aa,PAR-010,CIC-2026-PV,2026-09-27,Uva,Final,6.55,0.527,3.452,28.8,32.0,0.9,320.0,4800.0,0.0,64.4,Goteo,8064.0,3406.99,1481.3,MILPIN,True,
64105196-a0a9-4c71-af3d-f42dd0062d88,PAR-011,CIC-2026-PV,2026-04-16,Maiz,Desarrollo,7.69,0.969,7.452,39.71,49.64,0.8,496.4,20898.4,0.0,303.08,Aspersion,35109.31,14833.16,6449.2,MILPIN,False,
cae96035-2564-4e1e-a9da-17ce10a4046f,PAR-011,CIC-2026-PV,2026-04-30,Maiz,Media,7.21,1.21,8.724,48.19,60.24,0.8,602.4,25361.0,0.0,73.95,Aspersion,42606.48,18000.72,7826.4,MILPIN,True,Deficit leve
6da98ecc-8450-4937-876c-c48411a59067,PAR-011,CIC-2026-PV,2026-05-03,Maiz,Media,8.62,1.24,10.689,43.58,54.47,0.8,544.7,22931.9,10.0,0.0,Aspersion,38525.59,16276.64,7076.8,MILPIN,True,
c42a26f4-7049-41c3-80dd-a6cf0c35cd05,PAR-011,CIC-2026-PV,2026-05-06,Maiz,Media,8.47,1.18,9.995,48.84,61.05,0.8,610.5,25702.0,10.0,0.0,Aspersion,43179.36,18242.68,7931.6,FAO-56 automatizado,True,
75db91e1-37e1-415e-b93d-b74ca881fe55,PAR-011,CIC-2026-PV,2026-05-09,Maiz,Media,8.68,1.22,10.59,45.73,57.16,0.8,571.6,24064.4,10.0,0.0,Aspersion,40428.19,17080.49,7426.3,MILPIN,True,
7db50d7e-9891-4555-b46d-5b298282459f,PAR-011,CIC-2026-PV,2026-05-18,Maiz,Media,8.18,1.17,9.571,43.86,54.82,0.8,548.2,23079.2,0.0,42.28,Aspersion,38773.06,16381.06,7122.2,FAO-56 automatizado,False,
1d23b0ea-faf5-4f8f-9dae-6cd458a2bed1,PAR-011,CIC-2026-PV,2026-05-20,Maiz,Media,8.8,1.17,10.296,49.34,61.67,0.8,616.7,25963.1,10.0,0.0,Aspersion,43618.01,18428.06,8012.2,FAO-56 automatizado,True,
71f9d6e0-6da0-4336-b60e-a0fc0abe85f2,PAR-011,CIC-2026-PV,2026-06-02,Maiz,Media,8.97,1.19,10.674,42.28,52.85,0.8,528.5,22249.9,0.0,96.48,Aspersion,37379.83,15792.49,6866.3,FAO-56 automatizado,True,
334dc8ec-a7b9-437b-83c1-04adf8f5f4da,PAR-011,CIC-2026-PV,2026-06-15,Maiz,Final,9.26,1.0,9.26,41.78,52.22,0.8,522.2,21984.6,0.0,78.6,Aspersion,36934.13,15604.12,6784.4,FAO-56 automatizado,False,
f3c5b7fc-d1ba-4078-91fe-d88f44b9de1d,PAR-011,CIC-2026-PV,2026-06-19,Maiz,Final,8.75,0.91,7.963,34.46,43.08,0.8,430.8,18136.7,8.2,0.0,Aspersion,30469.66,12873.1,5597.0,FAO-56 automatizado,False,
9e2d0e8b-4f3c-4cad-97ab-8cf7953fecc1,PAR-011,CIC-2026-PV,2026-06-23,Maiz,Final,9.28,0.85,7.888,30.54,38.17,0.8,381.7,16069.6,0.0,1.01,Aspersion,26996.93,11405.93,4959.1,MILPIN,True,
c11a8a5c-354b-43c6-8e96-2ad480c1d6a9,PAR-011,CIC-2026-PV,2026-07-13,Maiz,Final,7.92,0.57,4.514,20.47,25.59,0.8,255.9,10773.4,0.0,69.81,Aspersion,18099.31,7646.81,3324.7,MILPIN,True,
a290298b-8e26-4177-9a3d-c9dba417f6f8,PAR-012,CIC-2026-PV,2026-04-15,Uva,Desarrollo,7.26,0.604,4.385,40.47,44.97,0.9,449.7,7015.3,0.0,156.85,Goteo,11785.7,4979.27,2164.9,Manual,True,
6f92c352-a3b5-4a19-a89f-6a961e16b7c6,PAR-012,CIC-2026-PV,2026-04-23,Uva,Desarrollo,7.57,0.794,6.011,52.18,57.98,0.9,579.8,9044.9,8.5,0.0,Goteo,15195.43,6419.99,2791.3,MILPIN,True,
84f3bcdc-2405-4840-9c58-4956bd0c69e3,PAR-012,CIC-2026-PV,2026-05-03,Uva,Media,8.75,0.82,7.175,51.77,57.52,0.9,575.2,8973.1,0.0,19.98,Goteo,15074.81,6368.93,2769.1,FAO-56 automatizado,True,
3e20ea40-f6c3-4fc4-9b68-e08cd24b035d,PAR-012,CIC-2026-PV,2026-05-16,Uva,Media,8.41,0.84,7.064,51.39,57.1,0.9,571.0,8907.6,0.0,40.44,Goteo,14964.77,6322.47,2748.9,MILPIN,True,
210b61d9-28ca-4215-ae8e-2eefc2e48f5b,PAR-012,CIC-2026-PV,2026-06-24,Uva,Media,9.09,0.85,7.726,60.86,67.62,0.9,676.2,10548.7,0.0,240.45,Goteo,17721.82,7487.19,3255.3,FAO-56 automatizado,False,Deficit leve
bc7a5f06-e2cb-472d-a4c3-165bf17061ff,PAR-012,CIC-2026-PV,2026-06-25,Uva,Media,8.89,0.83,7.379,57.81,64.23,0.9,642.3,10019.9,10.0,0.0,Goteo,16833.43,7111.83,3092.1,MILPIN,False,
61fbdc46-aaf5-47e6-ad83-0bccc01b7754,PAR-012,CIC-2026-PV,2026-07-08,Uva,Media,8.2,0.83,6.806,55.1,61.22,0.9,612.2,9550.3,0.0,33.38,Goteo,16044.5,6778.56,2947.2,MILPIN,True,Deficit leve
32580843-d29a-44bd-8760-f46ed818f127,PAR-012,CIC-2026-PV,2026-07-11,Uva,Media,7.82,0.89,6.96,62.56,69.51,0.9,695.1,10843.6,10.0,0.0,Goteo,18217.25,7696.49,3346.3,FAO-56 automatizado,True,
e5de2c98-5a4e-4e8c-97e1-4604356b2722,PAR-012,CIC-2026-PV,2026-07-24,Uva,Media,7.87,0.87,6.847,61.72,68.58,0.9,685.8,10698.5,0.0,27.29,Goteo,17973.48,7593.68,3301.6,FAO-56 automatizado,True,Deficit leve
7f8b4b2a-8263-4e3c-9a96-290ba60c6b50,PAR-012,CIC-2026-PV,2026-08-08,Uva,Media,7.38,0.84,6.199,55.22,61.36,0.9,613.6,9572.2,0.0,37.76,Goteo,16081.3,6794.2,2954.0,FAO-56 automatizado,True,
faa32b36-f8c0-486d-849e-fb0025086f92,PAR-012,CIC-2026-PV,2026-08-23,Uva,Media,7.34,0.81,5.945,52.19,57.99,0.9,579.9,9046.4,0.0,36.99,Goteo,15197.95,6420.91,2791.7,MILPIN,False,
ff2ace85-5ac0-4e29-b90a-0fc2cba4d6d2,PAR-012,CIC-2026-PV,2026-09-07,Uva,Final,6.65,0.716,4.761,45.19,50.21,0.9,502.1,7832.8,0.0,26.23,Goteo,13159.1,5559.56,2417.2,MILPIN,True,
f1817056-cb45-4a94-a894-4525e48f72a4,PAR-013,CIC-2026-PV,2026-04-12,Algodon,Desarrollo,7.72,0.584,4.508,21.1,26.38,0.8,263.8,3614.1,0.0,168.24,Aspersion,6071.69,2565.19,1115.3,MILPIN,True,
721f8cac-1d98-40d1-8b46-c56f10ceaa3c,PAR-013,CIC-2026-PV,2026-04-26,Algodon,Desarrollo,7.17,0.802,5.75,34.25,42.81,0.8,428.1,5865.0,0.0,46.25,Aspersion,9853.2,4162.77,1809.9,FAO-56 automatizado,True,
b669e403-c350-432a-9f1d-1696d6b402f3,PAR-013,CIC-2026-PV,2026-05-14,Algodon,Desarrollo,8.69,1.138,9.889,52.34,65.42,0.8,654.2,8962.5,0.0,125.66,Aspersion,15057.0,6361.34,2765.8,FAO-56 automatizado,True,Deficit leve
75ee06b8-dd13-4d0f-9e97-b977a067b0e2,PAR-013,CIC-2026-PV,2026-05-25,Algodon,Media,8.26,1.21,9.995,49.18,61.48,0.8,614.8,8422.8,0.0,60.76,Aspersion,14150.3,5978.39,2599.3,MILPIN,True,
12337b5e-d14d-4823-aad0-3b37557265f2,PAR-013,CIC-2026-PV,2026-05-26,Algodon,Media,8.47,1.17,9.91,44.68,55.85,0.8,558.5,7651.4,10.0,0.0,Aspersion,12854.35,5430.76,2361.2,Manual,True,
80662c6a-bd0c-4c52-be46-f1e3fce248ee,PAR-013,CIC-2026-PV,2026-06-05,Algodon,Media,9.06,1.22,11.053,48.09,60.11,0.8,601.1,8235.1,0.0,62.44,Aspersion,13834.97,5845.22,2541.4,MILPIN,True,
7f5f8bdf-6f3d-4d10-95d8-8d69515167f2,PAR-013,CIC-2026-PV,2026-07-07,Algodon,Media,8.04,1.22,9.809,48.59,60.74,0.8,607.4,8321.4,0.0,265.3,Aspersion,13979.95,5906.4,2568.0,MILPIN,False,
f103602c-8745-4960-a27e-062675da9303,PAR-013,CIC-2026-PV,2026-07-08,Algodon,Media,8.04,1.18,9.487,49.9,62.38,0.8,623.8,8546.1,10.0,0.0,Aspersion,14357.45,6065.79,2637.3,MILPIN,True,
cad9cfaf-cbe6-46d4-88da-7a67d6fc0f74,PAR-013,CIC-2026-PV,2026-07-21,Algodon,Final,8.08,1.142,9.227,49.71,62.14,0.8,621.4,8513.2,0.0,70.24,Aspersion,14302.18,6042.56,2627.2,MILPIN,True,Deficit leve
493a8526-f3a9-47b5-ad19-da40355c13d8,PAR-013,CIC-2026-PV,2026-07-27,Algodon,Final,7.68,1.036,7.956,42.52,53.15,0.8,531.5,7281.5,0.0,5.22,Aspersion,12232.92,5168.33,2247.1,MILPIN,True,
5698c0c9-420f-47f5-b2cc-cff3ecdabd91,PAR-013,CIC-2026-PV,2026-08-07,Algodon,Final,7.25,0.953,6.909,35.23,44.04,0.8,440.4,6033.5,0.0,40.77,Aspersion,10136.28,4282.37,1861.9,MILPIN,False,
4d66b542-5d90-42a8-b229-2ded8116e7a2,PAR-013,CIC-2026-PV,2026-08-11,Algodon,Final,7.21,0.879,6.338,35.01,43.76,0.8,437.6,5995.1,10.0,0.0,Aspersion,10071.77,4255.23,1850.1,MILPIN,True,
999b7259-20de-46a2-833b-2b28724aca06,PAR-014,CIC-2026-PV,2026-03-21,Maiz,Inicial,5.68,0.27,1.534,15.54,23.9,0.65,239.0,10372.6,0.0,15.14,Gravedad,17425.97,7362.3,3201.0,MILPIN,False,
9dbcf0f4-81a7-4df3-bcfe-3962f3025d5d,PAR-014,CIC-2026-PV,2026-03-28,Maiz,Desarrollo,6.0,0.5,3.0,26.05,40.08,0.65,400.8,17394.7,10.0,0.0,Gravedad,29223.1,12346.4,5368.0,FAO-56 automatizado,True,
0739f6a7-118e-41f2-81c9-f2926f1f14ac,PAR-014,CIC-2026-PV,2026-04-14,Maiz,Desarrollo,7.49,0.947,7.093,53.46,82.25,0.65,822.5,35696.5,0.0,67.12,Gravedad,59970.12,25336.57,11015.9,FAO-56 automatizado,True,
a4782715-ddb0-4bbd-9a36-4040882d5edc,PAR-014,CIC-2026-PV,2026-04-28,Maiz,Media,7.29,1.18,8.602,57.01,87.7,0.65,877.0,38061.8,0.0,63.42,Gravedad,63943.82,27015.57,11745.9,MILPIN,True,
1055c7a4-5dfc-4f69-8e94-eefe17390784,PAR-014,CIC-2026-PV,2026-06-15,Maiz,Final,8.89,0.94,8.357,45.92,70.65,0.65,706.5,30662.1,0.0,355.22,Gravedad,51512.33,21763.29,9462.3,MILPIN,True,
0444ac8a-fbd9-4c48-8809-33e8220b3fbe,PAR-014,CIC-2026-PV,2026-06-16,Maiz,Final,8.93,0.97,8.662,48.44,74.52,0.65,745.2,32341.7,10.0,0.0,Gravedad,54334.06,22955.38,9980.6,MILPIN,False,
64c7976a-6e95-4ead-ba4d-98d621fa4577,PAR-014,CIC-2026-PV,2026-06-20,Maiz,Final,9.09,0.84,7.636,42.86,65.94,0.65,659.4,28618.0,10.0,0.0,Gravedad,48078.24,20312.45,8831.5,MILPIN,True,
972794ef-7d9c-43f4-9012-a9488d8eba63,PAR-014,CIC-2026-PV,2026-06-28,Maiz,Final,9.23,0.73,6.738,42.0,64.62,0.65,646.2,28045.1,0.0,11.9,Gravedad,47115.77,19905.81,8654.7,MILPIN,True,
dadc5443-51a5-4ff1-acfb-fbea63ed1555,PAR-014,CIC-2026-PV,2026-07-10,Maiz,Final,8.28,0.62,5.134,32.64,50.22,0.65,502.2,21795.5,0.0,28.97,Gravedad,36616.44,15470.03,6726.1,MILPIN,True,
cc130fa8-2a3e-4e46-8113-6226ea26f87a,PAR-014,CIC-2026-PV,2026-07-18,Maiz,Final,8.07,0.6,4.842,33.87,52.11,0.65,521.1,22615.7,0.0,4.87,Gravedad,37994.38,16052.16,6979.2,Manual,True,
753c9e12-666e-4283-b7b6-7c81a9fc3e79,PAR-015,CIC-2026-PV,2026-03-19,Chile,Inicial,6.24,0.62,3.869,30.15,46.39,0.65,463.9,13360.3,0.0,39.49,Gravedad,22445.3,9482.9,4123.0,MILPIN,True,
b1d51ab0-c450-42e9-8c37-090155177f87,PAR-015,CIC-2026-PV,2026-03-31,Chile,Desarrollo,6.23,0.644,4.012,36.73,56.5,0.65,565.0,16272.0,0.0,11.41,Gravedad,27336.96,11549.45,5021.5,MILPIN,True,
5d85697f-f184-421e-97a5-f1f8fb6cc832,PAR-015,CIC-2026-PV,2026-04-01,Chile,Desarrollo,7.42,0.697,5.172,35.0,53.85,0.65,538.5,15508.8,10.0,0.0,Gravedad,26054.78,11007.8,4786.0,FAO-56 automatizado,True,
af3d7561-599c-4a1b-81f4-45c0fdc84d4d,PAR-015,CIC-2026-PV,2026-04-24,Chile,Desarrollo,7.79,0.953,7.424,49.83,76.66,0.65,766.6,22078.1,0.0,120.92,Gravedad,37091.21,15670.59,6813.3,Manual,True,
be49c0f3-d331-4188-b794-d8142ce81d6d,PAR-015,CIC-2026-PV,2026-05-17,Chile,Media,8.75,1.06,9.275,52.11,80.17,0.65,801.7,23089.0,0.0,161.22,Gravedad,38789.52,16388.19,7125.3,Manual,True,
86d11a25-b45a-48a0-9f7a-484e4ec242eb,PAR-015,CIC-2026-PV,2026-06-09,Chile,Media,9.25,1.03,9.527,55.48,85.36,0.65,853.6,24583.7,0.0,163.64,Gravedad,41300.62,17448.95,7586.5,MILPIN,False,
e72c4aac-37e9-43cd-973e-332b7c111dbc,PAR-015,CIC-2026-PV,2026-06-11,Chile,Final,8.86,1.038,9.197,52.66,81.01,0.65,810.1,23330.9,10.0,0.0,Gravedad,39195.91,16559.77,7199.9,Manual,False,
085c7eed-f5af-4bf8-8eae-d4d89537f8e5,PAR-015,CIC-2026-PV,2026-06-16,Chile,Final,8.69,1.018,8.846,49.51,76.17,0.65,761.7,21937.0,10.0,0.0,Gravedad,36854.16,15570.54,6769.8,MILPIN,False,
72524566-602f-4a09-ab11-bab8ca5affc7,PAR-015,CIC-2026-PV,2026-06-25,Chile,Final,9.26,0.934,8.649,43.96,67.63,0.65,676.3,19477.4,0.0,33.88,Gravedad,32722.03,13824.61,6010.7,FAO-56 automatizado,True,
17eedefe-ab91-4f0e-9604-9e14868cc710,PAR-015,CIC-2026-PV,2026-07-03,Chile,Final,8.19,0.936,7.666,53.85,82.84,0.65,828.4,23857.9,0.0,7.48,Gravedad,40081.27,16933.75,7362.5,MILPIN,True,
723e440c-3dd2-4094-8d50-3a4ef9fb2189,PAR-016,CIC-2026-PV,2026-03-07,Frijol,Inicial,5.91,0.42,2.482,35.62,44.53,0.8,445.3,6946.7,10.0,0.0,Aspersion,11670.46,4930.74,2143.8,FAO-56 automatizado,False,
004ea6b3-dc12-46b1-b393-98416af15ceb,PAR-016,CIC-2026-PV,2026-03-09,Frijol,Inicial,5.77,0.4,2.308,33.54,41.93,0.8,419.3,6541.1,10.0,0.0,Aspersion,10989.05,4642.78,2018.6,MILPIN,True,
f5e39683-d423-4dac-a163-940720d450cd,PAR-016,CIC-2026-PV,2026-03-17,Frijol,Inicial,6.15,0.43,2.645,43.03,53.79,0.8,537.9,8391.2,10.0,0.0,Aspersion,14097.22,5955.85,2589.5,MILPIN,False,
8c4e55b6-e2fb-44a7-9c3f-7d2e239c3edd,PAR-016,CIC-2026-PV,2026-03-20,Frijol,Inicial,6.12,0.42,2.57,44.43,55.54,0.8,555.4,8664.2,10.0,0.0,Aspersion,14555.86,6149.74,2673.8,MILPIN,True,
d5fd56be-e86a-4e82-9e3e-7788294ce46b,PAR-016,CIC-2026-PV,2026-03-21,Frijol,Inicial,6.22,0.38,2.364,40.56,50.7,0.8,507.0,7909.2,10.0,0.0,Aspersion,13287.46,5613.84,2440.8,MILPIN,False,
27ef346f-4c66-46ce-9c38-83a27d8d2223,PAR-016,CIC-2026-PV,2026-03-28,Frijol,Desarrollo,6.04,0.535,3.231,53.54,66.92,0.8,669.2,10439.5,10.0,0.0,Aspersion,17538.36,7409.68,3221.6,MILPIN,True,
595d6cdf-7b32-4187-b723-7309be6e4f95,PAR-016,CIC-2026-PV,2026-05-05,Frijol,Media,8.18,1.16,9.489,107.24,134.05,0.8,1340.5,20911.8,0.0,253.34,Aspersion,35131.82,14842.82,6453.4,Manual,True,
2397e0ef-0439-4772-9a3b-998380786560,PAR-016,CIC-2026-PV,2026-05-26,Frijol,Final,8.53,0.88,7.506,81.35,101.69,0.8,1016.9,15863.6,0.0,76.28,Aspersion,26650.85,11259.65,4895.5,MILPIN,True,Deficit leve
5032c4d0-69d2-46c0-85ba-48361e9ff5d7,PAR-016,CIC-2026-PV,2026-06-01,Frijol,Final,8.75,0.69,6.037,69.7,87.13,0.8,871.3,13592.3,10.0,0.0,Aspersion,22835.06,9647.58,4194.6,MILPIN,True,Deficit leve
863139b0-53ae-4ca8-913e-1f9f9ae745b1,PAR-016,CIC-2026-PV,2026-06-09,Frijol,Final,8.93,0.33,2.947,31.14,38.92,0.8,389.2,6071.5,10.0,0.0,Aspersion,10200.12,4309.51,1873.7,MILPIN,True,
b48e3449-e871-4874-bc3d-e6412967c61a,PAR-016,CIC-2026-PV,2026-06-15,Frijol,Final,9.22,0.34,3.135,34.34,42.93,0.8,429.3,6697.1,10.0,0.0,Aspersion,11251.13,4753.41,2066.7,FAO-56 automatizado,True,
9acf70ca-4753-455f-a937-db8a9bda85f0,PAR-017,CIC-2026-PV,2026-03-16,Maiz,Inicial,6.04,0.33,1.993,13.39,20.6,0.65,206.0,5459.0,0.0,16.51,Gravedad,9171.12,3874.58,1684.6,MILPIN,True,
68ba7d0a-62da-4325-a0de-aa55cadb7834,PAR-017,CIC-2026-PV,2026-03-28,Maiz,Desarrollo,5.99,0.49,2.935,17.2,26.46,0.65,264.6,7011.9,0.0,18.02,Gravedad,11779.99,4976.97,2163.9,MILPIN,True,
aedc6f1c-4bcd-46ff-a0c1-84550eea3765,PAR-017,CIC-2026-PV,2026-04-10,Maiz,Desarrollo,7.52,0.854,6.422,33.73,51.9,0.65,519.0,13753.5,0.0,49.76,Gravedad,23105.88,9761.89,4244.3,MILPIN,True,
3d16241a-5d8c-490d-8491-926643335641,PAR-017,CIC-2026-PV,2026-04-12,Maiz,Desarrollo,7.44,0.886,6.592,34.33,52.81,0.65,528.1,13994.7,10.0,0.0,Gravedad,23511.1,9933.24,4318.8,MILPIN,True,
d1dd3ce5-f99b-4d7f-add4-788b7cde7bd9,PAR-017,CIC-2026-PV,2026-04-15,Maiz,Desarrollo,7.47,0.973,7.268,38.41,59.1,0.65,591.0,15661.5,10.0,0.0,Gravedad,26311.32,11116.13,4833.1,MILPIN,True,Deficit leve
1457046c-12dc-4c95-ae4e-2e30e8d0e59a,PAR-017,CIC-2026-PV,2026-04-17,Maiz,Desarrollo,7.71,0.984,7.587,35.98,55.36,0.65,553.6,14670.4,10.0,0.0,Gravedad,24646.27,10412.79,4527.3,MILPIN,True,
1a950ee9-7844-4619-b88c-3730537989a3,PAR-017,CIC-2026-PV,2026-05-09,Maiz,Media,8.32,1.23,10.234,44.07,67.8,0.65,678.0,17967.0,0.0,181.08,Gravedad,30184.56,12752.58,5544.6,MILPIN,True,
c5515bbe-776e-4aa9-9bc8-2c6a0951197d,PAR-017,CIC-2026-PV,2026-05-30,Maiz,Media,8.82,1.23,10.849,41.82,64.34,0.65,643.4,17050.1,0.0,186.01,Gravedad,28644.17,12101.91,5261.7,MILPIN,True,
bcd51903-feef-4731-a723-1803e230468c,PAR-017,CIC-2026-PV,2026-06-01,Maiz,Media,8.79,1.24,10.9,48.96,75.33,0.65,753.3,19962.4,10.0,0.0,Gravedad,33536.83,14168.92,6160.4,MILPIN,True,
03f1661c-7077-46a7-a9b7-fc2b2de71cb7,PAR-017,CIC-2026-PV,2026-06-05,Maiz,Final,9.32,1.18,10.998,42.28,65.04,0.65,650.4,17235.6,0.0,1.71,Gravedad,28955.81,12233.47,5318.9,MILPIN,True,
c4adbc19-adec-4c85-8327-c97e1b9dd7cc,PAR-017,CIC-2026-PV,2026-06-29,Maiz,Final,9.14,0.7,6.398,24.31,37.4,0.65,374.0,9911.0,0.0,129.24,Gravedad,16650.48,7034.55,3058.5,FAO-56 automatizado,True,
24d5f4e5-a876-405a-bfd3-a5b18ac63900,PAR-017,CIC-2026-PV,2026-07-03,Maiz,Final,7.95,0.63,5.008,23.49,36.14,0.65,361.4,9577.1,10.0,0.0,Gravedad,16089.53,6797.65,2955.5,FAO-56 automatizado,True,Deficit leve
adf199ba-5009-481f-9e9d-b37ce3a57d15,PAR-017,CIC-2026-PV,2026-07-13,Maiz,Final,7.68,0.58,4.454,21.2,32.62,0.65,326.2,8644.3,0.0,23.34,Gravedad,14522.42,6135.48,2667.6,MILPIN,True,
6c98f720-fc2a-4483-8356-fcd3d61ed024,PAR-018,CIC-2026-PV,2026-03-18,Chile,Inicial,5.67,0.6,3.402,17.55,27.0,0.65,270.0,11988.0,0.0,40.28,Gravedad,20139.84,8508.85,3699.5,FAO-56 automatizado,True,
0390c2d3-27b6-4676-bd45-9d3284491397,PAR-018,CIC-2026-PV,2026-04-19,Chile,Desarrollo,7.22,0.869,6.274,27.82,42.8,0.65,428.0,19003.2,0.0,172.95,Gravedad,31925.38,13488.12,5864.4,Manual,False,
b59e6c8d-935b-45a6-b1f5-d3a703e130a8,PAR-018,CIC-2026-PV,2026-04-24,Chile,Desarrollo,7.8,0.933,7.277,28.44,43.75,0.65,437.5,19425.0,0.0,7.94,Gravedad,32634.0,13787.58,5994.6,Manual,True,
313fb455-e2ac-4e6f-ac73-5e38bbdaede4,PAR-018,CIC-2026-PV,2026-04-29,Chile,Desarrollo,7.64,1.037,7.923,30.98,47.66,0.65,476.6,21161.0,0.0,8.64,Gravedad,35550.48,15019.69,6530.3,Manual,True,
7c119733-0dac-4a66-b533-b96830c96329,PAR-018,CIC-2026-PV,2026-05-05,Chile,Media,8.33,1.08,8.996,30.26,46.56,0.65,465.6,20672.6,0.0,23.72,Gravedad,34729.97,14673.08,6379.6,Manual,True,
a615c219-d6d0-484f-87ca-f37122e3774d,PAR-018,CIC-2026-PV,2026-05-13,Chile,Media,8.36,1.05,8.778,29.75,45.77,0.65,457.7,20321.9,0.0,40.47,Gravedad,34140.79,14423.99,6271.3,MILPIN,True,
6ba95753-3836-464b-a27b-c2eeb510bdba,PAR-018,CIC-2026-PV,2026-05-20,Chile,Media,8.23,1.05,8.642,29.75,45.77,0.65,457.7,20321.9,0.0,30.74,Gravedad,34140.79,14423.99,6271.3,MILPIN,True,
3c1445d0-0b79-4e21-8aef-c2d3b7b4ab2d,PAR-018,CIC-2026-PV,2026-05-24,Chile,Media,8.32,1.02,8.486,30.47,46.87,0.65,468.7,20810.3,0.0,3.47,Gravedad,34961.3,14770.83,6422.1,MILPIN,True,
66bbb770-bd40-4530-936e-b2babadccf2e,PAR-018,CIC-2026-PV,2026-06-01,Chile,Media,8.86,1.07,9.48,30.64,47.14,0.65,471.4,20930.2,0.0,45.2,Gravedad,35162.74,14855.93,6459.1,Manual,False,
2cff142c-69ec-4dce-b257-42906b0ed7aa,PAR-018,CIC-2026-PV,2026-06-02,Chile,Media,9.15,1.07,9.791,35.26,54.24,0.65,542.4,24082.6,10.0,0.0,Gravedad,40458.77,17093.37,7431.9,MILPIN,True,
07582c8a-00d3-431d-9872-c411298cd589,PAR-018,CIC-2026-PV,2026-06-10,Chile,Final,8.74,1.074,9.387,36.71,56.48,0.65,564.8,25077.1,0.0,38.39,Gravedad,42129.53,17799.24,7738.8,Manual,True,
d389fb74-a1a3-433c-9883-5d140e21cf0b,PAR-018,CIC-2026-PV,2026-06-12,Chile,Final,9.0,1.032,9.288,34.01,52.32,0.65,523.2,23230.1,10.0,0.0,Gravedad,39026.57,16488.24,7168.8,FAO-56 automatizado,True,Deficit leve
0d988388-3e37-462d-a581-2d694fda852b,PAR-018,CIC-2026-PV,2026-06-16,Chile,Final,9.28,1.028,9.54,30.71,47.24,0.65,472.4,20974.6,0.0,7.45,Gravedad,35237.33,14887.44,6472.8,Manual,True,
bce35cd6-f53e-4611-8114-1a10cf649221,PAR-018,CIC-2026-PV,2026-06-24,Chile,Final,8.67,0.94,8.15,28.37,43.64,0.65,436.4,19376.2,0.0,36.83,Gravedad,32552.02,13752.85,5979.5,FAO-56 automatizado,True,
3af03527-2bb5-4b9a-a3ea-4b628e2c1dd5,PAR-018,CIC-2026-PV,2026-06-26,Chile,Final,8.83,0.988,8.724,33.77,51.96,0.65,519.6,23070.2,10.0,0.0,Gravedad,38757.94,16374.85,7119.5,MILPIN,True,Deficit leve
72113d3a-37bb-45f7-9307-ea47ef819854,PAR-019,CIC-2026-PV,2026-03-12,Maiz,Inicial,5.66,0.34,1.924,22.45,27.38,0.82,273.8,11116.3,6.1,0.0,Microaspersion,18675.38,7890.15,3430.5,MILPIN,True,
5fcc72db-89ed-42b5-9935-1bf01001b4d9,PAR-019,CIC-2026-PV,2026-03-23,Maiz,Desarrollo,5.86,0.361,2.115,25.28,30.83,0.82,308.3,12517.0,8.6,0.0,Microaspersion,21028.56,8884.21,3862.7,MILPIN,False,
4f30c68e-5fac-465b-b5df-9fe2fc9a1961,PAR-019,CIC-2026-PV,2026-03-28,Maiz,Desarrollo,6.21,0.49,3.043,29.79,36.33,0.82,363.3,14750.0,10.0,0.0,Microaspersion,24780.0,10469.14,4551.8,FAO-56 automatizado,True,
c00c4dc4-ba9e-47df-9bfb-9e70c5c965ad,PAR-019,CIC-2026-PV,2026-04-05,Maiz,Desarrollo,7.22,0.656,4.736,41.58,50.71,0.82,507.1,20588.3,9.7,0.0,Microaspersion,34588.34,14613.05,6353.5,Manual,False,
5008e4e4-03c1-4437-b6ad-0301796ba327,PAR-019,CIC-2026-PV,2026-04-16,Maiz,Desarrollo,7.25,0.929,6.735,55.24,67.37,0.82,673.7,27352.2,0.0,18.85,Microaspersion,45951.7,19414.07,8440.9,Manual,True,
5bba0073-ce8f-4dd0-88ab-82dc9f48b2b7,PAR-019,CIC-2026-PV,2026-04-22,Maiz,Desarrollo,7.48,1.103,8.25,80.75,98.48,0.82,984.8,39982.9,10.0,0.0,Microaspersion,67171.27,28379.01,12338.7,MILPIN,True,
3a97d09c-9b4f-45ea-8444-160df31d5869,PAR-019,CIC-2026-PV,2026-04-25,Maiz,Desarrollo,7.59,1.18,8.956,75.6,92.19,0.82,921.9,37429.1,10.0,0.0,Microaspersion,62880.89,26566.38,11550.6,MILPIN,False,
4ec80e12-c096-4c65-94c0-894c22d7cedd,PAR-019,CIC-2026-PV,2026-05-12,Maiz,Media,8.43,1.22,10.285,84.54,103.1,0.82,1031.0,41858.6,0.0,90.3,Microaspersion,70322.45,29710.48,12917.6,MILPIN,False,
b0b0298b-0989-4ce1-8285-c442c49621f7,PAR-019,CIC-2026-PV,2026-06-09,Maiz,Final,8.67,1.09,9.45,74.11,90.38,0.82,903.8,36694.3,0.0,190.49,Microaspersion,61646.42,26044.97,11323.9,MILPIN,True,Deficit leve
a043f8e7-ae1c-4876-bf06-3030998337f4,PAR-019,CIC-2026-PV,2026-06-28,Maiz,Final,9.24,0.71,6.56,43.16,52.64,0.82,526.4,21371.8,0.0,81.48,Microaspersion,35904.62,15169.19,6595.3,MILPIN,True,Deficit leve
18551a38-405d-4be7-89ce-aebd99c3cfcf,PAR-019,CIC-2026-PV,2026-07-06,Maiz,Final,8.27,0.6,4.962,40.79,49.75,0.82,497.5,20198.5,2.8,0.0,Microaspersion,33933.48,14336.59,6233.3,MILPIN,True,Deficit leve
d3f8e56a-2f90-46f9-93bc-d0c20cafdae0,PAR-020,CIC-2026-PV,2026-03-09,Chile,Inicial,5.87,0.57,3.346,42.17,51.43,0.82,514.3,12600.3,10.0,0.0,Microaspersion,21168.5,8943.55,3888.5,Manual,True,
ad31447d-1d79-426a-abec-0417a0af185a,PAR-020,CIC-2026-PV,2026-03-14,Chile,Inicial,6.06,0.61,3.697,41.07,50.08,0.82,500.8,12269.6,10.0,0.0,Microaspersion,20612.93,8708.72,3786.4,Manual,True,Deficit leve
8d3d34d4-30cd-4094-beee-87d741a3c0e6,PAR-020,CIC-2026-PV,2026-03-16,Chile,Inicial,5.75,0.59,3.392,37.75,46.04,0.82,460.4,11279.8,10.0,0.0,Microaspersion,18950.06,8006.07,3480.9,FAO-56 automatizado,False,Deficit leve
104bed7a-869c-4819-a556-dd348d7764f7,PAR-020,CIC-2026-PV,2026-04-28,Chile,Desarrollo,7.51,1.014,7.615,69.63,84.92,0.82,849.2,20805.4,0.0,257.81,Microaspersion,34953.07,14767.15,6420.5,MILPIN,True,
40e04a58-f265-4af8-b439-9cb8f9c7e877,PAR-020,CIC-2026-PV,2026-04-30,Chile,Desarrollo,7.76,1.05,8.148,71.38,87.05,0.82,870.5,21327.2,10.0,0.0,Microaspersion,35829.7,15137.68,6581.6,MILPIN,True,
e655ac0a-25b3-4824-ac59-0f4ea47b9f3a,PAR-020,CIC-2026-PV,2026-05-16,Chile,Media,8.79,1.07,9.405,72.74,88.71,0.82,887.1,21734.0,0.0,77.74,Microaspersion,36513.12,15426.33,6707.1,MILPIN,False,
f944cd00-6ccf-485a-97c5-fa5348d2e29e,PAR-020,CIC-2026-PV,2026-05-21,Chile,Media,8.73,1.08,9.428,71.98,87.78,0.82,877.8,21506.1,10.0,0.0,Microaspersion,36130.25,15264.64,6636.8,FAO-56 automatizado,True,Deficit leve
36ee6ae0-672d-4d16-9259-b309ac69dda6,PAR-020,CIC-2026-PV,2026-06-04,Chile,Media,8.95,1.03,9.218,71.4,87.07,0.82,870.7,21332.2,0.0,57.65,Microaspersion,35838.1,15141.13,6583.1,Manual,False,
29cdab4c-c2ea-4fa1-95ec-ec4c27ccf847,PAR-020,CIC-2026-PV,2026-06-13,Chile,Final,9.21,1.026,9.449,71.81,87.57,0.82,875.7,21454.7,0.0,13.23,Microaspersion,36043.9,15228.07,6620.9,MILPIN,True,
3ea09f6e-e185-4287-bc19-c695a04a9a22,PAR-020,CIC-2026-PV,2026-06-28,Chile,Final,9.15,0.926,8.473,62.34,76.02,0.82,760.2,18624.9,0.0,64.76,Microaspersion,31289.83,13219.48,5747.6,MILPIN,False,Deficit leve
52ffeab3-4f49-4697-8e55-ddfbd5451e32,PAR-021,CIC-2026-PV,2026-03-29,Frijol,Desarrollo,5.91,0.62,3.664,43.18,53.98,0.8,539.8,18677.1,0.0,59.41,Aspersion,31377.53,13256.74,5763.8,FAO-56 automatizado,True,
7664a08d-0dc2-4c6e-9207-06e34d9755d0,PAR-021,CIC-2026-PV,2026-04-01,Frijol,Desarrollo,7.72,0.665,5.134,43.11,53.89,0.8,538.9,18645.9,10.0,0.0,Aspersion,31325.11,13234.43,5754.1,FAO-56 automatizado,True,Deficit leve
6b38535f-f74f-47bc-91d2-afb2448d9dfa,PAR-021,CIC-2026-PV,2026-04-06,Frijol,Desarrollo,7.56,0.79,5.972,51.76,64.7,0.8,647.0,22386.2,10.0,0.0,Aspersion,37608.82,15889.32,6908.4,Manual,True,
d1d996c4-8c4c-4c05-9a0f-127e500272cb,PAR-021,CIC-2026-PV,2026-04-12,Frijol,Desarrollo,7.19,0.97,6.974,65.56,81.95,0.8,819.5,28354.7,10.0,0.0,Aspersion,47635.9,20125.69,8750.3,FAO-56 automatizado,True,
210a3e6f-c9cb-4c69-a5a5-6ff0c259222e,PAR-021,CIC-2026-PV,2026-04-18,Frijol,Desarrollo,7.46,1.13,8.43,74.82,93.52,0.8,935.2,32357.9,10.0,0.0,Aspersion,54361.27,22966.88,9985.6,MILPIN,True,
4e969eb5-c192-4fc6-b79f-4476abd762ee,PAR-021,CIC-2026-PV,2026-05-21,Frijol,Final,8.68,1.11,9.635,85.74,107.18,0.8,1071.8,37084.3,0.0,232.21,Aspersion,62301.62,26321.66,11444.2,MILPIN,False,
3e8aedc9-bd9b-45e3-b8ea-a638b8fa7fc3,PAR-021,CIC-2026-PV,2026-05-26,Frijol,Final,8.23,0.9,7.407,62.69,78.36,0.8,783.6,27112.6,10.0,0.0,Aspersion,45549.17,19243.87,8366.9,MILPIN,False,
2266bedd-b55e-4907-a78d-c9ede888e009,PAR-021,CIC-2026-PV,2026-05-27,Frijol,Final,8.63,0.85,7.336,54.52,68.15,0.8,681.5,23579.9,10.0,0.0,Aspersion,39614.23,16736.64,7276.8,Manual,True,
6f603941-6387-4659-9c26-19977793a3f1,PAR-021,CIC-2026-PV,2026-06-06,Frijol,Final,8.89,0.44,3.912,31.26,39.07,0.8,390.7,13518.2,0.0,7.86,Aspersion,22710.58,9594.91,4171.7,MILPIN,True,
3c62a988-0a4e-48f6-9518-75bb14c84ff9,PAR-021,CIC-2026-PV,2026-06-15,Frijol,Final,8.81,0.32,2.819,22.73,28.41,0.8,284.1,9829.9,0.0,2.64,Aspersion,16514.23,6977.05,3033.5,Manual,True,Deficit leve
4ba9dc51-3e52-4017-acf9-c6ce7e845456,PAR-022,CIC-2026-PV,2026-03-08,Chile,Inicial,5.97,0.58,3.463,37.19,41.32,0.9,413.2,11197.7,10.0,0.0,Goteo,18812.14,7947.88,3455.6,MILPIN,False,
f4b6b368-dd00-4022-af7f-17fb84347171,PAR-022,CIC-2026-PV,2026-03-25,Chile,Inicial,5.73,0.61,3.495,39.97,44.41,0.9,444.1,12035.1,0.0,19.44,Goteo,20218.97,8542.2,3714.0,MILPIN,True,Deficit leve
32738d04-4aab-4bb0-9f60-593e82a88705,PAR-022,CIC-2026-PV,2026-03-27,Chile,Desarrollo,6.24,0.653,4.075,45.05,50.06,0.9,500.6,13566.3,10.0,0.0,Goteo,22791.38,9629.18,4186.6,MILPIN,True,
582a562e-59e6-429e-9301-acad5de3c8cd,PAR-022,CIC-2026-PV,2026-04-03,Chile,Desarrollo,7.44,0.673,5.007,46.43,51.59,0.9,515.9,13980.9,10.0,0.0,Goteo,23487.91,9923.35,4314.5,MILPIN,True,
f8249cd2-fdf2-4835-ad82-1028ea2a8b74,PAR-022,CIC-2026-PV,2026-04-15,Chile,Desarrollo,7.75,0.877,6.797,64.81,72.01,0.9,720.1,19514.7,0.0,16.75,Goteo,32784.7,13851.06,6022.2,MILPIN,True,
4dd5674d-6be5-422a-a3f5-a2b651458967,PAR-022,CIC-2026-PV,2026-04-24,Chile,Desarrollo,7.29,1.013,7.385,73.42,81.58,0.9,815.8,22108.2,10.0,0.0,Goteo,37141.78,15691.98,6822.6,FAO-56 automatizado,False,Deficit leve
a00c0f69-591e-4750-b60f-72a0703d3364,PAR-022,CIC-2026-PV,2026-05-15,Chile,Media,8.39,1.03,8.642,63.18,70.2,0.9,702.0,19024.2,0.0,118.3,Goteo,31960.66,13503.07,5870.9,Manual,True,
ac568071-bc4e-4ae5-b815-f06ab19d6865,PAR-022,CIC-2026-PV,2026-05-19,Chile,Media,8.57,1.05,8.998,70.99,78.88,0.9,788.8,21376.5,10.0,0.0,Goteo,35912.52,15172.64,6596.8,MILPIN,True,
f403dc43-4515-4661-84a5-6c307643b190,PAR-022,CIC-2026-PV,2026-06-11,Chile,Final,9.13,1.008,9.203,64.64,71.82,0.9,718.2,19463.2,0.0,147.03,Goteo,32698.18,13814.49,6006.3,FAO-56 automatizado,True,
a954d111-c062-44d4-a471-735b14b00b79,PAR-022,CIC-2026-PV,2026-06-17,Chile,Final,8.9,1.032,9.185,68.34,75.93,0.9,759.3,20577.0,10.0,0.0,Goteo,34569.36,14605.23,6350.1,MILPIN,False,
a82b4dab-3975-4cb5-aad4-47bafe988016,PAR-022,CIC-2026-PV,2026-06-19,Chile,Final,9.07,0.97,8.798,66.93,74.37,0.9,743.7,20154.3,10.0,0.0,Goteo,33859.22,14305.08,6219.6,MILPIN,True,Deficit leve
888b72c2-ac6f-47aa-a6e5-68b403ecd546,PAR-023,CIC-2026-PV,2026-03-11,Maiz,Inicial,6.08,0.28,1.702,11.22,14.02,0.8,140.2,2677.8,0.0,5.8,Aspersion,4498.7,1900.72,826.4,MILPIN,True,
e5dc239e-349c-441e-993a-63128aa79089,PAR-023,CIC-2026-PV,2026-03-22,Maiz,Desarrollo,5.97,0.356,2.125,13.4,16.75,0.8,167.5,3199.3,0.0,9.98,Aspersion,5374.82,2270.79,987.3,FAO-56 automatizado,True,
f0c93d26-d337-46fb-b142-d46ac81931b4,PAR-023,CIC-2026-PV,2026-03-28,Maiz,Desarrollo,5.81,0.46,2.673,17.33,21.66,0.8,216.6,4137.1,8.0,0.0,Aspersion,6950.33,2936.41,1276.7,Manual,True,
955f30b0-3dee-4a49-a172-4d0694ece0c2,PAR-023,CIC-2026-PV,2026-05-03,Maiz,Media,8.58,1.17,10.039,47.33,59.16,0.8,591.6,11299.6,0.0,314.07,Aspersion,18983.33,8020.33,3487.1,MILPIN,True,
37a1c37c-91d4-4cee-b3e3-80d20dcfe80b,PAR-023,CIC-2026-PV,2026-05-10,Maiz,Media,8.81,1.18,10.396,51.01,63.76,0.8,637.6,12178.2,0.0,21.76,Aspersion,20459.38,8643.86,3758.2,MILPIN,True,
e2b6222b-5184-456f-b29e-1f1478674817,PAR-023,CIC-2026-PV,2026-06-02,Maiz,Media,9.07,1.21,10.975,43.18,53.98,0.8,539.8,10310.2,0.0,209.24,Aspersion,17321.14,7317.91,3181.7,MILPIN,True,
0c0eb837-12be-45bd-88a3-ccce4a679c6c,PAR-023,CIC-2026-PV,2026-06-03,Maiz,Media,9.02,1.2,10.824,50.92,63.65,0.8,636.5,12157.2,10.0,0.0,Aspersion,20424.1,8628.91,3751.7,Manual,True,
136abde7-728c-4600-8917-019dcea4873c,PAR-023,CIC-2026-PV,2026-06-06,Maiz,Final,8.78,1.16,10.185,46.46,58.08,0.8,580.8,11093.3,10.0,0.0,Aspersion,18636.74,7873.82,3423.4,MILPIN,True,
acbe690f-1f2c-466a-89c2-c810344bb4d3,PAR-023,CIC-2026-PV,2026-06-11,Maiz,Final,8.88,1.04,9.235,37.94,47.43,0.8,474.3,9059.1,0.0,8.23,Aspersion,15219.29,6429.88,2795.6,MILPIN,True,
3f45a019-379d-4cac-90df-5c4430bfe55d,PAR-023,CIC-2026-PV,2026-06-13,Maiz,Final,9.0,0.98,8.82,42.36,52.95,0.8,529.5,10113.5,10.0,0.0,Aspersion,16990.68,7178.3,3121.0,FAO-56 automatizado,True,
8051d502-a1e7-4f3d-ab06-af455754f5b6,PAR-023,CIC-2026-PV,2026-06-22,Maiz,Final,8.98,0.83,7.453,35.55,44.44,0.8,444.4,8488.0,0.0,31.53,Aspersion,14259.84,6024.62,2619.4,MILPIN,False,
b9209828-89d0-4418-b1ba-2872e1eace57,PAR-023,CIC-2026-PV,2026-06-25,Maiz,Final,9.05,0.74,6.697,27.88,34.85,0.8,348.5,6656.4,10.0,0.0,Aspersion,11182.75,4724.66,2054.2,MILPIN,True,
474f7fbd-1cdf-436d-8399-f87988d25b7c,PAR-023,CIC-2026-PV,2026-06-28,Maiz,Final,8.73,0.7,6.111,26.1,32.62,0.8,326.2,6230.4,10.0,0.0,Aspersion,10467.07,4422.21,1922.7,Manual,True,
fc5e81bc-9253-4339-9561-b63acdd213f1,PAR-023,CIC-2026-PV,2026-06-29,Maiz,Final,9.34,0.72,6.725,25.98,32.48,0.8,324.8,6203.7,10.0,0.0,Aspersion,10422.22,4403.35,1914.5,MILPIN,True,
e0c77270-b174-4044-8b37-c927bf5074f1,PAR-023,CIC-2026-PV,2026-07-09,Maiz,Final,8.12,0.57,4.628,21.93,27.41,0.8,274.1,5235.3,0.0,24.35,Aspersion,8795.3,3715.88,1615.6,Manual,True,Deficit leve
53a78ff5-c50e-42d8-9c75-cb6ac6930cfd,PAR-024,CIC-2026-PV,2026-03-27,Frijol,Desarrollo,5.96,0.52,3.099,17.48,26.9,0.65,269.0,10840.7,0.0,63.09,Gravedad,18212.38,7694.42,3345.4,MILPIN,True,
5c168ef4-8c95-4b36-88a7-cb72411ecd7e,PAR-024,CIC-2026-PV,2026-04-07,Frijol,Desarrollo,7.43,0.785,5.833,23.55,36.23,0.65,362.3,14600.7,0.0,40.61,Gravedad,24529.18,10363.34,4505.8,MILPIN,False,
012492e5-3474-40a6-a55b-23fbb448d2bf,PAR-024,CIC-2026-PV,2026-04-20,Frijol,Desarrollo,7.49,1.12,8.389,36.56,56.24,0.65,562.4,22664.7,0.0,72.5,Gravedad,38076.7,16086.89,6994.3,FAO-56 automatizado,True,
db108b03-7a6f-4d64-9a43-c7ec6b8b0b29,PAR-024,CIC-2026-PV,2026-04-26,Frijol,Media,7.47,1.19,8.889,38.45,59.15,0.65,591.5,23837.4,0.0,14.88,Gravedad,40046.83,16919.26,7356.2,MILPIN,True,
f9e8b2c3-3efc-4835-a222-bf62ba407d0d,PAR-024,CIC-2026-PV,2026-04-27,Frijol,Media,7.78,1.18,9.18,42.79,65.83,0.65,658.3,26529.5,10.0,0.0,Gravedad,44569.56,18830.1,8187.0,MILPIN,True,
951568cd-96da-4156-9d3e-a8f9930a2189,PAR-024,CIC-2026-PV,2026-05-08,Frijol,Media,8.48,1.12,9.498,35.82,55.1,0.65,551.0,22205.3,0.0,68.66,Gravedad,37304.9,15760.98,6852.6,FAO-56 automatizado,True,
6009abac-d8b6-4275-94b7-82d2488a6bc5,PAR-024,CIC-2026-PV,2026-05-09,Frijol,Media,8.4,1.18,9.912,38.9,59.85,0.65,598.5,24119.5,10.0,0.0,Gravedad,40520.76,17119.59,7443.3,FAO-56 automatizado,True,
075f682d-3078-430a-9e1c-1e286305f34f,PAR-024,CIC-2026-PV,2026-05-11,Frijol,Media,8.2,1.14,9.348,36.08,55.51,0.65,555.1,22370.5,10.0,0.0,Gravedad,37582.44,15878.05,6903.5,MILPIN,False,
d9164d58-b10b-4806-818a-076c257c82f1,PAR-024,CIC-2026-PV,2026-05-12,Frijol,Media,8.16,1.13,9.221,33.53,51.58,0.65,515.8,20786.7,10.0,0.0,Gravedad,34921.66,14754.04,6414.8,Manual,True,
910c105d-1a25-4bec-9410-7c704db8a376,PAR-024,CIC-2026-PV,2026-05-18,Frijol,Media,8.51,1.11,9.446,37.69,57.99,0.65,579.9,23370.0,0.0,18.99,Gravedad,39261.6,16587.6,7212.0,MILPIN,True,
420b9953-78f2-441c-a4f7-afa222318f75,PAR-024,CIC-2026-PV,2026-05-22,Frijol,Final,8.38,1.07,8.967,36.34,55.9,0.65,559.0,22527.7,1.3,0.0,Gravedad,37846.54,15989.6,6952.0,MILPIN,True,
529d3d24-9e55-45db-8603-810342c95834,PAR-024,CIC-2026-PV,2026-06-05,Frijol,Final,8.91,0.53,4.722,18.69,28.76,0.65,287.6,11590.3,0.0,47.42,Gravedad,19471.7,8226.64,3576.8,Manual,True,
268d6853-bdca-4f9f-ac41-5e41bb1c85d8,PAR-024,CIC-2026-PV,2026-06-09,Frijol,Final,9.18,0.33,3.029,10.66,16.4,0.65,164.0,6609.2,0.0,1.46,Gravedad,11103.46,4691.08,2039.6,Manual,True,Deficit leve
b12e9b6b-e2da-4792-8f17-a1eaac458ce9,PAR-024,CIC-2026-PV,2026-06-10,Frijol,Final,9.16,0.37,3.389,12.44,19.14,0.65,191.4,7713.4,10.0,0.0,Gravedad,12958.51,5474.92,2380.4,MILPIN,False,
00e4cc7e-663b-42c6-bb76-5f95ff4e0c02,PAR-024,CIC-2026-PV,2026-06-14,Frijol,Final,9.3,0.37,3.441,11.83,18.2,0.65,182.0,7334.6,0.0,1.93,Gravedad,12322.13,5206.05,2263.5,FAO-56 automatizado,True,
cd466426-ae28-40be-b665-159c7ccf9d85,PAR-025,CIC-2026-PV,2026-03-09,Algodon,Inicial,6.25,0.39,2.438,16.76,25.78,0.65,257.8,2938.9,0.0,2.74,Gravedad,4937.35,2085.87,906.9,FAO-56 automatizado,False,
fe45df26-82c7-4bc6-befc-725056786749,PAR-025,CIC-2026-PV,2026-03-16,Algodon,Inicial,5.98,0.33,1.973,16.89,25.99,0.65,259.9,2962.9,10.0,0.0,Gravedad,4977.67,2103.12,914.4,FAO-56 automatizado,True,
15930fb2-2e23-43d3-bca3-e66d2fa2576d,PAR-025,CIC-2026-PV,2026-03-17,Algodon,Inicial,5.97,0.36,2.149,18.1,27.85,0.65,278.5,3174.9,10.0,0.0,Gravedad,5333.83,2253.54,979.8,Manual,True,
42838abc-de69-44ec-8aa7-29acfd6ea981,PAR-025,CIC-2026-PV,2026-03-29,Algodon,Inicial,6.25,0.34,2.125,17.25,26.54,0.65,265.4,3025.6,0.0,8.25,Gravedad,5083.01,2147.51,933.7,MILPIN,True,Deficit leve
4d6d4e94-b8a6-4d4e-abda-6d4ece972453,PAR-025,CIC-2026-PV,2026-04-25,Algodon,Desarrollo,7.77,0.805,6.255,39.74,61.14,0.65,611.4,6970.0,0.0,129.14,Gravedad,11709.6,4947.07,2150.9,MILPIN,True,
1949b9a1-33cf-4547-b359-7fac4b55d5cc,PAR-025,CIC-2026-PV,2026-05-01,Algodon,Desarrollo,8.52,0.847,7.216,40.27,61.95,0.65,619.5,7062.3,0.0,3.03,Gravedad,11864.66,5012.62,2179.4,Manual,True,
bf884ca9-b5a0-48bc-bff6-47ed774985d1,PAR-025,CIC-2026-PV,2026-05-15,Algodon,Desarrollo,8.71,1.115,9.712,54.54,83.9,0.65,839.0,9564.6,0.0,81.43,Gravedad,16068.53,6788.68,2951.6,MILPIN,True,
14b36c21-9557-45f0-b758-ac789d7faa5d,PAR-025,CIC-2026-PV,2026-05-22,Algodon,Media,8.45,1.18,9.971,51.25,78.84,0.65,788.4,8987.8,0.0,18.55,Gravedad,15099.5,6379.28,2773.6,Manual,True,
c5d71a6b-0ee9-4301-ae0b-62866e78676e,PAR-025,CIC-2026-PV,2026-06-12,Algodon,Media,9.34,1.23,11.488,50.04,76.99,0.65,769.9,8776.9,0.0,191.21,Gravedad,14745.19,6229.78,2708.6,Manual,True,
8d0084d6-0968-4ff7-b957-bccce6fe65a7,PAR-025,CIC-2026-PV,2026-06-14,Algodon,Media,8.72,1.16,10.115,48.78,75.05,0.65,750.5,8555.7,10.0,0.0,Gravedad,14373.58,6072.69,2640.3,MILPIN,False,
eda43d44-761b-4644-b65e-15f6a68aa11a,PAR-025,CIC-2026-PV,2026-08-10,Algodon,Final,7.77,0.87,6.76,37.38,57.51,0.65,575.1,6556.1,0.0,347.94,Gravedad,11014.25,4653.36,2023.2,MILPIN,False,
95e2d1b3-c62f-4808-9784-a98b591b6d88,PAR-026,CIC-2026-PV,2026-03-16,Frijol,Inicial,5.99,0.44,2.636,19.82,30.5,0.65,305.0,4239.5,0.0,19.72,Gravedad,7122.36,3009.09,1308.3,FAO-56 automatizado,True,
e8ee2e3a-5e8f-4a1f-a3e5-69ca6ed6923b,PAR-026,CIC-2026-PV,2026-03-26,Frijol,Desarrollo,5.95,0.535,3.183,20.23,31.12,0.65,311.2,4325.7,0.0,11.6,Gravedad,7267.18,3070.27,1334.9,MILPIN,True,
a4179b44-8bcc-4cb4-aec8-e695fdc474b6,PAR-026,CIC-2026-PV,2026-04-06,Frijol,Desarrollo,7.39,0.82,6.06,33.64,51.76,0.65,517.6,7194.6,0.0,33.02,Gravedad,12086.93,5106.69,2220.3,Manual,True,
2972c53c-5ce2-46d6-955f-aaa0803fbfac,PAR-026,CIC-2026-PV,2026-04-13,Frijol,Desarrollo,7.22,1.005,7.256,36.38,55.97,0.65,559.7,7779.8,0.0,14.41,Gravedad,13070.06,5521.84,2400.8,MILPIN,True,
13f3d4ad-61a5-4637-8742-a323e6add60b,PAR-026,CIC-2026-PV,2026-04-17,Frijol,Desarrollo,7.49,1.035,7.752,37.47,57.64,0.65,576.4,8012.0,10.0,0.0,Gravedad,13460.16,5686.75,2472.5,MILPIN,False,
30483c73-96f5-411f-bbd6-bb05c9e9f59d,PAR-026,CIC-2026-PV,2026-04-26,Frijol,Media,7.48,1.14,8.527,40.81,62.79,0.65,627.9,8727.8,0.0,35.93,Gravedad,14662.7,6194.82,2693.4,MILPIN,False,
06b75202-c649-49f3-8023-90e9f682bf27,PAR-026,CIC-2026-PV,2026-04-27,Frijol,Media,7.63,1.14,8.698,50.44,77.6,0.65,776.0,10786.4,10.0,0.0,Gravedad,18121.15,7656.01,3328.7,MILPIN,True,
953f159f-d8cf-45dd-b7a4-6fc6692fac85,PAR-026,CIC-2026-PV,2026-04-28,Frijol,Media,7.18,1.14,8.185,49.98,76.89,0.65,768.9,10687.7,10.0,0.0,Gravedad,17955.34,7585.86,3298.2,MILPIN,True,Deficit leve
9125e450-9d3c-46fa-a901-df920208f700,PAR-026,CIC-2026-PV,2026-05-06,Frijol,Media,8.21,1.19,9.77,42.6,65.54,0.65,655.4,9110.1,0.0,35.56,Gravedad,15304.97,6466.22,2811.4,MILPIN,False,
71331d6f-c412-4d0a-9cee-19a88eb16884,PAR-026,CIC-2026-PV,2026-05-17,Frijol,Media,8.7,1.14,9.918,50.44,77.6,0.65,776.0,10786.4,0.0,58.66,Gravedad,18121.15,7656.01,3328.7,FAO-56 automatizado,True,Deficit leve
14884ca8-2d69-4dc8-8ec9-a90c0a734b1f,PAR-026,CIC-2026-PV,2026-05-24,Frijol,Final,8.35,0.98,8.183,42.58,65.5,0.65,655.0,9104.5,0.0,14.7,Gravedad,15295.56,6462.08,2809.6,MILPIN,False,
18abd35c-0c7e-439f-a125-fa99a849fa6f,PAR-026,CIC-2026-PV,2026-06-09,Frijol,Final,8.75,0.33,2.888,13.14,20.22,0.65,202.2,2810.6,0.0,33.07,Gravedad,4721.81,1995.02,867.4,MILPIN,True,
cf6a71d6-9f6b-48bc-b36c-7335c10ad378,PAR-027,CIC-2026-PV,2026-03-14,Maiz,Inicial,5.74,0.29,1.665,14.46,16.07,0.9,160.7,1542.7,0.0,7.18,Goteo,2591.74,1095.03,476.1,MILPIN,True,
9add2e78-3cb8-4030-b334-5fc73340cf49,PAR-027,CIC-2026-PV,2026-04-16,Maiz,Desarrollo,7.37,0.999,7.363,44.57,49.52,0.9,495.2,4753.9,0.0,198.41,Goteo,7986.55,3374.33,1467.1,FAO-56 automatizado,True,
77bf11f9-1b52-4c66-83f9-b7c67585bd99,PAR-027,CIC-2026-PV,2026-05-02,Maiz,Media,8.8,1.22,10.736,60.25,66.94,0.9,669.4,6426.2,0.0,111.53,Goteo,10796.02,4561.13,1983.1,Manual,True,
78971a41-e0ce-4bc0-87cf-7fd202fbf558,PAR-027,CIC-2026-PV,2026-05-17,Maiz,Media,8.81,1.23,10.836,54.32,60.35,0.9,603.5,5793.6,0.0,108.22,Goteo,9733.25,4112.17,1787.9,FAO-56 automatizado,True,
1da83647-a852-48ab-8860-355716275d6a,PAR-027,CIC-2026-PV,2026-05-20,Maiz,Media,8.26,1.21,9.995,53.43,59.37,0.9,593.7,5699.5,10.0,0.0,Goteo,9575.16,4045.47,1758.9,MILPIN,True,
292dbc9f-137e-4c32-8575-e076fd2eb5ab,PAR-027,CIC-2026-PV,2026-05-23,Maiz,Media,8.42,1.18,9.936,60.52,67.24,0.9,672.4,6455.0,10.0,0.0,Goteo,10844.4,4581.6,1992.0,FAO-56 automatizado,True,
419a4e51-8312-4c16-ac99-e51d83b5d6c4,PAR-027,CIC-2026-PV,2026-05-31,Maiz,Media,8.7,1.2,10.44,62.11,69.01,0.9,690.1,6625.0,0.0,21.41,Goteo,11130.0,4702.35,2044.5,FAO-56 automatizado,True,
3cf7b073-a881-418c-8514-32631a84d572,PAR-027,CIC-2026-PV,2026-06-05,Maiz,Final,9.17,1.2,11.004,59.83,66.48,0.9,664.8,6382.1,8.8,0.0,Goteo,10721.93,4529.85,1969.5,MILPIN,False,Deficit leve
8b2270b5-2ae0-4a8a-b5a6-b0f4084f4184,PAR-027,CIC-2026-PV,2026-06-14,Maiz,Final,9.26,0.96,8.89,41.94,46.6,0.9,466.0,4473.6,0.0,38.07,Goteo,7515.65,3175.38,1380.6,MILPIN,False,
564a2ec0-b65d-4f93-a999-f69f07169f06,PAR-027,CIC-2026-PV,2026-06-16,Maiz,Final,8.72,0.92,8.022,47.62,52.91,0.9,529.1,5079.4,10.0,0.0,Goteo,8533.39,3605.25,1567.5,MILPIN,True,
2fd989f4-4b36-4c06-9a3a-87ec48725631,PAR-027,CIC-2026-PV,2026-06-29,Maiz,Final,8.82,0.73,6.439,35.35,39.28,0.9,392.8,3770.9,0.0,48.36,Goteo,6335.11,2676.51,1163.7,MILPIN,False,
fcaed6f4-85bf-4f18-97e2-d9245b98df75,PAR-027,CIC-2026-PV,2026-07-05,Maiz,Final,7.78,0.57,4.435,24.08,26.76,0.9,267.6,2569.0,0.0,2.53,Goteo,4315.92,1823.44,792.8,MILPIN,True,
88f7e298-4c86-4dba-b185-a0d378c67e93,PAR-027,CIC-2026-PV,2026-07-14,Maiz,Final,7.89,0.64,5.05,31.3,34.78,0.9,347.8,3338.9,0.0,14.15,Goteo,5609.35,2369.92,1030.4,MILPIN,True,
6594cbb7-4b25-4647-a610-9f0cb36df6ef,PAR-028,CIC-2026-PV,2026-04-12,Uva,Desarrollo,7.19,0.633,4.551,36.18,45.22,0.8,452.2,13204.2,0.0,154.96,Aspersion,22183.06,9372.04,4074.8,FAO-56 automatizado,False,Deficit leve
3e753a97-2b93-4917-8ccb-b8379a4c0a40,PAR-028,CIC-2026-PV,2026-04-26,Uva,Desarrollo,7.55,0.775,5.851,45.15,56.44,0.8,564.4,16480.5,0.0,36.76,Aspersion,27687.24,11697.57,5085.9,Manual,True,
5aeaa0bf-e289-47dc-802a-d6716baa3411,PAR-028,CIC-2026-PV,2026-04-29,Uva,Desarrollo,7.36,0.856,6.3,47.16,58.95,0.8,589.5,17213.4,10.0,0.0,Aspersion,28918.51,12217.83,5312.1,MILPIN,False,
2663d556-7f1a-43b2-94e2-71278c1f07b5,PAR-028,CIC-2026-PV,2026-05-15,Uva,Media,8.78,0.87,7.639,43.31,54.14,0.8,541.4,15808.9,0.0,78.91,Aspersion,26558.95,11220.78,4878.6,MILPIN,True,
59e99aa8-04ea-4657-af39-d163e941394a,PAR-028,CIC-2026-PV,2026-05-30,Uva,Media,8.18,0.81,6.626,47.62,59.52,0.8,595.2,17379.8,0.0,51.77,Aspersion,29198.06,12335.82,5363.4,FAO-56 automatizado,True,
ddd133ba-decd-47ac-8113-1c4966ae3436,PAR-028,CIC-2026-PV,2026-06-14,Uva,Media,8.95,0.89,7.965,52.32,65.4,0.8,654.0,19096.8,0.0,67.15,Aspersion,32082.62,13554.59,5893.3,MILPIN,True,Deficit leve
2ff3e34a-fe8a-4747-a518-d89139509322,PAR-028,CIC-2026-PV,2026-07-13,Uva,Media,8.31,0.86,7.147,40.08,50.1,0.8,501.0,14629.2,0.0,167.18,Aspersion,24577.06,10383.58,4514.6,MILPIN,True,
a7202797-eabd-46b7-baf4-6c93bab12af0,PAR-028,CIC-2026-PV,2026-07-19,Uva,Media,7.69,0.83,6.383,49.23,61.54,0.8,615.4,17969.7,10.0,0.0,Aspersion,30189.1,12754.42,5545.4,MILPIN,True,Deficit leve
2fcc22c2-8a4c-4639-882b-f67e4af1dc9d,PAR-028,CIC-2026-PV,2026-08-04,Uva,Media,7.35,0.89,6.542,42.9,53.62,0.8,536.2,15657.0,0.0,61.77,Aspersion,26303.76,11113.14,4831.8,MILPIN,False,
5e32b07e-463a-4503-be3d-eed28ff059a1,PAR-028,CIC-2026-PV,2026-08-09,Uva,Media,7.54,0.85,6.409,43.22,54.02,0.8,540.2,15773.8,10.0,0.0,Aspersion,26499.98,11195.94,4867.8,Manual,True,
cc3fd05e-708b-484e-8451-3139047243ed,PAR-028,CIC-2026-PV,2026-08-21,Uva,Media,7.63,0.83,6.333,39.56,49.45,0.8,494.5,14439.4,0.0,36.44,Aspersion,24258.19,10248.8,4456.0,MILPIN,False,
887a1c44-e52c-4684-a4b7-bb2d10cc4767,PAR-028,CIC-2026-PV,2026-08-27,Uva,Media,7.22,0.81,5.848,47.18,58.98,0.8,589.8,17222.2,10.0,0.0,Aspersion,28933.3,12224.04,5314.8,MILPIN,True,
4616a30a-37d0-4bc6-b4b8-175e5d6c491c,PAR-028,CIC-2026-PV,2026-09-10,Uva,Final,6.62,0.711,4.707,36.92,46.15,0.8,461.5,13475.8,0.0,28.98,Aspersion,22639.34,9564.78,4158.6,FAO-56 automatizado,True,
d29fafdc-6564-450f-a1b8-5157a9faa502,PAR-028,CIC-2026-PV,2026-09-12,Uva,Final,6.4,0.719,4.602,40.34,50.42,0.8,504.2,14722.6,10.0,0.0,Aspersion,24733.97,10449.82,4543.4,MILPIN,True,Deficit leve
5a469f47-237e-439c-9c6d-0fba84834e4a,PAR-029,CIC-2026-PV,2026-03-06,Algodon,Inicial,5.69,0.35,1.992,16.18,17.98,0.9,179.8,4009.5,10.0,0.0,Goteo,6735.96,2845.79,1237.3,MILPIN,True,
6644ff4f-d3b2-4e28-8f04-6d9367c2507f,PAR-029,CIC-2026-PV,2026-03-22,Algodon,Inicial,6.02,0.35,2.107,17.6,19.56,0.9,195.6,4361.9,0.0,16.11,Goteo,7327.99,3096.03,1346.1,MILPIN,True,
fb3d59fc-ec0b-4b88-a235-b8da48fcd4dc,PAR-029,CIC-2026-PV,2026-03-23,Algodon,Inicial,6.2,0.36,2.232,17.92,19.91,0.9,199.1,4439.9,10.0,0.0,Goteo,7459.03,3151.46,1370.2,Manual,True,
f4a2bb42-27cc-4cdb-b312-976da03052b7,PAR-029,CIC-2026-PV,2026-03-25,Algodon,Inicial,5.8,0.37,2.146,17.48,19.42,0.9,194.2,4330.7,10.0,0.0,Goteo,7275.58,3073.95,1336.5,FAO-56 automatizado,True,
53897357-3a62-4f45-88de-095f09664253,PAR-029,CIC-2026-PV,2026-04-04,Algodon,Desarrollo,7.64,0.408,3.117,23.0,25.56,0.9,255.6,5699.9,0.0,8.17,Goteo,9575.83,4045.7,1759.0,MILPIN,False,
8d9b98bb-cfab-41e9-926b-8bde8ce13934,PAR-029,CIC-2026-PV,2026-04-06,Algodon,Desarrollo,7.54,0.422,3.182,21.22,23.58,0.9,235.8,5258.3,10.0,0.0,Goteo,8833.94,3732.21,1622.7,MILPIN,True,
0e48d2c0-5b3d-477e-819c-1e3565e8c838,PAR-029,CIC-2026-PV,2026-04-14,Algodon,Desarrollo,7.78,0.558,4.341,25.23,28.03,0.9,280.3,6250.7,0.0,9.5,Goteo,10501.18,4436.7,1929.0,MILPIN,True,
7a5c4883-6b90-4dcd-b033-1df0cf548dfb,PAR-029,CIC-2026-PV,2026-04-20,Algodon,Desarrollo,7.16,0.71,5.084,37.51,41.68,0.9,416.8,9294.6,10.0,0.0,Goteo,15614.93,6597.09,2868.3,MILPIN,True,
4099684c-73a5-4277-a40c-4636910f3da9,PAR-029,CIC-2026-PV,2026-05-06,Algodon,Desarrollo,8.67,0.962,8.341,43.0,47.78,0.9,477.8,10654.9,0.0,90.46,Goteo,17900.23,7562.63,3288.1,MILPIN,False,
8fa0e816-116f-4905-8d20-f371cb277c05,PAR-029,CIC-2026-PV,2026-05-14,Algodon,Desarrollo,8.24,1.078,8.883,49.28,54.76,0.9,547.6,12211.5,0.0,21.78,Goteo,20515.32,8667.55,3768.5,Manual,True,
94546242-3588-4f0c-98f6-cdec4f4976ab,PAR-029,CIC-2026-PV,2026-05-31,Algodon,Media,8.57,1.16,9.941,58.34,64.82,0.9,648.2,14454.9,0.0,110.66,Goteo,24284.23,10259.84,4460.8,Manual,False,
e58f6b1f-1bad-437b-8064-c80d59265f88,PAR-029,CIC-2026-PV,2026-06-29,Algodon,Media,9.18,1.23,11.291,56.86,63.18,0.9,631.8,14089.1,0.0,270.58,Goteo,23669.69,10000.17,4347.9,MILPIN,False,
2c9a5e15-d2a8-4394-85e9-b163a223ed6f,PAR-029,CIC-2026-PV,2026-07-03,Algodon,Media,7.87,1.22,9.601,58.88,65.42,0.9,654.2,14588.7,10.0,0.0,Goteo,24509.02,10354.83,4502.1,FAO-56 automatizado,True,
c895bf56-eae4-464e-9e50-7af18cf25b01,PAR-029,CIC-2026-PV,2026-07-12,Algodon,Media,7.69,1.22,9.382,58.88,65.42,0.9,654.2,14588.7,0.0,25.56,Goteo,24509.02,10354.83,4502.1,MILPIN,True,
bf3f87bd-984a-4329-8fe3-226c01ca2592,PAR-029,CIC-2026-PV,2026-07-20,Algodon,Final,8.35,1.103,9.21,53.24,59.16,0.9,591.6,13192.7,0.0,20.44,Goteo,22163.74,9363.99,4071.3,FAO-56 automatizado,False,Deficit leve
f90135a7-b615-422b-a736-acda5f452283,PAR-030,CIC-2026-PV,2026-03-11,Uva,Inicial,6.04,0.31,1.872,22.21,24.68,0.9,246.8,8119.7,10.0,0.0,Goteo,13641.1,5763.11,2505.7,MILPIN,False,Deficit leve
4862aa05-a20b-4281-9eaf-87e77a6deee6,PAR-030,CIC-2026-PV,2026-03-12,Uva,Inicial,6.3,0.33,2.079,25.52,28.36,0.9,283.6,9330.4,10.0,0.0,Goteo,15675.07,6622.62,2879.4,Manual,True,Deficit leve
564af69d-3f17-409b-852e-ea727eb3ffbe,PAR-030,CIC-2026-PV,2026-03-29,Uva,Desarrollo,6.11,0.4,2.444,25.54,28.38,0.9,283.8,9337.0,0.0,16.01,Goteo,15686.16,6627.22,2881.4,FAO-56 automatizado,True,
1c89938b-b4f6-420f-9d0e-3fb8553ff6fa,PAR-030,CIC-2026-PV,2026-04-10,Uva,Desarrollo,7.37,0.545,4.017,42.15,46.83,0.9,468.3,15407.1,0.0,6.05,Goteo,25883.93,10935.58,4754.6,MILPIN,True,
3d3f94d7-dc49-45f0-854c-ac547702229b,PAR-030,CIC-2026-PV,2026-04-22,Uva,Desarrollo,7.67,0.72,5.522,46.48,51.65,0.9,516.5,16992.8,0.0,19.78,Goteo,28547.9,12061.2,5244.0,MILPIN,False,Deficit leve
81749cd7-586a-40bd-bdc3-d7d621392296,PAR-030,CIC-2026-PV,2026-05-17,Uva,Media,8.15,0.84,6.846,64.96,72.18,0.9,721.8,23747.2,0.0,106.19,Goteo,39895.3,16855.32,7328.4,MILPIN,True,
2598b636-b90a-4b3f-aaf2-05ba76c4872e,PAR-030,CIC-2026-PV,2026-05-21,Uva,Media,8.43,0.88,7.418,56.82,63.13,0.9,631.3,20769.8,10.0,0.0,Goteo,34893.26,14742.08,6409.6,MILPIN,True,Deficit leve
f48c3477-ecf6-4c9c-8dc9-ada3c31039c5,PAR-030,CIC-2026-PV,2026-05-23,Uva,Media,8.78,0.82,7.2,54.69,60.77,0.9,607.7,19993.3,10.0,0.0,Goteo,33588.74,14190.77,6169.9,MILPIN,True,
1d016b3b-399f-4a53-8380-4fd321dadefd,PAR-030,CIC-2026-PV,2026-05-28,Uva,Media,8.79,0.83,7.296,61.84,68.71,0.9,687.1,22605.6,10.0,0.0,Goteo,37977.41,16045.03,6976.1,MILPIN,True,
4acbc6b3-2a28-4a51-ae04-98dc9ae9ea7d,PAR-030,CIC-2026-PV,2026-06-18,Uva,Media,8.98,0.87,7.813,64.82,72.02,0.9,720.2,23694.6,0.0,99.25,Goteo,39806.93,16818.06,7312.2,MILPIN,True,
f3df77ab-afff-4b2d-90f3-26f921db378b,PAR-030,CIC-2026-PV,2026-07-18,Uva,Media,8.01,0.83,6.648,65.96,73.29,0.9,732.9,24112.4,0.0,133.48,Goteo,40508.83,17114.53,7441.1,MILPIN,True,
21809470-04ea-42a5-b90b-5590f1223b8f,PAR-030,CIC-2026-PV,2026-09-04,Uva,Final,6.55,0.75,4.912,56.4,62.67,0.9,626.7,20618.4,0.0,179.38,Goteo,34638.91,14634.44,6362.8,MILPIN,True,
b9129852-712c-4965-a262-34a13f68af54,PAR-030,CIC-2026-PV,2026-09-11,Uva,Final,6.19,0.72,4.457,47.51,52.79,0.9,527.9,17367.9,10.0,0.0,Goteo,29178.07,12327.31,5359.7,FAO-56 automatizado,True,Deficit leve
9f30672a-5863-493c-ad3b-750c67ab3d52,PAR-031,CIC-2026-PV,2026-04-06,Uva,Desarrollo,7.32,0.5,3.66,32.83,40.04,0.82,400.4,10770.8,0.0,98.93,Microaspersion,18094.94,7644.97,3323.9,MILPIN,False,
72092619-c0e7-4706-9fec-f054bb29cd9c,PAR-031,CIC-2026-PV,2026-05-08,Uva,Media,8.18,0.86,7.035,48.4,59.03,0.82,590.3,15879.1,0.0,176.72,Microaspersion,26676.89,11270.69,4900.3,FAO-56 automatizado,True,
51109400-aab4-464c-957f-471f1d1c06bf,PAR-031,CIC-2026-PV,2026-05-13,Uva,Media,8.34,0.81,6.755,46.09,56.21,0.82,562.1,15120.5,10.0,0.0,Microaspersion,25402.44,10732.26,4666.2,MILPIN,True,
0abc4f3a-983e-425b-9961-e86ec3ef136b,PAR-031,CIC-2026-PV,2026-05-18,Uva,Media,8.23,0.82,6.749,53.84,65.66,0.82,656.6,17662.5,10.0,0.0,Microaspersion,29673.0,12536.38,5450.6,FAO-56 automatizado,True,
610d67be-536f-4a4b-946f-2eff02804f9a,PAR-031,CIC-2026-PV,2026-06-17,Uva,Media,8.96,0.86,7.706,49.48,60.34,0.82,603.4,16231.5,0.0,181.7,Microaspersion,27268.92,11520.7,5009.0,MILPIN,False,
0062ac16-268e-4219-a0d3-18b214b4b0b6,PAR-031,CIC-2026-PV,2026-06-19,Uva,Media,9.33,0.87,8.117,52.78,64.36,0.82,643.6,17312.8,10.0,0.0,Microaspersion,29085.5,12288.21,5342.7,Manual,True,
9632ed70-1591-4a79-9479-105ad9760067,PAR-031,CIC-2026-PV,2026-06-21,Uva,Media,9.11,0.87,7.926,59.3,72.32,0.82,723.2,19454.1,10.0,0.0,Microaspersion,32682.89,13808.05,6003.5,MILPIN,True,
d63cc0bc-93c9-4690-b020-0af5e2dcfe5e,PAR-031,CIC-2026-PV,2026-08-01,Uva,Media,7.28,0.86,6.261,55.93,68.21,0.82,682.1,18348.5,0.0,200.77,Microaspersion,30825.48,13023.29,5662.3,MILPIN,True,
bbeed29c-ebab-421f-a6a8-1be0d496a0da,PAR-031,CIC-2026-PV,2026-08-04,Uva,Media,7.46,0.88,6.565,51.73,63.08,0.82,630.8,16968.5,10.0,0.0,Microaspersion,28507.08,12043.95,5236.5,FAO-56 automatizado,True,
bbd8a834-8747-4c8a-bb73-0af4c62444ba,PAR-031,CIC-2026-PV,2026-08-10,Uva,Media,7.7,0.86,6.622,58.08,70.83,0.82,708.3,19053.3,10.0,0.0,Microaspersion,32009.54,13523.54,5879.8,FAO-56 automatizado,True,
38e9422a-ecf8-451b-9fc7-92392f13b948,PAR-031,CIC-2026-PV,2026-09-02,Uva,Final,6.44,0.833,5.365,56.77,69.23,0.82,692.3,18622.9,0.0,66.63,Microaspersion,31286.47,13218.1,5747.0,MILPIN,True,
01cd27a5-af13-4c11-b38f-884fff32cc6a,PAR-032,CIC-2026-PV,2026-03-14,Frijol,Inicial,6.1,0.38,2.318,23.02,28.07,0.82,280.7,7129.8,0.0,7.11,Microaspersion,11978.06,5060.69,2200.3,Manual,True,
76c2d8b7-c6c1-470d-94f4-63df20a914d5,PAR-032,CIC-2026-PV,2026-04-13,Frijol,Desarrollo,7.23,0.955,6.905,62.62,76.37,0.82,763.7,19398.0,0.0,144.53,Microaspersion,32588.64,13768.26,5986.2,Manual,True,
652e5e0b-d00a-4197-8197-a69344927b28,PAR-032,CIC-2026-PV,2026-04-19,Frijol,Desarrollo,7.34,1.155,8.478,75.01,91.48,0.82,914.8,23235.9,10.0,0.0,Microaspersion,39036.31,16492.38,7170.6,MILPIN,True,
0849e4f7-5001-452c-9f1c-0209177d905d,PAR-032,CIC-2026-PV,2026-05-03,Frijol,Media,8.19,1.18,9.664,81.8,99.76,0.82,997.6,25339.0,0.0,53.5,Microaspersion,42569.52,17985.08,7819.6,MILPIN,True,
bd1533fd-8205-4ff2-82f6-247c56f4154e,PAR-032,CIC-2026-PV,2026-05-05,Frijol,Media,8.33,1.19,9.913,69.86,85.19,0.82,851.9,21638.3,10.0,0.0,Microaspersion,36352.34,15358.48,6677.6,Manual,False,Deficit leve
3a3af479-32a2-481c-88fd-18ae7e06e05a,PAR-032,CIC-2026-PV,2026-05-12,Frijol,Media,8.71,1.13,9.842,71.27,86.92,0.82,869.2,22077.7,3.5,0.0,Microaspersion,37090.54,15670.36,6813.2,MILPIN,True,Deficit leve
6c427ab4-3a10-43f2-8f99-c0cd22280355,PAR-032,CIC-2026-PV,2026-05-20,Frijol,Media,8.15,1.15,9.373,79.72,97.22,0.82,972.2,24693.9,6.3,0.0,Microaspersion,41485.75,17527.15,7620.5,MILPIN,True,Deficit leve
162ee641-bc6c-4ebe-8d93-2c17ff584786,PAR-032,CIC-2026-PV,2026-05-27,Frijol,Final,8.44,0.87,7.343,52.16,63.61,0.82,636.1,16156.9,1.5,0.0,Microaspersion,27143.59,11467.8,4986.0,FAO-56 automatizado,True,
b3e62036-4f57-4ae7-934f-bb704b67d5f7,PAR-032,CIC-2026-PV,2026-06-11,Frijol,Final,9.16,0.32,2.931,20.98,25.59,0.82,255.9,6499.9,0.0,22.99,Microaspersion,10919.83,4613.57,2005.9,FAO-56 automatizado,True,
688aee9e-462a-4022-b917-260301caf2d0,PAR-032,CIC-2026-PV,2026-06-14,Frijol,Final,9.06,0.37,3.352,23.8,29.02,0.82,290.2,7371.1,10.0,0.0,Microaspersion,12383.45,5231.81,2274.7,Manual,True,
3fea96cc-2cd2-4bea-943e-3081db55d2dc,PAR-033,CIC-2026-PV,2026-03-17,Algodon,Inicial,5.96,0.34,2.026,12.4,13.78,0.9,137.8,1929.2,0.0,20.02,Goteo,3241.06,1369.42,595.4,MILPIN,True,
3e6536a4-577f-453d-bbd3-32db977a5911,PAR-033,CIC-2026-PV,2026-04-25,Algodon,Desarrollo,7.18,0.775,5.564,27.33,30.37,0.9,303.7,4251.8,0.0,189.67,Goteo,7143.02,3017.83,1312.1,Manual,True,
6c8490a8-fbcd-406f-bb6e-98a08042260c,PAR-033,CIC-2026-PV,2026-05-03,Algodon,Desarrollo,8.6,0.931,8.007,40.68,45.2,0.9,452.0,6328.0,0.0,23.38,Goteo,10631.04,4491.44,1952.8,MILPIN,True,
0332244b-3d42-4e99-8b0f-78e0e7ded6bb,PAR-033,CIC-2026-PV,2026-05-06,Algodon,Desarrollo,8.58,0.932,7.997,33.62,37.36,0.9,373.6,5230.4,10.0,0.0,Goteo,8787.07,3712.43,1614.1,MILPIN,False,Deficit leve
bccff34c-2674-4466-bdec-1ab88c6fba91,PAR-033,CIC-2026-PV,2026-05-07,Algodon,Desarrollo,8.67,1.009,8.748,44.89,49.88,0.9,498.8,6983.2,10.0,0.0,Goteo,11731.78,4956.5,2155.0,MILPIN,True,
b5db5b92-56e9-4bcc-8617-a70837c46ea3,PAR-033,CIC-2026-PV,2026-05-28,Algodon,Media,8.34,1.18,9.841,43.52,48.35,0.9,483.5,6769.0,0.0,163.14,Goteo,11371.92,4804.47,2088.9,MILPIN,False,
aaca1775-924b-42d7-8c57-917f964e1058,PAR-033,CIC-2026-PV,2026-05-30,Algodon,Media,8.72,1.23,10.726,45.86,50.95,0.9,509.5,7133.0,10.0,0.0,Goteo,11983.44,5062.76,2201.2,FAO-56 automatizado,False,
3598da34-ddb8-402a-9576-325af5a484de,PAR-033,CIC-2026-PV,2026-05-31,Algodon,Media,8.21,1.18,9.688,48.25,53.61,0.9,536.1,7505.4,10.0,0.0,Goteo,12609.07,5327.26,2316.2,Manual,True,
95d981d5-8753-48a5-a2f3-a8f3e8635818,PAR-033,CIC-2026-PV,2026-06-05,Algodon,Media,9.14,1.19,10.877,52.47,58.3,0.9,583.0,8162.0,0.0,1.92,Goteo,13712.16,5793.24,2518.8,FAO-56 automatizado,True,
eedcf6ef-b3a4-48ca-a99e-f18b62f772b1,PAR-033,CIC-2026-PV,2026-07-04,Algodon,Media,7.67,1.24,9.511,44.73,49.7,0.9,497.0,6958.0,0.0,231.09,Goteo,11689.44,4938.56,2147.2,Manual,True,
559d28a4-74bf-40c0-8172-f683dd0b302c,PAR-033,CIC-2026-PV,2026-07-10,Algodon,Media,7.78,1.17,9.103,50.65,56.28,0.9,562.8,7879.2,0.0,3.97,Goteo,13237.06,5592.45,2431.5,MILPIN,True,
f7a039fd-5bd2-46f1-93b6-f9c23858383c,PAR-033,CIC-2026-PV,2026-07-20,Algodon,Final,7.78,1.143,8.893,49.5,55.0,0.9,550.0,7700.0,0.0,39.43,Goteo,12936.0,5465.26,2376.2,MILPIN,True,
8b43558e-cae3-4fd9-9e55-77276156014e,PAR-033,CIC-2026-PV,2026-08-12,Algodon,Final,7.19,0.918,6.6,36.42,40.47,0.9,404.7,5665.8,0.0,115.38,Goteo,9518.54,4021.55,1748.5,Manual,True,
494c2d4b-826b-4a73-8f48-76b0ad76f612,PAR-034,CIC-2026-PV,2026-03-14,Chile,Inicial,6.04,0.6,3.624,23.6,36.31,0.65,363.1,4647.7,0.0,23.51,Gravedad,7808.14,3298.89,1434.3,Manual,False,Deficit leve
d01bc35e-b963-4a1a-abdc-d0b8b69fd5a9,PAR-034,CIC-2026-PV,2026-03-25,Chile,Inicial,6.34,0.56,3.55,23.09,35.52,0.65,355.2,4546.6,0.0,15.96,Gravedad,7638.29,3227.13,1403.1,MILPIN,False,Deficit leve
13b15a95-b646-4a7f-93d9-c7b2871e721e,PAR-034,CIC-2026-PV,2026-03-26,Chile,Inicial,6.02,0.59,3.552,22.76,35.02,0.65,350.2,4482.6,10.0,0.0,Gravedad,7530.77,3181.59,1383.3,FAO-56 automatizado,True,Deficit leve
702e7615-eebc-436d-b714-76aa06a7d80c,PAR-034,CIC-2026-PV,2026-04-01,Chile,Desarrollo,7.74,0.677,5.24,25.36,39.01,0.65,390.1,4993.3,0.0,6.08,Gravedad,8388.74,3544.07,1540.9,MILPIN,True,
ecf72678-b0f0-4e9c-8642-2d7b5e32566e,PAR-034,CIC-2026-PV,2026-04-13,Chile,Desarrollo,7.8,0.841,6.56,34.05,52.39,0.65,523.9,6705.9,0.0,44.67,Gravedad,11265.91,4759.62,2069.4,MILPIN,True,
5781576c-4f5d-4307-8cbf-1b394d609905,PAR-034,CIC-2026-PV,2026-04-21,Chile,Desarrollo,7.41,0.964,7.143,36.84,56.67,0.65,566.7,7253.8,0.0,20.3,Gravedad,12186.38,5148.55,2238.5,MILPIN,False,
87fdadbb-96c3-4a80-b5a7-1825a5235625,PAR-034,CIC-2026-PV,2026-04-30,Chile,Desarrollo,7.71,1.02,7.864,35.11,54.01,0.65,540.1,6913.3,0.0,35.67,Gravedad,11614.34,4906.82,2133.4,MILPIN,True,
c1a1c16f-e235-4bd5-854b-9f1fc6f28005,PAR-034,CIC-2026-PV,2026-05-25,Chile,Media,8.52,1.07,9.116,44.12,67.87,0.65,678.7,8687.4,0.0,183.78,Gravedad,14594.83,6166.07,2680.9,Manual,True,
868c981d-0d75-4415-8555-75b0d732924b,PAR-034,CIC-2026-PV,2026-06-01,Chile,Media,9.06,1.03,9.332,41.29,63.53,0.65,635.3,8131.8,0.0,24.03,Gravedad,13661.42,5771.85,2509.5,MILPIN,True,
98360126-e839-44fe-879e-3363a791cc86,PAR-034,CIC-2026-PV,2026-06-02,Chile,Media,9.03,1.02,9.211,36.26,55.79,0.65,557.9,7141.1,10.0,0.0,Gravedad,11997.05,5068.51,2203.7,MILPIN,True,
b0e7816f-ac7b-4e0e-8617-6d67c891dfa4,PAR-034,CIC-2026-PV,2026-06-10,Chile,Final,9.01,1.014,9.136,39.51,60.78,0.65,607.8,7779.8,0.0,33.58,Gravedad,13070.06,5521.84,2400.8,MILPIN,True,Deficit leve
4d2a823f-bade-4363-843b-90a1ba16eb2b,PAR-034,CIC-2026-PV,2026-06-11,Chile,Final,8.71,1.018,8.867,38.89,59.83,0.65,598.3,7658.2,10.0,0.0,Gravedad,12865.78,5435.59,2363.3,MILPIN,True,
647f4efc-241a-4f55-bbd2-69e5eb5599ed,PAR-034,CIC-2026-PV,2026-06-20,Chile,Final,9.03,1.014,9.156,41.42,63.73,0.65,637.3,8157.4,0.0,40.98,Gravedad,13704.43,5790.02,2517.4,MILPIN,True,
c821df03-f2ba-4020-b6d6-71ff43eb9a3e,PAR-034,CIC-2026-PV,2026-06-26,Chile,Final,8.75,0.928,8.12,37.56,57.78,0.65,577.8,7395.8,0.0,11.16,Gravedad,12424.94,5249.29,2282.3,MILPIN,True,Deficit leve
8505573d-061f-4f47-a78b-5a19ce5616ae,PAR-034,CIC-2026-PV,2026-06-29,Chile,Final,8.96,0.93,8.333,34.48,53.04,0.65,530.4,6789.1,10.0,0.0,Gravedad,11405.69,4818.73,2095.1,Manual,True,
a88e16a7-da8b-49e2-a4b4-e61ed228c53a,PAR-035,CIC-2026-PV,2026-03-08,Uva,Inicial,5.9,0.27,1.593,13.71,21.09,0.65,210.9,2910.4,10.0,0.0,Gravedad,4889.47,2065.63,898.1,MILPIN,False,Deficit leve
65260335-1980-4d12-aa53-e95127147203,PAR-035,CIC-2026-PV,2026-03-12,Uva,Inicial,6.1,0.32,1.952,17.76,27.32,0.65,273.2,3770.2,10.0,0.0,Gravedad,6333.94,2676.05,1163.5,MILPIN,True,Deficit leve
14edf0e9-3c8a-4b61-8028-84f2ce274f5a,PAR-035,CIC-2026-PV,2026-03-13,Uva,Inicial,6.22,0.31,1.928,16.55,25.46,0.65,254.6,3513.5,10.0,0.0,Gravedad,5902.68,2493.89,1084.3,Manual,True,
0260bbd9-4dce-4f5b-bf6e-8fd0880b2276,PAR-035,CIC-2026-PV,2026-03-14,Uva,Inicial,5.99,0.27,1.617,15.55,23.92,0.65,239.2,3301.0,10.0,0.0,Gravedad,5545.68,2343.01,1018.7,MILPIN,True,
b2427041-7105-4733-9e34-a1faf230b295,PAR-035,CIC-2026-PV,2026-03-27,Uva,Desarrollo,6.0,0.403,2.418,22.54,34.68,0.65,346.8,4785.8,0.0,8.89,Gravedad,8040.14,3396.87,1476.9,MILPIN,True,
fa2cde5c-2121-4f07-82d3-6e38c1cd5056,PAR-035,CIC-2026-PV,2026-05-15,Uva,Media,8.51,0.85,7.233,44.05,67.77,0.65,677.7,9352.3,0.0,310.37,Gravedad,15711.86,6638.03,2886.1,MILPIN,True,
7a1e7955-8a13-488a-83af-f227999a983b,PAR-035,CIC-2026-PV,2026-05-27,Uva,Media,8.61,0.87,7.491,49.64,76.37,0.65,763.7,10539.1,0.0,40.25,Gravedad,17705.69,7480.52,3252.4,FAO-56 automatizado,True,
c4559b5d-c8c1-4857-8052-e625c59db395,PAR-035,CIC-2026-PV,2026-05-31,Uva,Media,8.21,0.85,6.979,46.72,71.87,0.65,718.7,9918.1,10.0,0.0,Gravedad,16662.41,7039.61,3060.7,MILPIN,True,
00aa14ed-9345-4303-81a1-5d9f31680934,PAR-035,CIC-2026-PV,2026-08-23,Uva,Media,7.41,0.88,6.521,41.92,64.49,0.65,644.9,8899.6,0.0,505.84,Gravedad,14951.33,6316.72,2746.4,FAO-56 automatizado,True,
1884270b-d568-48f4-aba9-c03d929f9901,PAR-035,CIC-2026-PV,2026-08-29,Uva,Final,7.51,0.849,6.376,49.75,76.54,0.65,765.4,10562.5,10.0,0.0,Gravedad,17745.0,7497.08,3259.6,MILPIN,True,
05040785-53cb-4ee6-a7a6-7e66362a7e14,PAR-035,CIC-2026-PV,2026-09-07,Uva,Final,6.37,0.696,4.434,33.5,51.54,0.65,515.4,7112.5,0.0,6.41,Gravedad,11949.0,5048.27,2194.9,Manual,True,
7c627738-ded0-419a-a486-2bb2795a6131,PAR-035,CIC-2026-PV,2026-09-17,Uva,Final,6.54,0.631,4.127,29.42,45.26,0.65,452.6,6245.9,0.0,11.85,Gravedad,10493.11,4433.25,1927.5,FAO-56 automatizado,True,
18b67188-4e5c-4c55-9bb2-7ee8c52b086f,PAR-035,CIC-2026-PV,2026-09-20,Uva,Final,6.32,0.627,3.963,33.48,51.51,0.65,515.1,7108.4,10.0,0.0,Gravedad,11942.11,5045.51,2193.7,Manual,True,Deficit leve
6d067207-1f81-4161-a009-f8beeb480d92,PAR-035,CIC-2026-PV,2026-09-21,Uva,Final,6.4,0.536,3.43,31.41,48.32,0.65,483.2,6668.2,10.0,0.0,Gravedad,11202.58,4732.94,2057.8,Manual,True,Deficit leve
cf1af75b-333a-4413-bfff-ea658b56cb67,PAR-035,CIC-2026-PV,2026-09-29,Uva,Final,6.28,0.454,2.851,21.4,32.93,0.65,329.3,4544.3,0.0,1.41,Gravedad,7634.42,3225.52,1402.4,MILPIN,False,
9747244c-22e3-4b44-aa40-761ff1dc11c9,PAR-036,CIC-2026-PV,2026-03-07,Uva,Inicial,5.86,0.3,1.758,19.51,23.79,0.82,237.9,7018.1,10.0,0.0,Microaspersion,11790.41,4981.34,2165.8,Manual,True,
b4d82115-af0b-466c-94d6-5d2cf0bc0efa,PAR-036,CIC-2026-PV,2026-04-06,Uva,Desarrollo,7.66,0.55,4.213,38.1,46.46,0.82,464.6,13705.7,0.0,88.29,Microaspersion,23025.58,9728.08,4229.6,MILPIN,True,
fc9722bd-7f8b-4cf5-8443-eef83df1fea8,PAR-036,CIC-2026-PV,2026-04-20,Uva,Desarrollo,7.68,0.713,5.476,45.83,55.89,0.82,558.9,16487.5,0.0,30.83,Microaspersion,27699.0,11702.4,5088.0,Manual,True,
d54e52f6-bbf8-41ce-8d03-2ff44c5fe92b,PAR-036,CIC-2026-PV,2026-05-11,Uva,Media,8.37,0.84,7.031,63.53,77.48,0.82,774.8,22856.6,0.0,84.12,Microaspersion,38399.09,16223.05,7053.5,MILPIN,True,
eb2064b3-b9d6-461e-81fd-2fd8de8e40a1,PAR-036,CIC-2026-PV,2026-07-05,Uva,Media,8.23,0.87,7.16,58.42,71.25,0.82,712.5,21018.8,0.0,335.38,Microaspersion,35311.58,14918.72,6486.4,FAO-56 automatizado,True,
5cee6ecf-abde-48ba-b669-0f1a2ce1ad7e,PAR-036,CIC-2026-PV,2026-07-19,Uva,Media,8.18,0.85,6.953,65.49,79.87,0.82,798.7,23561.7,0.0,31.85,Microaspersion,39583.66,16723.53,7271.1,MILPIN,True,
0a08928b-0541-4c61-a54c-7bb9ba3caff5,PAR-036,CIC-2026-PV,2026-07-24,Uva,Media,8.15,0.82,6.683,56.23,68.57,0.82,685.7,20228.2,10.0,0.0,Microaspersion,33983.38,14357.52,6242.4,Manual,True,
6e4ac7b4-2025-4ad5-85cf-569431811d46,PAR-036,CIC-2026-PV,2026-07-26,Uva,Media,7.78,0.83,6.457,63.95,77.99,0.82,779.9,23007.0,10.0,0.0,Microaspersion,38651.76,16330.0,7100.0,MILPIN,True,
f3f04863-efb1-4b30-8d13-6b524312fd15,PAR-036,CIC-2026-PV,2026-08-13,Uva,Media,7.41,0.82,6.076,56.8,69.27,0.82,692.7,20434.7,0.0,52.57,Microaspersion,34330.3,14504.03,6306.1,MILPIN,False,Deficit leve
f9eca692-352c-4fc1-afb3-a09e6e8081c7,PAR-036,CIC-2026-PV,2026-08-17,Uva,Media,7.55,0.82,6.191,62.6,76.34,0.82,763.4,22520.3,10.0,0.0,Microaspersion,37834.1,15984.54,6949.8,Manual,False,
6a7a8882-3b42-4933-8188-5e0b90c47a7f,PAR-036,CIC-2026-PV,2026-09-09,Uva,Final,6.69,0.733,4.904,54.92,66.97,0.82,669.7,19756.2,0.0,57.87,Microaspersion,33190.42,14022.64,6096.8,MILPIN,True,
20e337c2-1e53-4e12-83d6-58a513dca6e1,PAR-036,CIC-2026-PV,2026-09-11,Uva,Final,6.5,0.7,4.55,45.52,55.51,0.82,555.1,16375.5,10.0,0.0,Microaspersion,27510.84,11623.05,5053.5,MILPIN,True,
53f9ea1e-2bc5-4583-9202-7fd9ce6223d9,PAR-037,CIC-2026-PV,2026-03-10,Frijol,Inicial,6.07,0.38,2.307,18.79,23.49,0.8,234.9,9067.1,0.0,1.97,Aspersion,15232.73,6435.63,2798.1,MILPIN,True,
0931f3a1-0d77-44e4-ba49-83513b28c32c,PAR-037,CIC-2026-PV,2026-03-13,Frijol,Inicial,5.93,0.39,2.313,17.98,22.47,0.8,224.7,8673.4,10.0,0.0,Aspersion,14571.31,6156.18,2676.6,MILPIN,True,
a43d66ec-2370-4d3a-b2a5-db64564c99fc,PAR-037,CIC-2026-PV,2026-03-30,Frijol,Desarrollo,6.25,0.645,4.031,32.52,40.65,0.8,406.5,15690.9,0.0,36.01,Aspersion,26360.71,11137.06,4842.2,MILPIN,False,Deficit leve
b28a0bf0-8620-45c4-918c-86b1f3c4199d,PAR-037,CIC-2026-PV,2026-04-01,Frijol,Desarrollo,7.68,0.665,5.107,31.94,39.92,0.8,399.2,15409.1,10.0,0.0,Aspersion,25887.29,10936.96,4755.2,MILPIN,False,
d2f8591c-b744-4ff7-8d6f-6e0ebb7ae769,PAR-037,CIC-2026-PV,2026-04-02,Frijol,Desarrollo,7.47,0.68,5.08,32.66,40.82,0.8,408.2,15756.5,10.0,0.0,Aspersion,26470.92,11183.75,4862.5,FAO-56 automatizado,True,
9ede7828-fecb-4512-9308-48725d5950ea,PAR-037,CIC-2026-PV,2026-04-05,Frijol,Desarrollo,7.75,0.745,5.774,38.99,48.74,0.8,487.4,18813.6,10.0,0.0,Aspersion,31606.85,13353.57,5805.9,MILPIN,False,
d0597d9b-a586-467c-a7b0-658ce47e3024,PAR-037,CIC-2026-PV,2026-04-12,Frijol,Desarrollo,7.72,0.92,7.102,49.48,61.85,0.8,618.5,23874.1,0.0,0.23,Aspersion,40108.49,16945.25,7367.5,MILPIN,True,
f4711e68-cbed-41f8-bdcf-06389e921385,PAR-037,CIC-2026-PV,2026-04-18,Frijol,Desarrollo,7.7,1.07,8.239,46.76,58.45,0.8,584.5,22561.7,0.0,2.67,Aspersion,37903.66,16013.75,6962.5,MILPIN,False,Deficit leve
b39503e2-7762-4745-83d6-dfbddc3ab2be,PAR-037,CIC-2026-PV,2026-04-20,Frijol,Desarrollo,7.8,1.16,9.048,52.36,65.45,0.8,654.5,25263.7,10.0,0.0,Aspersion,42443.02,17931.72,7796.4,FAO-56 automatizado,True,
9ae35bbe-2a02-414e-9467-2b1a28d69f88,PAR-037,CIC-2026-PV,2026-05-12,Frijol,Media,8.64,1.15,9.936,51.91,64.89,0.8,648.9,25047.5,0.0,166.68,Aspersion,42079.8,17778.31,7729.7,MILPIN,False,Deficit leve
243d77e7-e120-4796-8d5d-1e6d11b3266d,PAR-037,CIC-2026-PV,2026-05-26,Frijol,Final,8.23,0.93,7.654,46.9,58.62,0.8,586.2,22627.3,0.0,60.26,Aspersion,38013.86,16060.44,6982.8,FAO-56 automatizado,False,Deficit leve
a99fc644-5d6a-406a-acd0-a01662215a89,PAR-037,CIC-2026-PV,2026-05-31,Frijol,Final,8.63,0.73,6.3,34.01,42.51,0.8,425.1,16408.9,7.9,0.0,Aspersion,27566.95,11646.74,5063.8,Manual,False,
81cf672e-f3f9-4585-973b-0f704436c0f1,PAR-037,CIC-2026-PV,2026-06-01,Frijol,Final,9.27,0.67,6.211,28.96,36.2,0.8,362.0,13973.2,10.0,0.0,Aspersion,23474.98,9917.83,4312.1,Manual,True,
5e280311-a20f-43e7-9602-9bfa8d3e493d,PAR-037,CIC-2026-PV,2026-06-02,Frijol,Final,9.26,0.64,5.926,31.66,39.57,0.8,395.7,15274.0,10.0,0.0,Aspersion,25660.32,10841.28,4713.6,Manual,True,Deficit leve
90c1adc1-12c8-429b-bfa9-25ec4133f510,PAR-037,CIC-2026-PV,2026-06-11,Frijol,Final,8.85,0.33,2.921,14.9,18.62,0.8,186.2,7187.3,0.0,11.39,Aspersion,12074.66,5101.4,2218.0,Manual,True,
ab6f647c-579a-4a45-b18c-9b6eb98a368d,PAR-038,CIC-2026-PV,2026-03-24,Algodon,Inicial,5.82,0.34,1.979,19.21,21.34,0.9,213.4,3926.6,0.0,26.31,Goteo,6596.69,2786.91,1211.7,FAO-56 automatizado,True,
3cd839c5-0054-4b63-bc10-9bbd0b3c434f,PAR-038,CIC-2026-PV,2026-04-12,Algodon,Desarrollo,7.18,0.524,3.762,28.25,31.39,0.9,313.9,5775.8,0.0,43.23,Goteo,9703.34,4099.52,1782.4,MILPIN,True,
36359522-5469-452e-a416-a76430460773,PAR-038,CIC-2026-PV,2026-04-15,Algodon,Desarrollo,7.7,0.585,4.505,26.43,29.37,0.9,293.7,5404.1,10.0,0.0,Goteo,9078.89,3835.71,1667.7,MILPIN,False,
a8b003bd-34b7-4ab1-8f48-5644841509cd,PAR-038,CIC-2026-PV,2026-04-18,Algodon,Desarrollo,7.51,0.616,4.626,29.41,32.68,0.9,326.8,6013.1,10.0,0.0,Goteo,10102.01,4267.88,1855.6,FAO-56 automatizado,True,Deficit leve
4dbc17b0-2ed4-45c4-b394-af5a8b00450a,PAR-038,CIC-2026-PV,2026-04-24,Algodon,Desarrollo,7.21,0.778,5.609,43.54,48.38,0.9,483.8,8901.9,10.0,0.0,Goteo,14955.19,6318.33,2747.1,MILPIN,True,
774ce3a3-d155-4c03-a452-94e97c07db40,PAR-038,CIC-2026-PV,2026-04-30,Algodon,Desarrollo,7.47,0.88,6.574,43.38,48.2,0.9,482.0,8868.8,10.0,0.0,Goteo,14899.58,6294.87,2736.9,MILPIN,True,
09c9accd-7590-457a-baf6-2b67a8e37d56,PAR-038,CIC-2026-PV,2026-05-06,Algodon,Desarrollo,8.69,0.932,8.099,44.98,49.98,0.9,499.8,9196.3,0.0,3.61,Goteo,15449.78,6527.4,2838.0,MILPIN,True,
3fc8128a-d7e2-4bf9-ad25-2fe0dcac7fe2,PAR-038,CIC-2026-PV,2026-05-15,Algodon,Desarrollo,8.51,1.115,9.489,52.67,58.52,0.9,585.2,10767.7,0.0,32.73,Goteo,18089.74,7642.67,3322.9,Manual,True,
1672bd93-2595-43ab-8610-2d745c09bf28,PAR-038,CIC-2026-PV,2026-05-30,Algodon,Media,8.74,1.24,10.838,62.4,69.33,0.9,693.3,12756.7,0.0,100.17,Goteo,21431.26,9054.41,3936.7,Manual,True,
c8bfd11d-7295-44ad-b325-deae9a07b129,PAR-038,CIC-2026-PV,2026-06-29,Algodon,Media,9.08,1.16,10.533,66.71,74.12,0.9,741.2,13638.1,0.0,249.28,Goteo,22912.01,9680.01,4208.7,MILPIN,True,
dc0e5cbd-e73d-4f67-9731-f9ec6467cfcc,PAR-038,CIC-2026-PV,2026-07-13,Algodon,Media,7.73,1.19,9.199,58.04,64.49,0.9,644.9,11866.2,0.0,70.75,Goteo,19935.22,8422.37,3661.9,Manual,True,Deficit leve
ddcf6422-7b21-4bd7-bab1-5784277524a7,PAR-038,CIC-2026-PV,2026-08-07,Algodon,Final,7.84,0.893,7.001,49.08,54.53,0.9,545.3,10033.5,0.0,125.95,Goteo,16856.28,7121.49,3096.3,MILPIN,True,
aa838927-9fcd-4005-8ba0-30e5ce4dc4e1,PAR-038,CIC-2026-PV,2026-08-08,Algodon,Final,7.75,0.942,7.3,53.22,59.13,0.9,591.3,10879.9,10.0,0.0,Goteo,18278.23,7722.25,3357.5,Manual,True,
8d64fca8-5aa8-4320-b56d-1cbbc907c7b5,PAR-039,CIC-2026-PV,2026-03-10,Algodon,Inicial,6.2,0.37,2.294,11.73,18.04,0.65,180.4,4816.7,0.0,8.92,Gravedad,8092.06,3418.72,1486.4,Manual,True,Deficit leve
9ffc1ec0-37e4-4108-8d64-46d310b14610,PAR-039,CIC-2026-PV,2026-03-18,Algodon,Inicial,6.17,0.33,2.036,11.45,17.62,0.65,176.2,4704.5,0.0,4.84,Gravedad,7903.56,3339.14,1451.8,FAO-56 automatizado,True,Deficit leve
188e6986-d6fc-4e54-bb76-c972910c26fc,PAR-039,CIC-2026-PV,2026-03-19,Algodon,Inicial,5.86,0.32,1.875,10.78,16.59,0.65,165.9,4429.5,10.0,0.0,Gravedad,7441.56,3143.87,1366.9,MILPIN,True,
e61dd865-347b-40f4-b07f-99b5804ed51d,PAR-039,CIC-2026-PV,2026-03-22,Algodon,Inicial,6.32,0.31,1.959,9.72,14.96,0.65,149.6,3994.3,10.0,0.0,Gravedad,6710.42,2834.98,1232.6,MILPIN,True,
3c6301e0-c96a-4cce-8741-d1a34c958655,PAR-039,CIC-2026-PV,2026-04-01,Algodon,Desarrollo,7.16,0.407,2.914,13.58,20.89,0.65,208.9,5577.6,0.0,15.56,Gravedad,9370.37,3958.76,1721.2,MILPIN,True,
33a4b7e2-f75d-4a04-a383-0693a4ac66f8,PAR-039,CIC-2026-PV,2026-04-06,Algodon,Desarrollo,7.82,0.492,3.847,17.89,27.53,0.65,275.3,7350.5,0.0,1.34,Gravedad,12348.84,5217.32,2268.4,MILPIN,True,
36c64823-890a-4e24-8c56-fea8250b7343,PAR-039,CIC-2026-PV,2026-06-08,Algodon,Media,8.86,1.21,10.721,36.74,56.53,0.65,565.3,15093.5,0.0,638.68,Gravedad,25357.08,10713.17,4657.9,FAO-56 automatizado,True,Deficit leve
55446d61-77fa-40d7-991b-292068d77cf7,PAR-039,CIC-2026-PV,2026-06-09,Algodon,Media,9.32,1.17,10.904,34.75,53.46,0.65,534.6,14273.8,10.0,0.0,Gravedad,23979.98,10131.27,4404.9,Manual,True,Deficit leve
6f9cc378-6c0d-423c-afeb-4ea438388c5a,PAR-039,CIC-2026-PV,2026-06-29,Algodon,Media,8.98,1.22,10.956,39.9,61.38,0.65,613.8,16388.5,0.0,179.22,Gravedad,27532.68,11632.25,5057.5,MILPIN,True,
586f5c8f-5e2f-43ab-b868-e1765f589cd8,PAR-039,CIC-2026-PV,2026-07-13,Algodon,Media,8.33,1.22,10.163,36.23,55.74,0.65,557.4,14882.6,0.0,106.05,Gravedad,25002.77,10563.44,4592.8,FAO-56 automatizado,True,
1262045c-82d8-42c7-bc9c-9db4dd423af4,PAR-039,CIC-2026-PV,2026-07-28,Algodon,Final,7.87,1.054,8.295,39.05,60.08,0.65,600.8,16041.4,0.0,85.37,Gravedad,26949.55,11385.92,4950.4,MILPIN,True,
4bdda5e1-cb77-4a8d-9e24-faef922d09b7,PAR-039,CIC-2026-PV,2026-08-01,Algodon,Final,7.38,1.01,7.454,35.05,53.92,0.65,539.2,14396.6,10.0,0.0,Gravedad,24186.29,10218.44,4442.8,MILPIN,True,Deficit leve
b6d03712-0a5e-4878-ba89-55113e8deaa2,PAR-039,CIC-2026-PV,2026-08-08,Algodon,Final,7.25,0.942,6.829,34.59,53.21,0.65,532.1,14207.1,0.0,13.21,Gravedad,23867.93,10083.89,4384.3,MILPIN,False,
72fd9f15-13ad-45f9-a49a-c0d8186ee0f6,PAR-039,CIC-2026-PV,2026-08-10,Algodon,Final,7.73,0.91,7.034,33.4,51.39,0.65,513.9,13721.1,10.0,0.0,Gravedad,23051.45,9738.89,4234.3,FAO-56 automatizado,False,
18d2eaee-bbae-4325-bdbd-c2dfe45072d2,PAR-039,CIC-2026-PV,2026-08-23,Algodon,Final,7.84,0.746,5.849,27.37,42.1,0.65,421.0,11240.7,0.0,48.67,Gravedad,18884.38,7978.47,3468.9,Manual,True,
edadd59e-f299-47f9-abd2-0b38380271f7,PAR-040,CIC-2026-PV,2026-03-29,Uva,Desarrollo,5.75,0.43,2.473,24.92,31.15,0.8,311.5,1619.8,0.0,44.32,Aspersion,2721.26,1149.77,499.9,Manual,True,
d8eca37c-e2bf-45c7-a6e5-7747ff1241e6,PAR-040,CIC-2026-PV,2026-04-12,Uva,Desarrollo,7.84,0.593,4.649,39.14,48.93,0.8,489.3,2544.4,0.0,25.95,Aspersion,4274.59,1805.96,785.2,MILPIN,False,
27bc0440-07b7-4951-a0be-1fd934a5b51b,PAR-040,CIC-2026-PV,2026-05-13,Uva,Media,8.43,0.84,7.081,48.16,60.2,0.8,602.0,3130.4,0.0,171.35,Aspersion,5259.07,2221.8,966.0,Manual,False,
281a7a7e-f792-4f94-8de3-23c7f6c6c224,PAR-040,CIC-2026-PV,2026-06-05,Uva,Media,9.24,0.84,7.762,49.74,62.17,0.8,621.7,3232.8,0.0,128.79,Aspersion,5431.1,2294.48,997.6,MILPIN,False,
a139cbb1-af37-4529-a712-810bb845967d,PAR-040,CIC-2026-PV,2026-06-17,Uva,Media,8.98,0.82,7.364,47.53,59.41,0.8,594.1,3089.3,0.0,40.84,Aspersion,5190.02,2192.82,953.4,MILPIN,True,Deficit leve
3ad97244-e2c5-4a70-a231-d6cc214696fb,PAR-040,CIC-2026-PV,2026-06-25,Uva,Media,8.95,0.88,7.876,53.2,66.5,0.8,665.0,3458.0,0.0,9.81,Aspersion,5809.44,2454.33,1067.1,FAO-56 automatizado,True,
8a595862-1f2a-4015-b14c-dc4398e64f79,PAR-040,CIC-2026-PV,2026-07-23,Uva,Media,7.73,0.81,6.261,56.54,70.67,0.8,706.7,3674.8,0.0,118.77,Aspersion,6173.66,2608.2,1134.0,FAO-56 automatizado,True,
423caeb4-5378-4247-af56-2013f90bbe68,PAR-040,CIC-2026-PV,2026-08-04,Uva,Media,7.21,0.85,6.128,49.26,61.58,0.8,615.8,3202.2,0.0,24.28,Aspersion,5379.7,2272.86,988.2,Manual,True,
34f90ba8-e7df-4b32-89de-7cd405cefa08,PAR-040,CIC-2026-PV,2026-08-22,Uva,Media,7.18,0.84,6.031,47.11,58.89,0.8,588.9,3062.3,0.0,61.45,Aspersion,5144.66,2173.5,945.0,Manual,True,
2b778a77-9a32-431f-9e37-70572e2f52de,PAR-040,CIC-2026-PV,2026-08-26,Uva,Media,7.35,0.86,6.321,50.92,63.65,0.8,636.5,3309.8,10.0,0.0,Aspersion,5560.46,2349.22,1021.4,Manual,True,
d6c8c77d-0d2e-45e2-a606-294047dc0ce8,PAR-040,CIC-2026-PV,2026-09-17,Uva,Final,6.37,0.631,4.019,38.96,48.7,0.8,487.0,2532.4,0.0,49.46,Aspersion,4254.43,1797.45,781.5,MILPIN,False,Deficit leve
7d00b329-3977-4698-a25f-1a43c9d3b0d8,PAR-041,CIC-2026-PV,2026-03-10,Uva,Inicial,5.99,0.3,1.797,16.44,20.05,0.82,200.5,2766.9,1.7,0.0,Microaspersion,4648.39,1963.97,853.9,FAO-56 automatizado,False,
c4ff79b9-d0f6-4624-b16e-1e5959dc2134,PAR-041,CIC-2026-PV,2026-03-18,Uva,Inicial,6.34,0.31,1.965,16.82,20.51,0.82,205.1,2830.4,7.0,0.0,Microaspersion,4755.07,2009.05,873.5,Manual,True,
25b2146b-8814-43a7-8442-8432439d2976,PAR-041,CIC-2026-PV,2026-04-11,Uva,Desarrollo,7.17,0.579,4.151,33.87,41.3,0.82,413.0,5699.4,0.0,65.75,Microaspersion,9574.99,4045.24,1758.8,Manual,True,
2d5da362-ab7f-4934-b0de-56a82beb4bc2,PAR-041,CIC-2026-PV,2026-05-01,Uva,Media,8.29,0.81,6.715,42.66,52.02,0.82,520.2,7178.8,0.0,91.64,Microaspersion,12060.38,5095.42,2215.4,MILPIN,False,
8de6f0b0-5508-47ca-969d-c641feb11b3d,PAR-041,CIC-2026-PV,2026-05-14,Uva,Media,8.4,0.89,7.476,52.08,63.51,0.82,635.1,8764.4,0.0,45.11,Microaspersion,14724.19,6220.81,2704.7,MILPIN,True,
2fe74284-8b21-4871-8f56-24b9913c6b5c,PAR-041,CIC-2026-PV,2026-05-16,Uva,Media,8.23,0.88,7.242,47.28,57.66,0.82,576.6,7957.1,10.0,0.0,Microaspersion,13367.93,5647.88,2455.6,MILPIN,True,
bdc9076f-d674-4e2d-80cd-34d60f56f7d0,PAR-041,CIC-2026-PV,2026-06-08,Uva,Media,9.24,0.87,8.039,50.91,62.08,0.82,620.8,8567.0,0.0,133.99,Microaspersion,14392.56,6080.74,2643.8,MILPIN,True,
7cc597db-a7fd-4e7a-bfbe-8d808951040d,PAR-041,CIC-2026-PV,2026-06-19,Uva,Media,9.07,0.87,7.891,40.72,49.66,0.82,496.6,6853.1,0.0,46.08,Microaspersion,11513.21,4864.27,2114.9,MILPIN,True,
7d599e62-9ae5-4e61-a9f6-9679c7fc1a00,PAR-041,CIC-2026-PV,2026-06-27,Uva,Media,8.82,0.84,7.409,44.68,54.49,0.82,544.9,7519.6,0.0,14.59,Microaspersion,12632.93,5337.15,2320.5,MILPIN,True,
f3420682-016b-4185-a0f6-33879fb4e8f1,PAR-041,CIC-2026-PV,2026-07-10,Uva,Media,8.03,0.82,6.585,48.42,59.05,0.82,590.5,8148.9,0.0,37.19,Microaspersion,13690.15,5784.04,2514.8,FAO-56 automatizado,True,
f1eb6e70-cd2e-43b2-a48d-d6fc998a8a49,PAR-041,CIC-2026-PV,2026-08-13,Uva,Media,7.46,0.82,6.117,47.54,57.98,0.82,579.8,8001.2,0.0,160.44,Microaspersion,13442.02,5679.16,2469.2,Manual,True,
1de564d4-5efb-4800-ac0d-fcb30475189d,PAR-041,CIC-2026-PV,2026-08-16,Uva,Media,7.56,0.81,6.124,45.24,55.17,0.82,551.7,7613.5,10.0,0.0,Microaspersion,12790.68,5403.85,2349.5,MILPIN,False,
0e47e523-fae8-4c98-8c5a-552b461dc321,PAR-041,CIC-2026-PV,2026-08-17,Uva,Media,7.18,0.87,6.247,50.45,61.52,0.82,615.2,8489.8,10.0,0.0,Microaspersion,14262.86,6026.0,2620.0,MILPIN,True,
00f2408d-89a3-47b3-b7c8-e31a3abf117f,PAR-041,CIC-2026-PV,2026-09-08,Uva,Final,6.45,0.744,4.799,37.61,45.87,0.82,458.7,6330.1,0.0,67.97,Microaspersion,10634.57,4493.05,1953.5,MILPIN,True,
c09331cb-8b44-4201-8d79-9f1bfb4a9461,PAR-042,CIC-2026-PV,2026-03-19,Chile,Inicial,5.72,0.6,3.432,37.47,45.69,0.82,456.9,12062.2,0.0,24.31,Microaspersion,20264.5,8561.52,3722.4,Manual,False,
fa59c2e3-208e-4f20-add7-6c8d09b926ea,PAR-042,CIC-2026-PV,2026-03-24,Chile,Inicial,5.77,0.6,3.462,40.69,49.62,0.82,496.2,13099.7,10.0,0.0,Microaspersion,22007.5,9297.98,4042.6,FAO-56 automatizado,False,
17d8c3fe-0847-4193-90b8-961c4a5fa2d8,PAR-042,CIC-2026-PV,2026-04-25,Chile,Desarrollo,7.57,1.016,7.691,64.11,78.18,0.82,781.8,20639.5,0.0,182.0,Microaspersion,34674.36,14649.39,6369.3,FAO-56 automatizado,False,
40161b98-9001-4512-bde6-e71f98cfd849,PAR-042,CIC-2026-PV,2026-05-04,Chile,Media,8.76,1.02,8.935,69.18,84.36,0.82,843.6,22271.0,0.0,11.24,Microaspersion,37415.28,15807.44,6872.8,MILPIN,False,
7c3d50f7-c944-4742-a384-4fbea9ca2769,PAR-042,CIC-2026-PV,2026-05-05,Chile,Media,8.53,1.08,9.212,81.22,99.05,0.82,990.5,26149.2,10.0,0.0,Microaspersion,43930.66,18560.08,8069.6,FAO-56 automatizado,True,
67cca6c7-1ec4-4206-ba14-a431e5da41d9,PAR-042,CIC-2026-PV,2026-05-13,Chile,Media,8.55,1.06,9.063,70.46,85.93,0.82,859.3,22685.5,0.0,2.04,Microaspersion,38111.64,16101.61,7000.7,MILPIN,True,
b2188d47-f840-481f-a3bb-fb3a56ae64d4,PAR-042,CIC-2026-PV,2026-06-08,Chile,Media,9.06,1.08,9.785,76.14,92.85,0.82,928.5,24512.4,0.0,178.27,Microaspersion,41180.83,17398.35,7564.5,FAO-56 automatizado,True,
b4a69c35-cf0d-4b19-a9ba-c22cee639c2d,PAR-042,CIC-2026-PV,2026-06-15,Chile,Final,8.97,1.044,9.365,73.6,89.76,0.82,897.6,23696.6,10.0,0.0,Microaspersion,39810.29,16819.44,7312.8,FAO-56 automatizado,False,
39501086-81e4-4b45-9c6a-d6218bac1cab,PAR-042,CIC-2026-PV,2026-06-29,Chile,Final,8.82,0.94,8.291,61.85,75.43,0.82,754.3,19913.5,0.0,54.22,Microaspersion,33454.68,14134.19,6145.3,MILPIN,False,
43f2cbe8-87fa-45fc-b894-375b2d548224,PAR-042,CIC-2026-PV,2026-07-02,Chile,Final,7.91,0.942,7.451,55.66,67.88,0.82,678.8,17920.3,10.0,0.0,Microaspersion,30106.1,12719.46,5530.2,Manual,True,
d08002c5-3a49-4eaf-a081-1ad0c65aca37,PAR-043,CIC-2026-PV,2026-03-28,Algodon,Inicial,6.05,0.31,1.875,18.32,20.36,0.9,203.6,4112.7,0.0,32.3,Goteo,6909.34,2919.16,1269.2,FAO-56 automatizado,False,Deficit leve
8c384010-5e95-4266-bdbe-f39e3e25bc25,PAR-043,CIC-2026-PV,2026-04-15,Algodon,Desarrollo,7.82,0.595,4.653,37.0,41.11,0.9,411.1,8304.2,0.0,46.75,Goteo,13951.06,5894.21,2562.7,Manual,True,
9d91a8fd-6b1a-48b6-9591-54f4f77657e3,PAR-043,CIC-2026-PV,2026-05-02,Algodon,Desarrollo,8.31,0.934,7.762,59.23,65.81,0.9,658.1,13293.6,0.0,72.72,Goteo,22333.25,9435.52,4102.4,Manual,True,Deficit leve
091bd07b-da02-4346-b544-d324811c0598,PAR-043,CIC-2026-PV,2026-05-28,Algodon,Media,8.76,1.23,10.775,84.06,93.4,0.9,934.0,18866.8,0.0,196.09,Goteo,31696.22,13391.29,5822.3,MILPIN,False,
931d1e67-e2bb-428b-8136-a3bbc558df69,PAR-043,CIC-2026-PV,2026-06-03,Algodon,Media,9.25,1.21,11.192,79.71,88.57,0.9,885.7,17891.1,10.0,0.0,Goteo,30057.05,12698.76,5521.2,Manual,True,
9d1e5147-7c6c-4db6-ad28-e1cd4487b912,PAR-043,CIC-2026-PV,2026-06-07,Algodon,Media,9.11,1.19,10.841,74.0,82.22,0.9,822.2,16608.4,10.0,0.0,Goteo,27902.11,11788.42,5125.4,Manual,True,
580e4c1c-0545-4bae-9097-edf851fbb593,PAR-043,CIC-2026-PV,2026-06-14,Algodon,Media,9.01,1.17,10.542,68.44,76.04,0.9,760.4,15360.1,0.0,5.35,Goteo,25804.97,10902.23,4740.1,MILPIN,True,Deficit leve
38a0fd42-0713-4c40-b0d1-32f38e443aa4,PAR-043,CIC-2026-PV,2026-08-14,Algodon,Final,7.39,0.826,6.104,53.87,59.86,0.9,598.6,12091.7,0.0,318.47,Goteo,20314.06,8582.45,3731.5,Manual,True,
11cf9a87-c369-43cc-b39b-2f941a8c1a51,PAR-043,CIC-2026-PV,2026-08-21,Algodon,Final,7.6,0.788,5.989,46.08,51.2,0.9,512.0,10342.4,9.9,0.0,Goteo,17375.23,7340.91,3191.7,FAO-56 automatizado,True,Deficit leve
81eb4b1f-4c89-4cd0-98ea-bf98b6a1efb9,PAR-043,CIC-2026-PV,2026-08-25,Algodon,Final,7.47,0.763,5.7,50.28,55.87,0.9,558.7,11285.7,10.0,0.0,Goteo,18959.98,8010.44,3482.8,MILPIN,True,
f849fd76-2d53-48d1-a132-99ac035e2c20,PAR-043,CIC-2026-PV,2026-08-26,Algodon,Final,7.21,0.692,4.989,46.88,52.09,0.9,520.9,10522.2,10.0,0.0,Goteo,17677.3,7468.56,3247.2,MILPIN,False,
326b72e0-9c26-4808-8534-245bc4c2a6d8,PAR-044,CIC-2026-PV,2026-03-12,Maiz,Inicial,6.13,0.3,1.839,16.07,20.09,0.8,200.9,4781.4,0.0,4.16,Aspersion,8032.75,3393.65,1475.5,MILPIN,True,
40739de4-a31f-4fcc-8e86-dffe5afb58c5,PAR-044,CIC-2026-PV,2026-03-22,Maiz,Desarrollo,6.27,0.346,2.169,18.0,22.5,0.8,225.0,5355.0,0.0,3.69,Aspersion,8996.4,3800.98,1652.6,MILPIN,True,
0d5de697-f6a0-475f-adcb-879de07c0bf0,PAR-044,CIC-2026-PV,2026-03-25,Maiz,Desarrollo,5.92,0.373,2.208,19.23,24.04,0.8,240.4,5721.5,10.0,0.0,Aspersion,9612.12,4061.11,1765.7,FAO-56 automatizado,True,
3bbffd1f-bd22-44a3-8fef-f182e4da5aca,PAR-044,CIC-2026-PV,2026-04-13,Maiz,Desarrollo,7.62,0.921,7.018,42.44,53.05,0.8,530.5,12625.9,0.0,90.9,Aspersion,21211.51,8961.72,3896.4,Manual,True,
76aa9893-317d-45e2-a33c-5fa56ee4ba6e,PAR-044,CIC-2026-PV,2026-04-22,Maiz,Desarrollo,7.39,1.113,8.225,54.05,67.56,0.8,675.6,16079.3,0.0,19.97,Aspersion,27013.22,11412.83,4962.1,MILPIN,True,Deficit leve
c367ae4d-1b73-4e57-9e80-3461130a9f0a,PAR-044,CIC-2026-PV,2026-04-25,Maiz,Desarrollo,7.43,1.21,8.99,61.79,77.24,0.8,772.4,18383.1,10.0,0.0,Aspersion,30883.61,13047.9,5673.0,MILPIN,True,Deficit leve
66cf901d-943e-478b-9468-c29b67519473,PAR-044,CIC-2026-PV,2026-05-15,Maiz,Media,8.36,1.2,10.032,61.88,77.35,0.8,773.5,18409.3,0.0,138.76,Aspersion,30927.62,13066.53,5681.1,MILPIN,True,
a05646be-7711-459b-b6ef-4564ae24ac3c,PAR-044,CIC-2026-PV,2026-06-11,Maiz,Final,9.05,1.08,9.774,50.83,63.54,0.8,635.4,15122.5,0.0,213.07,Aspersion,25405.8,10733.64,4666.8,FAO-56 automatizado,False,
cc298b0a-e51f-4d92-a3cc-da98baf788af,PAR-044,CIC-2026-PV,2026-06-12,Maiz,Final,9.26,1.06,9.816,49.36,61.7,0.8,617.0,14684.6,10.0,0.0,Aspersion,24670.13,10422.91,4531.7,Manual,False,
bc9376fd-a58d-4092-8222-06a58f92c9bb,PAR-044,CIC-2026-PV,2026-06-25,Maiz,Final,8.93,0.78,6.965,36.71,45.89,0.8,458.9,10921.8,0.0,53.84,Aspersion,18348.62,7752.15,3370.5,MILPIN,True,
53d87ba6-e713-4f21-b9d9-75f092332b3b,PAR-044,CIC-2026-PV,2026-06-29,Maiz,Final,9.16,0.71,6.504,39.1,48.88,0.8,488.8,11633.4,10.0,0.0,Aspersion,19544.11,8257.23,3590.1,MILPIN,False,
eb883e68-1ba8-45b4-a1c2-1b5917cd2d16,PAR-044,CIC-2026-PV,2026-07-02,Maiz,Final,7.92,0.6,4.752,33.34,41.68,0.8,416.8,9919.8,10.0,0.0,Aspersion,16665.26,7040.99,3061.3,MILPIN,True,Deficit leve
a818dc89-4582-4f56-aa97-e7098fc66207,PAR-044,CIC-2026-PV,2026-07-10,Maiz,Final,7.81,0.61,4.764,32.07,40.09,0.8,400.9,9541.4,0.0,6.04,Aspersion,16029.55,6772.35,2944.5,MILPIN,True,
30a25788-c7a2-463e-85ef-25a1cf6e4853,PAR-045,CIC-2026-PV,2026-03-09,Frijol,Inicial,6.09,0.38,2.314,21.85,26.65,0.82,266.5,3464.5,10.0,0.0,Microaspersion,5820.36,2458.93,1069.1,Manual,False,
2029cca3-2424-4ed7-9b65-7f2737120d6b,PAR-045,CIC-2026-PV,2026-03-19,Frijol,Inicial,6.3,0.39,2.457,18.73,22.84,0.82,228.4,2969.2,0.0,5.84,Microaspersion,4988.26,2107.49,916.3,FAO-56 automatizado,True,
ebb8ae50-8f8a-4338-8109-5d710e60b9a7,PAR-045,CIC-2026-PV,2026-04-21,Frijol,Media,7.18,1.18,8.472,62.89,76.69,0.82,766.9,9969.7,0.0,216.69,Microaspersion,16749.1,7076.18,3076.6,MILPIN,True,
ab6315ac-73dd-47b2-adce-10fd6ee7c247,PAR-045,CIC-2026-PV,2026-04-22,Frijol,Media,7.71,1.14,8.789,54.14,66.02,0.82,660.2,8582.6,10.0,0.0,Microaspersion,14418.77,6091.78,2648.6,MILPIN,True,
cad47b6e-caa8-4ef8-8b95-1641dc8be793,PAR-045,CIC-2026-PV,2026-04-25,Frijol,Media,7.21,1.16,8.364,58.15,70.91,0.82,709.1,9218.3,10.0,0.0,Microaspersion,15486.74,6543.04,2844.8,MILPIN,True,
33bd7d5d-902f-47a8-b206-8b6487840d65,PAR-045,CIC-2026-PV,2026-05-07,Frijol,Media,8.29,1.17,9.699,57.42,70.02,0.82,700.2,9102.6,0.0,58.97,Microaspersion,15292.37,6460.93,2809.1,MILPIN,True,
d029da40-851f-4fd7-8820-d83c859ae5b5,PAR-045,CIC-2026-PV,2026-05-09,Frijol,Media,8.72,1.17,10.202,61.12,74.54,0.82,745.4,9690.2,10.0,0.0,Microaspersion,16279.54,6877.92,2990.4,Manual,True,
b422f95f-001f-41bb-9281-c0939eea77f2,PAR-045,CIC-2026-PV,2026-05-11,Frijol,Media,8.46,1.13,9.56,57.24,69.81,0.82,698.1,9075.3,10.0,0.0,Microaspersion,15246.5,6441.38,2800.6,MILPIN,False,
fd0ac1c3-36d2-4f8d-a93e-f8ff22d65f50,PAR-045,CIC-2026-PV,2026-05-16,Frijol,Media,8.82,1.13,9.967,54.86,66.9,0.82,669.0,8697.0,10.0,0.0,Microaspersion,14610.96,6172.97,2683.9,MILPIN,True,
343b3af8-adc0-45a5-86c8-972255c901b2,PAR-045,CIC-2026-PV,2026-05-27,Frijol,Final,8.17,0.83,6.781,42.04,51.27,0.82,512.7,6665.1,0.0,32.55,Microaspersion,11197.37,4730.64,2056.8,FAO-56 automatizado,True,Deficit leve
ec09a2ce-49e1-4784-941b-bd89ca7dc170,PAR-045,CIC-2026-PV,2026-06-04,Frijol,Final,9.31,0.53,4.934,25.45,31.04,0.82,310.4,4035.2,0.0,14.02,Microaspersion,6779.14,2864.19,1245.3,Manual,True,Deficit leve
c77adb40-0012-446b-81d3-224813c876ac,PAR-046,CIC-2026-PV,2026-03-07,Algodon,Inicial,6.09,0.34,2.071,12.88,14.31,0.9,143.1,1674.3,3.6,0.0,Goteo,2812.82,1188.41,516.7,FAO-56 automatizado,False,
0a6b0e1d-5ef0-438c-b650-e08b8c4b3e16,PAR-046,CIC-2026-PV,2026-04-08,Algodon,Desarrollo,7.7,0.526,4.05,20.3,22.55,0.9,225.5,2638.3,0.0,109.3,Goteo,4432.34,1872.66,814.2,MILPIN,True,
34f14929-bd39-4d6a-808b-0ad32622d988,PAR-046,CIC-2026-PV,2026-04-10,Algodon,Desarrollo,7.36,0.55,4.048,20.24,22.49,0.9,224.9,2631.3,10.0,0.0,Goteo,4420.58,1867.6,812.0,MILPIN,False,
e1278e05-aea1-4f94-9708-847c605cac72,PAR-046,CIC-2026-PV,2026-04-16,Algodon,Desarrollo,7.45,0.632,4.708,21.67,24.08,0.9,240.8,2817.4,0.0,6.58,Goteo,4733.23,1999.62,869.4,MILPIN,False,
b2d04104-8ac0-4cd9-b199-7290d8ff1fbe,PAR-046,CIC-2026-PV,2026-05-05,Algodon,Desarrollo,8.77,0.935,8.2,29.73,33.03,0.9,330.3,3864.5,0.0,126.07,Goteo,6492.36,2742.98,1192.6,MILPIN,True,
4920dd6e-5629-4611-91eb-5e0c27404d96,PAR-046,CIC-2026-PV,2026-05-14,Algodon,Desarrollo,8.56,1.118,9.57,43.53,48.37,0.9,483.7,5659.3,0.0,42.6,Goteo,9507.62,4016.95,1746.5,MILPIN,False,
33230236-db18-4719-b76a-0186ad644dea,PAR-046,CIC-2026-PV,2026-05-29,Algodon,Media,8.6,1.2,10.32,46.31,51.45,0.9,514.5,6019.6,0.0,108.49,Goteo,10112.93,4272.48,1857.6,MILPIN,False,
bcf5b409-b465-4e12-8e3b-c628573006c3,PAR-046,CIC-2026-PV,2026-06-03,Algodon,Media,8.7,1.18,10.266,37.1,41.22,0.9,412.2,4822.7,0.0,14.23,Goteo,8102.14,3423.09,1488.3,MILPIN,True,Deficit leve
f550435f-f442-4bea-8b0e-6bcaa0d4b18d,PAR-046,CIC-2026-PV,2026-06-06,Algodon,Media,8.79,1.23,10.812,45.26,50.29,0.9,502.9,5883.9,10.0,0.0,Goteo,9884.95,4176.34,1815.8,Manual,True,
d102447c-8906-43fc-b4ee-eb0c7e525592,PAR-046,CIC-2026-PV,2026-06-16,Algodon,Media,8.72,1.17,10.202,39.71,44.12,0.9,441.2,5162.0,0.0,62.31,Goteo,8672.16,3663.9,1593.0,Manual,True,
f772b8df-0172-4bac-a247-d93da9ad7fbb,PAR-046,CIC-2026-PV,2026-06-23,Algodon,Media,8.92,1.22,10.882,44.89,49.88,0.9,498.8,5836.0,0.0,31.28,Goteo,9804.48,4142.3,1801.0,FAO-56 automatizado,True,
3d05e07f-3c29-4c43-82fa-e937a1e95fa0,PAR-046,CIC-2026-PV,2026-07-06,Algodon,Media,8.34,1.2,10.008,39.87,44.3,0.9,443.0,5183.1,0.0,90.23,Goteo,8707.61,3678.85,1599.5,FAO-56 automatizado,False,
3ee04ae5-15c5-4b2a-acb7-3d3a463eb080,PAR-046,CIC-2026-PV,2026-07-15,Algodon,Final,8.15,1.229,10.016,41.71,46.34,0.9,463.4,5421.8,0.0,48.43,Goteo,9108.62,3848.36,1673.2,FAO-56 automatizado,True,
afd17d15-a264-4532-8bc9-6bc50d070faf,PAR-046,CIC-2026-PV,2026-07-18,Algodon,Final,7.74,1.186,9.18,45.75,50.83,0.9,508.3,5947.1,10.0,0.0,Goteo,9991.13,4221.19,1835.3,MILPIN,False,
85b3dda1-1d12-4d04-a31b-69e68dfef3f3,PAR-046,CIC-2026-PV,2026-07-26,Algodon,Final,7.8,1.047,8.167,41.51,46.12,0.9,461.2,5396.0,0.0,23.83,Goteo,9065.28,3829.96,1665.2,Manual,True,
0f9e197b-c7fe-428e-b3e3-9816f7b369c5,PAR-047,CIC-2026-PV,2026-03-07,Algodon,Inicial,5.67,0.33,1.871,25.65,32.06,0.8,320.6,8976.8,10.0,0.0,Aspersion,15081.02,6371.46,2770.2,FAO-56 automatizado,True,
20d2c0d5-ae62-41c6-a711-fbc841723db8,PAR-047,CIC-2026-PV,2026-03-22,Algodon,Inicial,5.71,0.32,1.827,26.77,33.46,0.8,334.6,9368.8,0.0,0.64,Aspersion,15739.58,6649.76,2891.2,MILPIN,False,
ba9ccf57-b324-4367-93ea-2e92beb6843c,PAR-047,CIC-2026-PV,2026-04-07,Algodon,Desarrollo,7.47,0.459,3.429,36.46,45.57,0.8,455.7,12759.6,0.0,18.4,Aspersion,21436.13,9056.48,3937.6,MILPIN,True,
425c64c7-2c08-47c3-8cc8-8204727b006e,PAR-047,CIC-2026-PV,2026-04-09,Algodon,Desarrollo,7.49,0.463,3.468,37.94,47.43,0.8,474.3,13280.4,10.0,0.0,Aspersion,22311.07,9426.09,4098.3,Manual,False,
b8f92cdd-cba7-41b8-894b-b82e72e6ea80,PAR-047,CIC-2026-PV,2026-04-11,Algodon,Desarrollo,7.25,0.507,3.676,38.55,48.19,0.8,481.9,13493.2,10.0,0.0,Aspersion,22668.58,9577.2,4164.0,FAO-56 automatizado,True,
f83d7ced-32e8-4dc7-8207-96a789526769,PAR-047,CIC-2026-PV,2026-04-23,Algodon,Desarrollo,7.54,0.721,5.436,64.58,80.72,0.8,807.2,22601.6,0.0,0.65,Aspersion,37970.69,16042.27,6974.9,FAO-56 automatizado,True,
620b7143-1444-4623-a369-007fb47ca507,PAR-047,CIC-2026-PV,2026-04-26,Algodon,Desarrollo,7.65,0.772,5.906,72.4,90.5,0.8,905.0,25340.0,10.0,0.0,Aspersion,42571.2,17985.77,7819.9,FAO-56 automatizado,True,
21ccf154-89ca-4aee-b310-51a0b75a3bec,PAR-047,CIC-2026-PV,2026-08-08,Algodon,Final,7.63,0.892,6.806,70.11,87.64,0.8,876.4,24539.2,0.0,637.71,Aspersion,41225.86,17417.44,7572.8,MILPIN,False,
46be7818-6161-4a37-8dd9-cc07b159a4fe,PAR-047,CIC-2026-PV,2026-08-13,Algodon,Final,7.56,0.887,6.706,68.92,86.15,0.8,861.5,24122.0,10.0,0.0,Aspersion,40524.96,17121.2,7444.0,MILPIN,True,
1d180d04-26c3-4a48-a9d4-4d3f42cd8bc6,PAR-047,CIC-2026-PV,2026-08-18,Algodon,Final,7.26,0.811,5.888,76.07,95.09,0.8,950.9,26625.2,10.0,0.0,Aspersion,44730.34,18897.95,8216.5,Manual,True,
637a0dee-73ec-4f01-95da-b5b119127d5a,PAR-048,CIC-2026-PV,2026-03-15,Chile,Inicial,6.04,0.58,3.503,29.8,45.85,0.65,458.5,17056.2,0.0,19.24,Gravedad,28654.42,12106.05,5263.5,FAO-56 automatizado,True,
d50b14f4-4350-4bdb-bf84-bac0d698fa22,PAR-048,CIC-2026-PV,2026-04-13,Chile,Desarrollo,7.6,0.831,6.316,47.66,73.33,0.65,733.3,27278.8,0.0,135.5,Gravedad,45828.38,19361.86,8418.2,FAO-56 automatizado,True,
76ab6bff-34ec-4051-9901-a295bc429287,PAR-048,CIC-2026-PV,2026-04-16,Chile,Desarrollo,7.35,0.85,6.247,51.03,78.51,0.65,785.1,29205.7,10.0,0.0,Gravedad,49065.58,20729.67,9012.9,Manual,True,
df31ec3f-0809-42c8-bea0-6aad5798e38e,PAR-048,CIC-2026-PV,2026-04-29,Chile,Desarrollo,7.55,1.007,7.603,60.46,93.02,0.65,930.2,34603.4,0.0,38.38,Gravedad,58133.71,24560.78,10678.6,FAO-56 automatizado,True,
ff65cd3a-c3bf-444a-b6b4-c819e6740620,PAR-048,CIC-2026-PV,2026-05-19,Chile,Media,8.23,1.06,8.724,62.49,96.14,0.65,961.4,35764.1,0.0,111.99,Gravedad,60083.69,25384.64,11036.8,Manual,False,Deficit leve
6fd037fb-f0ae-496b-b0cc-c86dce318a0f,PAR-048,CIC-2026-PV,2026-05-26,Chile,Media,8.46,1.07,9.052,53.24,81.91,0.65,819.1,30470.5,0.0,10.12,Gravedad,51190.44,21627.36,9403.2,MILPIN,True,
9b37eac8-497e-4d95-9364-943feb8ea7a9,PAR-048,CIC-2026-PV,2026-05-29,Chile,Media,8.19,1.03,8.436,52.36,80.56,0.65,805.6,29968.3,10.0,0.0,Gravedad,50346.74,21270.86,9248.2,Manual,True,Deficit leve
53efbbea-67b4-4be5-8241-e19d2fc70d85,PAR-048,CIC-2026-PV,2026-06-07,Chile,Media,9.29,1.06,9.847,60.2,92.61,0.65,926.1,34450.9,0.0,28.42,Gravedad,57877.51,24452.45,10631.5,MILPIN,True,
0aa6dbbb-11e2-4a56-8b39-a40b99f508be,PAR-048,CIC-2026-PV,2026-06-16,Chile,Final,8.75,1.038,9.082,62.32,95.87,0.65,958.7,35663.6,0.0,19.42,Gravedad,59914.85,25313.34,11005.8,Manual,True,
86044480-001b-4987-81d3-d358426ce59f,PAR-048,CIC-2026-PV,2026-06-23,Chile,Final,8.67,0.946,8.202,53.21,81.86,0.65,818.6,30451.9,0.0,4.2,Gravedad,51159.19,21614.25,9397.5,MILPIN,True,
0cb37c56-d88a-45b2-aae0-31d62022b5fd,PAR-049,CIC-2026-PV,2026-03-15,Uva,Inicial,6.22,0.3,1.866,16.12,17.91,0.9,179.1,6787.9,0.0,10.0,Goteo,11403.67,4817.81,2094.7,MILPIN,True,
49d19127-b10f-4303-b4b9-5323f07d75aa,PAR-049,CIC-2026-PV,2026-03-17,Uva,Inicial,5.82,0.33,1.921,19.32,21.47,0.9,214.7,8137.1,10.0,0.0,Goteo,13670.33,5775.53,2511.1,MILPIN,False,Deficit leve
7d23aed7-3020-42e6-b3df-f950793b97a5,PAR-049,CIC-2026-PV,2026-03-19,Uva,Inicial,5.87,0.3,1.761,17.93,19.92,0.9,199.2,7549.7,10.0,0.0,Goteo,12683.5,5358.54,2329.8,MILPIN,False,
bc4ceaa0-6329-4d41-bd5d-3a7af7f4aab8,PAR-049,CIC-2026-PV,2026-04-19,Uva,Desarrollo,7.82,0.709,5.544,46.64,51.82,0.9,518.2,19639.8,0.0,125.22,Goteo,32994.86,13939.84,6060.8,Manual,False,
15d0e094-e105-4be5-bec9-52bb00fa2ddb,PAR-049,CIC-2026-PV,2026-04-23,Uva,Desarrollo,7.17,0.774,5.55,42.98,47.75,0.9,477.5,18097.2,10.0,0.0,Goteo,30403.3,12845.04,5584.8,Manual,True,
3dedfe1c-3cdf-4367-9b8f-96c0825ae680,PAR-049,CIC-2026-PV,2026-05-12,Uva,Media,8.81,0.87,7.665,55.67,61.86,0.9,618.6,23444.9,0.0,89.96,Goteo,39387.43,16640.73,7235.1,MILPIN,True,
d0fdad22-fd4c-4c0d-b43b-5e57ae581398,PAR-049,CIC-2026-PV,2026-07-03,Uva,Media,7.98,0.88,7.022,55.25,61.39,0.9,613.9,23266.8,0.0,309.89,Goteo,39088.22,16514.23,7180.1,Manual,True,Deficit leve
7ea5c96d-af8e-4b14-9f01-a7f4853dc53d,PAR-049,CIC-2026-PV,2026-07-09,Uva,Media,8.23,0.86,7.078,57.11,63.45,0.9,634.5,24047.5,10.0,0.0,Goteo,40399.8,17068.53,7421.1,Manual,True,
ef9abdae-1760-4f36-97fd-0a394178fefa,PAR-049,CIC-2026-PV,2026-07-16,Uva,Media,7.71,0.84,6.476,52.74,58.6,0.9,586.0,22209.4,10.0,0.0,Goteo,37311.79,15763.74,6853.8,FAO-56 automatizado,True,
ab409eaf-a48a-4e8d-9389-fc37b9f0718f,PAR-049,CIC-2026-PV,2026-07-24,Uva,Media,7.75,0.83,6.433,44.59,49.55,0.9,495.5,18779.5,0.0,6.87,Goteo,31549.56,13329.42,5795.4,MILPIN,True,
174f0159-3ed2-465e-8074-7920c19167d6,PAR-049,CIC-2026-PV,2026-07-25,Uva,Media,7.8,0.85,6.63,46.69,51.88,0.9,518.8,19662.5,10.0,0.0,Goteo,33033.0,13955.94,6067.8,FAO-56 automatizado,True,
95c64c8a-f64d-419e-96fc-8bf7f5443a0a,PAR-049,CIC-2026-PV,2026-08-08,Uva,Media,7.25,0.88,6.38,48.35,53.72,0.9,537.2,20359.9,0.0,40.97,Goteo,34204.63,14451.13,6283.1,MILPIN,True,
611771a8-db98-4459-b2d3-b9409ce1034d,PAR-049,CIC-2026-PV,2026-08-28,Uva,Media,7.43,0.87,6.464,47.79,53.1,0.9,531.0,20124.9,0.0,81.49,Goteo,33809.83,14284.15,6210.5,MILPIN,True,Deficit leve
24e9d68c-7141-4393-bac1-e19bac8e5f45,PAR-049,CIC-2026-PV,2026-09-16,Uva,Final,6.66,0.663,4.416,39.62,44.02,0.9,440.2,16683.6,0.0,44.28,Goteo,28028.45,11841.78,5148.6,MILPIN,True,Deficit leve
13f6e5f0-00e5-4367-8cfc-55caa710b7f0,PAR-049,CIC-2026-PV,2026-09-29,Uva,Final,6.68,0.504,3.367,33.49,37.21,0.9,372.1,14102.6,0.0,10.28,Goteo,23692.37,10009.83,4352.1,MILPIN,False,
c259ad07-2cd7-4b5f-b75f-33a1b0be3b9f,PAR-050,CIC-2026-PV,2026-03-07,Chile,Inicial,6.04,0.57,3.443,32.07,49.34,0.65,493.4,18403.8,10.0,0.0,Gravedad,30918.38,13062.62,5679.4,Manual,True,
35598912-5996-4173-af95-f1e0f87305e4,PAR-050,CIC-2026-PV,2026-03-30,Chile,Desarrollo,6.25,0.661,4.131,39.13,60.2,0.65,602.0,22454.6,0.0,55.88,Gravedad,37723.73,15937.85,6929.5,MILPIN,False,
b3d1adf5-f160-4690-8c9e-d32fa209342e,PAR-050,CIC-2026-PV,2026-04-01,Chile,Desarrollo,7.57,0.687,5.201,38.66,59.48,0.65,594.8,22186.0,10.0,0.0,Gravedad,37272.48,15747.18,6846.6,MILPIN,False,Deficit leve
066b27aa-7144-4f0c-b050-544dfebcc789,PAR-050,CIC-2026-PV,2026-04-12,Chile,Desarrollo,7.29,0.799,5.825,50.02,76.96,0.65,769.6,28706.1,0.0,14.06,Gravedad,48226.25,20375.01,8858.7,MILPIN,True,
0e1e12d0-2685-4fe5-a63b-98cd48042a8e,PAR-050,CIC-2026-PV,2026-04-18,Chile,Desarrollo,7.72,0.896,6.917,55.07,84.72,0.65,847.2,31600.6,10.0,0.0,Gravedad,53089.01,22429.37,9751.9,MILPIN,False,
b8eac975-6311-4cd1-a350-a2d1de8259d4,PAR-050,CIC-2026-PV,2026-04-23,Chile,Desarrollo,7.65,0.93,7.115,55.02,84.65,0.65,846.5,31574.4,10.0,0.0,Gravedad,53044.99,22410.97,9743.9,MILPIN,True,
e59289fa-5263-41d5-b344-39fe377e28c2,PAR-050,CIC-2026-PV,2026-04-30,Chile,Desarrollo,7.56,1.07,8.089,67.03,103.12,0.65,1031.2,38463.8,10.0,0.0,Gravedad,64619.18,27300.77,11869.9,MILPIN,True,
34b759ae-3413-4d22-8636-2ebd13d3e4e4,PAR-050,CIC-2026-PV,2026-05-13,Chile,Media,8.23,1.02,8.395,56.21,86.47,0.65,864.7,32253.3,0.0,52.92,Gravedad,54185.54,22892.82,9953.4,FAO-56 automatizado,False,Deficit leve
f8638bbf-1694-4c59-af15-93cd448e2a67,PAR-050,CIC-2026-PV,2026-05-18,Chile,Media,8.38,1.02,8.548,57.39,88.29,0.65,882.9,32932.2,10.0,0.0,Gravedad,55326.1,23374.67,10162.9,MILPIN,True,
f51551a2-fd21-4600-bf94-2c8286d07fc3,PAR-050,CIC-2026-PV,2026-05-29,Chile,Media,8.3,1.01,8.383,52.14,80.21,0.65,802.1,29918.3,0.0,40.07,Gravedad,50262.74,21235.44,9232.8,MILPIN,False,
e400c108-f5e7-452f-b2e5-cffc54a2ea4a,PAR-051,CIC-2026-PV,2026-03-19,Algodon,Inicial,5.83,0.36,2.099,13.25,20.39,0.65,203.9,8217.2,0.0,24.53,Gravedad,13804.9,5832.34,2535.8,MILPIN,True,
ee01072e-ccd2-4a93-bfd8-f7a5b0dc4ca9,PAR-051,CIC-2026-PV,2026-03-21,Algodon,Inicial,6.26,0.31,1.941,9.32,14.34,0.65,143.4,5779.0,10.0,0.0,Gravedad,9708.72,4101.82,1783.4,MILPIN,True,Deficit leve
17c8bb8e-a10b-4c98-9806-2c00f2281185,PAR-051,CIC-2026-PV,2026-04-06,Algodon,Desarrollo,7.4,0.472,3.493,17.54,26.98,0.65,269.8,10872.9,0.0,38.35,Gravedad,18266.47,7717.42,3355.4,FAO-56 automatizado,True,
3149072a-1728-447b-ab20-95c3ea71f4e1,PAR-051,CIC-2026-PV,2026-04-16,Algodon,Desarrollo,7.47,0.662,4.945,21.92,33.72,0.65,337.2,13589.2,0.0,27.53,Gravedad,22829.86,9645.28,4193.6,MILPIN,True,
1684e0a9-d6fa-466a-bd1f-00fcd2d55dae,PAR-051,CIC-2026-PV,2026-04-17,Algodon,Desarrollo,7.46,0.629,4.692,22.1,34.0,0.65,340.0,13702.0,10.0,0.0,Gravedad,23019.36,9725.32,4228.4,MILPIN,True,
71068949-cafd-4746-a8fe-3816fff802a4,PAR-051,CIC-2026-PV,2026-05-04,Algodon,Desarrollo,8.74,0.958,8.373,35.93,55.27,0.65,552.7,22273.8,0.0,106.41,Gravedad,37419.98,15809.51,6873.7,MILPIN,True,
8155d269-a2d7-474f-9f7d-2192ecbc94e6,PAR-051,CIC-2026-PV,2026-05-16,Algodon,Desarrollo,8.25,1.092,9.009,39.47,60.73,0.65,607.3,24474.2,0.0,68.64,Gravedad,41116.66,17371.21,7552.7,FAO-56 automatizado,True,
730f4178-b1de-4b4b-92bb-76a6d5fc7dbc,PAR-051,CIC-2026-PV,2026-06-06,Algodon,Media,8.68,1.18,10.242,35.48,54.58,0.65,545.8,21995.7,0.0,179.6,Gravedad,36952.78,15612.17,6787.9,MILPIN,False,Deficit leve
f0fe44fe-cb33-4138-9fc9-21e5cfd5f5b1,PAR-051,CIC-2026-PV,2026-06-22,Algodon,Media,8.74,1.17,10.226,36.76,56.55,0.65,565.5,22789.6,0.0,126.86,Gravedad,38286.53,16175.67,7032.9,FAO-56 automatizado,True,
75a6a7e8-4b45-4683-b2de-bef7c53c6304,PAR-051,CIC-2026-PV,2026-07-06,Algodon,Media,7.96,1.18,9.393,37.87,58.26,0.65,582.6,23478.8,0.0,93.63,Gravedad,39444.38,16664.88,7245.6,MILPIN,True,
138245da-324d-41dd-adce-54e405890d55,PAR-051,CIC-2026-PV,2026-07-10,Algodon,Media,8.01,1.21,9.692,41.29,63.52,0.65,635.2,25598.6,6.5,0.0,Gravedad,43005.65,18169.31,7899.7,Manual,True,
dde3e4e8-20a3-440a-919a-99f8b03f0689,PAR-051,CIC-2026-PV,2026-07-26,Algodon,Final,8.12,1.097,8.908,36.68,56.43,0.65,564.3,22741.3,0.0,105.85,Gravedad,38205.38,16141.4,7018.0,MILPIN,True,
d6eebfe4-8cd5-4a57-88da-9a1d63bef522,PAR-051,CIC-2026-PV,2026-08-10,Algodon,Final,7.23,0.89,6.435,28.87,44.41,0.65,444.1,17897.2,0.0,67.65,Gravedad,30067.3,12703.13,5523.1,MILPIN,True,
d0eb7541-cc77-4e49-9953-033bc6459a88,PAR-052,CIC-2026-PV,2026-03-18,Uva,Inicial,6.14,0.34,2.088,26.01,28.9,0.9,289.0,3901.5,0.0,9.49,Goteo,6554.52,2769.2,1204.0,FAO-56 automatizado,True,
cbd3a8bb-cc76-4ba3-acba-fa89cc1eb593,PAR-052,CIC-2026-PV,2026-03-19,Uva,Inicial,6.04,0.34,2.054,24.48,27.2,0.9,272.0,3672.0,10.0,0.0,Goteo,6168.96,2606.36,1133.2,MILPIN,True,
2049217d-d5d0-4182-8ea3-3d15218ed8a9,PAR-052,CIC-2026-PV,2026-03-26,Uva,Desarrollo,6.23,0.369,2.299,30.42,33.8,0.9,338.0,4563.0,10.0,0.0,Goteo,7665.84,3238.63,1408.1,FAO-56 automatizado,False,
16d9ab09-da29-4c7a-b4e5-a746faa3c463,PAR-052,CIC-2026-PV,2026-04-01,Uva,Desarrollo,7.77,0.431,3.349,31.7,35.22,0.9,352.2,4754.7,10.0,0.0,Goteo,7987.9,3374.79,1467.3,MILPIN,True,Deficit leve
b71fdf64-630e-4604-8b8e-caace61cc0b6,PAR-052,CIC-2026-PV,2026-05-03,Uva,Media,8.19,0.84,6.88,59.22,65.8,0.9,658.0,8883.0,0.0,160.94,Goteo,14923.44,6304.99,2741.3,MILPIN,True,
d7944a4a-b6ae-4767-ab18-af81ad7e08e8,PAR-052,CIC-2026-PV,2026-05-08,Uva,Media,8.16,0.82,6.691,54.74,60.82,0.9,608.2,8210.7,10.0,0.0,Goteo,13793.98,5827.74,2533.8,MILPIN,True,
b6e6321d-842d-4189-99b1-3f31f78c93e9,PAR-052,CIC-2026-PV,2026-05-18,Uva,Media,8.22,0.83,6.823,69.1,76.78,0.9,767.8,10365.3,1.3,0.0,Goteo,17413.7,7357.01,3198.7,Manual,True,
120f1359-114d-4225-a0b0-5b9fbc6d35a5,PAR-052,CIC-2026-PV,2026-05-30,Uva,Media,8.71,0.81,7.055,54.07,60.08,0.9,600.8,8110.8,0.0,30.59,Goteo,13626.14,5756.9,2503.0,Manual,True,
98870c1c-5bea-46a2-b046-dd4bfc7379e3,PAR-052,CIC-2026-PV,2026-06-06,Uva,Media,8.74,0.84,7.342,59.22,65.8,0.9,658.0,8883.0,10.0,0.0,Goteo,14923.44,6304.99,2741.3,MILPIN,True,
83bb0c8e-d29a-4b6c-8d70-0fac475d436b,PAR-052,CIC-2026-PV,2026-06-29,Uva,Media,9.06,0.84,7.61,63.63,70.7,0.9,707.0,9544.5,0.0,111.4,Goteo,16034.76,6774.42,2945.4,Manual,True,
7f1008a6-26f2-4954-ad0d-b4f87d276557,PAR-052,CIC-2026-PV,2026-07-02,Uva,Media,8.04,0.88,7.075,69.3,77.0,0.9,770.0,10395.0,10.0,0.0,Goteo,17463.6,7378.17,3207.9,MILPIN,True,
9acdb42f-6281-4fac-887d-5eb6eaa2c41a,PAR-052,CIC-2026-PV,2026-09-04,Uva,Final,6.32,0.78,4.93,65.52,72.8,0.9,728.0,9828.0,0.0,250.0,Goteo,16511.04,6975.67,3032.9,MILPIN,True,
ab8c1693-e69f-435a-8560-d99da01a26c3,PAR-052,CIC-2026-PV,2026-09-30,Uva,Final,6.18,0.473,2.923,36.53,40.59,0.9,405.9,5479.6,0.0,39.47,Goteo,9205.73,3889.3,1691.0,Manual,True,Deficit leve
1944c671-d573-44c9-b31e-f23fd08a9884,PAR-053,CIC-2026-PV,2026-03-22,Maiz,Desarrollo,6.06,0.356,2.157,14.88,18.15,0.82,181.5,2668.0,0.0,30.42,Microaspersion,4482.24,1893.59,823.3,Manual,False,Deficit leve
48c45ed9-c533-4c2c-882d-fd602154e895,PAR-053,CIC-2026-PV,2026-04-01,Maiz,Desarrollo,7.46,0.623,4.648,24.14,29.44,0.82,294.4,4327.7,0.0,22.34,Microaspersion,7270.54,3071.65,1335.5,MILPIN,True,
47cef54e-64a5-4e21-836a-b887c54c0329,PAR-053,CIC-2026-PV,2026-04-05,Maiz,Desarrollo,7.74,0.656,5.077,32.06,39.1,0.82,391.0,5747.7,10.0,0.0,Microaspersion,9656.14,4079.51,1773.7,MILPIN,True,
322bc60f-ee35-4802-819d-fcb860fb8ead,PAR-053,CIC-2026-PV,2026-04-25,Maiz,Desarrollo,7.19,1.2,8.628,52.33,63.82,0.82,638.2,9381.5,0.0,120.23,Microaspersion,15760.92,6658.73,2895.1,Manual,False,
b309b97c-4aca-403c-8ad5-c8867a5cb615,PAR-053,CIC-2026-PV,2026-05-02,Maiz,Media,8.21,1.24,10.18,48.61,59.28,0.82,592.8,8714.2,0.0,22.65,Microaspersion,14639.86,6185.16,2689.2,MILPIN,True,
2d53d7e5-b61a-4fd8-b0f2-d0cd6d4ae4ee,PAR-053,CIC-2026-PV,2026-05-19,Maiz,Media,8.17,1.2,9.804,56.56,68.97,0.82,689.7,10138.6,0.0,110.11,Microaspersion,17032.85,7196.24,3128.8,MILPIN,True,Deficit leve
75172778-60ac-4783-bb15-c0a26ccaca0a,PAR-053,CIC-2026-PV,2026-06-11,Maiz,Final,9.31,1.07,9.962,50.43,61.5,0.82,615.0,9040.5,0.0,178.7,Microaspersion,15188.04,6416.77,2789.9,MILPIN,True,
de3c1710-1659-4355-b9c3-ccab3da0d473,PAR-053,CIC-2026-PV,2026-06-15,Maiz,Final,9.18,0.96,8.813,43.13,52.6,0.82,526.0,7732.2,10.0,0.0,Microaspersion,12990.1,5488.26,2386.2,Manual,True,Deficit leve
868d8746-e0c9-4e6a-acaa-10bc8b2020eb,PAR-053,CIC-2026-PV,2026-06-19,Maiz,Final,8.96,0.93,8.333,37.69,45.96,0.82,459.6,6756.1,10.0,0.0,Microaspersion,11350.25,4795.27,2084.9,MILPIN,True,
5cc49665-1149-4c18-b71e-df9909047de3,PAR-053,CIC-2026-PV,2026-06-20,Maiz,Final,9.32,0.9,8.388,42.02,51.25,0.82,512.5,7533.8,10.0,0.0,Microaspersion,12656.78,5347.27,2324.9,Manual,True,Deficit leve
6d0c9676-0617-4592-8082-b811575eef08,PAR-053,CIC-2026-PV,2026-06-26,Maiz,Final,9.33,0.75,6.998,36.34,44.32,0.82,443.2,6515.0,0.0,5.65,Microaspersion,10945.2,4624.15,2010.5,Manual,True,
4adbe428-1005-493c-983b-f89741aa7849,PAR-053,CIC-2026-PV,2026-07-02,Maiz,Final,8.33,0.62,5.165,30.04,36.64,0.82,366.4,5386.1,0.0,0.95,Microaspersion,9048.65,3823.06,1662.2,MILPIN,True,
850add18-c6df-4ee3-ad91-198a44d1d25e,PAR-053,CIC-2026-PV,2026-07-10,Maiz,Final,7.76,0.62,4.811,24.85,30.31,0.82,303.1,4455.6,0.0,13.64,Microaspersion,7485.41,3162.5,1375.0,MILPIN,True,
28009a08-a637-4164-9891-e8f8d9ec77a9,PAR-053,CIC-2026-PV,2026-07-11,Maiz,Final,8.3,0.6,4.98,26.96,32.88,0.82,328.8,4833.4,10.0,0.0,Microaspersion,8120.11,3430.68,1491.6,FAO-56 automatizado,False,
da08de39-8811-444e-9d08-2d2264f1492d,PAR-054,CIC-2026-PV,2026-03-12,Maiz,Inicial,6.06,0.33,2.0,24.68,30.85,0.8,308.5,5182.8,10.0,0.0,Aspersion,8707.1,3678.62,1599.4,Manual,True,Deficit leve
8a31b5af-42f0-41db-ba34-52b713b05f9d,PAR-054,CIC-2026-PV,2026-03-17,Maiz,Inicial,6.28,0.29,1.821,18.65,23.31,0.8,233.1,3916.1,10.0,0.0,Aspersion,6579.05,2779.55,1208.5,FAO-56 automatizado,True,
b0b17ccd-52e8-4253-99e0-6780e439dd4b,PAR-054,CIC-2026-PV,2026-03-21,Maiz,Inicial,6.3,0.27,1.701,18.68,23.35,0.8,233.5,3922.8,10.0,0.0,Aspersion,6590.3,2784.38,1210.6,MILPIN,True,Deficit leve
7a7a4653-6d3a-4d3a-97f0-87049072052e,PAR-054,CIC-2026-PV,2026-03-29,Maiz,Desarrollo,5.9,0.516,3.044,37.85,47.31,0.8,473.1,7948.1,10.0,0.0,Aspersion,13352.81,5641.44,2452.8,MILPIN,False,
7bb652cc-493d-47e1-8e01-9364b269ea81,PAR-054,CIC-2026-PV,2026-04-19,Maiz,Desarrollo,7.7,1.016,7.823,69.58,86.97,0.8,869.7,14611.0,0.0,94.7,Aspersion,24546.48,10370.7,4509.0,MILPIN,True,
304bccfd-5578-400e-a725-58a3b3a0ebea,PAR-054,CIC-2026-PV,2026-04-21,Maiz,Desarrollo,7.78,1.107,8.612,79.7,99.63,0.8,996.3,16737.8,10.0,0.0,Aspersion,28119.5,11880.19,5165.3,MILPIN,True,
2758146b-bc55-4585-a94c-fb574c7324fe,PAR-054,CIC-2026-PV,2026-05-11,Maiz,Media,8.78,1.17,10.273,85.87,107.34,0.8,1073.4,18033.1,0.0,119.59,Aspersion,30295.61,12799.5,5565.0,Manual,True,
148e59b0-4e74-4095-ae45-e48b2dba2a46,PAR-054,CIC-2026-PV,2026-05-26,Maiz,Media,8.41,1.17,9.84,74.42,93.02,0.8,930.2,15627.4,0.0,73.18,Aspersion,26254.03,11091.98,4822.6,FAO-56 automatizado,True,
c2fe5d1a-9440-4692-9001-13613bccde1c,PAR-054,CIC-2026-PV,2026-06-21,Maiz,Final,9.12,0.89,8.117,60.97,76.21,0.8,762.1,12803.3,0.0,150.07,Aspersion,21509.54,9087.53,3951.1,MILPIN,True,Deficit leve
a26028c6-9b83-4aee-b81c-556cbeb945e9,PAR-054,CIC-2026-PV,2026-07-05,Maiz,Final,8.3,0.61,5.063,44.77,55.96,0.8,559.6,9401.3,0.0,26.11,Aspersion,15794.18,6672.76,2901.2,MILPIN,False,
dcbe9cfe-a12c-4680-b1aa-e4ca5f9a4c15,PAR-055,CIC-2026-PV,2026-03-12,Algodon,Inicial,6.0,0.31,1.86,17.14,19.05,0.9,190.5,6305.6,0.0,3.32,Goteo,10593.41,4475.57,1945.9,MILPIN,True,
6740607b-89ae-4209-a6e8-1f922535d19e,PAR-055,CIC-2026-PV,2026-03-22,Algodon,Inicial,6.02,0.35,2.107,18.97,21.08,0.9,210.8,6977.5,0.0,2.1,Goteo,11722.2,4952.59,2153.3,Manual,True,
0e38216a-7192-4577-98e7-e48f7252f5c6,PAR-055,CIC-2026-PV,2026-04-13,Algodon,Desarrollo,7.25,0.541,3.922,27.57,30.63,0.9,306.3,10138.5,0.0,58.71,Goteo,17032.68,7196.01,3128.7,FAO-56 automatizado,True,Deficit leve
76d1295b-c8c4-4059-90e3-c156f58ba31f,PAR-055,CIC-2026-PV,2026-05-12,Algodon,Desarrollo,8.46,1.034,8.748,57.17,63.52,0.9,635.2,21025.1,0.0,196.52,Goteo,35322.17,14923.09,6488.3,FAO-56 automatizado,True,
09cadac1-f786-48f4-9b2c-8a8e14bf0d1f,PAR-055,CIC-2026-PV,2026-05-13,Algodon,Desarrollo,8.21,1.121,9.203,54.69,60.77,0.9,607.7,20114.9,10.0,0.0,Goteo,33793.03,14277.25,6207.5,MILPIN,True,
8ba5c198-09d9-43b0-b1d6-326531b572c8,PAR-055,CIC-2026-PV,2026-05-24,Algodon,Media,8.32,1.19,9.901,67.09,74.54,0.9,745.4,24672.7,0.0,41.82,Goteo,41450.14,17512.2,7614.0,Manual,True,
c86cde09-3e1e-4a9c-9357-8da923787c89,PAR-055,CIC-2026-PV,2026-06-23,Algodon,Media,9.35,1.22,11.407,72.09,80.1,0.9,801.0,26513.1,0.0,270.12,Goteo,44542.01,18818.37,8181.9,FAO-56 automatizado,True,
73a0e62d-3222-47c5-86f1-5574e5fe63dc,PAR-055,CIC-2026-PV,2026-06-27,Algodon,Media,8.98,1.23,11.045,65.34,72.6,0.9,726.0,24030.6,10.0,0.0,Goteo,40371.41,17056.34,7415.8,MILPIN,True,
5705e63e-83c5-4da4-94ad-b21b7c7e7711,PAR-055,CIC-2026-PV,2026-06-29,Algodon,Media,8.68,1.19,10.329,60.63,67.37,0.9,673.7,22299.5,10.0,0.0,Goteo,37463.16,15827.68,6881.6,Manual,True,
1b515db0-7955-4d84-95d9-bdbd682c6b6b,PAR-055,CIC-2026-PV,2026-07-14,Algodon,Media,7.88,1.2,9.456,70.25,78.06,0.9,780.6,25837.9,0.0,71.59,Goteo,43407.67,18339.28,7973.6,MILPIN,False,
adf11992-f798-4a8d-89bb-07b1a68bdb45,PAR-055,CIC-2026-PV,2026-08-09,Algodon,Final,7.78,0.881,6.854,45.38,50.42,0.9,504.2,16689.0,0.0,132.82,Goteo,28037.52,11845.46,5150.2,MILPIN,True,
b3a4c786-f56c-4a36-9acf-2f72a9dd9b32,PAR-056,CIC-2026-PV,2026-03-09,Frijol,Inicial,6.03,0.41,2.472,34.22,38.02,0.9,380.2,5208.7,10.0,0.0,Goteo,8750.62,3697.02,1607.4,MILPIN,True,
f7e0d8a0-d069-40dc-aaa2-6100a3987dd0,PAR-056,CIC-2026-PV,2026-03-10,Frijol,Inicial,5.65,0.39,2.204,30.1,33.44,0.9,334.4,4581.3,10.0,0.0,Goteo,7696.58,3251.74,1413.8,Manual,True,
92f88eab-8362-49b1-97ad-ed6d542a94a9,PAR-056,CIC-2026-PV,2026-03-30,Frijol,Desarrollo,5.71,0.595,3.397,44.51,49.45,0.9,494.5,6774.6,0.0,23.43,Goteo,11381.33,4808.38,2090.6,Manual,False,
1b0886d9-fdd1-4777-b033-3b3045d8b688,PAR-056,CIC-2026-PV,2026-04-10,Frijol,Desarrollo,7.7,0.92,7.084,78.23,86.92,0.9,869.2,11908.0,0.4,0.0,Goteo,20005.44,8452.04,3674.8,Manual,True,
e396f2d0-60fa-47e3-8fa4-108d063546fe,PAR-056,CIC-2026-PV,2026-04-12,Frijol,Desarrollo,7.59,0.95,7.21,83.03,92.25,0.9,922.5,12638.2,10.0,0.0,Goteo,21232.18,8970.23,3900.1,Manual,True,
1b123299-6665-481c-b880-75279be7553e,PAR-056,CIC-2026-PV,2026-04-15,Frijol,Desarrollo,7.53,1.055,7.944,88.88,98.75,0.9,987.5,13528.8,10.0,0.0,Goteo,22728.38,9602.5,4175.0,MILPIN,True,Deficit leve
5af63065-230f-4f94-aed8-64e9f4a2812b,PAR-056,CIC-2026-PV,2026-04-29,Frijol,Media,7.43,1.17,8.693,94.89,105.43,0.9,1054.3,14443.9,0.0,26.81,Goteo,24265.75,10252.02,4457.4,FAO-56 automatizado,True,Deficit leve
9e03339f-e7d6-49e4-932b-3846772f16f7,PAR-056,CIC-2026-PV,2026-05-28,Frijol,Final,8.42,0.85,7.157,63.58,70.64,0.9,706.4,9677.7,0.0,143.97,Goteo,16258.54,6868.95,2986.5,MILPIN,True,Deficit leve
263ce7a3-40a2-42c4-b907-71a5eb25b5bd,PAR-056,CIC-2026-PV,2026-06-03,Frijol,Final,8.83,0.56,4.945,42.33,47.03,0.9,470.3,6443.1,10.0,0.0,Goteo,10824.41,4573.09,1988.3,MILPIN,True,Deficit leve
bfb9a78f-acf0-4ebc-906b-d368f4c5f654,PAR-056,CIC-2026-PV,2026-06-14,Frijol,Final,8.74,0.33,2.884,26.5,29.45,0.9,294.5,4034.6,0.0,5.22,Goteo,6778.13,2863.73,1245.1,MILPIN,True,
0633a605-5d59-48f6-b98d-434e394fae0b,PAR-057,CIC-2026-PV,2026-03-17,Algodon,Inicial,5.69,0.38,2.162,17.62,27.11,0.65,271.1,3822.5,0.0,16.97,Gravedad,6421.8,2713.08,1179.6,MILPIN,True,
15adb250-d578-4d66-890f-79c2d721a1fa,PAR-057,CIC-2026-PV,2026-03-21,Algodon,Inicial,6.11,0.35,2.139,15.42,23.72,0.65,237.2,3344.5,10.0,0.0,Gravedad,5618.76,2373.83,1032.1,MILPIN,True,Deficit leve
247a41bf-660b-47ad-a514-ccc52175ee38,PAR-057,CIC-2026-PV,2026-03-24,Algodon,Inicial,5.83,0.37,2.157,15.27,23.49,0.65,234.9,3312.1,10.0,0.0,Gravedad,5564.33,2350.83,1022.1,FAO-56 automatizado,False,
86d5d6cb-9f97-4f70-ba8f-ba5e823eae6e,PAR-057,CIC-2026-PV,2026-03-26,Algodon,Inicial,6.26,0.37,2.316,18.36,28.24,0.65,282.4,3981.8,10.0,0.0,Gravedad,6689.42,2826.24,1228.8,Manual,True,
6900841d-3edf-44d2-8661-e1e84e676c77,PAR-057,CIC-2026-PV,2026-04-04,Algodon,Desarrollo,7.5,0.398,2.985,16.43,25.27,0.65,252.7,3563.1,0.0,10.43,Gravedad,5986.01,2529.08,1099.6,FAO-56 automatizado,True,
3b9efff1-d083-4d88-8359-80fdfcdb3d9a,PAR-057,CIC-2026-PV,2026-05-03,Algodon,Desarrollo,8.72,0.901,7.857,45.96,70.7,0.65,707.0,9968.7,0.0,181.89,Gravedad,16747.42,7075.49,3076.3,MILPIN,True,
02f553fe-4b2f-448f-a664-f5a5a19c8074,PAR-057,CIC-2026-PV,2026-05-08,Algodon,Desarrollo,8.49,0.986,8.371,45.26,69.63,0.65,696.3,9817.8,8.1,0.0,Gravedad,16493.9,6968.54,3029.8,Manual,False,Deficit leve
bda24f6a-1726-4cd2-994c-a9b4874872f5,PAR-057,CIC-2026-PV,2026-06-03,Algodon,Media,8.97,1.22,10.943,62.79,96.6,0.65,966.0,13620.6,0.0,221.73,Gravedad,22882.61,9667.59,4203.3,MILPIN,False,
5c783472-6c81-4658-8005-a52026480551,PAR-057,CIC-2026-PV,2026-06-11,Algodon,Media,9.2,1.17,10.764,58.05,89.3,0.65,893.0,12591.3,0.0,28.06,Gravedad,21153.38,8937.11,3885.7,MILPIN,True,
934746af-c691-4b75-a0d3-6a50b555bea4,PAR-057,CIC-2026-PV,2026-06-22,Algodon,Media,9.25,1.2,11.1,53.97,83.03,0.65,830.3,11707.2,0.0,68.13,Gravedad,19668.1,8309.44,3612.8,FAO-56 automatizado,False,
efcfef9b-6bb2-4247-bc3e-ecaf26b3c4d1,PAR-057,CIC-2026-PV,2026-07-05,Algodon,Media,8.25,1.18,9.735,50.34,77.44,0.65,774.4,10919.0,0.0,76.21,Gravedad,18343.92,7750.08,3369.6,FAO-56 automatizado,True,
b219d572-f956-40d8-bfd9-ffaf87e40a07,PAR-057,CIC-2026-PV,2026-08-27,Algodon,Final,7.19,0.701,5.04,31.86,49.01,0.65,490.1,6910.4,0.0,235.26,Gravedad,11609.47,4904.75,2132.5,MILPIN,True,
0481a6fd-3d23-41f3-ba79-16d1f3f07d53,PAR-058,CIC-2026-PV,2026-03-08,Uva,Inicial,5.67,0.27,1.531,21.72,24.13,0.9,241.3,2195.8,10.0,0.0,Goteo,3688.94,1558.48,677.6,MILPIN,True,
266880f4-d65f-4ac9-87be-cebfd5921d2f,PAR-058,CIC-2026-PV,2026-04-05,Uva,Desarrollo,7.21,0.526,3.792,51.73,57.48,0.9,574.8,5230.7,0.0,54.45,Goteo,8787.58,3712.66,1614.2,Manual,False,
2d841745-8499-4f4b-8952-513212e71ac7,PAR-058,CIC-2026-PV,2026-04-13,Uva,Desarrollo,7.52,0.616,4.632,55.07,61.19,0.9,611.9,5568.3,10.0,0.0,Goteo,9354.74,3952.32,1718.4,FAO-56 automatizado,False,
ccf1ed99-f146-4702-bcda-eecfdf8a7db7,PAR-058,CIC-2026-PV,2026-04-16,Uva,Desarrollo,7.68,0.698,5.361,69.81,77.57,0.9,775.7,7058.9,10.0,0.0,Goteo,11858.95,5010.32,2178.4,MILPIN,True,Deficit leve
01e47ef5-f3a1-4b02-be61-430213d94618,PAR-058,CIC-2026-PV,2026-04-19,Uva,Desarrollo,7.51,0.699,5.249,61.2,68.0,0.9,680.0,6188.0,10.0,0.0,Goteo,10395.84,4392.08,1909.6,FAO-56 automatizado,False,
9e4918b0-7df8-4e12-b1a5-e3d1c66317c9,PAR-058,CIC-2026-PV,2026-04-22,Uva,Desarrollo,7.29,0.75,5.468,60.33,67.03,0.9,670.3,6099.7,10.0,0.0,Goteo,10247.5,4329.52,1882.4,Manual,True,
0c31fa65-5a15-4139-a00e-97acd018e6ca,PAR-058,CIC-2026-PV,2026-05-20,Uva,Media,8.46,0.83,7.022,79.37,88.19,0.9,881.9,8025.3,0.0,117.25,Goteo,13482.5,5696.18,2476.6,MILPIN,False,
cbf2c1f6-1707-4667-8d87-84ce733ef125,PAR-058,CIC-2026-PV,2026-06-22,Uva,Media,8.96,0.82,7.347,82.08,91.2,0.9,912.0,8299.2,0.0,160.37,Goteo,13942.66,5890.53,2561.1,FAO-56 automatizado,False,
e05b14e4-0886-4b59-8fc3-ba3e84ddaf40,PAR-058,CIC-2026-PV,2026-08-25,Uva,Media,7.6,0.84,6.384,73.57,81.74,0.9,817.4,7438.3,0.0,335.01,Goteo,12496.34,5279.65,2295.5,MILPIN,True,
d0073ce8-5b15-4685-890f-a3398f24af9e,PAR-058,CIC-2026-PV,2026-08-30,Uva,Final,7.19,0.797,5.73,71.95,79.95,0.9,799.5,7275.4,10.0,0.0,Goteo,12222.67,5163.96,2245.2,MILPIN,True,
f6582639-2b8a-479f-9a50-bf89a5591ab8,PAR-059,CIC-2026-PV,2026-03-18,Maiz,Inicial,5.98,0.31,1.854,14.24,17.36,0.82,173.6,6579.4,0.0,17.28,Microaspersion,11053.39,4669.92,2030.4,MILPIN,False,
5ccfcc7b-68ed-4b23-b406-176bf41c7dd1,PAR-059,CIC-2026-PV,2026-04-06,Maiz,Desarrollo,7.23,0.731,5.285,35.17,42.89,0.82,428.9,16255.3,0.0,65.25,Microaspersion,27308.9,11537.72,5016.4,MILPIN,False,
dccb2dea-eb8e-496d-9351-71010462cca0,PAR-059,CIC-2026-PV,2026-04-07,Maiz,Desarrollo,7.35,0.717,5.27,31.38,38.27,0.82,382.7,14504.3,10.0,0.0,Microaspersion,24367.22,10294.8,4476.0,FAO-56 automatizado,True,Deficit leve
eb2e59fc-ee5e-4a87-873f-32bdf9bca7b7,PAR-059,CIC-2026-PV,2026-04-18,Maiz,Desarrollo,7.66,1.01,7.737,49.0,59.76,0.82,597.6,22649.0,0.0,36.11,Microaspersion,38050.32,16075.85,6989.5,FAO-56 automatizado,True,
32736ae8-605e-442e-81a0-08d252a250c3,PAR-059,CIC-2026-PV,2026-04-19,Maiz,Desarrollo,7.68,1.026,7.88,41.77,50.94,0.82,509.4,19306.3,10.0,0.0,Microaspersion,32434.58,13703.17,5957.9,MILPIN,True,
b3e1a0d6-f1db-4cca-870c-cc22d296bf32,PAR-059,CIC-2026-PV,2026-05-12,Maiz,Media,8.67,1.22,10.577,52.85,64.45,0.82,644.5,24426.5,0.0,190.42,Microaspersion,41036.52,17337.4,7538.0,MILPIN,True,Deficit leve
f9e5f8af-035a-48c9-b9b0-cea67c6bfab7,PAR-059,CIC-2026-PV,2026-05-24,Maiz,Media,8.53,1.24,10.577,55.87,68.13,0.82,681.3,25821.3,0.0,71.05,Microaspersion,43379.78,18327.55,7968.5,MILPIN,False,
0e5a0198-2950-4d00-9c69-b60ee3f8bbe1,PAR-059,CIC-2026-PV,2026-06-02,Maiz,Media,9.15,1.18,10.797,53.16,64.83,0.82,648.3,24570.6,0.0,44.01,Microaspersion,41278.61,17439.75,7582.5,MILPIN,False,
15587f33-0289-4af4-9036-9a440486579f,PAR-059,CIC-2026-PV,2026-06-03,Maiz,Media,9.07,1.16,10.521,48.75,59.45,0.82,594.5,22531.5,10.0,0.0,Microaspersion,37852.92,15992.36,6953.2,MILPIN,False,
d63a2412-fc16-4d57-b53c-1eabcb654f7a,PAR-059,CIC-2026-PV,2026-06-08,Maiz,Final,8.88,1.16,10.301,51.76,63.12,0.82,631.2,23922.5,0.5,0.0,Microaspersion,40189.8,16979.75,7382.5,MILPIN,True,
533c9805-9305-4f7f-9841-38247e264b9f,PAR-059,CIC-2026-PV,2026-06-12,Maiz,Final,8.88,1.02,9.058,44.63,54.43,0.82,544.3,20629.0,10.0,0.0,Microaspersion,34656.72,14642.03,6366.1,MILPIN,True,
1d649d23-1afe-4f59-8761-462fc6e8a7f9,PAR-059,CIC-2026-PV,2026-07-02,Maiz,Final,7.88,0.65,5.122,26.47,32.28,0.82,322.8,12234.1,0.0,75.97,Microaspersion,20553.29,8683.42,3775.4,MILPIN,True,
bd2fbe32-c1d2-4590-af87-a3931c27d5b8,PAR-059,CIC-2026-PV,2026-07-15,Maiz,Final,8.2,0.58,4.756,26.63,32.48,0.82,324.8,12309.9,0.0,35.2,Microaspersion,20680.63,8737.24,3798.8,Manual,True,
2f146cc8-06c9-4614-8ff4-070e76b96060,PAR-060,CIC-2026-PV,2026-03-19,Maiz,Inicial,5.74,0.33,1.894,12.88,15.71,0.82,157.1,7038.1,0.0,21.21,Microaspersion,11824.01,4995.6,2172.0,Manual,True,
f34153df-5e18-4a4d-9e7f-e8d51c779ec4,PAR-060,CIC-2026-PV,2026-03-23,Maiz,Desarrollo,6.26,0.381,2.385,15.62,19.05,0.82,190.5,8534.4,10.0,0.0,Microaspersion,14337.79,6057.51,2633.7,Manual,True,
96a0f4ab-57ad-4159-8202-5bf0c3956ee2,PAR-060,CIC-2026-PV,2026-04-19,Maiz,Desarrollo,7.84,1.066,8.357,41.6,50.73,0.82,507.3,22727.0,0.0,184.04,Microaspersion,38181.36,16131.28,7013.6,MILPIN,False,
f2ad3fcc-b73c-494e-a282-fd930f18a5d2,PAR-060,CIC-2026-PV,2026-04-28,Maiz,Media,7.57,1.2,9.084,44.06,53.73,0.82,537.3,24071.0,0.0,37.7,Microaspersion,40439.28,17085.09,7428.3,MILPIN,True,
b15926b6-290d-472b-bd76-fe8b8a9f487b,PAR-060,CIC-2026-PV,2026-05-10,Maiz,Media,8.24,1.21,9.97,46.76,57.02,0.82,570.2,25545.0,0.0,72.88,Microaspersion,42915.6,18131.36,7883.2,MILPIN,False,
05efa6c0-6f1f-432f-9684-e8d886333638,PAR-060,CIC-2026-PV,2026-05-11,Maiz,Media,8.25,1.2,9.9,44.99,54.86,0.82,548.6,24577.3,10.0,0.0,Microaspersion,41289.86,17444.58,7584.6,MILPIN,False,
95655886-8f0c-4473-9b31-76bafaeb2753,PAR-060,CIC-2026-PV,2026-05-12,Maiz,Media,8.84,1.22,10.785,47.62,58.07,0.82,580.7,26015.4,10.0,0.0,Microaspersion,43705.87,18465.32,8028.4,FAO-56 automatizado,True,
9b680950-d521-43e8-8d2e-16d40e7661ff,PAR-060,CIC-2026-PV,2026-05-16,Maiz,Media,8.34,1.17,9.758,49.73,60.65,0.82,606.5,27171.2,10.0,0.0,Microaspersion,45647.62,19285.5,8385.0,Manual,True,Deficit leve
b84ecbff-338b-43ff-9669-0866d4d0247d,PAR-060,CIC-2026-PV,2026-05-18,Maiz,Media,8.46,1.21,10.237,47.22,57.59,0.82,575.9,25800.3,10.0,0.0,Microaspersion,43344.5,18312.6,7962.0,MILPIN,True,
ed14d59d-1285-487b-ad27-4fa00c0aaf69,PAR-060,CIC-2026-PV,2026-06-02,Maiz,Media,8.76,1.21,10.6,42.55,51.89,0.82,518.9,23246.7,0.0,116.45,Microaspersion,39054.46,16499.97,7173.9,Manual,True,
ed4bbc54-f24b-416a-b87a-0a6228f43251,PAR-060,CIC-2026-PV,2026-06-06,Maiz,Final,9.29,1.19,11.055,42.31,51.6,0.82,516.0,23116.8,0.0,1.91,Microaspersion,38836.22,16407.74,7133.8,Manual,True,
7e2d3695-c3a1-4229-a31b-aaf49cd115e2,PAR-060,CIC-2026-PV,2026-06-22,Maiz,Final,9.01,0.86,7.749,33.23,40.53,0.82,405.3,18157.4,0.0,90.75,Microaspersion,30504.43,12887.82,5603.4,MILPIN,True,Deficit leve
917a319d-1097-4df4-9586-ad59a59380aa,PAR-060,CIC-2026-PV,2026-06-23,Maiz,Final,9.3,0.81,7.533,28.8,35.12,0.82,351.2,15733.8,10.0,0.0,Microaspersion,26432.78,11167.65,4855.5,MILPIN,True,
2f50df2a-fc62-4cf2-b5cd-a50935d0e8b8,PAR-060,CIC-2026-PV,2026-07-15,Maiz,Final,7.66,0.61,4.673,22.16,27.02,0.82,270.2,12105.0,0.0,80.65,Microaspersion,20336.4,8591.88,3735.6,MILPIN,True,
9ebaa16c-1dc5-4b4d-a05d-c431e46839c5,PAR-061,CIC-2026-PV,2026-03-13,Uva,Inicial,6.31,0.32,2.019,20.44,25.55,0.8,255.5,4317.9,0.0,3.79,Aspersion,7254.07,3064.75,1332.5,MILPIN,False,
da0fcd1e-b28c-42eb-ba19-31032352501c,PAR-061,CIC-2026-PV,2026-03-17,Uva,Inicial,5.94,0.27,1.604,17.93,22.41,0.8,224.1,3787.3,10.0,0.0,Aspersion,6362.66,2688.24,1168.8,Manual,True,
9a6d4c11-0d85-44ad-99aa-f9c4c5a0fb00,PAR-061,CIC-2026-PV,2026-04-04,Uva,Desarrollo,7.37,0.492,3.626,30.23,37.79,0.8,377.9,6386.5,0.0,35.04,Aspersion,10729.32,4533.07,1970.9,Manual,True,
5b537d9e-4947-4a4c-be54-9053f3188cd6,PAR-061,CIC-2026-PV,2026-06-11,Uva,Media,9.2,0.88,8.096,49.06,61.32,0.8,613.2,10363.1,0.0,501.47,Aspersion,17410.01,7355.63,3198.1,MILPIN,True,
32cd3471-caf3-4a4a-adb0-23f13d800d25,PAR-061,CIC-2026-PV,2026-06-25,Uva,Media,8.97,0.83,7.445,55.1,68.88,0.8,688.8,11640.7,0.0,49.13,Aspersion,19556.38,8262.29,3592.3,MILPIN,True,
cc8809dd-354d-4d6d-af74-9db0eaffa9fc,PAR-061,CIC-2026-PV,2026-07-07,Uva,Media,8.31,0.84,6.98,58.4,73.0,0.8,730.0,12337.0,0.0,25.36,Aspersion,20726.16,8756.56,3807.2,Manual,True,
c263cd4a-132c-4ffc-adf2-cc75c3d7b089,PAR-061,CIC-2026-PV,2026-07-14,Uva,Media,7.88,0.82,6.462,56.5,70.62,0.8,706.2,11934.8,10.0,0.0,Aspersion,20050.46,8471.13,3683.1,MILPIN,True,
1fece1f8-05d1-4941-a53f-f3a4f4a3182c,PAR-061,CIC-2026-PV,2026-07-26,Uva,Media,7.92,0.81,6.415,47.69,59.61,0.8,596.1,10074.1,0.0,29.29,Aspersion,16924.49,7150.47,3108.9,MILPIN,True,
44b58546-49e8-4947-bea6-6fc4ffb07857,PAR-061,CIC-2026-PV,2026-08-05,Uva,Media,7.43,0.87,6.464,52.86,66.07,0.8,660.7,11165.8,0.0,11.78,Aspersion,18758.54,7925.34,3445.8,MILPIN,True,
7acce9d4-2c12-4b51-bf29-424d25cdd147,PAR-061,CIC-2026-PV,2026-08-14,Uva,Media,7.74,0.88,6.811,61.73,77.16,0.8,771.6,13040.0,0.7,0.0,Aspersion,21907.2,9255.43,4024.1,MILPIN,False,
795876b0-dcaa-4d1f-b343-f0fb995aaeb1,PAR-061,CIC-2026-PV,2026-08-24,Uva,Media,7.72,0.83,6.408,52.5,65.63,0.8,656.3,11091.5,0.0,11.58,Aspersion,18633.72,7872.44,3422.8,MILPIN,True,Deficit leve
3cdd6708-416e-433d-bf55-be1c42dbbb13,PAR-061,CIC-2026-PV,2026-08-26,Uva,Media,7.34,0.84,6.166,54.19,67.74,0.8,677.4,11448.1,10.0,0.0,Aspersion,19232.81,8125.67,3532.9,MILPIN,True,
4f79cc91-24e1-4e7d-8879-938ef0a41c54,PAR-061,CIC-2026-PV,2026-09-27,Uva,Final,6.41,0.487,3.122,30.82,38.52,0.8,385.2,6509.9,0.0,69.08,Aspersion,10936.63,4620.7,2009.0,MILPIN,True,Deficit leve
d04af520-9673-4a4d-8ce5-ec8210b61f97,PAR-062,CIC-2026-PV,2026-03-07,Frijol,Inicial,5.97,0.38,2.269,14.52,17.71,0.82,177.1,2762.8,6.7,0.0,Microaspersion,4641.5,1960.98,852.6,FAO-56 automatizado,False,
acb152fc-50e5-4f1c-8bbc-5c78544da3ce,PAR-062,CIC-2026-PV,2026-03-24,Frijol,Desarrollo,6.14,0.465,2.855,18.56,22.64,0.82,226.4,3531.8,0.0,29.97,Microaspersion,5933.42,2506.77,1089.9,MILPIN,False,
51e55306-a085-468e-bf41-b8701b1e4030,PAR-062,CIC-2026-PV,2026-03-26,Frijol,Desarrollo,5.95,0.525,3.124,23.41,28.55,0.82,285.5,4453.8,10.0,0.0,Microaspersion,7482.38,3161.12,1374.4,MILPIN,True,
3471a0c0-25be-4b16-9d18-186ba6a65a25,PAR-062,CIC-2026-PV,2026-04-23,Frijol,Media,7.52,1.18,8.874,50.62,61.73,0.82,617.3,9629.9,0.0,197.85,Microaspersion,16178.23,6835.14,2971.8,MILPIN,True,
2d9e9582-b5e1-4f96-843b-4a33f7fffc70,PAR-062,CIC-2026-PV,2026-04-24,Frijol,Media,7.83,1.16,9.083,49.76,60.68,0.82,606.8,9466.1,10.0,0.0,Microaspersion,15903.05,6718.76,2921.2,MILPIN,True,Deficit leve
9216ca00-4365-4cde-9e76-0615927d163c,PAR-062,CIC-2026-PV,2026-04-26,Frijol,Media,7.41,1.15,8.521,44.44,54.2,0.82,542.0,8455.2,10.0,0.0,Microaspersion,14204.74,6001.39,2609.3,MILPIN,False,
ef83139e-c894-480c-8586-fcef91847ff9,PAR-062,CIC-2026-PV,2026-05-03,Frijol,Media,8.38,1.19,9.972,48.52,59.17,0.82,591.7,9230.5,0.0,21.28,Microaspersion,15507.24,6551.55,2848.5,MILPIN,True,
8111833c-ae27-4ceb-9394-892006ceb81a,PAR-062,CIC-2026-PV,2026-05-12,Frijol,Media,8.35,1.16,9.686,44.35,54.08,0.82,540.8,8436.5,0.0,42.82,Microaspersion,14173.32,5988.05,2603.5,MILPIN,True,
2a5f0365-7e22-4516-876a-4b401b7242cd,PAR-062,CIC-2026-PV,2026-05-13,Frijol,Media,8.57,1.15,9.855,52.27,63.74,0.82,637.4,9943.4,10.0,0.0,Microaspersion,16704.91,7057.55,3068.5,MILPIN,True,
1b72de2c-aa40-401d-be6d-732b816087a2,PAR-062,CIC-2026-PV,2026-05-17,Frijol,Media,8.54,1.16,9.906,46.81,57.08,0.82,570.8,8904.5,10.0,0.0,Microaspersion,14959.56,6320.17,2747.9,Manual,True,
f2b53b1d-a72c-40a6-8b69-45bd31fea09f,PAR-062,CIC-2026-PV,2026-05-22,Frijol,Final,8.81,1.06,9.339,44.12,53.81,0.82,538.1,8394.4,0.0,2.58,Microaspersion,14102.59,5958.15,2590.5,MILPIN,True,Deficit leve
4820ea2c-60df-42e4-a51b-f67102133b48,PAR-062,CIC-2026-PV,2026-05-24,Frijol,Final,8.81,0.98,8.634,39.96,48.73,0.82,487.3,7601.9,10.0,0.0,Microaspersion,12771.19,5395.57,2345.9,Manual,True,
b2a25ce2-4439-4d3f-a6ed-c20cb0f8f66c,PAR-062,CIC-2026-PV,2026-06-06,Frijol,Final,9.22,0.48,4.426,22.22,27.1,0.82,271.0,4227.6,0.0,35.32,Microaspersion,7102.37,3000.58,1304.6,MILPIN,True,
cc79cb04-5840-47d2-8ab6-efb3fbd63e0e,PAR-062,CIC-2026-PV,2026-06-14,Frijol,Final,8.84,0.32,2.829,12.37,15.08,0.82,150.8,2352.5,0.0,10.26,Microaspersion,3952.2,1669.8,726.0,Manual,True,
e92a3cfb-fefb-4218-a1aa-88c1a40c07f1,PAR-063,CIC-2026-PV,2026-03-06,Algodon,Inicial,5.84,0.39,2.278,24.85,30.31,0.82,303.1,1909.5,10.0,0.0,Microaspersion,3207.96,1355.39,589.3,MILPIN,True,Deficit leve
48969800-b2e0-4a9a-bc9d-aaa0b01afb0c,PAR-063,CIC-2026-PV,2026-03-10,Algodon,Inicial,6.08,0.31,1.885,19.75,24.09,0.82,240.9,1517.7,10.0,0.0,Microaspersion,2549.74,1077.32,468.4,MILPIN,True,
9825ddb8-c91e-4718-9fe9-1dd01efa9550,PAR-063,CIC-2026-PV,2026-04-07,Algodon,Desarrollo,7.49,0.479,3.588,29.13,35.52,0.82,355.2,2237.8,0.0,71.33,Microaspersion,3759.5,1588.38,690.6,Manual,True,
6381ab27-0265-4022-82dc-5ca46f5726e8,PAR-063,CIC-2026-PV,2026-04-11,Algodon,Desarrollo,7.33,0.517,3.79,29.93,36.5,0.82,365.0,2299.5,10.0,0.0,Microaspersion,3863.16,1632.08,709.6,MILPIN,True,
7e103e69-09b0-4bec-a48d-361fd27592ab,PAR-063,CIC-2026-PV,2026-05-26,Algodon,Media,8.2,1.22,10.004,79.18,96.56,0.82,965.6,6083.3,0.0,371.0,Microaspersion,10219.94,4317.79,1877.3,Manual,False,
9c90a8fa-00c0-4b14-8973-a7fcbab9ab7e,PAR-063,CIC-2026-PV,2026-06-07,Algodon,Media,8.65,1.19,10.293,62.62,76.37,0.82,763.7,4811.3,0.0,60.9,Microaspersion,8082.98,3415.04,1484.8,MILPIN,False,
f67799d2-a241-4cac-b5ee-6792d49c509f,PAR-063,CIC-2026-PV,2026-06-25,Algodon,Media,9.14,1.18,10.785,76.59,93.4,0.82,934.0,5884.2,0.0,117.54,Microaspersion,9885.46,4176.57,1815.9,MILPIN,True,
d15fae26-dc51-4781-be4a-28da97556819,PAR-063,CIC-2026-PV,2026-07-11,Algodon,Media,8.33,1.16,9.663,69.86,85.2,0.82,852.0,5367.6,0.0,84.75,Microaspersion,9017.57,3809.72,1656.4,FAO-56 automatizado,False,
c2ca5339-2d8d-45f6-81ac-b4671ce0010b,PAR-063,CIC-2026-PV,2026-07-13,Algodon,Media,8.34,1.17,9.758,71.14,86.76,0.82,867.6,5465.9,10.0,0.0,Microaspersion,9182.71,3879.64,1686.8,MILPIN,True,
1bd39132-6223-4b37-96f8-bca6a00fb7a1,PAR-063,CIC-2026-PV,2026-07-31,Algodon,Final,8.17,1.041,8.505,54.18,66.07,0.82,660.7,4162.4,0.0,98.91,Microaspersion,6992.83,2954.35,1284.5,MILPIN,True,
f42b676d-e589-48c7-bb8b-21cfb94345a0,PAR-064,CIC-2026-PV,2026-03-07,Uva,Inicial,6.05,0.28,1.694,18.89,23.61,0.8,236.1,2266.6,10.0,0.0,Aspersion,3807.89,1608.85,699.5,FAO-56 automatizado,True,Deficit leve
bedd9843-7c64-4a1d-a29d-c47c2e457ff2,PAR-064,CIC-2026-PV,2026-03-09,Uva,Inicial,5.83,0.32,1.866,21.98,27.48,0.8,274.8,2638.1,10.0,0.0,Aspersion,4432.01,1872.43,814.1,MILPIN,True,
37e5808d-4650-46c9-8bfb-f44cfdd5990e,PAR-064,CIC-2026-PV,2026-03-14,Uva,Inicial,5.71,0.34,1.941,21.67,27.09,0.8,270.9,2600.6,10.0,0.0,Aspersion,4369.01,1845.75,802.5,Manual,False,
27a2ecd2-a6ad-4dfc-8c26-76fd9946dbc9,PAR-064,CIC-2026-PV,2026-03-17,Uva,Inicial,5.79,0.27,1.563,15.87,19.84,0.8,198.4,1904.6,10.0,0.0,Aspersion,3199.73,1351.94,587.8,Manual,True,
96a5d223-8a87-42fc-99e8-58301be2c637,PAR-064,CIC-2026-PV,2026-03-24,Uva,Desarrollo,6.19,0.341,2.111,18.79,23.49,0.8,234.9,2255.0,10.0,0.0,Aspersion,3788.4,1600.57,695.9,MILPIN,True,
0fc975e9-eeea-4b57-8854-0c7be727b34c,PAR-064,CIC-2026-PV,2026-04-09,Uva,Desarrollo,7.69,0.581,4.468,37.41,46.76,0.8,467.6,4489.0,0.0,34.08,Aspersion,7541.52,3186.19,1385.3,FAO-56 automatizado,True,
48639169-404c-465f-96fb-8950acbf5b0b,PAR-064,CIC-2026-PV,2026-04-26,Uva,Desarrollo,7.2,0.795,5.724,53.62,67.03,0.8,670.3,6434.9,0.0,43.69,Aspersion,10810.63,4567.34,1985.8,MILPIN,False,
550b0636-92b8-417d-b8aa-12742e792df1,PAR-064,CIC-2026-PV,2026-05-25,Uva,Media,8.4,0.84,7.056,48.86,61.08,0.8,610.8,5863.7,0.0,155.76,Aspersion,9851.02,4161.85,1809.5,MILPIN,True,
10054b3d-5c3e-408d-b482-47433d15c1c7,PAR-064,CIC-2026-PV,2026-06-24,Uva,Media,8.94,0.83,7.42,45.71,57.14,0.8,571.4,5485.4,0.0,176.89,Aspersion,9215.47,3893.44,1692.8,MILPIN,False,
153d0591-bea7-4ceb-bab9-655dd54e63c5,PAR-064,CIC-2026-PV,2026-07-02,Uva,Media,7.68,0.87,6.682,52.76,65.95,0.8,659.5,6331.2,0.0,0.7,Aspersion,10636.42,4493.74,1953.8,MILPIN,True,
0a051985-0c82-41bc-bb33-7aea9aa982ea,PAR-064,CIC-2026-PV,2026-07-07,Uva,Media,8.34,0.82,6.839,56.83,71.04,0.8,710.4,6819.8,10.0,0.0,Aspersion,11457.26,4840.58,2104.6,MILPIN,False,Deficit leve
a4536734-0bc1-4b31-a829-0c252e5f6cbd,PAR-064,CIC-2026-PV,2026-08-04,Uva,Media,7.29,0.86,6.269,50.56,63.2,0.8,632.0,6067.2,0.0,124.97,Aspersion,10192.9,4306.29,1872.3,MILPIN,True,
ad73f910-68ec-4c55-a26a-f3c0fc5785b3,PAR-064,CIC-2026-PV,2026-08-27,Uva,Media,7.42,0.85,6.307,58.91,73.64,0.8,736.4,7069.4,0.0,86.15,Aspersion,11876.59,5017.68,2181.6,MILPIN,True,
d5c5552c-d03c-4288-bc08-bd85ff3f6aa3,PAR-064,CIC-2026-PV,2026-09-29,Uva,Final,6.53,0.494,3.226,29.37,36.71,0.8,367.1,3524.2,0.0,77.09,Aspersion,5920.66,2501.48,1087.6,MILPIN,True,
0c4d7cfd-0b8c-4993-9178-d216347312a8,PAR-065,CIC-2026-PV,2026-03-18,Uva,Inicial,6.2,0.33,2.046,16.32,25.11,0.65,251.1,2511.0,0.0,18.46,Gravedad,4218.48,1782.27,774.9,MILPIN,True,
cc0d68db-2454-4894-96d7-a6d3890524f1,PAR-065,CIC-2026-PV,2026-03-26,Uva,Desarrollo,5.66,0.379,2.145,16.2,24.92,0.65,249.2,2492.0,0.0,0.96,Gravedad,4186.56,1768.7,769.0,MILPIN,True,
f5928f5a-cfe9-401b-b423-fbf4252500dc,PAR-065,CIC-2026-PV,2026-04-15,Uva,Desarrollo,7.63,0.644,4.914,25.53,39.27,0.65,392.7,3927.0,0.0,72.75,Gravedad,6597.36,2787.37,1211.9,MILPIN,True,
a5574420-fe29-4d3b-a1db-9da8757d7a7f,PAR-065,CIC-2026-PV,2026-04-21,Uva,Desarrollo,7.43,0.716,5.32,32.86,50.56,0.65,505.6,5056.0,3.0,0.0,Gravedad,8494.08,3588.69,1560.3,MILPIN,True,
850d07d3-92f6-492d-99dd-43e7202f8927,PAR-065,CIC-2026-PV,2026-04-27,Uva,Desarrollo,7.64,0.829,6.334,33.23,51.12,0.65,511.2,5112.0,0.0,4.77,Gravedad,8588.16,3628.48,1577.6,MILPIN,False,
585be69b-5a49-47f6-9315-823177e5794a,PAR-065,CIC-2026-PV,2026-05-30,Uva,Media,8.62,0.82,7.068,33.61,51.71,0.65,517.1,5171.0,0.0,199.63,Gravedad,8687.28,3670.34,1595.8,MILPIN,False,Deficit leve
bab0435e-335c-41a5-99b9-7ab87b105fa4,PAR-065,CIC-2026-PV,2026-06-04,Uva,Media,8.9,0.85,7.565,42.04,64.67,0.65,646.7,6467.0,10.0,0.0,Gravedad,10864.56,4590.11,1995.7,MILPIN,True,
f3755794-518c-48f0-8faa-9de953d0c1f4,PAR-065,CIC-2026-PV,2026-06-06,Uva,Media,9.18,0.87,7.987,40.7,62.61,0.65,626.1,6261.0,10.0,0.0,Gravedad,10518.48,4443.83,1932.1,MILPIN,True,
bf5df95c-fd19-4138-a347-a0a7ccaf3f3c,PAR-065,CIC-2026-PV,2026-06-07,Uva,Media,8.89,0.87,7.734,42.25,65.0,0.65,650.0,6500.0,10.0,0.0,Gravedad,10920.0,4613.57,2005.9,MILPIN,False,
e508cb7c-3e4d-40bd-b357-4c836ef95773,PAR-065,CIC-2026-PV,2026-06-14,Uva,Media,9.33,0.86,8.024,39.84,61.3,0.65,613.0,6130.0,0.0,16.33,Gravedad,10298.4,4350.91,1891.7,Manual,True,
7fca2fdf-f635-46d8-8f39-ab963feb424c,PAR-065,CIC-2026-PV,2026-06-15,Uva,Media,9.27,0.86,7.972,36.78,56.59,0.65,565.9,5659.0,10.0,0.0,Gravedad,9507.12,4016.72,1746.4,FAO-56 automatizado,True,
e998a9a0-0fc7-4b12-9d85-b3c577d8e631,PAR-065,CIC-2026-PV,2026-06-28,Uva,Media,8.72,0.88,7.674,38.81,59.71,0.65,597.1,5971.0,0.0,60.95,Gravedad,10031.28,4238.21,1842.7,MILPIN,False,
7968076f-7335-4bb8-98f9-e0bb52167b4e,PAR-065,CIC-2026-PV,2026-07-28,Uva,Media,8.07,0.82,6.617,32.51,50.02,0.65,500.2,5002.0,0.0,166.0,Gravedad,8403.36,3550.28,1543.6,MILPIN,True,Deficit leve
ff2fb2a7-b6fb-4ec6-8cef-48cfd86eb3df,PAR-065,CIC-2026-PV,2026-08-11,Uva,Media,7.62,0.82,6.248,37.63,57.89,0.65,578.9,5789.0,0.0,49.84,Gravedad,9725.52,4108.95,1786.5,MILPIN,True,
32ae7a7f-ac0a-4afe-96b7-4d2a489d931b,PAR-065,CIC-2026-PV,2026-09-08,Uva,Final,6.18,0.694,4.289,34.64,53.3,0.65,533.0,5330.0,0.0,85.45,Gravedad,8954.4,3783.04,1644.8,MILPIN,False,Deficit leve
2ef1c4d9-d59a-4edb-adf8-8e5a4baf472e,PAR-066,CIC-2026-PV,2026-03-06,Algodon,Inicial,6.32,0.35,2.212,21.26,23.62,0.9,236.2,6873.4,10.0,0.0,Goteo,11547.31,4878.53,2121.1,MILPIN,False,
7580804e-8c15-4f9e-9e76-fecccaf25bfb,PAR-066,CIC-2026-PV,2026-03-09,Algodon,Inicial,6.05,0.37,2.238,21.31,23.68,0.9,236.8,6890.9,10.0,0.0,Goteo,11576.71,4890.95,2126.5,MILPIN,True,
85a77310-6754-4f00-902a-359590998c1f,PAR-066,CIC-2026-PV,2026-03-14,Algodon,Inicial,5.69,0.37,2.105,25.71,28.57,0.9,285.7,8313.9,10.0,0.0,Goteo,13967.35,5901.11,2565.7,Manual,False,
7a2e7ecd-e312-4cb9-bc63-0e500bc52afb,PAR-066,CIC-2026-PV,2026-03-17,Algodon,Inicial,6.1,0.32,1.952,19.64,21.82,0.9,218.2,6349.6,10.0,0.0,Goteo,10667.33,4506.85,1959.5,FAO-56 automatizado,False,Deficit leve
91a33f9b-83ef-4b9c-bdb4-c0585c05e529,PAR-066,CIC-2026-PV,2026-04-05,Algodon,Desarrollo,7.19,0.435,3.128,27.5,30.56,0.9,305.6,8893.0,0.0,31.93,Goteo,14940.24,6312.12,2744.4,FAO-56 automatizado,True,
f5173262-625c-4acc-9bf3-fbdabd92a7ac,PAR-066,CIC-2026-PV,2026-04-07,Algodon,Desarrollo,7.69,0.479,3.684,32.69,36.32,0.9,363.2,10569.1,10.0,0.0,Goteo,17756.09,7501.68,3261.6,FAO-56 automatizado,True,
8a98a814-6169-423f-8be5-2dc3f975078e,PAR-066,CIC-2026-PV,2026-04-27,Algodon,Desarrollo,7.63,0.839,6.402,55.15,61.28,0.9,612.8,17832.5,0.0,72.89,Goteo,29958.6,12657.13,5503.1,MILPIN,True,Deficit leve
a92c56e9-5dbd-4254-bd15-d23d252507f7,PAR-066,CIC-2026-PV,2026-04-29,Algodon,Desarrollo,7.74,0.883,6.834,52.52,58.35,0.9,583.5,16979.9,10.0,0.0,Goteo,28526.23,12052.0,5240.0,MILPIN,False,
e659f875-4b15-4575-9276-76c05b963647,PAR-066,CIC-2026-PV,2026-05-16,Algodon,Desarrollo,8.15,1.172,9.552,73.38,81.53,0.9,815.3,23725.2,0.0,89.0,Goteo,39858.34,16839.68,7321.6,FAO-56 automatizado,True,
2087166a-830b-46a6-935a-a739544f5678,PAR-066,CIC-2026-PV,2026-06-03,Algodon,Media,8.88,1.19,10.567,65.56,72.85,0.9,728.5,21199.4,0.0,124.65,Goteo,35614.99,15046.83,6542.1,MILPIN,True,
67cb6ba5-b03c-44f8-9f4c-b231d2bc2b6b,PAR-066,CIC-2026-PV,2026-06-23,Algodon,Media,8.7,1.21,10.527,70.45,78.28,0.9,782.8,22779.5,0.0,140.09,Goteo,38269.56,16168.54,7029.8,FAO-56 automatizado,True,
be5de424-29d1-4c04-98f6-ef28b321e3e5,PAR-066,CIC-2026-PV,2026-08-01,Algodon,Final,7.78,1.03,8.013,59.33,65.92,0.9,659.2,19182.7,0.0,253.18,Goteo,32226.94,13615.54,5919.8,MILPIN,True,
419541e9-2bea-4a27-ba97-b96caf190863,PAR-067,CIC-2026-PV,2026-03-25,Chile,Inicial,6.1,0.59,3.599,42.94,52.36,0.82,523.6,3455.8,0.0,43.44,Microaspersion,5805.74,2452.95,1066.5,Manual,False,Deficit leve
925a0934-b556-4055-a4f2-7ff16f8a661b,PAR-067,CIC-2026-PV,2026-03-29,Chile,Desarrollo,5.83,0.609,3.55,35.11,42.82,0.82,428.2,2826.1,10.0,0.0,Microaspersion,4747.85,2005.83,872.1,MILPIN,True,
d5b888d5-3825-4d14-9483-f3764cdb4b5c,PAR-067,CIC-2026-PV,2026-04-03,Chile,Desarrollo,7.46,0.663,4.946,46.49,56.7,0.82,567.0,3742.2,10.0,0.0,Microaspersion,6286.9,2656.04,1154.8,Manual,False,
7e76ea72-2590-482a-b55f-15f4b3c0196e,PAR-067,CIC-2026-PV,2026-04-14,Chile,Desarrollo,7.78,0.864,6.722,54.39,66.33,0.82,663.3,4377.8,0.0,19.55,Microaspersion,7354.7,3107.3,1351.0,FAO-56 automatizado,True,Deficit leve
68d8400a-212f-4396-ad6c-8f9e538482c2,PAR-067,CIC-2026-PV,2026-05-18,Chile,Media,8.54,1.06,9.052,77.83,94.92,0.82,949.2,6264.7,0.0,229.94,Microaspersion,10524.7,4446.59,1933.3,FAO-56 automatizado,True,Deficit leve
c575dff7-c363-438a-80f8-e9ec66868eee,PAR-067,CIC-2026-PV,2026-05-25,Chile,Media,8.75,1.06,9.275,62.54,76.27,0.82,762.7,5033.8,0.0,2.38,Microaspersion,8456.78,3572.82,1553.4,Manual,True,
fbf4ae93-cb59-41b1-a8c4-4e26ecf2c77f,PAR-067,CIC-2026-PV,2026-05-29,Chile,Media,8.37,1.08,9.04,68.67,83.75,0.82,837.5,5527.5,10.0,0.0,Microaspersion,9286.2,3923.34,1705.8,MILPIN,False,
163b70f6-4b22-43ec-8ced-ef7177e728cc,PAR-067,CIC-2026-PV,2026-06-03,Chile,Media,8.94,1.08,9.655,75.76,92.39,0.82,923.9,6097.7,10.0,0.0,Microaspersion,10244.14,4328.14,1881.8,MILPIN,False,
f1bea3be-78a9-4324-bb5e-d324e01d4767,PAR-067,CIC-2026-PV,2026-06-13,Chile,Final,8.75,0.986,8.627,62.7,76.46,0.82,764.6,5046.4,0.0,23.57,Microaspersion,8477.95,3581.79,1557.3,Manual,True,
a6c57ce8-b0fd-42db-a2cd-9329740e7250,PAR-067,CIC-2026-PV,2026-06-15,Chile,Final,8.97,0.994,8.916,64.51,78.67,0.82,786.7,5192.2,10.0,0.0,Microaspersion,8722.9,3685.29,1602.3,MILPIN,True,
994f7ad3-aa40-4d46-87b5-b32d41bfcc70,PAR-068,CIC-2026-PV,2026-03-07,Maiz,Inicial,6.04,0.33,1.993,15.46,19.33,0.8,193.3,4600.5,10.0,0.0,Aspersion,7728.84,3265.31,1419.7,MILPIN,True,
33e8d023-3259-44f6-aef3-d33bd4de46e3,PAR-068,CIC-2026-PV,2026-03-23,Maiz,Desarrollo,6.13,0.351,2.152,15.38,19.23,0.8,192.3,4576.7,0.0,19.05,Aspersion,7688.86,3248.52,1412.4,MILPIN,True,Deficit leve
5fa4f29e-267e-445a-8c0f-4015efea6b02,PAR-068,CIC-2026-PV,2026-03-29,Maiz,Desarrollo,5.68,0.476,2.704,18.72,23.4,0.8,234.0,5569.2,10.0,0.0,Aspersion,9356.26,3953.01,1718.7,MILPIN,False,
461de69f-8458-463a-8265-4212d5eec57c,PAR-068,CIC-2026-PV,2026-03-31,Maiz,Desarrollo,6.02,0.567,3.413,26.83,33.54,0.8,335.4,7982.5,10.0,0.0,Aspersion,13410.6,5665.82,2463.4,Manual,False,
63dc850d-be56-448a-a1eb-1b99c1e7e830,PAR-068,CIC-2026-PV,2026-04-04,Maiz,Desarrollo,7.53,0.66,4.97,28.3,35.38,0.8,353.8,8420.4,10.0,0.0,Aspersion,14146.27,5976.55,2598.5,MILPIN,True,Deficit leve
4ab04375-c0e3-4cf4-bac7-b9e76e5b4b9f,PAR-068,CIC-2026-PV,2026-04-16,Maiz,Desarrollo,7.49,0.929,6.958,37.77,47.21,0.8,472.1,11236.0,0.0,45.73,Aspersion,18876.48,7975.02,3467.4,Manual,True,
b69e4fe4-8eb6-4206-bc4d-539c4929cf26,PAR-068,CIC-2026-PV,2026-04-18,Maiz,Desarrollo,7.76,1.01,7.838,46.44,58.05,0.8,580.5,13815.9,10.0,0.0,Aspersion,23210.71,9806.28,4263.6,Manual,True,
657ea191-6c87-45f2-9db7-c0b75d33709d,PAR-068,CIC-2026-PV,2026-04-21,Maiz,Desarrollo,7.68,1.067,8.195,43.41,54.26,0.8,542.6,12913.9,10.0,0.0,Aspersion,21695.35,9165.96,3985.2,MILPIN,True,
21842c7d-27fc-428f-b3c6-9a5a8a6be684,PAR-068,CIC-2026-PV,2026-04-23,Maiz,Desarrollo,7.58,1.119,8.482,49.95,62.44,0.8,624.4,14860.7,10.0,0.0,Aspersion,24965.98,10547.8,4586.0,MILPIN,True,
1fa02256-7b61-4972-9f5a-ca5f45d2d421,PAR-068,CIC-2026-PV,2026-05-02,Maiz,Media,8.19,1.17,9.582,46.55,58.19,0.8,581.9,13849.2,0.0,39.69,Aspersion,23266.66,9829.97,4273.9,MILPIN,True,
4b68abdc-bbb9-435d-be06-29d3cda27d43,PAR-068,CIC-2026-PV,2026-06-02,Maiz,Media,9.11,1.19,10.841,55.77,69.71,0.8,697.1,16591.0,0.0,280.3,Aspersion,27872.88,11776.0,5120.0,Manual,True,
6b8367ba-8f3b-4a40-b72e-9f947f88a6e0,PAR-068,CIC-2026-PV,2026-06-04,Maiz,Media,8.95,1.2,10.74,58.89,73.61,0.8,736.1,17519.2,10.0,0.0,Aspersion,29432.26,12434.72,5406.4,MILPIN,True,
5ad574f2-3d2b-4446-8a16-a8d50266343e,PAR-068,CIC-2026-PV,2026-06-24,Maiz,Final,8.79,0.79,6.944,30.74,38.42,0.8,384.2,9144.0,0.0,108.14,Aspersion,15361.92,6490.14,2821.8,MILPIN,True,
7c407b19-0ebd-4330-91b3-734f42c5b746,PAR-069,CIC-2026-PV,2026-03-12,Chile,Inicial,5.74,0.57,3.272,27.86,42.86,0.65,428.6,2785.9,0.0,8.13,Gravedad,4680.31,1977.31,859.7,MILPIN,False,
71e18c7a-58b5-4238-abfc-6ca41d5c66c3,PAR-069,CIC-2026-PV,2026-03-25,Chile,Inicial,5.83,0.62,3.615,31.31,48.17,0.65,481.7,3131.0,0.0,15.69,Gravedad,5260.08,2222.26,966.2,MILPIN,True,Deficit leve
cb829560-91e2-4919-a87c-04e7e5100e26,PAR-069,CIC-2026-PV,2026-04-01,Chile,Desarrollo,7.31,0.677,4.949,39.71,61.09,0.65,610.9,3970.8,10.0,0.0,Gravedad,6670.94,2818.42,1225.4,FAO-56 automatizado,True,
c42d9a96-b265-4449-96dc-e0acc28d9dc0,PAR-069,CIC-2026-PV,2026-04-03,Chile,Desarrollo,7.78,0.733,5.703,35.82,55.1,0.65,551.0,3581.5,10.0,0.0,Gravedad,6016.92,2542.19,1105.3,Manual,True,
6cdc1e9c-49f0-4649-b09c-a49e994d5bbe,PAR-069,CIC-2026-PV,2026-04-10,Chile,Desarrollo,7.63,0.763,5.822,43.08,66.28,0.65,662.8,4308.2,5.7,0.0,Gravedad,7237.78,3057.85,1329.5,Manual,True,
7bc080b9-064b-4311-b237-ed11168c03e0,PAR-069,CIC-2026-PV,2026-05-26,Chile,Media,8.77,1.08,9.472,60.99,93.83,0.65,938.3,6098.9,0.0,374.72,Gravedad,10246.15,4328.83,1882.1,MILPIN,True,
0852be11-5f11-4899-a6df-9412ee92fa52,PAR-069,CIC-2026-PV,2026-06-03,Chile,Media,9.26,1.03,9.538,49.78,76.58,0.65,765.8,4977.7,0.0,26.52,Gravedad,8362.54,3533.03,1536.1,MILPIN,True,Deficit leve
a1116bd8-d54a-4945-8f92-7c1928f5a661,PAR-069,CIC-2026-PV,2026-06-05,Chile,Media,8.8,1.07,9.416,64.49,99.22,0.65,992.2,6449.3,10.0,0.0,Gravedad,10834.82,4577.69,1990.3,MILPIN,True,
f039dfef-15b2-4577-849f-7ba3b5f1d5c8,PAR-069,CIC-2026-PV,2026-06-23,Chile,Final,9.03,0.926,8.362,47.77,73.49,0.65,734.9,4776.8,0.0,102.75,Gravedad,8025.02,3390.43,1474.1,Manual,True,
31dbcdcc-d2af-4b2c-891a-2c4025bf9539,PAR-069,CIC-2026-PV,2026-07-03,Chile,Final,7.76,0.926,7.186,45.25,69.62,0.65,696.2,4525.3,0.0,26.61,Gravedad,7602.5,3211.95,1396.5,MILPIN,False,
69d98a91-72d6-4d19-ba87-91e8c80ced84,PAR-070,CIC-2026-PV,2026-03-13,Chile,Inicial,5.92,0.56,3.315,23.5,29.38,0.8,293.8,6904.3,0.0,16.28,Aspersion,11599.22,4900.61,2130.7,MILPIN,True,
91e3e1e5-ccab-4dc2-bf3d-19a1d933275f,PAR-070,CIC-2026-PV,2026-04-21,Chile,Desarrollo,7.65,0.914,6.992,42.09,52.61,0.8,526.1,12363.4,0.0,230.6,Aspersion,20770.51,8775.19,3815.3,MILPIN,True,
bf6c64b5-0b5a-40d1-9a00-2703022c8682,PAR-070,CIC-2026-PV,2026-04-22,Chile,Desarrollo,7.57,0.937,7.093,38.91,48.64,0.8,486.4,11430.4,10.0,0.0,Aspersion,19203.07,8113.02,3527.4,MILPIN,True,
a61cbb38-c3f3-413f-9ff0-89a5d18361ab,PAR-070,CIC-2026-PV,2026-04-25,Chile,Desarrollo,7.42,0.956,7.094,42.27,52.84,0.8,528.4,12417.4,10.0,0.0,Aspersion,20861.23,8813.6,3832.0,MILPIN,True,
afd9994b-4f97-49c1-9c85-589a71ca3518,PAR-070,CIC-2026-PV,2026-04-26,Chile,Desarrollo,7.33,1.009,7.396,48.7,60.88,0.8,608.8,14306.8,10.0,0.0,Aspersion,24035.42,10154.73,4415.1,MILPIN,False,
5fb36cfe-3c49-47f7-964d-c9b3ea4f82d3,PAR-070,CIC-2026-PV,2026-04-28,Chile,Desarrollo,7.39,1.044,7.715,49.02,61.27,0.8,612.7,14398.5,10.0,0.0,Aspersion,24189.48,10219.82,4443.4,MILPIN,True,
4d84d7c9-3e1f-4ac9-b371-4bf334da7e9d,PAR-070,CIC-2026-PV,2026-05-03,Chile,Media,8.22,1.04,8.549,46.94,58.67,0.8,586.7,13787.5,9.8,0.0,Aspersion,23163.0,9786.04,4254.8,Manual,True,
0bc04c58-2cae-4470-a1a5-2e440eb50276,PAR-070,CIC-2026-PV,2026-05-16,Chile,Media,8.52,1.01,8.605,45.58,56.98,0.8,569.8,13390.3,0.0,66.29,Aspersion,22495.7,9504.06,4132.2,Manual,False,Deficit leve
ab392082-d560-4499-b845-d9c0fd0a9eb2,PAR-070,CIC-2026-PV,2026-06-10,Chile,Final,8.72,1.054,9.191,48.99,61.24,0.8,612.4,14391.4,0.0,180.79,Aspersion,24177.55,10214.76,4441.2,FAO-56 automatizado,True,
8925f250-5266-43c1-8096-dfa138b8d38f,PAR-070,CIC-2026-PV,2026-06-21,Chile,Final,9.16,0.998,9.142,49.54,61.93,0.8,619.3,14553.5,0.0,51.02,Aspersion,24449.88,10329.76,4491.2,MILPIN,True,Deficit leve
7e44c250-836e-40ab-9976-23681e50dd9a,PAR-070,CIC-2026-PV,2026-06-26,Chile,Final,9.13,0.968,8.838,41.06,51.33,0.8,513.3,12062.5,0.0,3.13,Aspersion,20265.0,8561.75,3722.5,MILPIN,True,
db3754aa-c557-4b67-92cd-9e2c312389ba,PAR-070,CIC-2026-PV,2026-06-27,Chile,Final,9.27,0.922,8.547,43.69,54.61,0.8,546.1,12833.4,10.0,0.0,Aspersion,21560.11,9108.92,3960.4,MILPIN,False,
17a22d47-9e0c-46e5-b3b1-21ab786e3aff,PAR-070,CIC-2026-PV,2026-06-28,Chile,Final,9.27,0.896,8.306,42.06,52.57,0.8,525.7,12354.0,10.0,0.0,Aspersion,20754.72,8768.52,3812.4,MILPIN,True,
684ef503-c5dc-47c9-b3ad-ea2ba71e5e9b,PAR-070,CIC-2026-PV,2026-06-30,Chile,Final,8.82,0.964,8.502,48.29,60.36,0.8,603.6,14184.6,10.0,0.0,Aspersion,23830.13,10068.02,4377.4,MILPIN,False,
c14b2e86-51c9-4f9d-b352-651b24b14235,PAR-071,CIC-2026-PV,2026-03-09,Chile,Inicial,5.96,0.59,3.516,18.82,28.95,0.65,289.5,2952.9,0.0,9.31,Gravedad,4960.87,2095.99,911.3,MILPIN,True,
8c80470d-5da2-4280-ba46-1f5efe400367,PAR-071,CIC-2026-PV,2026-04-09,Chile,Desarrollo,7.57,0.8,6.056,25.02,38.49,0.65,384.9,3926.0,0.0,162.72,Gravedad,6595.68,2786.68,1211.6,MILPIN,True,
73985fb5-3714-484b-8331-d7ccf44ee5a2,PAR-071,CIC-2026-PV,2026-04-21,Chile,Desarrollo,7.24,0.944,6.835,27.17,41.8,0.65,418.0,4263.6,0.0,54.85,Gravedad,7162.85,3026.11,1315.7,MILPIN,True,Deficit leve
0df64e5e-e214-4e27-b7db-2c32d6cf4dea,PAR-071,CIC-2026-PV,2026-04-22,Chile,Desarrollo,7.64,0.947,7.235,26.07,40.1,0.65,401.0,4090.2,10.0,0.0,Gravedad,6871.54,2903.06,1262.2,MILPIN,False,Deficit leve
e831682f-d89c-4a87-a9e8-a76edba51ce4,PAR-071,CIC-2026-PV,2026-04-26,Chile,Desarrollo,7.79,1.019,7.938,30.26,46.55,0.65,465.5,4748.1,0.0,1.49,Gravedad,7976.81,3370.19,1465.3,MILPIN,False,
6324b7a6-e03c-44fd-9d60-07a313442839,PAR-071,CIC-2026-PV,2026-05-04,Chile,Media,8.68,1.04,9.027,33.18,51.04,0.65,510.4,5206.1,0.0,39.04,Gravedad,8746.25,3695.18,1606.6,MILPIN,False,
bc51c266-66a3-428c-ae81-b8698d70b147,PAR-071,CIC-2026-PV,2026-05-08,Chile,Media,8.55,1.07,9.149,32.79,50.45,0.65,504.5,5145.9,0.0,3.81,Gravedad,8645.11,3652.4,1588.0,FAO-56 automatizado,True,
5f0dea67-1d80-4523-a413-1f6c69f05870,PAR-071,CIC-2026-PV,2026-05-12,Chile,Media,8.16,1.07,8.731,36.47,56.11,0.65,561.1,5723.2,4.4,0.0,Gravedad,9614.98,4062.26,1766.2,MILPIN,True,
3b2ebf6e-e70b-43d8-aca2-3bbf7118285b,PAR-071,CIC-2026-PV,2026-05-30,Chile,Media,8.69,1.09,9.472,34.77,53.49,0.65,534.9,5456.0,0.0,135.73,Gravedad,9166.08,3872.51,1683.7,MILPIN,True,
41c07bd5-2aa4-4da4-931c-d48e52e22ab5,PAR-071,CIC-2026-PV,2026-06-06,Chile,Media,8.74,1.07,9.352,36.14,55.6,0.65,556.0,5671.2,0.0,29.32,Gravedad,9527.62,4025.23,1750.1,MILPIN,False,
05c469a9-84dd-4a89-b083-d0eddf81e716,PAR-071,CIC-2026-PV,2026-06-07,Chile,Media,9.11,1.09,9.93,34.77,53.49,0.65,534.9,5456.0,10.0,0.0,Gravedad,9166.08,3872.51,1683.7,MILPIN,False,
bef94099-a1fe-4aff-a89c-d15c319fff06,PAR-071,CIC-2026-PV,2026-06-13,Chile,Final,9.31,1.056,9.831,35.67,54.87,0.65,548.7,5596.7,0.0,23.32,Gravedad,9402.46,3972.33,1727.1,MILPIN,True,
62c562da-8467-43ab-b834-e8459a18b431,PAR-071,CIC-2026-PV,2026-06-20,Chile,Final,8.8,0.974,8.571,32.59,50.14,0.65,501.4,5114.3,0.0,27.41,Gravedad,8592.02,3630.09,1578.3,FAO-56 automatizado,True,
b66fa0d1-dfc7-4a3e-af96-0a63b2b721e3,PAR-071,CIC-2026-PV,2026-06-22,Chile,Final,9.11,0.952,8.673,29.47,45.34,0.65,453.4,4624.7,10.0,0.0,Gravedad,7769.5,3282.56,1427.2,MILPIN,False,
6599222f-987e-4685-bc33-e0536a6002fa,PAR-071,CIC-2026-PV,2026-06-24,Chile,Final,9.28,1.0,9.28,27.83,42.82,0.65,428.2,4367.6,10.0,0.0,Gravedad,7337.57,3099.94,1347.8,MILPIN,True,Deficit leve
4327aeb2-5b12-4949-a84b-ee2c4df2accb,PAR-072,CIC-2026-PV,2026-03-26,Algodon,Inicial,6.0,0.33,1.98,17.25,21.56,0.8,215.6,5821.2,0.0,32.25,Aspersion,9779.62,4131.72,1796.4,MILPIN,True,
2b94ddbe-e154-4fab-a8df-4780e3ac21de,PAR-072,CIC-2026-PV,2026-03-29,Algodon,Inicial,6.26,0.38,2.379,24.01,30.01,0.8,300.1,8102.7,10.0,0.0,Aspersion,13612.54,5751.15,2500.5,MILPIN,True,
dca2d1d3-adb8-4246-92e8-3b16a86f13b6,PAR-072,CIC-2026-PV,2026-04-05,Algodon,Desarrollo,7.71,0.445,3.431,27.86,34.82,0.8,348.2,9401.4,10.0,0.0,Aspersion,15794.35,6672.99,2901.3,MILPIN,True,
3f0eaeaa-226f-40e5-9d60-22aa761ec8be,PAR-072,CIC-2026-PV,2026-04-11,Algodon,Desarrollo,7.47,0.557,4.161,29.11,36.39,0.8,363.9,9825.3,10.0,0.0,Aspersion,16506.5,6973.83,3032.1,FAO-56 automatizado,True,
961d379a-68b7-4263-b069-3542d947f368,PAR-072,CIC-2026-PV,2026-04-15,Algodon,Desarrollo,7.43,0.575,4.272,30.71,38.39,0.8,383.9,10365.3,10.0,0.0,Aspersion,17413.7,7357.01,3198.7,MILPIN,True,
58a676b8-af9d-494a-a1b7-ac71fd0abe65,PAR-072,CIC-2026-PV,2026-05-16,Algodon,Desarrollo,8.6,1.162,9.993,59.39,74.24,0.8,742.4,20044.8,0.0,250.39,Aspersion,33675.26,14227.34,6185.8,MILPIN,False,
c7f10270-fc9a-4f9a-93bc-4b21e7a0d0ad,PAR-072,CIC-2026-PV,2026-05-26,Algodon,Media,8.8,1.2,10.56,62.02,77.53,0.8,775.3,20933.1,0.0,43.58,Aspersion,35167.61,14858.0,6460.0,MILPIN,True,Deficit leve
c966d438-754f-4104-9102-6feb7fe7c7ef,PAR-072,CIC-2026-PV,2026-06-08,Algodon,Media,9.11,1.2,10.932,61.34,76.67,0.8,766.7,20700.9,0.0,80.78,Aspersion,34777.51,14693.09,6388.3,MILPIN,False,
f58faa9f-ca8d-4049-be65-8c6f1e8ff60b,PAR-072,CIC-2026-PV,2026-06-28,Algodon,Media,9.25,1.18,10.915,62.34,77.93,0.8,779.3,21041.1,0.0,155.96,Aspersion,35349.05,14934.59,6493.3,MILPIN,True,
3338472c-5493-4efd-bdd1-608b3e69fdd4,PAR-072,CIC-2026-PV,2026-07-24,Algodon,Final,7.87,1.099,8.649,65.63,82.04,0.8,820.4,22150.8,0.0,159.24,Aspersion,37213.34,15722.11,6835.7,MILPIN,True,
ec5525ae-094d-4b42-9895-4beb8b576afd,PAR-072,CIC-2026-PV,2026-07-26,Algodon,Final,8.07,1.097,8.853,58.58,73.22,0.8,732.2,19769.4,10.0,0.0,Aspersion,33212.59,14031.84,6100.8,Manual,True,
feaa17f2-7cb5-4db3-87ab-de24cbd3bada,PAR-073,CIC-2026-PV,2026-03-14,Uva,Inicial,5.99,0.27,1.617,20.38,25.47,0.8,254.7,10773.8,0.0,0.64,Aspersion,18099.98,7647.04,3324.8,MILPIN,True,Deficit leve
fc681da1-728a-4ed5-b177-0d94fd7b3851,PAR-073,CIC-2026-PV,2026-03-28,Uva,Desarrollo,5.9,0.386,2.277,33.8,42.25,0.8,422.5,17871.8,6.0,0.0,Aspersion,30024.62,12684.96,5515.2,MILPIN,False,
be89c155-9e00-4143-9faf-cdf247941516,PAR-073,CIC-2026-PV,2026-04-17,Uva,Desarrollo,7.27,0.661,4.805,54.68,68.35,0.8,683.5,28912.0,0.0,41.42,Aspersion,48572.16,20521.06,8922.2,FAO-56 automatizado,True,Deficit leve
c505969b-f11f-4745-b7c3-6332eb7df5e2,PAR-073,CIC-2026-PV,2026-04-25,Uva,Desarrollo,7.28,0.801,5.831,64.98,81.22,0.8,812.2,34356.1,10.0,0.0,Aspersion,57718.25,24385.29,10602.3,Manual,True,
a04c33e1-4ec5-4bb7-a1f6-cdb71f15456e,PAR-073,CIC-2026-PV,2026-06-15,Uva,Media,8.9,0.85,7.565,67.56,84.45,0.8,844.5,35722.3,0.0,318.25,Aspersion,60013.46,25354.97,11023.9,MILPIN,False,
c862a59f-1b81-476e-b439-22fbeecfb239,PAR-073,CIC-2026-PV,2026-07-10,Uva,Media,7.74,0.84,6.502,66.1,82.62,0.8,826.2,34948.3,0.0,96.45,Aspersion,58713.14,24805.5,10785.0,MILPIN,True,
09fbb834-e44c-4fe4-a6ad-e523d7e34cca,PAR-073,CIC-2026-PV,2026-07-19,Uva,Media,7.98,0.88,7.022,63.59,79.49,0.8,794.9,33624.3,0.6,0.0,Aspersion,56488.82,23865.95,10376.5,MILPIN,True,
74caf7bc-1baf-41e0-87b4-845df35d065d,PAR-073,CIC-2026-PV,2026-08-13,Uva,Media,7.18,0.81,5.816,59.83,74.79,0.8,747.9,31636.2,0.0,85.57,Aspersion,53148.82,22454.67,9762.9,Manual,True,
80a8f0e7-1008-4e82-9984-aa1786350e0b,PAR-073,CIC-2026-PV,2026-08-30,Uva,Final,7.69,0.837,6.437,71.92,89.9,0.8,899.0,38027.7,0.0,37.51,Aspersion,63886.54,26991.19,11735.3,MILPIN,True,
c4429eb9-b414-4279-9f8a-029ff384f4f0,PAR-073,CIC-2026-PV,2026-09-17,Uva,Final,6.16,0.631,3.887,46.14,57.67,0.8,576.7,24394.4,0.0,23.83,Aspersion,40982.59,17314.63,7528.1,FAO-56 automatizado,True,
e17fb141-240a-4bfa-a8f6-7081a4f81ec3,PAR-073,CIC-2026-PV,2026-09-28,Uva,Final,6.74,0.506,3.41,43.85,54.81,0.8,548.1,23184.6,10.0,0.0,Aspersion,38950.13,16456.04,7154.8,Manual,True,Deficit leve
bea18de5-0db9-4659-893d-522c11fc7c95,PAR-074,CIC-2026-PV,2026-03-17,Frijol,Inicial,5.89,0.39,2.297,23.23,25.81,0.9,258.1,10814.4,0.0,13.52,Goteo,18168.19,7675.79,3337.3,Manual,True,
971393aa-31db-4192-919c-fd215f6cfc93,PAR-074,CIC-2026-PV,2026-03-29,Frijol,Desarrollo,6.34,0.62,3.931,33.96,37.73,0.9,377.3,15808.9,0.0,13.21,Goteo,26558.95,11220.78,4878.6,MILPIN,True,
af23c319-1b3c-4f1f-b827-cac383806052,PAR-074,CIC-2026-PV,2026-03-31,Frijol,Desarrollo,5.93,0.62,3.677,31.99,35.54,0.9,355.4,14891.3,10.0,0.0,Goteo,25017.38,10569.65,4595.5,Manual,False,
589846db-dfdc-41f3-b018-b76bbfc728dc,PAR-074,CIC-2026-PV,2026-04-08,Frijol,Desarrollo,7.3,0.83,6.059,45.91,51.01,0.9,510.1,21373.2,0.0,2.56,Goteo,35906.98,15170.34,6595.8,FAO-56 automatizado,True,
ec221f1f-6750-42c7-8cbb-0053adaaf6d9,PAR-074,CIC-2026-PV,2026-04-26,Frijol,Media,7.7,1.19,9.163,62.65,69.61,0.9,696.1,29166.6,0.0,102.28,Goteo,48999.89,20701.84,9000.8,MILPIN,True,
4f1d8296-4763-4405-94c0-dad84614f2b8,PAR-074,CIC-2026-PV,2026-04-30,Frijol,Media,7.23,1.13,8.17,53.49,59.43,0.9,594.3,24901.2,10.0,0.0,Goteo,41834.02,17674.35,7684.5,FAO-56 automatizado,True,
97818bac-1100-48ea-9be3-7f9b3cc5029a,PAR-074,CIC-2026-PV,2026-05-06,Frijol,Media,8.34,1.17,9.758,67.2,74.67,0.9,746.7,31286.7,10.0,0.0,Goteo,52561.66,22206.73,9655.1,MILPIN,True,
503238c3-1bb3-4eeb-bb7d-ee01483e0bb6,PAR-074,CIC-2026-PV,2026-05-08,Frijol,Media,8.31,1.12,9.307,60.16,66.84,0.9,668.4,28006.0,10.0,0.0,Goteo,47050.08,19878.21,8642.7,MILPIN,True,
bb1f28aa-08e5-4d14-b0e5-3d727137bcb9,PAR-074,CIC-2026-PV,2026-05-13,Frijol,Media,8.54,1.19,10.163,58.22,64.69,0.9,646.9,27105.1,10.0,0.0,Goteo,45536.57,19238.58,8364.6,MILPIN,True,
3bc613e7-7f3d-4373-81fe-a7182d1cca76,PAR-074,CIC-2026-PV,2026-05-25,Frijol,Final,8.27,0.98,8.105,54.2,60.22,0.9,602.2,25232.2,0.0,43.06,Goteo,42390.1,17909.41,7786.7,Manual,False,
5f05dd3a-1b23-4e60-a1f2-d134fc6d67f2,PAR-074,CIC-2026-PV,2026-05-30,Frijol,Final,8.43,0.75,6.322,40.68,45.2,0.9,452.0,18938.8,10.0,0.0,Goteo,31817.18,13442.35,5844.5,FAO-56 automatizado,True,
d550b0c7-9884-4550-ad31-9693ecb61eab,PAR-074,CIC-2026-PV,2026-06-04,Frijol,Final,8.69,0.56,4.866,31.57,35.08,0.9,350.8,14698.5,10.0,0.0,Goteo,24693.48,10432.8,4536.0,FAO-56 automatizado,True,
1c5136cd-9dd9-462b-a0fc-f20acc252dc1,PAR-074,CIC-2026-PV,2026-06-11,Frijol,Final,8.83,0.37,3.267,17.71,19.68,0.9,196.8,8245.9,0.0,5.16,Goteo,13853.11,5852.81,2544.7,MILPIN,False,
e02a60c3-872d-45c4-a3a6-66efacf5e5c3,PAR-074,CIC-2026-PV,2026-06-13,Frijol,Final,8.7,0.33,2.871,15.8,17.55,0.9,175.5,7353.4,10.0,0.0,Goteo,12353.71,5219.39,2269.3,MILPIN,True,Deficit leve
b1e8bf25-acfb-4cbc-bc17-0d57465a1822,PAR-074,CIC-2026-PV,2026-06-15,Frijol,Final,9.19,0.39,3.584,21.57,23.97,0.9,239.7,10043.4,10.0,0.0,Goteo,16872.91,7128.62,3099.4,MILPIN,True,
fb4e0a64-eae9-42f3-aad1-02d9b9c7764b,PAR-075,CIC-2026-PV,2026-03-06,Maiz,Inicial,6.02,0.29,1.746,13.11,16.39,0.8,163.9,2671.6,10.0,0.0,Aspersion,4488.29,1896.35,824.5,FAO-56 automatizado,True,Deficit leve
52e719a5-aff8-47b3-b6d0-98fb3b18854b,PAR-075,CIC-2026-PV,2026-03-10,Maiz,Inicial,5.98,0.27,1.615,10.56,13.2,0.8,132.0,2151.6,10.0,0.0,Aspersion,3614.69,1527.2,664.0,FAO-56 automatizado,True,
a168466e-83d2-4e9b-be07-00b8bc803580,PAR-075,CIC-2026-PV,2026-03-21,Maiz,Inicial,5.81,0.26,1.511,12.09,15.11,0.8,151.1,2462.9,0.0,4.53,Aspersion,4137.67,1748.23,760.1,MILPIN,True,
00d9c7b2-48e6-4522-8e16-0d39e0b5562f,PAR-075,CIC-2026-PV,2026-03-29,Maiz,Desarrollo,5.92,0.516,3.055,23.76,29.7,0.8,297.0,4841.1,0.0,0.68,Aspersion,8133.05,3436.2,1494.0,FAO-56 automatizado,False,
b840c170-e478-457d-ac9c-766d75212198,PAR-075,CIC-2026-PV,2026-04-10,Maiz,Desarrollo,7.55,0.824,6.221,36.18,45.23,0.8,452.3,7372.5,0.0,38.47,Aspersion,12385.8,5232.96,2275.2,Manual,True,Deficit leve
a444b4d3-a2c9-4e8f-b2da-96edc24b30ea,PAR-075,CIC-2026-PV,2026-04-18,Maiz,Desarrollo,7.44,0.99,7.366,40.45,50.56,0.8,505.6,8241.3,0.0,18.48,Aspersion,13845.38,5849.59,2543.3,MILPIN,False,
414bb012-e28f-43de-a8f3-03377a8e2de7,PAR-075,CIC-2026-PV,2026-04-22,Maiz,Desarrollo,7.55,1.143,8.63,54.64,68.3,0.8,683.0,11132.9,10.0,0.0,Aspersion,18703.27,7901.88,3435.6,MILPIN,True,Deficit leve
70b83fbd-3b98-4c33-8510-1a28d13103c6,PAR-075,CIC-2026-PV,2026-04-29,Maiz,Media,7.21,1.17,8.436,53.9,67.38,0.8,673.8,10982.9,0.0,5.15,Aspersion,18451.27,7795.39,3389.3,MILPIN,True,
28e2aff7-ccf7-45fe-afb4-e398694f45e8,PAR-075,CIC-2026-PV,2026-05-09,Maiz,Media,8.82,1.18,10.408,53.34,66.67,0.8,666.7,10867.2,0.0,50.74,Aspersion,18256.9,7713.28,3353.6,Manual,True,
45de0b7b-c558-4e79-a8b3-6a64f2e3506e,PAR-075,CIC-2026-PV,2026-05-27,Maiz,Media,8.31,1.24,10.304,49.05,61.31,0.8,613.1,9993.5,0.0,136.42,Aspersion,16789.08,7093.2,3084.0,MILPIN,True,
a88e4d36-8d11-432c-af30-aea186e68c31,PAR-075,CIC-2026-PV,2026-06-05,Maiz,Final,8.9,1.19,10.591,46.03,57.54,0.8,575.4,9379.0,0.0,49.29,Aspersion,15756.72,6657.12,2894.4,MILPIN,True,
320d2609-4f1c-45e4-bcd6-bb2e86126658,PAR-075,CIC-2026-PV,2026-06-10,Maiz,Final,8.84,1.1,9.724,45.42,56.77,0.8,567.7,9253.5,0.0,3.2,Aspersion,15545.88,6567.88,2855.6,FAO-56 automatizado,False,
c66f95e6-fb48-47d6-b411-4c0993feb85d,PAR-075,CIC-2026-PV,2026-06-29,Maiz,Final,8.99,0.69,6.203,31.49,39.36,0.8,393.6,6415.7,0.0,86.37,Aspersion,10778.38,4553.77,1979.9,MILPIN,True,Deficit leve
180e97e6-db75-4118-a32c-887740e5c237,PAR-075,CIC-2026-PV,2026-07-06,Maiz,Final,7.97,0.64,5.101,26.42,33.03,0.8,330.3,5383.9,0.0,9.29,Aspersion,9044.95,3821.45,1661.5,Manual,True,
026fe72d-a399-41d9-b1b6-a9639134bf78,PAR-075,CIC-2026-PV,2026-07-11,Maiz,Final,8.0,0.59,4.72,24.36,30.45,0.8,304.5,4963.4,3.2,0.0,Aspersion,8338.51,3522.91,1531.7,FAO-56 automatizado,True,
7a3dfeba-2738-4581-a730-3d025cc5c318,PAR-076,CIC-2026-PV,2026-03-10,Chile,Inicial,6.08,0.63,3.83,50.41,61.48,0.82,614.8,21825.4,10.0,0.0,Microaspersion,36666.67,15491.19,6735.3,FAO-56 automatizado,True,
f5b8ea90-81a3-416d-ad1c-ea7661a79dbb,PAR-076,CIC-2026-PV,2026-03-31,Chile,Desarrollo,6.05,0.624,3.775,43.65,53.23,0.82,532.3,18896.6,0.0,35.62,Microaspersion,31746.29,13412.45,5831.5,Manual,True,
74557d5d-b06f-4317-9b96-76420a9fc351,PAR-076,CIC-2026-PV,2026-04-07,Chile,Desarrollo,7.37,0.744,5.483,47.75,58.23,0.82,582.3,20671.6,10.0,0.0,Microaspersion,34728.29,14672.39,6379.3,MILPIN,True,
501110ff-4f87-4962-844c-756f3aa479e9,PAR-076,CIC-2026-PV,2026-04-19,Chile,Desarrollo,7.16,0.899,6.437,62.83,76.62,0.82,766.2,27200.1,0.0,14.41,Microaspersion,45696.17,19306.2,8394.0,MILPIN,True,
820572cb-0b39-468e-92a1-2052702b6bff,PAR-076,CIC-2026-PV,2026-04-24,Chile,Desarrollo,7.47,0.993,7.418,74.43,90.77,0.82,907.7,32223.4,10.0,0.0,Microaspersion,54135.31,22871.43,9944.1,FAO-56 automatizado,True,
f81b875a-d671-45ef-85fd-8b739b275b97,PAR-076,CIC-2026-PV,2026-04-28,Chile,Desarrollo,7.75,1.024,7.936,76.05,92.75,0.82,927.5,32926.2,10.0,0.0,Microaspersion,55316.02,23370.3,10161.0,Manual,True,Deficit leve
5742001f-5162-4e00-bd3a-36ddb66d60a9,PAR-076,CIC-2026-PV,2026-04-29,Chile,Desarrollo,7.74,0.997,7.717,76.19,92.92,0.82,929.2,32986.6,10.0,0.0,Microaspersion,55417.49,23413.31,10179.7,Manual,True,
ca256e83-4d8c-4a28-85cc-495951b3b1b6,PAR-076,CIC-2026-PV,2026-06-02,Chile,Media,8.94,1.07,9.566,75.59,92.18,0.82,921.8,32723.9,0.0,249.65,Microaspersion,54976.15,23226.78,10098.6,MILPIN,False,
3d70cdaa-c004-4f7e-9aac-40bdb18bfc44,PAR-076,CIC-2026-PV,2026-06-18,Chile,Final,9.26,1.036,9.593,82.89,101.09,0.82,1010.9,35886.9,0.0,70.6,Microaspersion,60289.99,25471.81,11074.7,MILPIN,True,
89f41a7a-0b3e-457b-b86d-3acbfa7280d8,PAR-076,CIC-2026-PV,2026-06-27,Chile,Final,9.15,0.952,8.711,73.43,89.55,0.82,895.5,31790.2,0.0,4.97,Microaspersion,53407.54,22564.15,9810.5,MILPIN,True,
16c6e70e-c100-45d2-83f4-ecaa37623241,PAR-077,CIC-2026-PV,2026-03-10,Maiz,Inicial,6.33,0.31,1.962,14.2,17.32,0.82,173.2,3065.6,0.0,3.46,Microaspersion,5150.21,2175.8,946.0,Manual,True,
bf12c325-6b6c-4f6d-99cf-4a3aac3f4000,PAR-077,CIC-2026-PV,2026-03-18,Maiz,Inicial,6.13,0.3,1.839,11.17,13.62,0.82,136.2,2410.7,0.0,3.54,Microaspersion,4049.98,1710.97,743.9,FAO-56 automatizado,True,
abd9e061-1348-42a8-8b9c-0eaab3647b29,PAR-077,CIC-2026-PV,2026-04-12,Maiz,Desarrollo,7.38,0.836,6.17,37.61,45.87,0.82,458.7,8119.0,0.0,116.64,Microaspersion,13639.92,5762.65,2505.5,Manual,True,
5cfc4fcc-55b5-4f23-ae17-55873bc2d194,PAR-077,CIC-2026-PV,2026-04-18,Maiz,Desarrollo,7.59,1.04,7.894,45.53,55.52,0.82,555.2,9827.0,0.0,1.83,Microaspersion,16509.36,6974.98,3032.6,MILPIN,True,Deficit leve
5320221b-d92e-421b-a61b-4725a666c0ee,PAR-077,CIC-2026-PV,2026-05-02,Maiz,Media,8.24,1.22,10.053,53.41,65.13,0.82,651.3,11528.0,0.0,87.33,Microaspersion,19367.04,8182.25,3557.5,MILPIN,True,
c4509f34-6105-40c3-bff7-65c5d499f238,PAR-077,CIC-2026-PV,2026-05-07,Maiz,Media,8.36,1.18,9.865,49.24,60.05,0.82,600.5,10628.9,0.0,0.09,Microaspersion,17856.55,7544.23,3280.1,MILPIN,True,
4b850a09-4599-4412-9984-1daae24cddf3,PAR-077,CIC-2026-PV,2026-05-11,Maiz,Media,8.25,1.21,9.982,50.99,62.18,0.82,621.8,11005.9,10.0,0.0,Microaspersion,18489.91,7811.72,3396.4,Manual,True,
21d7cc00-0fc4-4943-a2ec-6019eaaaef8a,PAR-077,CIC-2026-PV,2026-05-12,Maiz,Media,8.25,1.23,10.147,53.34,65.05,0.82,650.5,11513.9,10.0,0.0,Microaspersion,19343.35,8172.36,3553.2,MILPIN,True,
509a8980-f745-43e8-a353-9410349edc48,PAR-077,CIC-2026-PV,2026-05-14,Maiz,Media,8.29,1.21,10.031,53.96,65.81,0.82,658.1,11648.4,10.0,0.0,Microaspersion,19569.31,8267.81,3594.7,MILPIN,False,
7d68ef7e-157f-41b2-9741-ece11463cba7,PAR-077,CIC-2026-PV,2026-05-15,Maiz,Media,8.52,1.23,10.48,51.33,62.6,0.82,626.0,11080.2,10.0,0.0,Microaspersion,18614.74,7864.39,3419.3,MILPIN,True,
f110865a-7d47-4658-876d-022f98eb8a26,PAR-077,CIC-2026-PV,2026-05-17,Maiz,Media,8.59,1.21,10.394,53.46,65.2,0.82,652.0,11540.4,10.0,0.0,Microaspersion,19387.87,8191.22,3561.4,MILPIN,True,
de49036e-f3f1-4dc0-887d-3fc7324cdcce,PAR-077,CIC-2026-PV,2026-06-18,Maiz,Final,9.33,0.95,8.864,34.98,42.66,0.82,426.6,7550.8,0.0,248.67,Microaspersion,12685.34,5359.46,2330.2,Manual,True,
3265dd74-bf42-43ef-8634-ef3d2c7d7477,PAR-077,CIC-2026-PV,2026-06-29,Maiz,Final,8.83,0.67,5.916,26.59,32.43,0.82,324.3,5740.1,0.0,38.49,Microaspersion,9643.37,4074.22,1771.4,MILPIN,True,
68e5ed0b-8a0e-436a-9ebe-0831543c0729,PAR-077,CIC-2026-PV,2026-07-18,Maiz,Final,7.88,0.57,4.492,22.62,27.59,0.82,275.9,4883.4,0.0,62.73,Microaspersion,8204.11,3466.1,1507.0,MILPIN,True,Deficit leve
9bc0f20c-071f-40a3-9320-bc80f69e44d0,PAR-078,CIC-2026-PV,2026-03-14,Uva,Inicial,6.0,0.33,1.98,28.73,35.91,0.8,359.1,15656.8,10.0,0.0,Aspersion,26303.42,11112.91,4831.7,FAO-56 automatizado,False,Deficit leve
fc427673-fa39-422e-9f70-ca43c9af3973,PAR-078,CIC-2026-PV,2026-04-09,Uva,Desarrollo,7.73,0.541,4.182,39.94,49.92,0.8,499.2,21765.1,0.0,68.79,Aspersion,36565.37,15448.41,6716.7,MILPIN,True,
9699fcf7-f9ee-4238-b75d-0878dbcd721e,PAR-078,CIC-2026-PV,2026-04-15,Uva,Desarrollo,7.55,0.644,4.862,50.7,63.37,0.8,633.7,27629.3,10.0,0.0,Aspersion,46417.22,19610.72,8526.4,Manual,False,
726ad0b0-242b-412a-acfb-e024e7d3a862,PAR-078,CIC-2026-PV,2026-04-21,Uva,Desarrollo,7.77,0.696,5.408,60.02,75.03,0.8,750.3,32713.1,10.0,0.0,Aspersion,54958.01,23219.19,10095.3,FAO-56 automatizado,True,
cfc8dfe7-d9c3-4984-99c5-e45671ee0369,PAR-078,CIC-2026-PV,2026-04-23,Uva,Desarrollo,7.2,0.744,5.357,57.95,72.44,0.8,724.4,31583.8,10.0,0.0,Aspersion,53060.78,22417.64,9746.8,MILPIN,True,
0db33926-214d-4319-acd5-04202e82aee6,PAR-078,CIC-2026-PV,2026-04-27,Uva,Desarrollo,7.19,0.819,5.889,63.12,78.9,0.8,789.0,34400.4,10.0,0.0,Aspersion,57792.67,24416.8,10616.0,MILPIN,False,
e5e54c7b-600d-49e1-bbf3-ac730e5f5f32,PAR-078,CIC-2026-PV,2026-05-20,Uva,Media,8.26,0.81,6.691,67.82,84.77,0.8,847.7,36959.7,0.0,86.07,Aspersion,62092.3,26233.34,11405.8,MILPIN,True,
a7bbd728-2172-4957-9f6b-9e1107414314,PAR-078,CIC-2026-PV,2026-06-18,Uva,Media,8.78,0.83,7.287,72.94,91.17,0.8,911.7,39750.1,0.0,138.38,Aspersion,66780.17,28213.87,12266.9,MILPIN,True,
73e3b3ff-254a-44ef-a32b-51d9c71144b6,PAR-078,CIC-2026-PV,2026-08-24,Uva,Media,7.51,0.85,6.383,64.82,81.03,0.8,810.3,35329.1,0.0,362.84,Aspersion,59352.89,25075.98,10902.6,MILPIN,True,
faf7000b-564b-4c9e-a58b-460f201a9268,PAR-078,CIC-2026-PV,2026-09-11,Uva,Final,6.24,0.7,4.368,56.86,71.08,0.8,710.8,30990.9,0.0,21.76,Aspersion,52064.71,21996.74,9563.8,MILPIN,True,
cf29e950-8d00-4ec0-9af1-3350cc38d3df,PAR-079,CIC-2026-PV,2026-03-14,Frijol,Inicial,5.77,0.42,2.423,25.39,31.74,0.8,317.4,6792.4,0.0,6.11,Aspersion,11411.23,4821.03,2096.1,MILPIN,True,
ecc5223f-14c2-4e46-9c70-ed60c1fcedb5,PAR-079,CIC-2026-PV,2026-03-21,Frijol,Inicial,6.29,0.39,2.453,24.26,30.33,0.8,303.3,6490.6,10.0,0.0,Aspersion,10904.21,4606.9,2003.0,Manual,True,
34cf7ea4-579a-4036-a07b-524d14daf01f,PAR-079,CIC-2026-PV,2026-03-31,Frijol,Desarrollo,5.77,0.68,3.924,35.52,44.4,0.8,444.0,9501.6,0.0,3.72,Aspersion,15962.69,6744.06,2932.2,MILPIN,True,
236a4576-68bd-41b1-be4c-6a08c378d51e,PAR-079,CIC-2026-PV,2026-04-07,Frijol,Desarrollo,7.18,0.825,5.923,48.9,61.13,0.8,611.3,13081.8,10.0,0.0,Aspersion,21977.42,9285.1,4037.0,FAO-56 automatizado,True,Deficit leve
7147782e-206b-4fc3-8f73-50b70ddc14a1,PAR-079,CIC-2026-PV,2026-04-27,Frijol,Media,7.72,1.14,8.801,71.58,89.48,0.8,894.8,19148.7,0.0,104.44,Aspersion,32169.82,13591.39,5909.3,MILPIN,True,
2b335328-2dcd-46a4-96ea-ff2c2aaf7789,PAR-079,CIC-2026-PV,2026-04-29,Frijol,Media,7.26,1.17,8.494,63.17,78.96,0.8,789.6,16897.4,10.0,0.0,Aspersion,28387.63,11993.35,5214.5,MILPIN,True,
9a6f3c2a-122d-4363-83fa-6fa7f4cdecc3,PAR-079,CIC-2026-PV,2026-05-01,Frijol,Media,8.19,1.16,9.5,73.53,91.91,0.8,919.1,19668.7,10.0,0.0,Aspersion,33043.42,13960.54,6069.8,FAO-56 automatizado,False,
ceca64d6-302c-4dae-aeac-4e64c8a5df37,PAR-079,CIC-2026-PV,2026-05-04,Frijol,Media,8.61,1.14,9.815,67.58,84.47,0.8,844.7,18076.6,10.0,0.0,Aspersion,30368.69,12830.32,5578.4,MILPIN,False,
498e283e-d72c-4a15-8f76-2bcacefa3a31,PAR-079,CIC-2026-PV,2026-05-30,Frijol,Final,8.6,0.78,6.708,48.06,60.08,0.8,600.8,12857.1,0.0,126.35,Aspersion,21599.93,9125.71,3967.7,MILPIN,False,
d06bf391-3ecb-44cf-854b-a9ca9aff92ec,PAR-079,CIC-2026-PV,2026-06-02,Frijol,Final,8.72,0.61,5.319,38.3,47.88,0.8,478.8,10246.3,10.0,0.0,Aspersion,17213.78,7272.6,3162.0,Manual,False,
4f9e4f71-1ce9-4d06-b4c0-df4612890a88,PAR-079,CIC-2026-PV,2026-06-07,Frijol,Final,9.3,0.45,4.185,23.5,29.38,0.8,293.8,6287.3,10.0,0.0,Aspersion,10562.66,4462.69,1940.3,MILPIN,True,
5783a4d4-86e0-4c83-a1ca-afeb2653918e,PAR-080,CIC-2026-PV,2026-03-14,Chile,Inicial,5.97,0.61,3.642,38.57,42.86,0.9,428.6,8657.7,0.0,8.78,Goteo,14544.94,6145.14,2671.8,MILPIN,False,
1860945b-b81e-4a04-9130-6e7567bc7025,PAR-080,CIC-2026-PV,2026-03-24,Chile,Inicial,5.74,0.62,3.559,33.28,36.98,0.9,369.8,7470.0,0.0,2.31,Goteo,12549.6,5301.96,2305.2,MILPIN,True,
00c66c85-b39e-4a92-bc48-570be6fd1028,PAR-080,CIC-2026-PV,2026-03-25,Chile,Inicial,6.33,0.61,3.861,32.38,35.98,0.9,359.8,7268.0,10.0,0.0,Goteo,12210.24,5158.67,2242.9,MILPIN,False,Deficit leve
c337bbbd-90bc-48df-abf3-46d569974f3a,PAR-080,CIC-2026-PV,2026-03-29,Chile,Desarrollo,5.94,0.659,3.914,43.22,48.02,0.9,480.2,9700.0,10.0,0.0,Goteo,16296.0,6884.82,2993.4,Manual,True,
b2021e0a-16c2-46ab-ae39-26f1ad00ce61,PAR-080,CIC-2026-PV,2026-04-15,Chile,Desarrollo,7.47,0.847,6.327,44.97,49.97,0.9,499.7,10093.9,0.0,62.59,Goteo,16957.75,7164.5,3115.0,FAO-56 automatizado,True,
8efbb0dc-8b8f-4c04-8411-cbf36ea52650,PAR-080,CIC-2026-PV,2026-04-18,Chile,Desarrollo,7.71,0.916,7.062,60.08,66.76,0.9,667.6,13485.5,10.0,0.0,Goteo,22655.64,9571.68,4161.6,Manual,True,
0450f727-fe37-48aa-b6d8-d83831dcc6be,PAR-080,CIC-2026-PV,2026-05-05,Chile,Media,8.56,1.03,8.817,63.29,70.32,0.9,703.2,14204.6,0.0,86.6,Goteo,23863.73,10082.05,4383.5,MILPIN,True,
863f625e-3ca3-45be-8cbf-dd2f4cd1874c,PAR-080,CIC-2026-PV,2026-05-09,Chile,Media,8.57,1.03,8.827,65.12,72.36,0.9,723.6,14616.7,10.0,0.0,Goteo,24556.06,10374.61,4510.7,MILPIN,True,
3a7fcef2-96e1-46b9-8ed8-ecd6c668e0b8,PAR-080,CIC-2026-PV,2026-05-25,Chile,Media,8.27,1.05,8.684,68.89,76.55,0.9,765.5,15463.1,0.0,70.05,Goteo,25978.01,10975.37,4771.9,FAO-56 automatizado,True,
48645770-b8de-425e-8733-f3a5fc7c1fb2,PAR-080,CIC-2026-PV,2026-05-31,Chile,Media,8.3,1.07,8.881,63.19,70.21,0.9,702.1,14182.4,10.0,0.0,Goteo,23826.43,10066.41,4376.7,MILPIN,True,
7e384d3c-62d4-4bf0-ae14-3633c03e99df,PAR-080,CIC-2026-PV,2026-06-14,Chile,Final,8.75,1.06,9.275,57.54,63.93,0.9,639.3,12913.9,0.0,72.31,Goteo,21695.35,9165.96,3985.2,MILPIN,True,
af6c9f3f-84c1-41e0-a2b9-d857bc03c885,PAR-080,CIC-2026-PV,2026-06-25,Chile,Final,9.13,0.954,8.71,53.5,59.44,0.9,594.4,12006.9,0.0,42.31,Goteo,20171.59,8522.19,3705.3,FAO-56 automatizado,False,
93e32f71-8c16-4df9-a524-17bcc997fda4,PAR-080,CIC-2026-PV,2026-07-03,Chile,Final,8.29,0.916,7.594,57.92,64.36,0.9,643.6,13000.7,0.0,2.83,Goteo,21841.18,9227.6,4012.0,MILPIN,True,
