id_recomendacion,id_parcela,id_ciclo,fecha_generacion,fecha_riego_sugerida,lamina_recomendada_mm,eto_referencia,etc_calculada,deficit_acumulado_mm,nivel_urgencia,algoritmo_version,aceptada,ahorro_estimado_m3,ahorro_mxn,ahorro_kwh,prioridad_tecnificacion,migracion_sugerida,score_optimizacion,confianza_modelo,explicacion_ia
7d399042-3c56-477a-8e34-84faad595f70,PAR-001,CIC-2025-PV,2025-05-19,2025-05-22,29.3,8.76,9.023,24.17,Baja,MILPIN-v1.2,sin_respuesta,1441.3,2421.38,444.79,Alta,Gravedad -> Goteo,0.55,0.57,Patron historico + indices climaticos: riego optimo en 4 dias evita estres hidrico en etapa Media.
635a6a95-f9dd-41cd-a31d-d0f63ef04198,PAR-001,CIC-2025-PV,2025-03-08,2025-03-11,22.12,5.91,3.605,16.67,Media,MILPIN-v2.0,modificada,1089.9,1831.03,336.34,Alta,Microaspersion -> Goteo,0.39,0.71,Optimizacion turno nocturno 22-06 h: reduce evaporacion estimada 12-15%. Deficit actual 16.7 mm.
01d13ea5-82b3-45c0-a878-1adcbeb1bbde,PAR-001,CIC-2025-PV,2025-06-15,2025-06-19,33.98,8.8,9.011,26.8,Baja,MILPIN-v1.2,rechazada,1672.1,2809.13,516.01,Alta,Microaspersion -> Goteo,0.39,0.47,Score optimizacion 0.39: migracion Microaspersion -> Goteo proyecta ahorro 11% consumo anual con payback < 2 ciclos.
49c81f51-3a9d-4421-985c-26b33cc93e08,PAR-001,CIC-2025-PV,2025-06-05,2025-06-10,30.82,8.94,9.119,25.37,Media,MILPIN-v2.0,aceptada,1519.4,2552.59,468.89,Media,Mantener sistema actual,0.37,0.69,ETo proyectada 8.9 mm/dia (horizonte 7 dias). Kc=1.02 etapa Media. Aplicar lamina 31 mm.
2ac4d66c-bf30-4620-954a-8797466b7635,PAR-001,CIC-2025-OI,2025-11-12,2025-11-15,27.21,4.12,2.596,22.68,Media,MILPIN-v1.2,aceptada,1341.9,2254.39,414.11,Media,Microaspersion -> Goteo,0.61,0.5,Patron historico + indices climaticos: riego optimo en 3 dias evita estres hidrico en etapa Inicial.
24d385f6-dee0-4537-821e-7346786bc8f8,PAR-001,CIC-2025-OI,2026-04-14,2026-04-16,24.4,7.27,6.616,19.32,Alta,MILPIN-v1.2,modificada,1203.5,2021.88,371.4,Baja,Gravedad -> Microaspersion,0.48,0.45,Optimizacion turno nocturno 22-06 h: reduce evaporacion estimada 12-15%. Deficit actual 19.3 mm.
505a2b9a-4f1f-4685-8317-ad5d71a592a1,PAR-001,CIC-2025-OI,2026-04-14,2026-04-19,26.21,7.29,6.488,21.65,Media,MILPIN-v2.0,rechazada,1292.2,2170.9,398.77,Alta,Aspersion -> Goteo,0.34,0.7,Balance hidrico acumulado indica deficit de 21.6 mm. Riego preventivo recomendado en 3 dias.
a7054f08-8637-46f3-a274-f81d60837916,PAR-001,CIC-2026-PV,2026-10-09,2026-10-11,28.59,5.23,4.55,22.99,Baja,MILPIN-v1.3,aceptada,1100.5,1848.84,339.61,Baja,Mantener sistema actual,0.93,0.89,Score optimizacion 0.93: migracion Mantener sistema actual proyecta ahorro 9% consumo anual con payback < 2 ciclos.
58c8cbc2-1232-4646-8b6b-5e9ae1a0bd10,PAR-001,CIC-2026-PV,2026-06-20,2026-06-25,29.28,8.93,8.787,25.55,Media,MILPIN-v1.2,aceptada,1128.9,1896.55,348.38,Baja,Microaspersion -> Goteo,0.78,0.86,FAO-56 detecta inicio etapa media con Kc=0.98. Incrementar lamina un 9% respecto evento anterior.
2f9f7f6c-3344-44a1-88d9-0562e098779f,PAR-001,CIC-2026-PV,2026-03-06,2026-03-07,35.76,5.77,3.577,26.35,Baja,MILPIN-v2.0,aceptada,1377.4,2314.03,425.07,Media,Mantener sistema actual,0.84,0.89,Score optimizacion 0.84: migracion Mantener sistema actual proyecta ahorro 9% consumo anual con payback < 2 ciclos.
89e29544-b67f-4cea-9729-eec0ef740af6,PAR-001,CIC-2026-PV,2026-08-16,2026-08-20,30.66,7.76,6.829,22.23,Media,MILPIN-v1.2,aceptada,1178.6,1980.05,363.72,Baja,Aspersion -> Goteo,0.75,0.84,Optimizacion turno nocturno 22-06 h: reduce evaporacion estimada 12-15%. Deficit actual 22.2 mm.
6f51e1d0-4bfe-4a2f-a49b-554dde6e5d86,PAR-001,CIC-2026-PV,2026-06-25,2026-06-27,13.22,8.79,8.122,5.39,Media,MILPIN-v1.3,aceptada,507.7,852.94,156.68,Baja,Gravedad -> Goteo,0.78,0.78,Deficit acumulado 5.4 mm supera umbral critico. Riego urgente antes de 4 dias para evitar dano.
6494952b-6e78-4380-a054-2354065c2054,PAR-001,CIC-2026-PV,2026-07-29,2026-07-30,24.05,8.25,7.178,15.27,Media,MILPIN-v1.2,aceptada,926.5,1556.52,285.92,Baja,Mantener sistema actual,0.95,0.88,Deficit acumulado 15.3 mm supera umbral critico. Riego urgente antes de 2 dias para evitar dano.
52976704-787a-441b-a41e-8e5e56335701,PAR-002,CIC-2025-PV,2025-04-03,2025-04-08,20.81,7.3,5.001,14.94,Alta,MILPIN-v1.2,modificada,601.2,1010.02,185.53,Baja,Gravedad -> Microaspersion,0.59,0.66,Deficit acumulado 14.9 mm supera umbral critico. Riego urgente antes de 3 dias para evitar dano.
fdd7c887-2480-47ed-b63a-f392e3d361db,PAR-002,CIC-2025-PV,2025-05-31,2025-06-02,12.47,8.28,5.879,7.22,Baja,MILPIN-v1.2,aceptada,359.1,603.29,110.82,Media,Aspersion -> Goteo,0.42,0.69,Deficit acumulado 7.2 mm supera umbral critico. Riego urgente antes de 6 dias para evitar dano.
ac2f0fd6-d911-4ca4-9caa-a260b3a91ab6,PAR-002,CIC-2025-PV,2025-07-25,2025-07-27,26.79,8.24,3.131,19.17,Alta,MILPIN-v1.3,rechazada,771.4,1295.95,238.05,Media,Microaspersion -> Goteo,0.34,0.61,Score optimizacion 0.34: migracion Microaspersion -> Goteo proyecta ahorro 9% consumo anual con payback < 2 ciclos.
8a230785-ed46-42df-bd52-811e6f643f67,PAR-002,CIC-2025-PV,2025-05-07,2025-05-09,34.63,8.54,9.565,25.46,Baja,MILPIN-v1.3,rechazada,997.5,1675.8,307.83,Media,Aspersion -> Goteo,0.58,0.72,Score optimizacion 0.58: migracion Aspersion -> Goteo proyecta ahorro 9% consumo anual con payback < 2 ciclos.
fbe67063-bf40-42c0-af60-90d4f018c7aa,PAR-002,CIC-2025-OI,2026-03-03,2026-03-06,36.55,6.27,2.257,27.16,Media,MILPIN-v1.3,modificada,1053.4,1769.71,325.08,Alta,Aspersion -> Goteo,0.39,0.67,Optimizacion turno nocturno 22-06 h: reduce evaporacion estimada 12-15%. Deficit actual 27.2 mm.
c07f35b6-b508-4b94-8a23-c8e2a3c102a5,PAR-002,CIC-2025-OI,2025-10-25,2025-10-26,27.61,5.11,1.942,23.2,Media,MILPIN-v1.2,aceptada,795.3,1336.1,245.43,Media,Mantener sistema actual,0.36,0.61,FAO-56 detecta inicio etapa media con Kc=0.38. Incrementar lamina un 9% respecto evento anterior.
1ba7d1ff-cac9-4619-8e96-1d96579df48b,PAR-002,CIC-2025-OI,2026-03-27,2026-03-28,34.72,5.88,2.058,26.57,Media,MILPIN-v2.0,modificada,1000.2,1680.34,308.66,Baja,Gravedad -> Goteo,0.66,0.53,Patron historico + indices climaticos: riego optimo en 2 dias evita estres hidrico en etapa Final.
64b5bbd6-def4-40c8-89f5-091d89541b2f,PAR-002,CIC-2026-PV,2026-10-03,2026-10-08,33.15,5.09,1.629,26.49,Alta,MILPIN-v1.3,modificada,957.6,1608.77,295.52,Media,Aspersion -> Goteo,0.78,0.93,Optimizacion turno nocturno 22-06 h: reduce evaporacion estimada 12-15%. Deficit actual 26.5 mm.
2067d0f6-33bc-4e90-bb33-084b281d444c,PAR-002,CIC-2026-PV,2026-04-04,2026-04-08,20.25,7.64,5.959,13.1,Media,MILPIN-v2.0,aceptada,585.2,983.14,180.59,Baja,Gravedad -> Microaspersion,0.78,0.86,ETo proyectada 7.6 mm/dia (horizonte 7 dias). Kc=0.78 etapa Desarrollo. Aplicar lamina 20 mm.
d0db10e6-9c54-4bee-8925-e6073342ad00,PAR-002,CIC-2026-PV,2026-03-10,2026-03-12,29.76,5.91,2.482,21.01,Media,MILPIN-v1.3,aceptada,856.5,1438.92,264.32,Alta,Gravedad -> Goteo,0.87,0.92,FAO-56 detecta inicio etapa media con Kc=0.42. Incrementar lamina un 9% respecto evento anterior.
6f8fbe57-d453-4538-bae7-2c3dc0d8ba1e,PAR-002,CIC-2026-PV,2026-05-23,2026-05-28,32.31,8.55,8.807,26.91,Media,MILPIN-v2.0,aceptada,931.0,1564.08,287.31,Baja,Microaspersion -> Goteo,0.82,0.8,ETo proyectada 8.6 mm/dia (horizonte 7 dias). Kc=1.03 etapa Final. Aplicar lamina 32 mm.
b8a0def1-6407-435c-96c2-26ae01421314,PAR-002,CIC-2026-PV,2026-03-11,2026-03-15,28.47,5.98,2.272,22.59,Media,MILPIN-v1.2,aceptada,821.9,1380.79,253.64,Baja,Mantener sistema actual,0.74,0.97,Patron historico + indices climaticos: riego optimo en 5 dias evita estres hidrico en etapa Inicial.
b992060f-1b6f-48e8-99f3-f0fa1da99aa0,PAR-002,CIC-2026-PV,2026-03-06,2026-03-11,27.27,5.97,2.507,20.78,Media,MILPIN-v1.2,aceptada,787.4,1322.83,242.99,Baja,Gravedad -> Microaspersion,0.92,0.9,Optimizacion turno nocturno 22-06 h: reduce evaporacion estimada 12-15%. Deficit actual 20.8 mm.
6ebc9760-e36d-4114-b2dd-6ca1cc60b3aa,PAR-002,CIC-2026-PV,2026-09-27,2026-10-02,20.65,6.23,2.367,15.63,Media,MILPIN-v2.0,aceptada,595.8,1000.94,183.86,Alta,Mantener sistema actual,0.8,0.96,Score optimizacion 0.80: migracion Mantener sistema actual proyecta ahorro 9% consumo anual con payback < 2 ciclos.
bf3bf73b-e8e2-41fa-9d43-cfdda368358c,PAR-003,CIC-2025-PV,2025-05-19,2025-05-24,20.82,8.34,9.591,12.27,Baja,MILPIN-v1.2,aceptada,649.7,1091.5,200.5,Alta,Gravedad -> Microaspersion,0.63,0.62,Balance hidrico acumulado indica deficit de 12.3 mm. Riego preventivo recomendado en 3 dias.
29f7e593-8643-4e9c-88f0-030d3d90c64e,PAR-003,CIC-2025-PV,2025-06-16,2025-06-18,21.07,8.68,3.385,14.2,Alta,MILPIN-v1.2,sin_respuesta,657.7,1104.94,202.97,Alta,Gravedad -> Microaspersion,0.53,0.39,Optimizacion turno nocturno 22-06 h: reduce evaporacion estimada 12-15%. Deficit actual 14.2 mm.
efe50ab7-8195-4bfe-ba69-441efdc7e1fa,PAR-003,CIC-2025-PV,2025-03-06,2025-03-11,17.03,6.05,2.601,9.37,Media,MILPIN-v2.0,aceptada,531.4,892.75,163.99,Media,Aspersion -> Goteo,0.57,0.56,Optimizacion turno nocturno 22-06 h: reduce evaporacion estimada 12-15%. Deficit actual 9.4 mm.
d8197463-f6f7-45d4-aaa4-4789e854e119,PAR-003,CIC-2025-PV,2025-05-12,2025-05-13,28.01,8.44,9.706,24.91,Alta,MILPIN-v2.0,sin_respuesta,873.8,1467.98,269.65,Media,Gravedad -> Goteo,0.46,0.55,Balance hidrico acumulado indica deficit de 24.9 mm. Riego preventivo recomendado en 3 dias.
3c8a6151-02d1-48d3-8275-e22388e1e1bb,PAR-003,CIC-2025-PV,2025-09-06,2025-09-10,27.71,6.43,2.379,18.62,Baja,MILPIN-v1.2,rechazada,864.3,1452.02,266.72,Baja,Gravedad -> Microaspersion,0.33,0.63,FAO-56 detecta inicio etapa media con Kc=0.37. Incrementar lamina un 28% respecto evento anterior.
a79aabf5-5542-4e8a-82c9-b86adbedeec7,PAR-003,CIC-2025-PV,2025-05-11,2025-05-16,26.36,8.46,9.56,17.45,Media,MILPIN-v1.2,sin_respuesta,822.0,1380.96,253.67,Baja,Microaspersion -> Goteo,0.54,0.54,Deficit acumulado 17.4 mm supera umbral critico. Riego urgente antes de 2 dias para evitar dano.
f9210a6c-5bd9-4ca8-8658-5a81867be971,PAR-003,CIC-2025-OI,2025-12-05,2025-12-09,13.14,3.41,3.683,5.72,Alta,MILPIN-v1.3,aceptada,410.3,689.3,126.62,Alta,Gravedad -> Microaspersion,0.58,0.52,FAO-56 detecta inicio etapa media con Kc=1.08. Incrementar lamina un 28% respecto evento anterior.
57294003-87e0-4b40-89ba-f5629a676db7,PAR-003,CIC-2025-OI,2026-03-27,2026-04-01,16.71,5.93,2.313,11.31,Baja,MILPIN-v1.3,rechazada,521.2,875.62,160.84,Alta,Aspersion -> Goteo,0.47,0.72,Balance hidrico acumulado indica deficit de 11.3 mm. Riego preventivo recomendado en 4 dias.
98e3cb1d-9e48-4936-935b-1fd87dfb0fe9,PAR-003,CIC-2025-OI,2025-11-26,2025-11-27,27.85,3.69,3.007,18.74,Alta,MILPIN-v1.2,aceptada,869.4,1460.59,268.3,Media,Aspersion -> Goteo,0.61,0.73,Optimizacion turno nocturno 22-06 h: reduce evaporacion estimada 12-15%. Deficit actual 18.7 mm.
aa01b91c-7563-47c4-b3a1-5cfd0bbf0670,PAR-003,CIC-2025-OI,2025-12-24,2025-12-26,20.33,3.3,3.894,11.78,Alta,MILPIN-v2.0,aceptada,634.4,1065.79,195.78,Alta,Gravedad -> Microaspersion,0.66,0.5,FAO-56 detecta inicio etapa media con Kc=1.18. Incrementar lamina un 28% respecto evento anterior.
ba01d4ec-d61a-41cd-9c27-2a1f6e5551ca,PAR-003,CIC-2025-OI,2026-03-27,2026-03-31,28.57,5.72,1.945,23.95,Baja,MILPIN-v1.3,aceptada,891.3,1497.38,275.06,Alta,Gravedad -> Microaspersion,0.64,0.38,Deficit acumulado 23.9 mm supera umbral critico. Riego urgente antes de 4 dias para evitar dano.
8ed09051-346e-44cf-a0d3-3d49ac3a640e,PAR-003,CIC-2025-OI,2025-11-20,2025-11-22,21.73,4.05,2.815,18.71,Alta,MILPIN-v2.0,aceptada,678.2,1139.38,209.29,Alta,Gravedad -> Goteo,0.39,0.43,ETo proyectada 4.0 mm/dia (horizonte 7 dias). Kc=0.69 etapa Desarrollo. Aplicar lamina 22 mm.
4b0b3af0-0a6d-4818-83d0-25fb6e8eae7a,PAR-003,CIC-2026-PV,2026-07-02,2026-07-06,24.15,8.19,2.621,17.33,Media,MILPIN-v1.2,aceptada,245.3,412.1,75.7,Baja,Mantener sistema actual,0.8,0.82,ETo proyectada 8.2 mm/dia (horizonte 7 dias). Kc=0.32 etapa Final. Aplicar lamina 24 mm.
21c660c6-17ff-4e15-b903-fa9b9a84aa89,PAR-003,CIC-2026-PV,2026-08-24,2026-08-27,17.23,7.74,2.477,8.22,Media,MILPIN-v1.2,aceptada,175.2,294.34,54.07,Alta,Mantener sistema actual,0.84,0.77,Patron historico + indices climaticos: riego optimo en 2 dias evita estres hidrico en etapa Final.
226bddaf-e9ae-4f90-af4b-cf1bd39a08ac,PAR-003,CIC-2026-PV,2026-05-31,2026-06-01,20.56,8.6,6.106,13.36,Media,MILPIN-v1.2,aceptada,208.8,350.78,64.44,Media,Gravedad -> Microaspersion,0.78,0.84,FAO-56 detecta inicio etapa media con Kc=0.71. Incrementar lamina un 11% respecto evento anterior.
052dc93c-4484-48ed-84a4-89ba317fdbc7,PAR-003,CIC-2026-PV,2026-06-26,2026-07-01,20.63,9.25,3.422,11.8,Baja,MILPIN-v1.3,modificada,209.5,351.96,64.65,Media,Mantener sistema actual,0.86,0.77,ETo proyectada 9.2 mm/dia (horizonte 7 dias). Kc=0.37 etapa Final. Aplicar lamina 21 mm.
ff14cd39-4ebc-48ec-baae-70bd465cb2eb,PAR-003,CIC-2026-PV,2026-10-08,2026-10-13,22.97,4.88,1.61,16.23,Alta,MILPIN-v2.0,aceptada,232.9,391.27,71.87,Baja,Gravedad -> Goteo,0.77,0.77,ETo proyectada 4.9 mm/dia (horizonte 7 dias). Kc=0.33 etapa Final. Aplicar lamina 23 mm.
289e7a39-046a-42c9-a5d7-ce730c3fa345,PAR-003,CIC-2026-PV,2026-08-06,2026-08-08,22.65,7.18,2.441,15.91,Baja,MILPIN-v1.2,aceptada,229.2,385.06,70.73,Alta,Microaspersion -> Goteo,0.74,0.95,Patron historico + indices climaticos: riego optimo en 6 dias evita estres hidrico en etapa Final.
7d153c88-e84b-45a4-abf7-6e01699af743,PAR-003,CIC-2026-PV,2026-05-18,2026-05-23,10.71,8.37,9.542,6.44,Media,MILPIN-v2.0,aceptada,108.8,182.78,33.58,Alta,Gravedad -> Microaspersion,0.8,0.81,Patron historico + indices climaticos: riego optimo en 3 dias evita estres hidrico en etapa Media.
d583772c-ef9b-49b6-83b1-bb925c65ca27,PAR-003,CIC-2026-PV,2026-03-31,2026-04-05,21.12,5.73,3.782,14.77,Baja,MILPIN-v2.0,aceptada,213.9,359.35,66.01,Media,Microaspersion -> Goteo,0.84,0.94,ETo proyectada 5.7 mm/dia (horizonte 7 dias). Kc=0.66 etapa Desarrollo. Aplicar lamina 21 mm.
537675e7-fc65-4b95-8d05-ca457c556ab2,PAR-003,CIC-2026-PV,2026-08-03,2026-08-04,27.67,7.31,2.851,23.71,Baja,MILPIN-v2.0,aceptada,281.1,472.25,86.75,Baja,Gravedad -> Microaspersion,0.81,0.8,Balance hidrico acumulado indica deficit de 23.7 mm. Riego preventivo recomendado en 4 dias.
4dd612c4-9b8b-46ae-96eb-7337805fe5ae,PAR-003,CIC-2026-PV,2026-07-31,2026-08-05,14.31,8.13,3.008,7.58,Media,MILPIN-v1.2,aceptada,145.3,244.1,44.84,Baja,Aspersion -> Goteo,0.86,0.85,ETo proyectada 8.1 mm/dia (horizonte 7 dias). Kc=0.37 etapa Final. Aplicar lamina 14 mm.
0453a225-cf00-4d2d-b2e3-5b42d3b8c34e,PAR-004,CIC-2025-PV,2025-07-22,2025-07-27,30.0,8.02,2.727,25.81,Media,MILPIN-v2.0,rechazada,1309.4,2199.79,404.08,Baja,Gravedad -> Microaspersion,0.68,0.49,Score optimizacion 0.68: migracion Gravedad -> Microaspersion proyecta ahorro 11% consumo anual con payback < 2 ciclos.
37bb54bf-0368-4858-ab92-e1051afb49ce,PAR-004,CIC-2025-PV,2025-09-07,2025-09-11,27.04,6.46,2.326,17.9,Media,MILPIN-v2.0,sin_respuesta,1180.6,1983.41,364.33,Baja,Gravedad -> Microaspersion,0.44,0.72,ETo proyectada 6.5 mm/dia (horizonte 7 dias). Kc=0.36 etapa Final. Aplicar lamina 27 mm.
ef51f939-0293-48cf-8aae-cc45ba364def,PAR-004,CIC-2025-PV,2025-04-03,2025-04-08,22.24,7.25,4.966,15.15,Baja,MILPIN-v2.0,modificada,970.3,1630.1,299.43,Baja,Gravedad -> Goteo,0.66,0.61,FAO-56 detecta inicio etapa media con Kc=0.69. Incrementar lamina un 11% respecto evento anterior.
bf296531-7742-499c-b4c6-5cc593ed6d3a,PAR-004,CIC-2025-OI,2026-04-06,2026-04-11,9.98,7.47,2.839,6.88,Baja,MILPIN-v1.3,rechazada,433.3,727.94,133.72,Alta,Gravedad -> Microaspersion,0.43,0.6,Score optimizacion 0.43: migracion Gravedad -> Microaspersion proyecta ahorro 11% consumo anual con payback < 2 ciclos.
53bb80f9-73ed-43e4-b1eb-b2b1ded26ae1,PAR-004,CIC-2025-OI,2026-02-10,2026-02-14,37.75,4.26,1.576,27.88,Alta,MILPIN-v1.3,aceptada,1648.5,2769.48,508.73,Baja,Mantener sistema actual,0.4,0.45,FAO-56 detecta inicio etapa media con Kc=0.37. Incrementar lamina un 11% respecto evento anterior.
58a3d6f5-e764-4756-b0fe-4af74ca07c1c,PAR-004,CIC-2025-OI,2025-11-23,2025-11-24,36.51,3.88,2.949,27.67,Alta,MILPIN-v2.0,aceptada,1592.0,2674.56,491.29,Baja,Gravedad -> Goteo,0.45,0.74,Deficit acumulado 27.7 mm supera umbral critico. Riego urgente antes de 6 dias para evitar dano.
03792734-8001-47db-af86-e43a3b8a9e08,PAR-004,CIC-2025-OI,2026-04-04,2026-04-06,23.86,7.46,2.835,18.27,Media,MILPIN-v2.0,aceptada,1039.3,1746.02,320.73,Baja,Aspersion -> Goteo,0.67,0.71,Balance hidrico acumulado indica deficit de 18.3 mm. Riego preventivo recomendado en 4 dias.
9a0a067b-12b7-4b76-b0f9-169bb437c0a9,PAR-004,CIC-2026-PV,2026-09-12,2026-09-17,31.33,6.16,2.156,21.6,Alta,MILPIN-v2.0,aceptada,1067.6,1793.57,329.46,Alta,Microaspersion -> Goteo,0.8,0.93,Deficit acumulado 21.6 mm supera umbral critico. Riego urgente antes de 2 dias para evitar dano.
c44f0818-6cc2-4881-9f59-8914561d6290,PAR-004,CIC-2026-PV,2026-04-06,2026-04-11,14.95,7.56,5.897,5.24,Media,MILPIN-v1.2,aceptada,508.7,854.62,156.98,Baja,Gravedad -> Microaspersion,0.96,0.94,Balance hidrico acumulado indica deficit de 5.2 mm. Riego preventivo recomendado en 4 dias.
eac1e707-6c37-4674-8986-6c0b3bd04940,PAR-004,CIC-2026-PV,2026-06-23,2026-06-24,19.3,9.13,3.287,12.55,Media,MILPIN-v1.2,aceptada,659.4,1107.79,203.49,Baja,Gravedad -> Goteo,0.75,0.86,FAO-56 detecta inicio etapa media con Kc=0.36. Incrementar lamina un 9% respecto evento anterior.
95524f17-66ca-46c7-a383-c31402a8234f,PAR-004,CIC-2026-PV,2026-07-02,2026-07-04,35.02,8.28,2.815,26.45,Alta,MILPIN-v2.0,aceptada,1193.2,2004.58,368.22,Media,Microaspersion -> Goteo,0.9,0.79,ETo proyectada 8.3 mm/dia (horizonte 7 dias). Kc=0.34 etapa Final. Aplicar lamina 35 mm.
e10bc251-08d4-4f15-b397-07e70d795825,PAR-004,CIC-2026-PV,2026-07-14,2026-07-19,21.71,7.82,2.659,13.12,Media,MILPIN-v2.0,aceptada,741.0,1244.88,228.67,Media,Microaspersion -> Goteo,0.8,0.74,FAO-56 detecta inicio etapa media con Kc=0.34. Incrementar lamina un 9% respecto evento anterior.
1636ad1e-f8e1-4a76-9ed0-322a05b2fa83,PAR-004,CIC-2026-PV,2026-06-29,2026-07-01,19.5,8.88,2.842,13.87,Baja,MILPIN-v1.3,aceptada,662.5,1113.0,204.45,Alta,Gravedad -> Goteo,0.81,0.87,Patron historico + indices climaticos: riego optimo en 2 dias evita estres hidrico en etapa Final.
f8d1254d-92cf-4021-8190-ac8900d1eec2,PAR-004,CIC-2026-PV,2026-06-14,2026-06-19,21.37,8.74,2.709,16.69,Media,MILPIN-v1.2,aceptada,728.5,1223.88,224.82,Media,Microaspersion -> Goteo,0.93,0.85,Patron historico + indices climaticos: riego optimo en 5 dias evita estres hidrico en etapa Final.
5f5ea6dd-f3a9-4ab6-98d4-61da580ea476,PAR-005,CIC-2025-PV,2025-05-20,2025-05-22,14.34,8.41,10.092,10.86,Alta,MILPIN-v1.2,modificada,1287.3,2162.66,397.26,Media,Microaspersion -> Goteo,0.33,0.54,Deficit acumulado 10.9 mm supera umbral critico. Riego urgente antes de 4 dias para evitar dano.
90eb0b9f-7791-4ac8-a615-2f39002532c6,PAR-005,CIC-2025-PV,2025-07-21,2025-07-24,37.17,7.84,8.718,27.43,Alta,MILPIN-v1.2,aceptada,3334.8,5602.46,1029.12,Media,Aspersion -> Goteo,0.53,0.63,FAO-56 detecta inicio etapa media con Kc=1.11. Incrementar lamina un 28% respecto evento anterior.
d4b7f1b7-5e9b-444a-b95d-f63bc78be8a6,PAR-005,CIC-2025-PV,2025-06-21,2025-06-23,20.43,9.3,11.067,16.71,Media,MILPIN-v1.3,modificada,1833.3,3079.94,565.76,Alta,Mantener sistema actual,0.49,0.64,Optimizacion turno nocturno 22-06 h: reduce evaporacion estimada 12-15%. Deficit actual 16.7 mm.
091d02fd-3834-471a-90c6-8f897cc949e1,PAR-005,CIC-2025-PV,2025-03-11,2025-03-16,20.43,6.21,2.111,14.62,Media,MILPIN-v1.2,modificada,1833.3,3079.94,565.76,Baja,Gravedad -> Goteo,0.57,0.71,ETo proyectada 6.2 mm/dia (horizonte 7 dias). Kc=0.34 etapa Inicial. Aplicar lamina 20 mm.
2eea904c-ddcd-42d2-950f-3eb9d583ad04,PAR-005,CIC-2025-OI,2026-03-31,2026-04-05,22.09,5.84,5.256,12.36,Media,MILPIN-v1.3,aceptada,1982.4,3330.43,611.77,Alta,Mantener sistema actual,0.64,0.65,ETo proyectada 5.8 mm/dia (horizonte 7 dias). Kc=0.90 etapa Final. Aplicar lamina 22 mm.
7423bfb0-0bef-40d1-b4d8-5bb92a4122ea,PAR-005,CIC-2025-OI,2026-02-18,2026-02-21,35.9,4.16,5.117,27.26,Media,MILPIN-v1.3,sin_respuesta,3221.4,5411.95,994.12,Alta,Gravedad -> Microaspersion,0.62,0.75,ETo proyectada 4.2 mm/dia (horizonte 7 dias). Kc=1.23 etapa Media. Aplicar lamina 36 mm.
4f5ecb35-7b34-4d6a-8131-4a2ad4f7115b,PAR-005,CIC-2025-OI,2026-03-25,2026-03-30,21.11,6.28,6.198,16.67,Media,MILPIN-v1.3,rechazada,1894.2,3182.26,584.55,Media,Aspersion -> Goteo,0.46,0.63,Patron historico + indices climaticos: riego optimo en 3 dias evita estres hidrico en etapa Final.
9ab98529-55dc-43a5-8455-03e8d3bc7de0,PAR-005,CIC-2025-OI,2026-02-17,2026-02-18,28.74,4.22,5.191,21.5,Alta,MILPIN-v2.0,modificada,2580.9,4335.91,796.47,Alta,Microaspersion -> Goteo,0.68,0.42,ETo proyectada 4.2 mm/dia (horizonte 7 dias). Kc=1.23 etapa Media. Aplicar lamina 29 mm.
af891c8f-e9a2-451a-ad5d-cded923df109,PAR-005,CIC-2025-OI,2026-02-03,2026-02-05,36.78,4.7,5.593,27.31,Alta,MILPIN-v2.0,aceptada,3299.1,5542.49,1018.1,Baja,Gravedad -> Goteo,0.65,0.7,Balance hidrico acumulado indica deficit de 27.3 mm. Riego preventivo recomendado en 6 dias.
b3723780-1b07-4b6b-ae56-aea319584794,PAR-005,CIC-2026-PV,2026-06-29,2026-07-03,14.57,8.84,10.343,11.43,Baja,MILPIN-v1.2,rechazada,1308.3,2197.94,403.74,Media,Gravedad -> Goteo,0.86,0.85,ETo proyectada 8.8 mm/dia (horizonte 7 dias). Kc=1.17 etapa Media. Aplicar lamina 15 mm.
477fcdf1-6d4a-4885-a4a0-a084123f209a,PAR-005,CIC-2026-PV,2026-06-09,2026-06-11,12.75,9.1,11.193,6.37,Alta,MILPIN-v1.2,aceptada,1144.5,1922.76,353.19,Baja,Gravedad -> Microaspersion,0.87,0.76,Patron historico + indices climaticos: riego optimo en 6 dias evita estres hidrico en etapa Media.
e1b2694a-0bb8-457e-92c0-352ce0a4b9e9,PAR-005,CIC-2026-PV,2026-09-08,2026-09-13,36.67,6.67,4.669,27.61,Alta,MILPIN-v1.2,aceptada,3292.8,5531.9,1016.16,Alta,Microaspersion -> Goteo,0.76,0.79,Score optimizacion 0.76: migracion Microaspersion -> Goteo proyecta ahorro 28% consumo anual con payback < 2 ciclos.
53293baf-01e8-4b55-b4e6-3f3287c3b450,PAR-005,CIC-2026-PV,2026-05-19,2026-05-20,24.35,8.77,10.2,19.85,Alta,MILPIN-v2.0,aceptada,2184.0,3669.12,673.98,Media,Aspersion -> Goteo,0.92,0.76,Patron historico + indices climaticos: riego optimo en 4 dias evita estres hidrico en etapa Desarrollo.
6edb3de9-802c-4f85-a871-2d9aea8ef1fd,PAR-005,CIC-2026-PV,2026-03-31,2026-04-04,14.23,5.98,1.973,8.43,Alta,MILPIN-v1.3,aceptada,1276.8,2145.02,394.02,Alta,Gravedad -> Goteo,0.94,0.78,Optimizacion turno nocturno 22-06 h: reduce evaporacion estimada 12-15%. Deficit actual 8.4 mm.
b8571f90-6940-4eb1-9525-10c0dfb5fb72,PAR-005,CIC-2026-PV,2026-06-14,2026-06-18,19.15,8.7,10.614,13.29,Media,MILPIN-v1.2,aceptada,1717.8,2885.9,530.11,Media,Gravedad -> Microaspersion,0.8,0.75,Balance hidrico acumulado indica deficit de 13.3 mm. Riego preventivo recomendado en 2 dias.
a7edf3d9-7a48-4a54-b41e-55bb7039562d,PAR-005,CIC-2026-PV,2026-05-07,2026-05-09,30.39,8.71,8.44,27.21,Baja,MILPIN-v1.2,aceptada,2725.8,4579.34,841.18,Alta,Gravedad -> Goteo,0.74,0.88,ETo proyectada 8.7 mm/dia (horizonte 7 dias). Kc=0.97 etapa Desarrollo. Aplicar lamina 30 mm.
4549f51e-651f-4cd5-818f-8246323fbfcd,PAR-006,CIC-2025-PV,2025-04-27,2025-05-02,28.4,7.55,7.86,22.09,Alta,MILPIN-v2.0,aceptada,543.7,913.42,167.79,Media,Gravedad -> Microaspersion,0.37,0.53,Score optimizacion 0.37: migracion Gravedad -> Microaspersion proyecta ahorro 11% consumo anual con payback < 2 ciclos.
1035114f-3c7b-4a1d-ac17-ace852da58af,PAR-006,CIC-2025-PV,2025-09-12,2025-09-16,11.72,6.85,6.302,7.55,Alta,MILPIN-v1.3,sin_respuesta,224.9,377.83,69.4,Alta,Gravedad -> Microaspersion,0.5,0.75,ETo proyectada 6.8 mm/dia (horizonte 7 dias). Kc=0.92 etapa Final. Aplicar lamina 12 mm.
45870d6a-417c-488f-b810-310e97888ac9,PAR-006,CIC-2025-PV,2025-04-12,2025-04-14,32.41,7.36,6.175,23.09,Alta,MILPIN-v2.0,aceptada,621.0,1043.28,191.64,Media,Gravedad -> Microaspersion,0.57,0.43,ETo proyectada 7.4 mm/dia (horizonte 7 dias). Kc=0.84 etapa Desarrollo. Aplicar lamina 32 mm.
0feaa37f-0bb5-4b16-9357-0dea05d7502c,PAR-006,CIC-2025-OI,2025-11-30,2025-12-01,32.52,3.66,2.987,23.94,Alta,MILPIN-v2.0,rechazada,623.8,1047.98,192.5,Media,Aspersion -> Goteo,0.55,0.45,Deficit acumulado 23.9 mm supera umbral critico. Riego urgente antes de 5 dias para evitar dano.
4e698bec-eb83-40c7-b0cf-a0c31cbb695a,PAR-006,CIC-2025-OI,2026-01-13,2026-01-14,21.97,3.24,3.337,14.41,Baja,MILPIN-v2.0,modificada,420.9,707.11,129.89,Media,Aspersion -> Goteo,0.53,0.49,FAO-56 detecta inicio etapa media con Kc=1.03. Incrementar lamina un 11% respecto evento anterior.
6e77f719-8064-44aa-9583-a20e2e41b5da,PAR-006,CIC-2025-OI,2026-03-23,2026-03-28,11.76,5.92,5.269,8.02,Media,MILPIN-v1.3,modificada,224.9,377.83,69.4,Baja,Gravedad -> Goteo,0.67,0.5,Score optimizacion 0.67: migracion Gravedad -> Goteo proyecta ahorro 11% consumo anual con payback < 2 ciclos.
8b59127d-03d1-4514-96cf-1ad8b8de15d7,PAR-006,CIC-2026-PV,2026-09-15,2026-09-18,30.14,6.71,6.173,25.35,Media,MILPIN-v1.3,aceptada,576.8,969.02,178.0,Media,Microaspersion -> Goteo,0.94,0.92,ETo proyectada 6.7 mm/dia (horizonte 7 dias). Kc=0.92 etapa Final. Aplicar lamina 30 mm.
8ba35355-5311-4700-8635-c9920c5f5d3d,PAR-006,CIC-2026-PV,2026-03-21,2026-03-22,18.66,5.84,3.504,15.49,Baja,MILPIN-v1.2,rechazada,357.4,600.43,110.29,Media,Mantener sistema actual,0.88,0.84,Optimizacion turno nocturno 22-06 h: reduce evaporacion estimada 12-15%. Deficit actual 15.5 mm.
b344ac3b-06f1-415e-a0a9-4a064871f0cb,PAR-006,CIC-2026-PV,2026-05-19,2026-05-24,18.37,8.24,8.899,15.06,Baja,MILPIN-v2.0,aceptada,351.9,591.19,108.6,Baja,Aspersion -> Goteo,0.9,0.91,Optimizacion turno nocturno 22-06 h: reduce evaporacion estimada 12-15%. Deficit actual 15.1 mm.
86918860-e102-4006-a541-98d56e0cfbd7,PAR-006,CIC-2026-PV,2026-04-07,2026-04-09,16.29,7.84,6.068,11.41,Media,MILPIN-v2.0,aceptada,311.9,523.99,96.25,Media,Gravedad -> Goteo,0.95,0.84,Optimizacion turno nocturno 22-06 h: reduce evaporacion estimada 12-15%. Deficit actual 11.4 mm.
35932c8d-857a-4871-83a9-c730029dc8f6,PAR-006,CIC-2026-PV,2026-05-26,2026-05-29,28.86,8.25,8.58,24.68,Media,MILPIN-v1.3,modificada,552.0,927.36,170.35,Alta,Aspersion -> Goteo,0.89,0.79,FAO-56 detecta inicio etapa media con Kc=1.04. Incrementar lamina un 11% respecto evento anterior.
182dd716-d833-4c9f-abeb-482ed80c48fb,PAR-006,CIC-2026-PV,2026-04-28,2026-04-30,23.26,7.16,7.045,17.62,Media,MILPIN-v1.2,rechazada,445.7,748.78,137.54,Alta,Mantener sistema actual,0.96,0.91,Optimizacion turno nocturno 22-06 h: reduce evaporacion estimada 12-15%. Deficit actual 17.6 mm.
d71b9b20-cd71-468a-83ab-ae807a51a5c3,PAR-006,CIC-2026-PV,2026-07-16,2026-07-21,31.83,8.19,7.453,27.98,Baja,MILPIN-v2.0,aceptada,610.0,1024.8,188.25,Baja,Gravedad -> Goteo,0.73,0.92,Optimizacion turno nocturno 22-06 h: reduce evaporacion estimada 12-15%. Deficit actual 28.0 mm.
9a550872-089e-4756-9802-b14b87d64480,PAR-006,CIC-2026-PV,2026-04-13,2026-04-15,34.68,7.5,6.008,26.48,Baja,MILPIN-v1.2,aceptada,665.2,1117.54,205.28,Baja,Mantener sistema actual,0.91,0.86,Patron historico + indices climaticos: riego optimo en 2 dias evita estres hidrico en etapa Desarrollo.
891a041f-db94-4cec-9d80-8377cb4c3eb2,PAR-007,CIC-2025-PV,2025-05-21,2025-05-26,35.75,8.82,10.937,26.68,Alta,MILPIN-v2.0,rechazada,4859.0,8163.12,1499.49,Baja,Gravedad -> Goteo,0.42,0.56,Optimizacion turno nocturno 22-06 h: reduce evaporacion estimada 12-15%. Deficit actual 26.7 mm.
ed9e15cb-e7c5-4637-91a8-6ea445fa7a51,PAR-007,CIC-2025-PV,2025-05-15,2025-05-17,16.08,8.23,9.012,7.23,Baja,MILPIN-v2.0,sin_respuesta,2184.7,3670.3,674.2,Baja,Gravedad -> Microaspersion,0.36,0.41,Deficit acumulado 7.2 mm supera umbral critico. Riego urgente antes de 2 dias para evitar dano.
444c117a-1f41-4bcf-aef1-1f170fd114c1,PAR-007,CIC-2025-PV,2025-08-18,2025-08-21,15.26,7.38,6.133,8.25,Media,MILPIN-v1.2,sin_respuesta,2073.4,3483.31,639.85,Media,Gravedad -> Goteo,0.33,0.44,FAO-56 detecta inicio etapa media con Kc=0.83. Incrementar lamina un 28% respecto evento anterior.
05d8b42f-9668-458e-bc64-e883820489b8,PAR-007,CIC-2025-PV,2025-09-17,2025-09-19,20.9,6.44,4.379,15.27,Baja,MILPIN-v1.3,rechazada,2839.7,4770.7,876.33,Alta,Gravedad -> Microaspersion,0.43,0.61,Patron historico + indices climaticos: riego optimo en 5 dias evita estres hidrico en etapa Final.
03346e26-1fa4-4d56-b8e1-137f6f056e61,PAR-007,CIC-2025-PV,2025-09-05,2025-09-06,18.65,6.54,4.382,11.14,Baja,MILPIN-v2.0,aceptada,2534.5,4257.96,782.15,Alta,Mantener sistema actual,0.61,0.43,ETo proyectada 6.5 mm/dia (horizonte 7 dias). Kc=0.67 etapa Final. Aplicar lamina 19 mm.
29e0deb5-eca8-4ca5-9e13-66feccc9f631,PAR-007,CIC-2025-OI,2026-03-26,2026-03-29,29.48,5.75,5.727,25.49,Alta,MILPIN-v1.2,rechazada,4003.6,6726.05,1235.51,Media,Gravedad -> Microaspersion,0.35,0.57,Patron historico + indices climaticos: riego optimo en 3 dias evita estres hidrico en etapa Final.
f19f8d4d-8b73-4b50-b15c-bb25da21d6ac,PAR-007,CIC-2025-OI,2026-04-06,2026-04-08,31.81,7.26,5.975,26.4,Media,MILPIN-v2.0,rechazada,4324.8,7265.66,1334.63,Media,Mantener sistema actual,0.35,0.38,Optimizacion turno nocturno 22-06 h: reduce evaporacion estimada 12-15%. Deficit actual 26.4 mm.
d53cccb6-eecf-431f-b606-f4c4df767cdd,PAR-007,CIC-2025-OI,2025-11-21,2025-11-26,10.84,3.74,1.324,6.6,Alta,MILPIN-v1.2,modificada,1475.5,2478.84,455.34,Media,Microaspersion -> Goteo,0.53,0.5,Balance hidrico acumulado indica deficit de 6.6 mm. Riego preventivo recomendado en 2 dias.
62f3e7b9-3d72-4d94-9d8a-8be17968d1c9,PAR-007,CIC-2025-OI,2026-03-28,2026-03-30,17.77,5.84,5.332,14.39,Alta,MILPIN-v1.2,aceptada,2416.8,4060.22,745.82,Baja,Gravedad -> Goteo,0.37,0.47,ETo proyectada 5.8 mm/dia (horizonte 7 dias). Kc=0.91 etapa Final. Aplicar lamina 18 mm.
a42c1d58-c38b-48d7-a0f4-b957cb723d0e,PAR-007,CIC-2025-OI,2026-04-03,2026-04-07,15.01,7.21,6.035,5.68,Media,MILPIN-v2.0,sin_respuesta,2038.4,3424.51,629.05,Media,Microaspersion -> Goteo,0.32,0.65,ETo proyectada 7.2 mm/dia (horizonte 7 dias). Kc=0.84 etapa Final. Aplicar lamina 15 mm.
aaa76ab6-f721-4802-9278-cc102a86d67e,PAR-007,CIC-2025-OI,2026-01-12,2026-01-16,16.27,3.83,4.673,12.03,Baja,MILPIN-v1.2,aceptada,2210.1,3712.97,682.04,Alta,Gravedad -> Microaspersion,0.7,0.55,Score optimizacion 0.70: migracion Gravedad -> Microaspersion proyecta ahorro 28% consumo anual con payback < 2 ciclos.
14110d25-f216-4923-8c7d-ed2fecb4532c,PAR-007,CIC-2026-PV,2026-03-28,2026-03-31,30.13,5.91,1.95,21.54,Baja,MILPIN-v2.0,modificada,1036.7,1741.66,319.93,Media,Gravedad -> Microaspersion,0.79,0.96,FAO-56 detecta inicio etapa media con Kc=0.33. Incrementar lamina un 9% respecto evento anterior.
49c15d75-e494-4e64-beb9-ea4ac0431a5b,PAR-007,CIC-2026-PV,2026-03-27,2026-03-31,13.97,6.02,2.348,8.75,Media,MILPIN-v1.2,aceptada,483.4,812.11,149.18,Baja,Aspersion -> Goteo,0.92,0.9,Patron historico + indices climaticos: riego optimo en 5 dias evita estres hidrico en etapa Inicial.
a325d90b-ca5a-430b-9624-6486d6b2f1f5,PAR-007,CIC-2026-PV,2026-06-14,2026-06-18,20.96,8.92,10.882,13.07,Baja,MILPIN-v2.0,aceptada,721.9,1212.79,222.78,Media,Mantener sistema actual,0.75,0.78,Patron historico + indices climaticos: riego optimo en 5 dias evita estres hidrico en etapa Media.
b9574779-2e89-4d06-8a4a-fc74c0475925,PAR-007,CIC-2026-PV,2026-07-14,2026-07-17,19.3,7.86,9.589,15.74,Alta,MILPIN-v2.0,aceptada,667.8,1121.9,206.08,Media,Microaspersion -> Goteo,0.77,0.75,Score optimizacion 0.77: migracion Microaspersion -> Goteo proyecta ahorro 9% consumo anual con payback < 2 ciclos.
eacdf06d-0c10-4f2f-8154-ead760eff819,PAR-007,CIC-2026-PV,2026-07-12,2026-07-17,13.0,7.86,9.432,8.35,Media,MILPIN-v1.2,modificada,448.4,753.31,138.38,Alta,Microaspersion -> Goteo,0.79,0.93,Optimizacion turno nocturno 22-06 h: reduce evaporacion estimada 12-15%. Deficit actual 8.3 mm.
53b7c1ef-3e7e-4e5b-936c-5a2ab8943e70,PAR-007,CIC-2026-PV,2026-04-13,2026-04-14,31.63,7.6,4.264,24.4,Baja,MILPIN-v2.0,rechazada,1090.7,1832.38,336.59,Media,Gravedad -> Goteo,0.78,0.78,Deficit acumulado 24.4 mm supera umbral critico. Riego urgente antes de 5 dias para evitar dano.
04e0c395-fd1f-4991-a2cf-475707c4e28a,PAR-007,CIC-2026-PV,2026-09-27,2026-09-30,15.54,6.21,4.409,7.85,Alta,MILPIN-v1.2,aceptada,534.2,897.46,164.85,Baja,Aspersion -> Goteo,0.85,0.92,ETo proyectada 6.2 mm/dia (horizonte 7 dias). Kc=0.71 etapa Final. Aplicar lamina 16 mm.
6f0ddc75-3fc7-4efb-b504-57273576c1ce,PAR-007,CIC-2026-PV,2026-06-23,2026-06-25,23.51,8.89,10.49,18.5,Alta,MILPIN-v1.3,modificada,810.9,1362.31,250.24,Baja,Mantener sistema actual,0.76,0.86,Optimizacion turno nocturno 22-06 h: reduce evaporacion estimada 12-15%. Deficit actual 18.5 mm.
aaa08bf6-de3b-401d-99af-7ee84f9c4344,PAR-007,CIC-2026-PV,2026-03-11,2026-03-15,14.35,6.26,2.128,5.42,Alta,MILPIN-v2.0,rechazada,496.1,833.45,153.1,Baja,Gravedad -> Microaspersion,0.76,0.97,ETo proyectada 6.3 mm/dia (horizonte 7 dias). Kc=0.34 etapa Inicial. Aplicar lamina 14 mm.
933fcadd-2649-4c93-b31b-4d47799474fc,PAR-008,CIC-2025-PV,2025-03-27,2025-03-29,24.65,5.67,3.005,21.29,Baja,MILPIN-v1.2,modificada,301.0,505.68,92.89,Baja,Aspersion -> Goteo,0.48,0.74,ETo proyectada 5.7 mm/dia (horizonte 7 dias). Kc=0.53 etapa Desarrollo. Aplicar lamina 25 mm.
b9dae6a3-a381-4e7d-a4b9-015bb09ca9eb,PAR-008,CIC-2025-PV,2025-09-08,2025-09-13,13.1,6.84,2.326,9.66,Baja,MILPIN-v1.2,modificada,160.2,269.14,49.44,Alta,Mantener sistema actual,0.49,0.42,Balance hidrico acumulado indica deficit de 9.7 mm. Riego preventivo recomendado en 6 dias.
f147d59d-adf5-4440-8d05-1c339bcaf0a1,PAR-008,CIC-2025-PV,2025-09-28,2025-10-01,21.41,6.16,1.91,11.85,Media,MILPIN-v1.3,sin_respuesta,261.4,439.15,80.67,Baja,Gravedad -> Goteo,0.61,0.47,Score optimizacion 0.61: migracion Gravedad -> Goteo proyecta ahorro 11% consumo anual con payback < 2 ciclos.
6a16efc2-3225-41a0-9e80-4d42f98f78ab,PAR-008,CIC-2025-PV,2025-07-26,2025-07-30,33.65,8.17,2.533,25.35,Alta,MILPIN-v2.0,sin_respuesta,411.0,690.48,126.83,Media,Mantener sistema actual,0.7,0.44,Deficit acumulado 25.4 mm supera umbral critico. Riego urgente antes de 2 dias para evitar dano.
748797c1-fee6-4ee7-bf37-13f15084cacf,PAR-008,CIC-2025-PV,2025-03-31,2025-04-05,28.38,6.24,4.118,19.63,Alta,MILPIN-v1.2,rechazada,346.7,582.46,106.99,Media,Aspersion -> Goteo,0.32,0.52,FAO-56 detecta inicio etapa media con Kc=0.66. Incrementar lamina un 11% respecto evento anterior.
c4493706-6173-412e-bbec-a2d915bdc563,PAR-008,CIC-2025-OI,2026-04-23,2026-04-24,25.57,7.8,2.418,17.84,Alta,MILPIN-v1.2,sin_respuesta,312.4,524.83,96.41,Baja,Microaspersion -> Goteo,0.32,0.58,Score optimizacion 0.32: migracion Microaspersion -> Goteo proyecta ahorro 11% consumo anual con payback < 2 ciclos.
c752cf5a-6278-47da-9a9a-d7201d059bb8,PAR-008,CIC-2025-OI,2025-12-22,2025-12-26,21.69,3.14,3.517,14.82,Baja,MILPIN-v2.0,rechazada,264.9,445.03,81.75,Baja,Aspersion -> Goteo,0.5,0.68,Deficit acumulado 14.8 mm supera umbral critico. Riego urgente antes de 3 dias para evitar dano.
9a951514-64f2-492b-958a-239f2ae2cc9b,PAR-008,CIC-2025-OI,2026-04-05,2026-04-09,12.16,7.49,2.472,7.77,Alta,MILPIN-v1.3,rechazada,148.7,249.82,45.89,Baja,Gravedad -> Goteo,0.49,0.47,ETo proyectada 7.5 mm/dia (horizonte 7 dias). Kc=0.33 etapa Final. Aplicar lamina 12 mm.
4bb1703f-703d-41e4-be7d-d6f88bc3d37f,PAR-008,CIC-2025-OI,2025-10-28,2025-11-02,31.44,4.9,1.911,24.94,Alta,MILPIN-v1.2,aceptada,384.6,646.13,118.69,Alta,Aspersion -> Goteo,0.57,0.63,Patron historico + indices climaticos: riego optimo en 3 dias evita estres hidrico en etapa Inicial.
43d5f6ad-f24b-4584-9547-f02a28e037c4,PAR-008,CIC-2026-PV,2026-06-14,2026-06-19,27.2,9.35,2.898,18.86,Media,MILPIN-v1.3,aceptada,1023.4,1719.31,315.82,Baja,Gravedad -> Goteo,0.78,0.93,Score optimizacion 0.78: migracion Gravedad -> Goteo proyecta ahorro 28% consumo anual con payback < 2 ciclos.
fa80aa5c-aaaf-4aa2-8aad-309cf494f182,PAR-008,CIC-2026-PV,2026-08-27,2026-08-30,14.77,7.58,2.426,7.72,Baja,MILPIN-v1.2,modificada,555.3,932.9,171.37,Baja,Aspersion -> Goteo,0.89,0.95,FAO-56 detecta inicio etapa media con Kc=0.32. Incrementar lamina un 28% respecto evento anterior.
2dfe3067-c1ab-47d5-9f97-58979fbf0190,PAR-008,CIC-2026-PV,2026-04-04,2026-04-08,16.96,7.73,6.029,13.93,Baja,MILPIN-v1.2,modificada,638.0,1071.84,196.89,Media,Mantener sistema actual,0.81,0.79,Score optimizacion 0.81: migracion Mantener sistema actual proyecta ahorro 28% consumo anual con payback < 2 ciclos.
90591489-9ce3-4119-9210-2a6ffff32ba5,PAR-008,CIC-2026-PV,2026-10-09,2026-10-11,28.32,5.14,1.902,19.26,Media,MILPIN-v1.3,aceptada,1064.8,1788.86,328.6,Alta,Aspersion -> Goteo,0.93,0.81,Balance hidrico acumulado indica deficit de 19.3 mm. Riego preventivo recomendado en 2 dias.
92ccda03-95c6-4700-86fd-2e80a8bda990,PAR-008,CIC-2026-PV,2026-09-11,2026-09-15,28.93,6.72,2.419,23.72,Alta,MILPIN-v2.0,aceptada,1088.6,1828.85,335.94,Baja,Microaspersion -> Goteo,0.81,0.77,Score optimizacion 0.81: migracion Microaspersion -> Goteo proyecta ahorro 28% consumo anual con payback < 2 ciclos.
fbb2f562-d215-4b73-ab15-f4a3cbb0b1bf,PAR-009,CIC-2025-PV,2025-08-31,2025-09-03,19.39,7.71,4.549,10.32,Alta,MILPIN-v1.2,modificada,569.7,957.1,175.81,Media,Gravedad -> Goteo,0.44,0.51,Balance hidrico acumulado indica deficit de 10.3 mm. Riego preventivo recomendado en 4 dias.
2ed57a7d-1d51-45a2-8e9a-806c3fdc4bcc,PAR-009,CIC-2025-PV,2025-07-11,2025-07-15,25.02,8.35,4.843,16.28,Alta,MILPIN-v1.3,rechazada,732.2,1230.1,225.96,Baja,Aspersion -> Goteo,0.68,0.54,FAO-56 detecta inicio etapa media con Kc=0.58. Incrementar lamina un 11% respecto evento anterior.
0a909880-6421-48b5-a5b4-c6c6e5428fe9,PAR-009,CIC-2025-PV,2025-09-17,2025-09-18,35.18,6.69,3.813,25.83,Alta,MILPIN-v1.2,rechazada,1029.7,1729.9,317.77,Media,Mantener sistema actual,0.41,0.42,Optimizacion turno nocturno 22-06 h: reduce evaporacion estimada 12-15%. Deficit actual 25.8 mm.
06fc4892-71cd-4e2e-8fac-bf5fb2b7a177,PAR-009,CIC-2025-PV,2025-06-06,2025-06-09,28.05,9.25,10.452,19.71,Alta,MILPIN-v1.3,sin_respuesta,820.8,1378.94,253.3,Media,Aspersion -> Goteo,0.41,0.56,Score optimizacion 0.41: migracion Aspersion -> Goteo proyecta ahorro 11% consumo anual con payback < 2 ciclos.
1d723e22-8316-45c8-b48c-1bb349dbb0d5,PAR-009,CIC-2025-PV,2025-09-16,2025-09-19,19.63,6.45,3.999,15.64,Alta,MILPIN-v1.3,rechazada,576.0,967.68,177.75,Media,Mantener sistema actual,0.33,0.55,Balance hidrico acumulado indica deficit de 15.6 mm. Riego preventivo recomendado en 5 dias.
5e06a8ee-d687-4b6e-8f8c-e5c3bc5e73de,PAR-009,CIC-2025-PV,2025-09-28,2025-10-01,36.15,6.49,4.024,27.88,Media,MILPIN-v1.2,rechazada,1059.2,1779.46,326.87,Alta,Gravedad -> Microaspersion,0.4,0.65,Optimizacion turno nocturno 22-06 h: reduce evaporacion estimada 12-15%. Deficit actual 27.9 mm.
bbea3732-0ed9-4f61-af23-91386fbbd688,PAR-009,CIC-2025-OI,2026-01-08,2026-01-09,18.67,3.5,4.305,12.46,Alta,MILPIN-v1.2,aceptada,548.6,921.65,169.3,Media,Microaspersion -> Goteo,0.53,0.4,Patron historico + indices climaticos: riego optimo en 6 dias evita estres hidrico en etapa Media.
36546935-8b59-42de-9fab-efa94aafaefb,PAR-009,CIC-2025-OI,2025-12-11,2025-12-16,11.97,3.06,3.436,6.05,Alta,MILPIN-v1.2,aceptada,350.3,588.5,108.1,Baja,Aspersion -> Goteo,0.57,0.38,Patron historico + indices climaticos: riego optimo en 3 dias evita estres hidrico en etapa Desarrollo.
5adad48e-0011-465a-9093-b8329030c9cc,PAR-009,CIC-2025-OI,2025-12-16,2025-12-19,32.51,3.23,3.811,26.18,Baja,MILPIN-v1.3,modificada,953.7,1602.22,294.31,Baja,Microaspersion -> Goteo,0.37,0.52,Score optimizacion 0.37: migracion Microaspersion -> Goteo proyecta ahorro 11% consumo anual con payback < 2 ciclos.
746561cd-6be7-40d6-ab2a-2c0bf324ab4b,PAR-009,CIC-2025-OI,2025-11-07,2025-11-11,29.96,3.94,1.3,23.34,Alta,MILPIN-v1.3,sin_respuesta,877.8,1474.7,270.89,Alta,Gravedad -> Goteo,0.54,0.76,Score optimizacion 0.54: migracion Gravedad -> Goteo proyecta ahorro 11% consumo anual con payback < 2 ciclos.
8ab80e51-08c6-44f1-bfbd-1758ec4ee71a,PAR-009,CIC-2025-OI,2025-12-30,2025-12-31,25.91,2.87,3.415,17.07,Media,MILPIN-v1.3,modificada,759.6,1276.13,234.41,Media,Gravedad -> Microaspersion,0.54,0.56,Score optimizacion 0.54: migracion Gravedad -> Microaspersion proyecta ahorro 11% consumo anual con payback < 2 ciclos.
32b86c12-a076-4e54-8341-7a19cbb1480b,PAR-009,CIC-2025-OI,2025-12-29,2025-12-30,27.85,3.33,3.963,21.97,Media,MILPIN-v1.2,aceptada,816.6,1371.89,252.0,Media,Gravedad -> Microaspersion,0.55,0.56,FAO-56 detecta inicio etapa media con Kc=1.19. Incrementar lamina un 11% respecto evento anterior.
8f6d89a9-0c0e-4188-ae26-fdadb91a7b6e,PAR-009,CIC-2026-PV,2026-08-03,2026-08-04,19.89,7.7,4.466,10.97,Alta,MILPIN-v2.0,aceptada,1793.5,3013.08,553.47,Alta,Aspersion -> Goteo,0.9,0.94,Balance hidrico acumulado indica deficit de 11.0 mm. Riego preventivo recomendado en 3 dias.
ce0b439a-da30-4930-906d-5595fc2deb3f,PAR-009,CIC-2026-PV,2026-04-19,2026-04-21,12.98,7.22,7.552,6.73,Alta,MILPIN-v1.2,aceptada,1171.0,1967.28,361.37,Alta,Microaspersion -> Goteo,0.82,0.94,Patron historico + indices climaticos: riego optimo en 2 dias evita estres hidrico en etapa Desarrollo.
13fd1052-3b24-40f9-b09c-53579cfff772,PAR-009,CIC-2026-PV,2026-09-21,2026-09-24,18.57,6.77,3.859,13.55,Alta,MILPIN-v1.3,modificada,1675.3,2814.5,517.0,Baja,Aspersion -> Goteo,0.85,0.83,Score optimizacion 0.85: migracion Aspersion -> Goteo proyecta ahorro 28% consumo anual con payback < 2 ciclos.
6d449951-0cb3-4d34-96d0-3ea26bbae44c,PAR-009,CIC-2026-PV,2026-03-08,2026-03-10,18.6,6.21,1.925,9.31,Baja,MILPIN-v1.2,rechazada,1677.5,2818.2,517.68,Baja,Gravedad -> Goteo,0.96,0.97,FAO-56 detecta inicio etapa media con Kc=0.31. Incrementar lamina un 28% respecto evento anterior.
9da8a043-5d86-46c3-8cf4-090f959264cc,PAR-009,CIC-2026-PV,2026-06-15,2026-06-18,17.89,8.7,8.526,14.71,Alta,MILPIN-v1.2,aceptada,1612.0,2708.16,497.46,Media,Aspersion -> Goteo,0.93,0.85,Patron historico + indices climaticos: riego optimo en 2 dias evita estres hidrico en etapa Final.
270101e5-9096-4063-b529-72f22a33a56d,PAR-010,CIC-2025-PV,2025-06-01,2025-06-02,13.85,8.85,7.877,9.56,Alta,MILPIN-v1.3,sin_respuesta,888.0,1491.84,274.04,Alta,Aspersion -> Goteo,0.67,0.45,Score optimizacion 0.67: migracion Aspersion -> Goteo proyecta ahorro 28% consumo anual con payback < 2 ciclos.
9eb35078-219e-43d0-88e9-f69f82797bff,PAR-010,CIC-2025-PV,2025-07-28,2025-07-31,17.45,7.95,6.917,10.56,Alta,MILPIN-v1.2,rechazada,1119.0,1879.92,345.32,Media,Gravedad -> Microaspersion,0.33,0.74,Balance hidrico acumulado indica deficit de 10.6 mm. Riego preventivo recomendado en 4 dias.
19d87cc6-551d-4ff2-bf55-d02bb218f660,PAR-010,CIC-2025-PV,2025-08-10,2025-08-15,14.73,7.54,6.635,7.5,Alta,MILPIN-v1.2,modificada,943.5,1585.08,291.16,Alta,Microaspersion -> Goteo,0.5,0.47,Optimizacion turno nocturno 22-06 h: reduce evaporacion estimada 12-15%. Deficit actual 7.5 mm.
b83e1034-0af4-4001-9e3b-fa1ceccc79e8,PAR-010,CIC-2025-OI,2026-02-01,2026-02-03,34.36,4.18,3.511,27.42,Alta,MILPIN-v1.2,rechazada,2202.0,3699.36,679.54,Media,Microaspersion -> Goteo,0.48,0.43,Score optimizacion 0.48: migracion Microaspersion -> Goteo proyecta ahorro 28% consumo anual con payback < 2 ciclos.
45361cea-9ce8-464c-8491-beda20342d54,PAR-010,CIC-2025-OI,2025-12-06,2025-12-11,16.14,3.1,2.111,9.72,Media,MILPIN-v2.0,modificada,1035.0,1738.8,319.4,Media,Gravedad -> Goteo,0.46,0.62,Score optimizacion 0.46: migracion Gravedad -> Goteo proyecta ahorro 28% consumo anual con payback < 2 ciclos.
8888c42b-464b-4a5e-a5de-60c29a9c02aa,PAR-010,CIC-2025-OI,2026-01-10,2026-01-11,19.25,3.5,2.94,13.36,Media,MILPIN-v1.2,sin_respuesta,1234.5,2073.96,380.97,Baja,Gravedad -> Goteo,0.53,0.44,Score optimizacion 0.53: migracion Gravedad -> Goteo proyecta ahorro 28% consumo anual con payback < 2 ciclos.
6938ceb4-c892-4fd2-a3de-55165c8f1564,PAR-010,CIC-2026-PV,2026-04-17,2026-04-19,32.47,7.78,5.376,22.86,Media,MILPIN-v1.2,modificada,0.0,0.0,0.0,Alta,Mantener sistema actual,0.73,0.79,Optimizacion turno nocturno 22-06 h: reduce evaporacion estimada 12-15%. Deficit actual 22.9 mm.
266210fe-5d75-4ca3-9846-5c1caea509bc,PAR-010,CIC-2026-PV,2026-04-15,2026-04-18,18.69,7.32,5.007,8.99,Media,MILPIN-v1.2,aceptada,0.0,0.0,0.0,Alta,Gravedad -> Microaspersion,0.76,0.76,Score optimizacion 0.76: migracion Gravedad -> Microaspersion proyecta ahorro 0% consumo anual con payback < 2 ciclos.
d6e4e0e8-1194-4f15-800b-96fd7c68ae59,PAR-010,CIC-2026-PV,2026-08-11,2026-08-13,31.09,7.35,6.542,23.31,Baja,MILPIN-v1.2,aceptada,0.0,0.0,0.0,Baja,Mantener sistema actual,0.86,0.94,Deficit acumulado 23.3 mm supera umbral critico. Riego urgente antes de 4 dias para evitar dano.
255afcae-813a-4524-89ca-8e2fa1a365d2,PAR-010,CIC-2026-PV,2026-04-24,2026-04-26,30.31,7.26,5.43,24.55,Media,MILPIN-v2.0,aceptada,0.0,0.0,0.0,Baja,Gravedad -> Microaspersion,0.72,0.84,Deficit acumulado 24.6 mm supera umbral critico. Riego urgente antes de 6 dias para evitar dano.
0503e593-61cd-4587-ba1b-8f6fc330f550,PAR-010,CIC-2026-PV,2026-08-18,2026-08-20,31.41,7.73,6.339,23.14,Baja,MILPIN-v2.0,aceptada,0.0,0.0,0.0,Baja,Mantener sistema actual,0.73,0.94,FAO-56 detecta inicio etapa media con Kc=0.82. Incrementar lamina un 0% respecto evento anterior.
4bbd01d6-f984-4c6b-b671-2fc51e740ee3,PAR-011,CIC-2025-PV,2025-03-20,2025-03-21,17.76,6.33,1.709,14.23,Alta,MILPIN-v2.0,rechazada,3195.4,5368.27,986.1,Media,Gravedad -> Goteo,0.43,0.6,ETo proyectada 6.3 mm/dia (horizonte 7 dias). Kc=0.27 etapa Inicial. Aplicar lamina 18 mm.
9b2ff7ac-b453-45e5-93b1-ed198f7d7745,PAR-011,CIC-2025-PV,2025-08-17,2025-08-18,22.76,7.78,4.746,12.86,Alta,MILPIN-v1.3,aceptada,4096.3,6881.78,1264.12,Alta,Aspersion -> Goteo,0.47,0.43,Patron historico + indices climaticos: riego optimo en 2 dias evita estres hidrico en etapa Final.
bcfe9dcf-1dd5-4868-9855-4bc78fc26b80,PAR-011,CIC-2025-PV,2025-09-06,2025-09-10,33.18,6.45,3.676,26.87,Alta,MILPIN-v2.0,aceptada,5969.8,10029.26,1842.28,Alta,Microaspersion -> Goteo,0.56,0.7,ETo proyectada 6.5 mm/dia (horizonte 7 dias). Kc=0.57 etapa Final. Aplicar lamina 33 mm.
67ce8ad4-2e7b-4285-becb-0514c71b3876,PAR-011,CIC-2025-PV,2025-08-11,2025-08-15,13.29,7.72,4.4,10.26,Baja,MILPIN-v1.2,rechazada,2391.3,4017.38,737.96,Alta,Gravedad -> Microaspersion,0.65,0.63,FAO-56 detecta inicio etapa media con Kc=0.57. Incrementar lamina un 28% respecto evento anterior.
3639d65a-f54a-4d99-819b-7aa344462f40,PAR-011,CIC-2025-OI,2026-04-23,2026-04-24,30.26,7.63,4.349,24.78,Alta,MILPIN-v1.2,rechazada,5443.5,9145.08,1679.86,Baja,Mantener sistema actual,0.59,0.48,FAO-56 detecta inicio etapa media con Kc=0.57. Incrementar lamina un 28% respecto evento anterior.
d782d7e6-dc19-4f32-a237-2cf5418cd79f,PAR-011,CIC-2025-OI,2025-11-06,2025-11-11,26.06,3.79,1.251,18.6,Media,MILPIN-v1.2,aceptada,4685.7,7871.98,1446.01,Baja,Gravedad -> Microaspersion,0.37,0.61,ETo proyectada 3.8 mm/dia (horizonte 7 dias). Kc=0.33 etapa Inicial. Aplicar lamina 26 mm.
5f0fa7ae-7d78-4b3d-a52b-0e9e2bed4947,PAR-011,CIC-2025-OI,2026-03-13,2026-03-15,28.6,5.83,3.615,23.35,Media,MILPIN-v2.0,sin_respuesta,5144.6,8642.93,1587.62,Media,Gravedad -> Goteo,0.54,0.68,Score optimizacion 0.54: migracion Gravedad -> Goteo proyecta ahorro 28% consumo anual con payback < 2 ciclos.
6b32c665-4e4a-4637-9028-3b36b089aa3d,PAR-011,CIC-2025-OI,2026-02-28,2026-03-01,28.47,4.59,2.708,24.08,Media,MILPIN-v1.2,aceptada,5123.6,8607.65,1581.14,Media,Mantener sistema actual,0.38,0.47,FAO-56 detecta inicio etapa media con Kc=0.59. Incrementar lamina un 28% respecto evento anterior.
dd8f886a-a0a9-4df4-a798-a757bd278461,PAR-011,CIC-2026-PV,2026-03-20,2026-03-22,30.03,6.15,1.784,20.31,Media,MILPIN-v1.2,aceptada,1755.6,2949.41,541.78,Baja,Gravedad -> Microaspersion,0.8,0.94,Optimizacion turno nocturno 22-06 h: reduce evaporacion estimada 12-15%. Deficit actual 20.3 mm.
6876f960-23be-4233-95c8-e291e97637b9,PAR-011,CIC-2026-PV,2026-07-22,2026-07-24,23.62,7.87,5.037,15.06,Media,MILPIN-v2.0,aceptada,1380.9,2319.91,426.15,Baja,Microaspersion -> Goteo,0.72,0.92,ETo proyectada 7.9 mm/dia (horizonte 7 dias). Kc=0.64 etapa Final. Aplicar lamina 24 mm.
8360eb9f-1644-47c1-a010-4fd8f130a340,PAR-011,CIC-2026-PV,2026-09-21,2026-09-23,32.29,6.8,4.012,24.83,Media,MILPIN-v1.2,aceptada,1886.1,3168.65,582.05,Media,Mantener sistema actual,0.91,0.83,ETo proyectada 6.8 mm/dia (horizonte 7 dias). Kc=0.59 etapa Final. Aplicar lamina 32 mm.
7cd4cac3-27b4-44d3-87a4-a38bb6126874,PAR-011,CIC-2026-PV,2026-03-08,2026-03-09,32.84,5.9,1.77,23.3,Media,MILPIN-v2.0,aceptada,1919.8,3225.26,592.45,Media,Mantener sistema actual,0.96,0.91,ETo proyectada 5.9 mm/dia (horizonte 7 dias). Kc=0.30 etapa Inicial. Aplicar lamina 33 mm.
0cfd3fb3-1ae3-4e56-ab8d-b5e9fe38686b,PAR-011,CIC-2026-PV,2026-04-21,2026-04-22,27.96,7.81,8.333,23.24,Media,MILPIN-v2.0,aceptada,1633.5,2744.28,504.1,Media,Gravedad -> Goteo,0.86,0.81,Deficit acumulado 23.2 mm supera umbral critico. Riego urgente antes de 6 dias para evitar dano.
25101876-67bd-4e92-bac3-f81e1738c3c0,PAR-011,CIC-2026-PV,2026-06-14,2026-06-16,13.88,8.96,9.229,8.09,Baja,MILPIN-v1.2,aceptada,812.5,1365.0,250.74,Alta,Mantener sistema actual,0.8,0.93,Patron historico + indices climaticos: riego optimo en 4 dias evita estres hidrico en etapa Final.
6cf022d3-501d-4fe0-b488-0427451d3cc9,PAR-011,CIC-2026-PV,2026-03-23,2026-03-27,10.05,6.1,2.324,5.43,Media,MILPIN-v2.0,aceptada,585.2,983.14,180.59,Alta,Gravedad -> Microaspersion,0.74,0.91,Optimizacion turno nocturno 22-06 h: reduce evaporacion estimada 12-15%. Deficit actual 5.4 mm.
b981af73-62d5-45cb-a838-2a4cf1bf26cf,PAR-011,CIC-2026-PV,2026-04-09,2026-04-11,14.14,7.47,5.744,7.0,Baja,MILPIN-v1.3,aceptada,829.4,1393.39,255.95,Baja,Mantener sistema actual,0.73,0.74,Patron historico + indices climaticos: riego optimo en 3 dias evita estres hidrico en etapa Desarrollo.
e73c8c40-2cd0-4813-aa60-ba46c499c215,PAR-011,CIC-2026-PV,2026-03-15,2026-03-18,34.48,5.93,1.72,26.24,Baja,MILPIN-v2.0,modificada,2016.6,3387.89,622.32,Baja,Microaspersion -> Goteo,0.95,0.75,ETo proyectada 5.9 mm/dia (horizonte 7 dias). Kc=0.29 etapa Inicial. Aplicar lamina 34 mm.
fa7cf7e8-7b02-4f23-935b-1950acdfdcf0,PAR-012,CIC-2025-PV,2025-03-08,2025-03-09,13.89,5.81,1.801,8.99,Baja,MILPIN-v1.2,aceptada,235.6,395.81,72.71,Media,Gravedad -> Goteo,0.57,0.69,Score optimizacion 0.57: migracion Gravedad -> Goteo proyecta ahorro 9% consumo anual con payback < 2 ciclos.
e02a7da0-cb12-4b30-9822-645ef0ad50e3,PAR-012,CIC-2025-PV,2025-04-04,2025-04-05,18.95,7.7,3.865,10.96,Media,MILPIN-v1.3,sin_respuesta,319.8,537.26,98.69,Alta,Microaspersion -> Goteo,0.68,0.49,FAO-56 detecta inicio etapa media con Kc=0.50. Incrementar lamina un 9% respecto evento anterior.
a28f1029-484b-47eb-b8c2-971f4158f389,PAR-012,CIC-2025-PV,2025-09-13,2025-09-15,25.87,6.47,4.315,20.15,Media,MILPIN-v1.3,rechazada,438.4,736.51,135.29,Baja,Microaspersion -> Goteo,0.66,0.74,Score optimizacion 0.66: migracion Microaspersion -> Goteo proyecta ahorro 9% consumo anual con payback < 2 ciclos.
f5792016-d056-4941-bfab-13cae5263613,PAR-012,CIC-2025-PV,2025-05-19,2025-05-21,17.38,8.18,7.035,11.38,Media,MILPIN-v1.3,aceptada,294.8,495.26,90.98,Baja,Microaspersion -> Goteo,0.45,0.5,Balance hidrico acumulado indica deficit de 11.4 mm. Riego preventivo recomendado en 2 dias.
c00b119d-4d83-4b1f-8516-7139aa1c7fcf,PAR-012,CIC-2025-PV,2025-08-10,2025-08-15,18.38,7.36,6.109,9.2,Media,MILPIN-v1.2,rechazada,310.4,521.47,95.79,Media,Gravedad -> Goteo,0.44,0.46,ETo proyectada 7.4 mm/dia (horizonte 7 dias). Kc=0.83 etapa Media. Aplicar lamina 18 mm.
9c53feba-e279-499f-a0b7-6d5ce4a141e0,PAR-012,CIC-2025-OI,2026-02-11,2026-02-14,18.73,4.5,3.915,13.94,Baja,MILPIN-v1.2,rechazada,316.7,532.06,97.73,Media,Mantener sistema actual,0.38,0.76,Deficit acumulado 13.9 mm supera umbral critico. Riego urgente antes de 4 dias para evitar dano.
62e1741c-c714-4eea-9603-52cebb49407e,PAR-012,CIC-2025-OI,2025-11-29,2025-12-03,25.04,3.48,2.001,20.83,Media,MILPIN-v1.2,rechazada,424.3,712.82,130.94,Baja,Gravedad -> Goteo,0.42,0.66,FAO-56 detecta inicio etapa media con Kc=0.57. Incrementar lamina un 9% respecto evento anterior.
9ce26dad-1a88-4302-b0d4-face677f3731,PAR-012,CIC-2025-OI,2026-01-19,2026-01-22,14.75,3.81,3.239,9.01,Alta,MILPIN-v1.2,aceptada,249.6,419.33,77.03,Media,Gravedad -> Goteo,0.54,0.5,Score optimizacion 0.54: migracion Gravedad -> Goteo proyecta ahorro 9% consumo anual con payback < 2 ciclos.
6c9070ba-95bc-4bca-9844-84ac2937d676,PAR-012,CIC-2025-OI,2026-03-10,2026-03-11,20.94,5.95,4.939,12.01,Media,MILPIN-v1.2,modificada,354.1,594.89,109.28,Media,Mantener sistema actual,0.43,0.66,FAO-56 detecta inicio etapa media con Kc=0.83. Incrementar lamina un 9% respecto evento anterior.
e4ec65b0-cf36-4522-b43f-5216fffc2cfb,PAR-012,CIC-2025-OI,2025-11-07,2025-11-11,31.21,3.51,1.123,22.31,Baja,MILPIN-v1.3,sin_respuesta,527.3,885.86,162.72,Alta,Microaspersion -> Goteo,0.48,0.51,Deficit acumulado 22.3 mm supera umbral critico. Riego urgente antes de 3 dias para evitar dano.
4f45fcc9-f664-498f-9497-6ffb86e61bf5,PAR-012,CIC-2026-PV,2026-07-25,2026-07-26,27.6,7.86,6.602,20.96,Baja,MILPIN-v2.0,rechazada,0.0,0.0,0.0,Alta,Aspersion -> Goteo,0.86,0.91,Patron historico + indices climaticos: riego optimo en 5 dias evita estres hidrico en etapa Media.
04c64593-60af-4299-8fc1-34121f254cb6,PAR-012,CIC-2026-PV,2026-07-31,2026-08-01,20.57,8.01,6.488,12.69,Media,MILPIN-v1.3,aceptada,0.0,0.0,0.0,Alta,Aspersion -> Goteo,0.81,0.93,Patron historico + indices climaticos: riego optimo en 4 dias evita estres hidrico en etapa Media.
794c2bd3-791e-4e9a-ac52-d12b11996c50,PAR-012,CIC-2026-PV,2026-05-31,2026-06-01,17.11,8.32,6.906,11.14,Media,MILPIN-v1.3,aceptada,0.0,0.0,0.0,Media,Aspersion -> Goteo,0.82,0.79,Score optimizacion 0.82: migracion Aspersion -> Goteo proyecta ahorro 0% consumo anual con payback < 2 ciclos.
b6f03c70-93b2-4976-a0ef-b1ecd76d9e47,PAR-012,CIC-2026-PV,2026-09-01,2026-09-02,27.84,6.24,5.017,21.9,Media,MILPIN-v2.0,modificada,0.0,0.0,0.0,Media,Gravedad -> Goteo,0.86,0.85,Balance hidrico acumulado indica deficit de 21.9 mm. Riego preventivo recomendado en 6 dias.
3872b346-c03e-49b7-83fe-b4808394f164,PAR-012,CIC-2026-PV,2026-07-14,2026-07-19,30.21,7.8,6.552,22.48,Media,MILPIN-v2.0,rechazada,0.0,0.0,0.0,Alta,Microaspersion -> Goteo,0.83,0.75,FAO-56 detecta inicio etapa media con Kc=0.84. Incrementar lamina un 0% respecto evento anterior.
d10efb0f-ef41-4065-bcc4-c82382fc9a35,PAR-012,CIC-2026-PV,2026-08-31,2026-09-05,22.96,7.76,6.487,16.59,Baja,MILPIN-v2.0,aceptada,0.0,0.0,0.0,Baja,Gravedad -> Microaspersion,0.8,0.91,Score optimizacion 0.80: migracion Gravedad -> Microaspersion proyecta ahorro 0% consumo anual con payback < 2 ciclos.
b662514d-8698-4d3b-b9be-229041b7ce5d,PAR-012,CIC-2026-PV,2026-05-22,2026-05-27,24.38,8.73,7.159,20.97,Baja,MILPIN-v2.0,aceptada,0.0,0.0,0.0,Media,Mantener sistema actual,0.9,0.87,Deficit acumulado 21.0 mm supera umbral critico. Riego urgente antes de 5 dias para evitar dano.
5e8a86dc-4ec1-434e-9b92-5a2fc566a318,PAR-012,CIC-2026-PV,2026-03-13,2026-03-17,9.9,5.78,1.676,6.41,Baja,MILPIN-v2.0,rechazada,0.0,0.0,0.0,Baja,Gravedad -> Goteo,0.95,0.87,ETo proyectada 5.8 mm/dia (horizonte 7 dias). Kc=0.29 etapa Inicial. Aplicar lamina 10 mm.
d96b7ed5-2885-40f5-8a9d-f0ac5dc93830,PAR-013,CIC-2025-PV,2025-09-18,2025-09-23,36.6,6.21,4.533,27.89,Alta,MILPIN-v1.2,sin_respuesta,696.0,1169.28,214.79,Media,Gravedad -> Microaspersion,0.53,0.57,Score optimizacion 0.53: migracion Gravedad -> Microaspersion proyecta ahorro 11% consumo anual con payback < 2 ciclos.
a29ec657-4028-406b-b95e-dba44f903dd0,PAR-013,CIC-2025-PV,2025-03-29,2025-04-02,26.04,6.3,2.331,17.28,Alta,MILPIN-v2.0,rechazada,495.9,833.11,153.03,Baja,Gravedad -> Goteo,0.47,0.48,Deficit acumulado 17.3 mm supera umbral critico. Riego urgente antes de 3 dias para evitar dano.
c226edc4-b7e2-4571-98d1-8efceb2d2050,PAR-013,CIC-2025-PV,2025-07-21,2025-07-23,32.43,7.71,8.959,22.73,Alta,MILPIN-v2.0,rechazada,617.9,1038.07,190.68,Baja,Gravedad -> Microaspersion,0.55,0.76,Score optimizacion 0.55: migracion Gravedad -> Microaspersion proyecta ahorro 11% consumo anual con payback < 2 ciclos.
5b813ee6-21bf-4d49-a05c-c9a5fdfbc541,PAR-013,CIC-2025-PV,2025-06-21,2025-06-25,16.45,8.92,10.347,9.13,Alta,MILPIN-v1.3,sin_respuesta,312.4,524.83,96.41,Alta,Mantener sistema actual,0.32,0.55,ETo proyectada 8.9 mm/dia (horizonte 7 dias). Kc=1.16 etapa Media. Aplicar lamina 16 mm.
d3a92771-b5f4-4dfb-a1d3-056fbbffdbf2,PAR-013,CIC-2025-OI,2026-04-11,2026-04-13,30.86,7.64,6.097,23.0,Alta,MILPIN-v1.2,sin_respuesta,586.4,985.15,180.96,Media,Microaspersion -> Goteo,0.6,0.41,Score optimizacion 0.60: migracion Microaspersion -> Goteo proyecta ahorro 11% consumo anual con payback < 2 ciclos.
3a503463-a8dc-4bc6-b67c-007405c3b467,PAR-013,CIC-2025-OI,2026-04-05,2026-04-09,13.9,7.34,6.489,10.1,Media,MILPIN-v2.0,sin_respuesta,265.8,446.54,82.03,Media,Gravedad -> Goteo,0.65,0.58,Patron historico + indices climaticos: riego optimo en 2 dias evita estres hidrico en etapa Final.
abb508fd-cacd-46f4-8657-2e52ed9c99db,PAR-013,CIC-2025-OI,2026-03-22,2026-03-24,10.15,6.11,6.293,7.14,Alta,MILPIN-v2.0,sin_respuesta,193.2,324.58,59.62,Media,Mantener sistema actual,0.36,0.67,Patron historico + indices climaticos: riego optimo en 3 dias evita estres hidrico en etapa Final.
38a3a51b-3356-4ace-82fc-2b4d0042e7e3,PAR-013,CIC-2025-OI,2025-11-04,2025-11-08,23.58,3.59,1.364,16.8,Alta,MILPIN-v2.0,rechazada,448.0,752.64,138.25,Alta,Aspersion -> Goteo,0.69,0.72,ETo proyectada 3.6 mm/dia (horizonte 7 dias). Kc=0.38 etapa Inicial. Aplicar lamina 24 mm.
1abed3a1-99e8-4171-9f17-64cd88366254,PAR-013,CIC-2025-OI,2026-03-27,2026-03-31,31.55,6.11,5.768,22.72,Media,MILPIN-v2.0,sin_respuesta,600.1,1008.17,185.19,Baja,Gravedad -> Goteo,0.68,0.5,ETo proyectada 6.1 mm/dia (horizonte 7 dias). Kc=0.94 etapa Final. Aplicar lamina 32 mm.
c5c49df8-1199-4753-9a33-213323839ad9,PAR-013,CIC-2026-PV,2026-08-01,2026-08-04,27.3,7.28,7.571,19.88,Baja,MILPIN-v1.2,aceptada,519.2,872.26,160.23,Alta,Gravedad -> Goteo,0.72,0.84,Patron historico + indices climaticos: riego optimo en 6 dias evita estres hidrico en etapa Final.
55f8dbf5-eb9e-423f-be53-8d519a8f10c2,PAR-013,CIC-2026-PV,2026-09-26,2026-09-30,24.53,6.24,4.306,17.82,Alta,MILPIN-v2.0,modificada,465.8,782.54,143.75,Media,Aspersion -> Goteo,0.75,0.8,ETo proyectada 6.2 mm/dia (horizonte 7 dias). Kc=0.69 etapa Final. Aplicar lamina 25 mm.
4df1c541-3f55-416b-aa69-0d4369e0668d,PAR-013,CIC-2026-PV,2026-05-16,2026-05-19,21.33,8.71,9.686,13.77,Baja,MILPIN-v1.2,aceptada,405.5,681.24,125.14,Alta,Microaspersion -> Goteo,0.85,0.82,Balance hidrico acumulado indica deficit de 13.8 mm. Riego preventivo recomendado en 2 dias.
ad4cf29c-9bed-4ea6-833b-a10bd66a376f,PAR-013,CIC-2026-PV,2026-09-10,2026-09-13,12.42,6.8,4.896,8.28,Media,MILPIN-v1.3,modificada,235.6,395.81,72.71,Alta,Aspersion -> Goteo,0.86,0.79,Patron historico + indices climaticos: riego optimo en 3 dias evita estres hidrico en etapa Final.
a1e45efe-d713-4462-b159-f76364c10c48,PAR-013,CIC-2026-PV,2026-03-08,2026-03-10,24.14,5.84,2.044,15.38,Media,MILPIN-v1.3,modificada,460.3,773.3,142.05,Alta,Microaspersion -> Goteo,0.87,0.75,ETo proyectada 5.8 mm/dia (horizonte 7 dias). Kc=0.35 etapa Inicial. Aplicar lamina 24 mm.
423ec3e6-837b-42c1-b3d1-081fde9e23b3,PAR-013,CIC-2026-PV,2026-06-10,2026-06-13,24.15,9.19,10.752,20.86,Media,MILPIN-v1.3,aceptada,460.3,773.3,142.05,Media,Gravedad -> Goteo,0.82,0.9,Score optimizacion 0.82: migracion Gravedad -> Goteo proyecta ahorro 11% consumo anual con payback < 2 ciclos.
3f5ef7c6-5dbb-4c18-ab52-e201bd6dafe6,PAR-013,CIC-2026-PV,2026-09-21,2026-09-24,33.89,6.83,4.849,25.1,Alta,MILPIN-v1.3,aceptada,643.9,1081.75,198.71,Alta,Gravedad -> Microaspersion,0.84,0.94,Patron historico + indices climaticos: riego optimo en 6 dias evita estres hidrico en etapa Final.
31981e13-2692-4757-b5ed-0ee4ed7a27f8,PAR-013,CIC-2026-PV,2026-07-16,2026-07-19,24.45,8.15,9.438,14.46,Media,MILPIN-v2.0,modificada,464.4,780.19,143.31,Baja,Microaspersion -> Goteo,0.73,0.79,Score optimizacion 0.73: migracion Microaspersion -> Goteo proyecta ahorro 11% consumo anual con payback < 2 ciclos.
11f4eb28-cb7c-46aa-915f-c3ca85b5c5d5,PAR-013,CIC-2026-PV,2026-06-18,2026-06-21,25.34,8.74,10.575,18.37,Baja,MILPIN-v1.2,aceptada,480.9,807.91,148.41,Baja,Aspersion -> Goteo,0.93,0.95,FAO-56 detecta inicio etapa media con Kc=1.21. Incrementar lamina un 11% respecto evento anterior.
dfb11cd7-3f80-4718-b739-e3d10ce96027,PAR-013,CIC-2026-PV,2026-07-18,2026-07-22,21.86,8.32,9.368,17.96,Baja,MILPIN-v1.2,aceptada,415.1,697.37,128.1,Alta,Mantener sistema actual,0.95,0.83,Patron historico + indices climaticos: riego optimo en 6 dias evita estres hidrico en etapa Final.
4c8a136d-9d17-4182-917c-066c481fa172,PAR-014,CIC-2025-PV,2025-06-10,2025-06-15,34.4,9.29,10.405,26.8,Baja,MILPIN-v1.3,aceptada,6379.8,10718.06,1968.81,Baja,Mantener sistema actual,0.55,0.73,ETo proyectada 9.3 mm/dia (horizonte 7 dias). Kc=1.12 etapa Final. Aplicar lamina 34 mm.
15484a84-8a71-4cae-a5e6-5a93b673ccf4,PAR-014,CIC-2025-PV,2025-09-10,2025-09-14,24.81,6.43,4.051,16.84,Media,MILPIN-v1.3,rechazada,4600.4,7728.67,1419.68,Baja,Gravedad -> Microaspersion,0.67,0.45,ETo proyectada 6.4 mm/dia (horizonte 7 dias). Kc=0.63 etapa Final. Aplicar lamina 25 mm.
e03065bd-8dc1-4c60-a7d5-ec729b29146a,PAR-014,CIC-2025-PV,2025-04-19,2025-04-20,18.04,7.76,8.117,10.78,Media,MILPIN-v1.2,aceptada,3346.1,5621.45,1032.61,Media,Mantener sistema actual,0.55,0.5,ETo proyectada 7.8 mm/dia (horizonte 7 dias). Kc=1.05 etapa Desarrollo. Aplicar lamina 18 mm.
80acbfb0-ead5-4e98-a16b-bba2cc49e6b9,PAR-014,CIC-2025-PV,2025-03-08,2025-03-09,19.41,5.7,1.482,11.84,Baja,MILPIN-v2.0,modificada,3597.9,6044.47,1110.31,Baja,Gravedad -> Goteo,0.47,0.56,Deficit acumulado 11.8 mm supera umbral critico. Riego urgente antes de 4 dias para evitar dano.
32736989-4014-4c16-a394-cc8f93d04126,PAR-014,CIC-2025-PV,2025-05-03,2025-05-04,22.49,8.66,10.652,17.97,Media,MILPIN-v1.2,aceptada,4170.7,7006.78,1287.08,Alta,Aspersion -> Goteo,0.63,0.46,Patron historico + indices climaticos: riego optimo en 6 dias evita estres hidrico en etapa Media.
ebf457f8-3e1d-4ceb-ad5d-3396c9ecd381,PAR-014,CIC-2025-OI,2026-04-07,2026-04-10,17.17,7.42,4.675,8.67,Alta,MILPIN-v1.2,sin_respuesta,3185.6,5351.81,983.08,Alta,Aspersion -> Goteo,0.67,0.43,Optimizacion turno nocturno 22-06 h: reduce evaporacion estimada 12-15%. Deficit actual 8.7 mm.
7b776ede-eba5-4cea-a67e-55e318d25fad,PAR-014,CIC-2025-OI,2026-01-19,2026-01-21,33.85,3.8,4.408,27.85,Media,MILPIN-v2.0,sin_respuesta,6280.0,10550.4,1938.01,Baja,Mantener sistema actual,0.68,0.42,ETo proyectada 3.8 mm/dia (horizonte 7 dias). Kc=1.16 etapa Media. Aplicar lamina 34 mm.
caa95209-3632-4ab3-b3d9-17a22e9950a1,PAR-014,CIC-2025-OI,2025-11-02,2025-11-05,11.42,3.54,1.027,5.1,Media,MILPIN-v1.3,rechazada,2117.9,3558.07,653.58,Baja,Microaspersion -> Goteo,0.32,0.62,Optimizacion turno nocturno 22-06 h: reduce evaporacion estimada 12-15%. Deficit actual 5.1 mm.
38e80aba-7583-4322-8c5d-bbbb8c078e6d,PAR-014,CIC-2025-OI,2026-01-18,2026-01-22,33.54,3.69,4.317,26.05,Alta,MILPIN-v1.2,modificada,6219.2,10448.26,1919.25,Baja,Gravedad -> Microaspersion,0.32,0.7,FAO-56 detecta inicio etapa media con Kc=1.17. Incrementar lamina un 28% respecto evento anterior.
54a42e1b-868b-4f7e-ac14-38285556b681,PAR-014,CIC-2025-OI,2025-12-05,2025-12-08,17.09,2.9,2.752,9.47,Media,MILPIN-v1.2,rechazada,3168.2,5322.58,977.71,Alta,Microaspersion -> Goteo,0.32,0.53,Deficit acumulado 9.5 mm supera umbral critico. Riego urgente antes de 3 dias para evitar dano.
c6813b01-649b-4ff2-80b1-57b357cb5bc3,PAR-014,CIC-2025-OI,2026-03-01,2026-03-04,30.75,5.94,3.326,22.42,Baja,MILPIN-v1.2,aceptada,5702.8,9580.7,1759.88,Baja,Mantener sistema actual,0.58,0.4,Deficit acumulado 22.4 mm supera umbral critico. Riego urgente antes de 6 dias para evitar dano.
66f4093e-933b-4eeb-b8e5-17e113cf00f6,PAR-014,CIC-2026-PV,2026-07-16,2026-07-20,17.49,7.97,4.623,9.37,Baja,MILPIN-v1.2,rechazada,3246.3,5453.78,1001.81,Media,Gravedad -> Microaspersion,0.79,0.94,Optimizacion turno nocturno 22-06 h: reduce evaporacion estimada 12-15%. Deficit actual 9.4 mm.
5ecd70a7-f610-4151-92fb-cc4daabbfcc9,PAR-014,CIC-2026-PV,2026-07-10,2026-07-14,26.35,8.17,4.575,17.29,Baja,MILPIN-v1.3,rechazada,4886.8,8209.82,1508.07,Alta,Gravedad -> Goteo,0.74,0.81,Patron historico + indices climaticos: riego optimo en 5 dias evita estres hidrico en etapa Final.
fa5ea232-ac84-49be-8488-5760d3aaf908,PAR-014,CIC-2026-PV,2026-09-21,2026-09-26,15.21,6.48,3.694,5.78,Media,MILPIN-v2.0,aceptada,2821.0,4739.28,870.56,Baja,Aspersion -> Goteo,0.81,0.92,Score optimizacion 0.81: migracion Aspersion -> Goteo proyecta ahorro 28% consumo anual con payback < 2 ciclos.
375ac4a8-9be8-43ea-9a43-66d3dd951391,PAR-014,CIC-2026-PV,2026-06-02,2026-06-03,30.61,8.92,10.526,27.35,Alta,MILPIN-v1.2,rechazada,5676.7,9536.86,1751.83,Baja,Gravedad -> Microaspersion,0.8,0.87,Deficit acumulado 27.4 mm supera umbral critico. Riego urgente antes de 6 dias para evitar dano.
fe3469d4-7737-4a7c-bd0b-279548d97c67,PAR-014,CIC-2026-PV,2026-09-10,2026-09-11,19.02,6.73,3.971,10.99,Media,MILPIN-v1.3,aceptada,3528.4,5927.71,1088.86,Media,Microaspersion -> Goteo,0.78,0.89,Deficit acumulado 11.0 mm supera umbral critico. Riego urgente antes de 2 dias para evitar dano.
2170df74-3add-45d7-b7ab-1c5d76829665,PAR-014,CIC-2026-PV,2026-03-06,2026-03-07,34.13,6.06,1.697,25.52,Media,MILPIN-v2.0,rechazada,6332.1,10637.93,1954.09,Baja,Gravedad -> Goteo,0.79,0.81,Optimizacion turno nocturno 22-06 h: reduce evaporacion estimada 12-15%. Deficit actual 25.5 mm.
1eb26302-1573-4b3c-9075-c6ba0884fdbc,PAR-015,CIC-2025-PV,2025-04-20,2025-04-21,15.49,7.17,6.747,9.81,Alta,MILPIN-v2.0,modificada,1906.6,3203.09,588.38,Baja,Mantener sistema actual,0.6,0.67,Score optimizacion 0.60: migracion Mantener sistema actual proyecta ahorro 28% consumo anual con payback < 2 ciclos.
67e79df2-4d93-4534-a493-7d99ced505ca,PAR-015,CIC-2025-PV,2025-06-16,2025-06-19,11.59,9.14,9.305,5.48,Media,MILPIN-v1.3,rechazada,1425.6,2395.01,439.94,Baja,Gravedad -> Microaspersion,0.44,0.44,Patron historico + indices climaticos: riego optimo en 2 dias evita estres hidrico en etapa Final.
0064b3cb-bc12-4956-86e8-39859467d7f0,PAR-015,CIC-2025-PV,2025-06-25,2025-06-30,18.49,8.79,8.21,10.44,Baja,MILPIN-v1.2,aceptada,2278.1,3827.21,703.02,Baja,Gravedad -> Microaspersion,0.39,0.4,Score optimizacion 0.39: migracion Gravedad -> Microaspersion proyecta ahorro 28% consumo anual con payback < 2 ciclos.
ff48054d-b5fa-496e-a317-e8b86611988c,PAR-015,CIC-2025-PV,2025-07-13,2025-07-14,22.75,8.24,7.581,16.21,Alta,MILPIN-v2.0,sin_respuesta,2799.4,4702.99,863.89,Alta,Aspersion -> Goteo,0.7,0.59,Deficit acumulado 16.2 mm supera umbral critico. Riego urgente antes de 2 dias para evitar dano.
e134e6a6-1c91-4019-95c6-3ed5ad822525,PAR-015,CIC-2025-OI,2026-03-12,2026-03-15,18.58,5.71,5.31,9.59,Alta,MILPIN-v2.0,aceptada,2286.7,3841.66,705.68,Alta,Gravedad -> Microaspersion,0.36,0.53,FAO-56 detecta inicio etapa media con Kc=0.93. Incrementar lamina un 28% respecto evento anterior.
739bef61-5243-4bb1-a741-2caac925ea17,PAR-015,CIC-2025-OI,2026-01-20,2026-01-22,23.92,3.32,3.552,20.14,Media,MILPIN-v1.3,modificada,2943.4,4944.91,908.33,Alta,Aspersion -> Goteo,0.7,0.39,Balance hidrico acumulado indica deficit de 20.1 mm. Riego preventivo recomendado en 3 dias.
24f1ea22-c1d7-4648-9e30-c8f600e25a0c,PAR-015,CIC-2025-OI,2026-03-27,2026-03-31,32.44,5.98,5.442,26.9,Media,MILPIN-v1.2,aceptada,3994.6,6710.93,1232.73,Alta,Mantener sistema actual,0.59,0.56,Deficit acumulado 26.9 mm supera umbral critico. Riego urgente antes de 3 dias para evitar dano.
60aa375d-b94c-4f43-b98b-1b8c1c13859c,PAR-015,CIC-2026-PV,2026-09-14,2026-09-15,30.94,6.67,5.87,23.93,Baja,MILPIN-v1.3,rechazada,3807.4,6396.43,1174.96,Alta,Microaspersion -> Goteo,0.82,0.87,ETo proyectada 6.7 mm/dia (horizonte 7 dias). Kc=0.88 etapa Final. Aplicar lamina 31 mm.
d581d566-c0c5-4c67-869e-24f1f7972ddd,PAR-015,CIC-2026-PV,2026-05-08,2026-05-11,31.77,8.55,9.149,26.23,Baja,MILPIN-v1.3,modificada,3911.0,6570.48,1206.93,Media,Gravedad -> Microaspersion,0.81,0.77,ETo proyectada 8.6 mm/dia (horizonte 7 dias). Kc=1.07 etapa Media. Aplicar lamina 32 mm.
0d0f523c-0c36-448b-b6f8-18a3688cb922,PAR-015,CIC-2026-PV,2026-09-30,2026-10-05,32.48,6.15,5.72,25.86,Media,MILPIN-v1.3,aceptada,3997.4,6715.63,1233.6,Alta,Microaspersion -> Goteo,0.73,0.95,ETo proyectada 6.2 mm/dia (horizonte 7 dias). Kc=0.93 etapa Final. Aplicar lamina 32 mm.
2b66c3a5-3e17-4e77-8d31-a6d1ec3283a0,PAR-015,CIC-2026-PV,2026-06-08,2026-06-09,27.27,9.02,9.2,19.74,Media,MILPIN-v1.2,aceptada,3355.2,5636.74,1035.41,Baja,Gravedad -> Goteo,0.87,0.93,Optimizacion turno nocturno 22-06 h: reduce evaporacion estimada 12-15%. Deficit actual 19.7 mm.
e8980d9f-44e9-4cd9-91ea-3a28dfa05333,PAR-015,CIC-2026-PV,2026-04-05,2026-04-07,23.7,7.67,5.285,19.7,Media,MILPIN-v1.3,aceptada,2917.4,4901.23,900.31,Baja,Microaspersion -> Goteo,0.8,0.88,Optimizacion turno nocturno 22-06 h: reduce evaporacion estimada 12-15%. Deficit actual 19.7 mm.
ccaf980f-b54e-4d5a-861d-3a9345bd1830,PAR-015,CIC-2026-PV,2026-08-05,2026-08-08,24.24,7.23,6.362,19.93,Media,MILPIN-v1.3,aceptada,2983.7,5012.62,920.77,Media,Aspersion -> Goteo,0.89,0.75,FAO-56 detecta inicio etapa media con Kc=0.88. Incrementar lamina un 28% respecto evento anterior.
c8f0c658-ccb0-4d40-bcb1-8083a87a271a,PAR-015,CIC-2026-PV,2026-08-22,2026-08-25,29.15,7.34,6.459,19.49,Media,MILPIN-v2.0,aceptada,3588.5,6028.68,1107.41,Alta,Gravedad -> Microaspersion,0.85,0.81,ETo proyectada 7.3 mm/dia (horizonte 7 dias). Kc=0.88 etapa Final. Aplicar lamina 29 mm.
2bbecb67-5894-429b-87ef-a2caf1890c4d,PAR-015,CIC-2026-PV,2026-04-06,2026-04-11,28.69,7.54,5.286,21.52,Baja,MILPIN-v1.3,aceptada,3530.9,5931.91,1089.64,Alta,Gravedad -> Microaspersion,0.77,0.82,Patron historico + indices climaticos: riego optimo en 4 dias evita estres hidrico en etapa Desarrollo.
e96e8cda-5984-4f69-88ae-58cd697ab27f,PAR-016,CIC-2025-PV,2025-08-05,2025-08-08,21.59,7.5,2.4,16.39,Alta,MILPIN-v2.0,rechazada,468.0,786.24,144.42,Media,Microaspersion -> Goteo,0.69,0.38,FAO-56 detecta inicio etapa media con Kc=0.32. Incrementar lamina un 11% respecto evento anterior.
5ad4e009-1391-4d87-804c-f9945b9d4d06,PAR-016,CIC-2025-PV,2025-03-13,2025-03-17,28.03,5.96,2.146,19.73,Alta,MILPIN-v1.3,sin_respuesta,608.4,1022.11,187.75,Alta,Gravedad -> Goteo,0.37,0.53,Optimizacion turno nocturno 22-06 h: reduce evaporacion estimada 12-15%. Deficit actual 19.7 mm.
ec51f314-36ba-42ae-a0fc-9746b56a2baf,PAR-016,CIC-2025-PV,2025-03-24,2025-03-27,11.17,6.13,3.157,6.56,Baja,MILPIN-v1.3,modificada,241.8,406.22,74.62,Baja,Gravedad -> Microaspersion,0.48,0.74,Balance hidrico acumulado indica deficit de 6.6 mm. Riego preventivo recomendado en 5 dias.
545cc632-dc9a-444b-b9a8-7c9282589de5,PAR-016,CIC-2025-PV,2025-06-26,2025-07-01,14.41,8.74,2.709,10.88,Alta,MILPIN-v2.0,aceptada,312.0,524.16,96.28,Media,Microaspersion -> Goteo,0.49,0.5,Deficit acumulado 10.9 mm supera umbral critico. Riego urgente antes de 4 dias para evitar dano.
f27c8630-360f-4fc5-9cc9-384e4b585422,PAR-016,CIC-2025-OI,2025-11-18,2025-11-21,19.13,4.14,2.67,15.75,Alta,MILPIN-v1.3,modificada,413.4,694.51,127.58,Media,Mantener sistema actual,0.67,0.43,Optimizacion turno nocturno 22-06 h: reduce evaporacion estimada 12-15%. Deficit actual 15.8 mm.
e29d3aa8-01d0-42bd-a342-b6fdeb620bc1,PAR-016,CIC-2025-OI,2026-01-09,2026-01-13,17.79,3.45,3.864,13.93,Media,MILPIN-v2.0,aceptada,385.3,647.3,118.9,Alta,Mantener sistema actual,0.59,0.71,Patron historico + indices climaticos: riego optimo en 5 dias evita estres hidrico en etapa Final.
f8789c2c-e676-48a4-b728-fb099e2bb974,PAR-016,CIC-2025-OI,2026-01-28,2026-02-01,18.81,3.28,1.017,10.59,Media,MILPIN-v2.0,rechazada,407.2,684.1,125.66,Alta,Aspersion -> Goteo,0.6,0.56,Score optimizacion 0.60: migracion Aspersion -> Goteo proyecta ahorro 11% consumo anual con payback < 2 ciclos.
bab1db13-9864-4419-963c-ce790d83a2a7,PAR-016,CIC-2025-OI,2026-03-18,2026-03-20,19.64,6.07,1.942,14.95,Media,MILPIN-v2.0,aceptada,425.9,715.51,131.43,Alta,Microaspersion -> Goteo,0.58,0.69,Score optimizacion 0.58: migracion Microaspersion -> Goteo proyecta ahorro 11% consumo anual con payback < 2 ciclos.
0f0ec48a-8bf3-4051-9a36-102d8a6507e3,PAR-016,CIC-2026-PV,2026-07-28,2026-08-01,34.43,7.68,2.534,24.98,Baja,MILPIN-v2.0,aceptada,745.7,1252.78,230.12,Baja,Microaspersion -> Goteo,0.92,0.92,Optimizacion turno nocturno 22-06 h: reduce evaporacion estimada 12-15%. Deficit actual 25.0 mm.
d5299b8b-cc4e-43b5-95ca-8265fb864373,PAR-016,CIC-2026-PV,2026-04-22,2026-04-25,19.98,7.48,8.378,10.45,Media,MILPIN-v2.0,aceptada,432.1,725.93,133.35,Alta,Gravedad -> Goteo,0.93,0.91,ETo proyectada 7.5 mm/dia (horizonte 7 dias). Kc=1.12 etapa Media. Aplicar lamina 20 mm.
869aec44-c9fe-4d34-8e29-fd67e17651bb,PAR-016,CIC-2026-PV,2026-03-11,2026-03-16,10.96,6.13,2.268,5.0,Media,MILPIN-v1.3,aceptada,237.1,398.33,73.17,Baja,Aspersion -> Goteo,0.76,0.92,FAO-56 detecta inicio etapa media con Kc=0.37. Incrementar lamina un 11% respecto evento anterior.
6e745eef-ef88-48b1-b9ef-8436e0800275,PAR-016,CIC-2026-PV,2026-03-24,2026-03-29,27.59,5.75,2.789,18.99,Media,MILPIN-v1.3,aceptada,597.5,1003.8,184.39,Alta,Gravedad -> Microaspersion,0.93,0.93,ETo proyectada 5.8 mm/dia (horizonte 7 dias). Kc=0.48 etapa Desarrollo. Aplicar lamina 28 mm.
ef300f15-aa19-4984-a298-27944c510b3a,PAR-016,CIC-2026-PV,2026-06-27,2026-06-30,23.72,9.13,3.104,19.31,Baja,MILPIN-v2.0,modificada,513.2,862.18,158.37,Alta,Gravedad -> Microaspersion,0.72,0.77,ETo proyectada 9.1 mm/dia (horizonte 7 dias). Kc=0.34 etapa Final. Aplicar lamina 24 mm.
7bca0e5d-90ee-4ab3-a08f-92a3bef491fa,PAR-016,CIC-2026-PV,2026-04-22,2026-04-26,12.36,7.66,9.115,8.46,Alta,MILPIN-v1.3,aceptada,268.3,450.74,82.8,Media,Mantener sistema actual,0.77,0.85,Patron historico + indices climaticos: riego optimo en 2 dias evita estres hidrico en etapa Media.
68f9bb21-8355-4d69-b003-a3c0eaf1cdfe,PAR-017,CIC-2025-PV,2025-03-13,2025-03-17,11.85,6.04,1.57,6.2,Media,MILPIN-v1.3,aceptada,1340.9,2252.71,413.8,Alta,Gravedad -> Microaspersion,0.38,0.61,Deficit acumulado 6.2 mm supera umbral critico. Riego urgente antes de 3 dias para evitar dano.
79950bdd-51bb-44f6-81bb-d4675ab4e3be,PAR-017,CIC-2025-PV,2025-09-08,2025-09-09,15.22,6.7,4.087,11.84,Baja,MILPIN-v1.2,sin_respuesta,1725.2,2898.34,532.4,Media,Microaspersion -> Goteo,0.58,0.48,Optimizacion turno nocturno 22-06 h: reduce evaporacion estimada 12-15%. Deficit actual 11.8 mm.
e0327bfe-23f3-4541-b926-3ae29628e0f6,PAR-017,CIC-2025-PV,2025-06-30,2025-07-04,14.54,9.05,5.883,5.06,Media,MILPIN-v1.3,sin_respuesta,1645.7,2764.78,507.86,Baja,Aspersion -> Goteo,0.34,0.39,Deficit acumulado 5.1 mm supera umbral critico. Riego urgente antes de 6 dias para evitar dano.
5d00e3ca-9025-4146-810a-c12f743514d7,PAR-017,CIC-2025-PV,2025-10-08,2025-10-12,34.85,5.21,3.282,26.75,Media,MILPIN-v2.0,rechazada,3948.5,6633.48,1218.51,Alta,Mantener sistema actual,0.44,0.55,Balance hidrico acumulado indica deficit de 26.8 mm. Riego preventivo recomendado en 3 dias.
73ed8d0e-6d88-4e7e-bf40-e414fbde28cf,PAR-017,CIC-2025-PV,2025-08-03,2025-08-08,32.25,7.67,4.679,24.29,Media,MILPIN-v2.0,sin_respuesta,3654.3,6139.22,1127.72,Baja,Mantener sistema actual,0.35,0.61,Balance hidrico acumulado indica deficit de 24.3 mm. Riego preventivo recomendado en 5 dias.
2c1b2410-369f-4906-882b-df49af0c0510,PAR-017,CIC-2025-PV,2025-08-11,2025-08-14,19.41,7.16,4.511,11.49,Baja,MILPIN-v1.2,modificada,2196.8,3690.62,677.93,Baja,Gravedad -> Microaspersion,0.48,0.43,ETo proyectada 7.2 mm/dia (horizonte 7 dias). Kc=0.63 etapa Final. Aplicar lamina 19 mm.
67834f3d-854e-40ce-a7b8-ad9768234b72,PAR-017,CIC-2025-OI,2026-03-25,2026-03-28,15.35,5.72,3.604,7.32,Media,MILPIN-v1.3,rechazada,1738.4,2920.51,536.47,Baja,Gravedad -> Goteo,0.52,0.74,Optimizacion turno nocturno 22-06 h: reduce evaporacion estimada 12-15%. Deficit actual 7.3 mm.
1daa275b-e3c6-4467-80f5-e69f469b45c4,PAR-017,CIC-2025-OI,2026-01-19,2026-01-21,14.48,3.15,3.717,6.68,Alta,MILPIN-v2.0,rechazada,1640.4,2755.87,506.23,Media,Aspersion -> Goteo,0.67,0.65,Optimizacion turno nocturno 22-06 h: reduce evaporacion estimada 12-15%. Deficit actual 6.7 mm.
57b45bdd-0372-4c57-8407-77b14da58962,PAR-017,CIC-2025-OI,2026-03-01,2026-03-04,25.04,6.27,3.574,19.65,Alta,MILPIN-v1.2,modificada,2835.5,4763.64,875.04,Alta,Mantener sistema actual,0.58,0.66,Optimizacion turno nocturno 22-06 h: reduce evaporacion estimada 12-15%. Deficit actual 19.6 mm.
cac8077c-e68e-42a3-8749-f6ef129e82be,PAR-017,CIC-2025-OI,2025-12-16,2025-12-20,21.42,3.23,3.876,16.11,Media,MILPIN-v1.2,rechazada,2424.8,4073.66,748.29,Baja,Microaspersion -> Goteo,0.35,0.7,Deficit acumulado 16.1 mm supera umbral critico. Riego urgente antes de 2 dias para evitar dano.
51d1d32e-0e9c-469a-826f-3ff6a8efb7f3,PAR-017,CIC-2026-PV,2026-05-10,2026-05-15,25.61,8.43,10.2,15.75,Media,MILPIN-v2.0,aceptada,2899.1,4870.49,894.66,Media,Gravedad -> Microaspersion,0.95,0.96,Patron historico + indices climaticos: riego optimo en 6 dias evita estres hidrico en etapa Media.
a7fc902e-e125-4a76-bc14-a8851ba9e978,PAR-017,CIC-2026-PV,2026-08-12,2026-08-15,17.18,7.71,4.703,9.43,Baja,MILPIN-v1.2,aceptada,1945.1,3267.77,600.26,Alta,Aspersion -> Goteo,0.87,0.74,Patron historico + indices climaticos: riego optimo en 3 dias evita estres hidrico en etapa Final.
77742ac3-fc94-4a9a-9db1-2d0daa080833,PAR-017,CIC-2026-PV,2026-10-06,2026-10-11,20.29,5.27,2.951,14.6,Baja,MILPIN-v1.3,aceptada,2300.2,3864.34,709.84,Media,Microaspersion -> Goteo,0.8,0.76,Patron historico + indices climaticos: riego optimo en 6 dias evita estres hidrico en etapa Final.
2133f272-849e-414c-b563-95bf3bfac6f4,PAR-017,CIC-2026-PV,2026-07-11,2026-07-16,27.8,7.88,5.043,22.29,Media,MILPIN-v1.2,aceptada,3148.2,5288.98,971.53,Alta,Microaspersion -> Goteo,0.95,0.76,Balance hidrico acumulado indica deficit de 22.3 mm. Riego preventivo recomendado en 4 dias.
444103a8-ba29-4d0c-9f29-c8d3ccb7c07c,PAR-017,CIC-2026-PV,2026-06-12,2026-06-17,32.27,9.01,9.37,23.61,Alta,MILPIN-v1.3,modificada,3654.3,6139.22,1127.72,Alta,Microaspersion -> Goteo,0.73,0.81,FAO-56 detecta inicio etapa media con Kc=1.04. Incrementar lamina un 28% respecto evento anterior.
6bee532c-cbae-45ca-b8c2-137fc735c8fa,PAR-017,CIC-2026-PV,2026-04-14,2026-04-16,19.37,7.75,7.339,10.98,Alta,MILPIN-v1.3,aceptada,2194.2,3686.26,677.13,Baja,Aspersion -> Goteo,0.79,0.85,Optimizacion turno nocturno 22-06 h: reduce evaporacion estimada 12-15%. Deficit actual 11.0 mm.
e4892cad-82bd-45cf-9a20-a637abfca9c5,PAR-017,CIC-2026-PV,2026-06-23,2026-06-24,18.61,8.81,7.224,12.32,Media,MILPIN-v1.3,aceptada,2106.8,3539.42,650.16,Media,Aspersion -> Goteo,0.72,0.75,Optimizacion turno nocturno 22-06 h: reduce evaporacion estimada 12-15%. Deficit actual 12.3 mm.
1312eed5-c50b-4da8-9357-3bd6b04af852,PAR-017,CIC-2026-PV,2026-04-14,2026-04-16,17.57,7.44,6.822,8.99,Media,MILPIN-v1.3,aceptada,1990.2,3343.54,614.18,Baja,Gravedad -> Goteo,0.87,0.75,Score optimizacion 0.87: migracion Gravedad -> Goteo proyecta ahorro 28% consumo anual con payback < 2 ciclos.
5609e5b0-58d7-42d9-b5a9-21a2a4ae98e8,PAR-017,CIC-2026-PV,2026-03-23,2026-03-25,24.46,6.05,2.003,18.43,Baja,MILPIN-v1.3,aceptada,2769.3,4652.42,854.61,Media,Mantener sistema actual,0.86,0.88,ETo proyectada 6.0 mm/dia (horizonte 7 dias). Kc=0.33 etapa Desarrollo. Aplicar lamina 24 mm.
c5c510aa-0aaf-40d9-bbc2-8dab59106a28,PAR-017,CIC-2026-PV,2026-04-14,2026-04-19,18.84,7.3,6.548,13.95,Media,MILPIN-v2.0,aceptada,2133.2,3583.78,658.31,Alta,Microaspersion -> Goteo,0.73,0.81,FAO-56 detecta inicio etapa media con Kc=0.90. Incrementar lamina un 28% respecto evento anterior.
280c377b-110c-454c-a9ef-6e207a865311,PAR-018,CIC-2025-PV,2025-07-11,2025-07-13,32.52,8.12,7.389,25.43,Baja,MILPIN-v2.0,modificada,2006.9,3371.59,619.33,Media,Gravedad -> Goteo,0.37,0.59,Deficit acumulado 25.4 mm supera umbral critico. Riego urgente antes de 3 dias para evitar dano.
c4e860d2-7e86-4d4c-8db6-52ae08545c21,PAR-018,CIC-2025-PV,2025-05-14,2025-05-16,10.65,8.72,9.243,6.02,Media,MILPIN-v2.0,aceptada,657.1,1103.93,202.78,Alta,Gravedad -> Microaspersion,0.55,0.73,FAO-56 detecta inicio etapa media con Kc=1.06. Incrementar lamina un 11% respecto evento anterior.
f5414094-defc-4729-ab8b-43c923f4ddb2,PAR-018,CIC-2025-PV,2025-07-03,2025-07-05,17.17,7.76,7.263,10.23,Media,MILPIN-v1.2,rechazada,1056.7,1775.26,326.1,Baja,Gravedad -> Microaspersion,0.43,0.55,FAO-56 detecta inicio etapa media con Kc=0.94. Incrementar lamina un 11% respecto evento anterior.
383b57b1-d062-42b5-9075-34152618482e,PAR-018,CIC-2025-PV,2025-05-24,2025-05-25,20.51,8.45,8.873,11.15,Media,MILPIN-v2.0,rechazada,1265.4,2125.87,390.5,Baja,Aspersion -> Goteo,0.32,0.44,FAO-56 detecta inicio etapa media con Kc=1.05. Incrementar lamina un 11% respecto evento anterior.
05d9f406-a5c0-41ad-83aa-e992d5b33402,PAR-018,CIC-2025-PV,2025-06-15,2025-06-20,22.23,8.84,9.141,18.12,Media,MILPIN-v2.0,modificada,1372.0,2304.96,423.4,Baja,Gravedad -> Microaspersion,0.69,0.46,Patron historico + indices climaticos: riego optimo en 6 dias evita estres hidrico en etapa Final.
dea67eeb-2a86-477c-823b-03c02075837b,PAR-018,CIC-2025-OI,2025-12-06,2025-12-10,30.82,3.19,2.785,26.35,Alta,MILPIN-v2.0,sin_respuesta,1900.3,3192.5,586.43,Baja,Aspersion -> Goteo,0.59,0.55,ETo proyectada 3.2 mm/dia (horizonte 7 dias). Kc=0.87 etapa Desarrollo. Aplicar lamina 31 mm.
2bece1dc-e5d6-4dcb-8a9b-adee9984f879,PAR-018,CIC-2025-OI,2026-04-17,2026-04-18,26.43,7.84,6.978,17.18,Alta,MILPIN-v1.3,modificada,1629.5,2737.56,502.86,Media,Aspersion -> Goteo,0.51,0.56,Score optimizacion 0.51: migracion Aspersion -> Goteo proyecta ahorro 11% consumo anual con payback < 2 ciclos.
f0852571-934a-4ea9-8cd2-9bfb394eefc9,PAR-018,CIC-2025-OI,2026-03-18,2026-03-21,33.76,6.03,5.367,24.23,Alta,MILPIN-v2.0,sin_respuesta,2082.4,3498.43,642.63,Baja,Microaspersion -> Goteo,0.49,0.47,Patron historico + indices climaticos: riego optimo en 2 dias evita estres hidrico en etapa Final.
823cb47c-fd1a-49d0-b66f-8c87ee19bd07,PAR-018,CIC-2025-OI,2026-03-22,2026-03-23,18.0,6.27,5.894,10.24,Media,MILPIN-v1.3,rechazada,1110.0,1864.8,342.55,Baja,Microaspersion -> Goteo,0.63,0.39,Score optimizacion 0.63: migracion Microaspersion -> Goteo proyecta ahorro 11% consumo anual con payback < 2 ciclos.
97dadd05-d6fa-42ee-953d-a9dd649c327b,PAR-018,CIC-2025-OI,2026-03-12,2026-03-16,17.71,6.27,5.392,11.45,Media,MILPIN-v1.3,rechazada,1092.2,1834.9,337.05,Media,Microaspersion -> Goteo,0.42,0.5,Patron historico + indices climaticos: riego optimo en 5 dias evita estres hidrico en etapa Final.
f1e4fc0c-73cd-4666-a7a2-3d8d77949cbc,PAR-018,CIC-2026-PV,2026-08-04,2026-08-09,31.68,7.72,6.716,24.89,Media,MILPIN-v1.2,aceptada,6011.8,10099.82,1855.24,Media,Gravedad -> Goteo,0.9,0.93,Optimizacion turno nocturno 22-06 h: reduce evaporacion estimada 12-15%. Deficit actual 24.9 mm.
e309a1f8-d09b-47b7-b494-126fa5daef4f,PAR-018,CIC-2026-PV,2026-07-10,2026-07-15,23.41,8.06,6.932,13.5,Baja,MILPIN-v2.0,rechazada,4444.4,7466.59,1371.54,Baja,Aspersion -> Goteo,0.76,0.88,FAO-56 detecta inicio etapa media con Kc=0.86. Incrementar lamina un 28% respecto evento anterior.
acff11d2-39d5-477b-90a4-8a58b9f5e939,PAR-018,CIC-2026-PV,2026-06-27,2026-07-01,11.7,8.67,7.994,8.58,Media,MILPIN-v2.0,aceptada,2220.0,3729.6,685.09,Baja,Gravedad -> Goteo,0.78,0.76,Balance hidrico acumulado indica deficit de 8.6 mm. Riego preventivo recomendado en 3 dias.
9fc9dbd0-81a6-4a04-b2f8-e5e5884a9637,PAR-018,CIC-2026-PV,2026-08-07,2026-08-08,16.18,7.38,6.716,7.03,Baja,MILPIN-v2.0,aceptada,3068.0,5154.24,946.78,Alta,Mantener sistema actual,0.86,0.78,Score optimizacion 0.86: migracion Mantener sistema actual proyecta ahorro 28% consumo anual con payback < 2 ciclos.
4bce115d-4b33-473c-943f-9c4fd553ec4c,PAR-018,CIC-2026-PV,2026-07-14,2026-07-16,27.08,7.67,7.133,24.03,Media,MILPIN-v2.0,aceptada,5137.1,8630.33,1585.31,Alta,Gravedad -> Goteo,0.92,0.9,Patron historico + indices climaticos: riego optimo en 2 dias evita estres hidrico en etapa Final.
00ffa427-c25d-4f50-9a5c-d6771cae5391,PAR-018,CIC-2026-PV,2026-05-01,2026-05-05,15.18,8.56,9.159,8.31,Media,MILPIN-v1.3,modificada,2877.1,4833.53,887.87,Alta,Microaspersion -> Goteo,0.94,0.79,Optimizacion turno nocturno 22-06 h: reduce evaporacion estimada 12-15%. Deficit actual 8.3 mm.
8683752a-9e38-4bb3-a3b7-b23d3355b92a,PAR-019,CIC-2025-PV,2025-09-04,2025-09-07,22.89,6.49,3.634,15.59,Baja,MILPIN-v2.0,sin_respuesta,0.0,0.0,0.0,Media,Aspersion -> Goteo,0.65,0.68,FAO-56 detecta inicio etapa media con Kc=0.56. Incrementar lamina un 0% respecto evento anterior.
e3fa12f9-ee24-42bd-b5fa-b00cd3f4ed0d,PAR-019,CIC-2025-PV,2025-03-09,2025-03-13,31.5,6.17,1.851,22.62,Alta,MILPIN-v2.0,modificada,0.0,0.0,0.0,Alta,Gravedad -> Goteo,0.36,0.71,Patron historico + indices climaticos: riego optimo en 4 dias evita estres hidrico en etapa Inicial.
90afd9b2-47a9-48eb-9ff1-a987d4308561,PAR-019,CIC-2025-PV,2025-06-05,2025-06-07,26.94,9.02,10.734,19.21,Alta,MILPIN-v2.0,modificada,0.0,0.0,0.0,Baja,Gravedad -> Goteo,0.59,0.58,FAO-56 detecta inicio etapa media con Kc=1.19. Incrementar lamina un 0% respecto evento anterior.
b3073cbc-0a66-459e-8953-0b0c852d611e,PAR-019,CIC-2025-PV,2025-04-28,2025-04-29,18.48,7.37,9.139,12.1,Alta,MILPIN-v1.2,aceptada,0.0,0.0,0.0,Alta,Aspersion -> Goteo,0.36,0.73,Score optimizacion 0.36: migracion Aspersion -> Goteo proyecta ahorro 0% consumo anual con payback < 2 ciclos.
1fcb8b8b-18ca-4b6f-8f8e-be2d9b4966d2,PAR-019,CIC-2025-OI,2026-03-11,2026-03-15,23.59,6.09,3.471,14.05,Media,MILPIN-v2.0,rechazada,0.0,0.0,0.0,Alta,Microaspersion -> Goteo,0.33,0.41,Patron historico + indices climaticos: riego optimo en 6 dias evita estres hidrico en etapa Final.
fac17936-fd0a-4b4f-8dad-82ac7efd301a,PAR-019,CIC-2025-OI,2025-11-30,2025-12-02,27.76,3.66,3.111,22.89,Media,MILPIN-v1.2,rechazada,0.0,0.0,0.0,Media,Gravedad -> Microaspersion,0.48,0.49,Score optimizacion 0.48: migracion Gravedad -> Microaspersion proyecta ahorro 0% consumo anual con payback < 2 ciclos.
4f04e011-9a61-43fe-85a9-01c10f2676ae,PAR-019,CIC-2025-OI,2026-02-11,2026-02-14,13.95,4.2,3.57,10.01,Media,MILPIN-v1.3,rechazada,0.0,0.0,0.0,Media,Gravedad -> Goteo,0.51,0.46,Optimizacion turno nocturno 22-06 h: reduce evaporacion estimada 12-15%. Deficit actual 10.0 mm.
5653c7b1-3bd1-40b0-a9ed-4082fdb3ed84,PAR-019,CIC-2025-OI,2026-02-17,2026-02-19,14.46,4.64,3.294,8.39,Media,MILPIN-v1.2,aceptada,0.0,0.0,0.0,Media,Gravedad -> Goteo,0.53,0.53,Optimizacion turno nocturno 22-06 h: reduce evaporacion estimada 12-15%. Deficit actual 8.4 mm.
3c1a487d-422b-4ff4-aa3f-c9ace69bdf19,PAR-019,CIC-2025-OI,2026-03-17,2026-03-20,29.75,6.11,3.849,19.78,Baja,MILPIN-v1.3,aceptada,0.0,0.0,0.0,Baja,Gravedad -> Microaspersion,0.35,0.45,Optimizacion turno nocturno 22-06 h: reduce evaporacion estimada 12-15%. Deficit actual 19.8 mm.
13f2a887-e273-4d9c-a122-263af8a50d77,PAR-019,CIC-2025-OI,2025-12-29,2026-01-03,23.58,3.15,3.717,13.95,Baja,MILPIN-v2.0,sin_respuesta,0.0,0.0,0.0,Alta,Gravedad -> Microaspersion,0.62,0.49,ETo proyectada 3.1 mm/dia (horizonte 7 dias). Kc=1.18 etapa Media. Aplicar lamina 24 mm.
686183d0-5aa0-414e-b39f-c874abbaf73d,PAR-019,CIC-2026-PV,2026-09-12,2026-09-17,14.28,6.35,3.746,6.89,Alta,MILPIN-v1.3,aceptada,625.2,1050.34,192.94,Alta,Gravedad -> Goteo,0.94,0.95,Balance hidrico acumulado indica deficit de 6.9 mm. Riego preventivo recomendado en 5 dias.
843381e7-49a8-4166-8d3e-e7e9be0b0380,PAR-019,CIC-2026-PV,2026-04-16,2026-04-18,21.16,7.62,7.155,14.3,Alta,MILPIN-v1.3,aceptada,929.7,1561.9,286.91,Media,Gravedad -> Microaspersion,0.93,0.96,Deficit acumulado 14.3 mm supera umbral critico. Riego urgente antes de 4 dias para evitar dano.
e3d3c7d0-1173-45f3-9ad6-523d36d79486,PAR-019,CIC-2026-PV,2026-08-31,2026-09-01,25.8,7.33,4.545,17.94,Alta,MILPIN-v1.3,rechazada,1132.7,1902.94,349.55,Baja,Aspersion -> Goteo,0.9,0.81,Patron historico + indices climaticos: riego optimo en 6 dias evita estres hidrico en etapa Final.
ab5dc4e5-6cf8-4c9f-be5f-a76fb084d0a0,PAR-019,CIC-2026-PV,2026-08-16,2026-08-18,9.72,7.69,4.922,5.66,Baja,MILPIN-v2.0,modificada,426.3,716.18,131.56,Alta,Mantener sistema actual,0.95,0.89,Patron historico + indices climaticos: riego optimo en 6 dias evita estres hidrico en etapa Final.
3714bc1b-3d90-4795-9b50-32b89879ca20,PAR-019,CIC-2026-PV,2026-04-04,2026-04-09,19.27,7.44,5.134,15.41,Baja,MILPIN-v2.0,rechazada,848.5,1425.48,261.85,Media,Gravedad -> Goteo,0.82,0.97,FAO-56 detecta inicio etapa media con Kc=0.69. Incrementar lamina un 9% respecto evento anterior.
47c79541-4f12-4b51-94c3-133655649a10,PAR-019,CIC-2026-PV,2026-05-06,2026-05-09,14.29,8.82,10.319,5.74,Media,MILPIN-v1.2,modificada,629.3,1057.22,194.2,Alta,Mantener sistema actual,0.89,0.77,Optimizacion turno nocturno 22-06 h: reduce evaporacion estimada 12-15%. Deficit actual 5.7 mm.
9f6ad944-a999-43f8-ab4f-32eedae12257,PAR-019,CIC-2026-PV,2026-04-28,2026-05-02,31.92,7.54,9.35,25.5,Media,MILPIN-v2.0,aceptada,1404.8,2360.06,433.52,Media,Gravedad -> Goteo,0.83,0.74,ETo proyectada 7.5 mm/dia (horizonte 7 dias). Kc=1.24 etapa Media. Aplicar lamina 32 mm.
47495567-9142-4103-90ae-14e7e64efbc9,PAR-020,CIC-2025-PV,2025-09-30,2025-10-04,23.67,6.36,5.533,19.19,Baja,MILPIN-v1.2,modificada,2479.4,4165.39,765.14,Media,Gravedad -> Microaspersion,0.49,0.51,FAO-56 detecta inicio etapa media con Kc=0.87. Incrementar lamina un 28% respecto evento anterior.
08362500-adcb-4b2d-805e-d7e4502dac1b,PAR-020,CIC-2025-PV,2025-09-30,2025-10-01,20.16,6.42,5.585,16.26,Alta,MILPIN-v1.3,aceptada,2111.9,3547.99,651.73,Media,Microaspersion -> Goteo,0.62,0.6,Deficit acumulado 16.3 mm supera umbral critico. Riego urgente antes de 6 dias para evitar dano.
688ac3dc-2fad-48a3-bc3f-a5eef52e2787,PAR-020,CIC-2025-PV,2025-08-02,2025-08-04,24.05,7.49,6.816,15.09,Alta,MILPIN-v1.2,aceptada,2518.6,4231.25,777.24,Baja,Mantener sistema actual,0.55,0.42,Balance hidrico acumulado indica deficit de 15.1 mm. Riego preventivo recomendado en 4 dias.
111f0a66-5840-4b3e-9af9-0e98afc79bf8,PAR-020,CIC-2025-PV,2025-09-27,2025-09-30,36.33,6.66,5.927,27.51,Media,MILPIN-v1.2,modificada,3802.4,6388.03,1173.42,Alta,Mantener sistema actual,0.43,0.48,Patron historico + indices climaticos: riego optimo en 5 dias evita estres hidrico en etapa Final.
e86774c8-18f8-4ad2-bde5-36155207a3b2,PAR-020,CIC-2025-PV,2025-07-20,2025-07-25,20.47,7.65,6.732,15.78,Alta,MILPIN-v1.3,aceptada,2143.8,3601.58,661.58,Media,Gravedad -> Goteo,0.46,0.48,Deficit acumulado 15.8 mm supera umbral critico. Riego urgente antes de 4 dias para evitar dano.
51aacb51-3351-4898-9386-b7d08098feac,PAR-020,CIC-2025-OI,2025-12-02,2025-12-05,29.19,3.03,2.427,22.98,Alta,MILPIN-v2.0,rechazada,3057.6,5136.77,943.58,Media,Gravedad -> Goteo,0.44,0.6,Balance hidrico acumulado indica deficit de 23.0 mm. Riego preventivo recomendado en 4 dias.
24266958-cca4-485e-9c80-f4a7455abb04,PAR-020,CIC-2025-OI,2026-01-06,2026-01-08,21.37,3.61,3.791,14.77,Alta,MILPIN-v1.2,aceptada,2239.3,3762.02,691.05,Alta,Gravedad -> Goteo,0.46,0.58,Patron historico + indices climaticos: riego optimo en 6 dias evita estres hidrico en etapa Media.
ec21195b-9e87-4ca5-996c-f8e1217c501d,PAR-020,CIC-2025-OI,2026-01-12,2026-01-14,31.33,3.38,3.583,26.58,Alta,MILPIN-v2.0,rechazada,3280.6,5511.41,1012.39,Alta,Gravedad -> Goteo,0.38,0.58,Score optimizacion 0.38: migracion Gravedad -> Goteo proyecta ahorro 28% consumo anual con payback < 2 ciclos.
97950f52-ac1e-4ecc-ace8-493501d25e93,PAR-020,CIC-2025-OI,2026-03-14,2026-03-18,20.99,6.08,5.29,14.32,Baja,MILPIN-v1.2,rechazada,2197.6,3691.97,678.18,Alta,Microaspersion -> Goteo,0.61,0.43,Deficit acumulado 14.3 mm supera umbral critico. Riego urgente antes de 6 dias para evitar dano.
765f0525-0bba-4ce5-8dea-76c1f53da9ee,PAR-020,CIC-2026-PV,2026-10-02,2026-10-07,27.1,4.82,4.386,23.6,Alta,MILPIN-v1.2,modificada,720.3,1210.1,222.28,Alta,Gravedad -> Goteo,0.9,0.78,ETo proyectada 4.8 mm/dia (horizonte 7 dias). Kc=0.91 etapa Final. Aplicar lamina 27 mm.
b206e0b7-6bc8-4ca1-8f36-a16af2e42816,PAR-020,CIC-2026-PV,2026-04-22,2026-04-27,29.48,7.38,6.915,19.88,Baja,MILPIN-v1.2,modificada,781.6,1313.09,241.2,Alta,Aspersion -> Goteo,0.8,0.74,Deficit acumulado 19.9 mm supera umbral critico. Riego urgente antes de 4 dias para evitar dano.
2702f8af-365f-45ce-83e0-633e1c49e53a,PAR-020,CIC-2026-PV,2026-05-19,2026-05-21,11.05,8.44,8.524,5.84,Alta,MILPIN-v1.2,aceptada,294.0,493.92,90.73,Baja,Microaspersion -> Goteo,0.86,0.91,ETo proyectada 8.4 mm/dia (horizonte 7 dias). Kc=1.01 etapa Media. Aplicar lamina 11 mm.
b8f55f6a-b240-4789-8e28-76c4985ffe1f,PAR-020,CIC-2026-PV,2026-07-16,2026-07-18,14.61,8.25,7.178,11.39,Media,MILPIN-v1.3,aceptada,389.5,654.36,120.2,Alta,Aspersion -> Goteo,0.86,0.94,FAO-56 detecta inicio etapa media con Kc=0.87. Incrementar lamina un 9% respecto evento anterior.
0b472724-ff21-4da5-b013-63f1735179cf,PAR-020,CIC-2026-PV,2026-08-20,2026-08-21,22.44,7.61,6.621,19.12,Media,MILPIN-v1.2,aceptada,597.8,1004.3,184.48,Alta,Aspersion -> Goteo,0.78,0.91,Balance hidrico acumulado indica deficit de 19.1 mm. Riego preventivo recomendado en 6 dias.
5aae24d2-4d37-4d45-a4c6-3f8518bd9ce0,PAR-020,CIC-2026-PV,2026-08-17,2026-08-19,30.79,7.51,6.684,26.97,Media,MILPIN-v1.2,aceptada,818.3,1374.74,252.53,Alta,Microaspersion -> Goteo,0.86,0.8,FAO-56 detecta inicio etapa media con Kc=0.89. Incrementar lamina un 9% respecto evento anterior.
a6378185-ec95-4034-a35b-78c43a78d8d4,PAR-020,CIC-2026-PV,2026-05-22,2026-05-24,30.77,8.36,8.778,23.5,Media,MILPIN-v1.2,aceptada,815.9,1370.71,251.79,Baja,Microaspersion -> Goteo,0.78,0.74,FAO-56 detecta inicio etapa media con Kc=1.05. Incrementar lamina un 9% respecto evento anterior.
b267c863-3060-4824-b552-c4f51aaff9df,PAR-020,CIC-2026-PV,2026-03-19,2026-03-24,29.72,5.82,3.725,22.26,Media,MILPIN-v2.0,aceptada,788.9,1325.35,243.45,Media,Mantener sistema actual,0.92,0.95,Deficit acumulado 22.3 mm supera umbral critico. Riego urgente antes de 6 dias para evitar dano.
7e8b97be-213e-477c-be49-f955598e1427,PAR-021,CIC-2025-PV,2025-08-12,2025-08-16,27.84,7.4,2.812,24.2,Alta,MILPIN-v1.2,modificada,1044.9,1755.43,322.46,Media,Gravedad -> Microaspersion,0.69,0.76,Score optimizacion 0.69: migracion Gravedad -> Microaspersion proyecta ahorro 9% consumo anual con payback < 2 ciclos.
27a76d7b-3003-4b22-9289-928dd30304e4,PAR-021,CIC-2025-PV,2025-07-08,2025-07-12,18.14,7.91,3.085,10.66,Alta,MILPIN-v1.2,aceptada,678.2,1139.38,209.29,Media,Microaspersion -> Goteo,0.48,0.73,ETo proyectada 7.9 mm/dia (horizonte 7 dias). Kc=0.39 etapa Final. Aplicar lamina 18 mm.
11053943-c735-49d6-b780-cd3cb943af24,PAR-021,CIC-2025-PV,2025-10-09,2025-10-14,33.64,4.76,1.761,25.2,Media,MILPIN-v2.0,sin_respuesta,1259.4,2115.79,388.65,Baja,Aspersion -> Goteo,0.47,0.73,ETo proyectada 4.8 mm/dia (horizonte 7 dias). Kc=0.37 etapa Final. Aplicar lamina 34 mm.
57188ce1-caeb-4411-8846-1121785a41b9,PAR-021,CIC-2025-PV,2025-08-31,2025-09-04,29.48,7.59,2.429,22.62,Baja,MILPIN-v1.2,rechazada,1103.7,1854.22,340.6,Media,Microaspersion -> Goteo,0.43,0.47,Optimizacion turno nocturno 22-06 h: reduce evaporacion estimada 12-15%. Deficit actual 22.6 mm.
59cd8661-f5f4-4032-ac6a-1c647b6b3c8f,PAR-021,CIC-2025-OI,2026-01-19,2026-01-23,32.74,3.6,2.448,24.86,Baja,MILPIN-v2.0,rechazada,1228.3,2063.54,379.05,Media,Gravedad -> Microaspersion,0.56,0.45,ETo proyectada 3.6 mm/dia (horizonte 7 dias). Kc=0.68 etapa Final. Aplicar lamina 33 mm.
3ae852d5-3b0f-4d93-a0f5-6f887b9da873,PAR-021,CIC-2025-OI,2026-02-07,2026-02-12,17.71,4.67,1.588,10.67,Alta,MILPIN-v2.0,rechazada,664.3,1116.02,205.0,Alta,Mantener sistema actual,0.6,0.42,Optimizacion turno nocturno 22-06 h: reduce evaporacion estimada 12-15%. Deficit actual 10.7 mm.
f694fdab-15aa-4ae8-9519-876630b13815,PAR-021,CIC-2025-OI,2026-03-31,2026-04-05,26.65,6.18,2.287,23.11,Media,MILPIN-v2.0,aceptada,999.9,1679.83,308.57,Baja,Gravedad -> Goteo,0.58,0.71,Score optimizacion 0.58: migracion Gravedad -> Goteo proyecta ahorro 9% consumo anual con payback < 2 ciclos.
eb165342-d338-4a82-910a-616417ab9c46,PAR-021,CIC-2026-PV,2026-08-30,2026-09-03,20.89,7.32,2.342,16.43,Baja,MILPIN-v2.0,aceptada,1003.4,1685.71,309.65,Baja,Gravedad -> Goteo,0.89,0.75,FAO-56 detecta inicio etapa media con Kc=0.32. Incrementar lamina un 11% respecto evento anterior.
647652d7-31d9-48e0-979f-3559e5ce4eec,PAR-021,CIC-2026-PV,2026-06-22,2026-06-26,14.71,9.28,3.619,5.44,Alta,MILPIN-v1.2,aceptada,709.3,1191.62,218.89,Baja,Gravedad -> Goteo,0.77,0.8,Patron historico + indices climaticos: riego optimo en 4 dias evita estres hidrico en etapa Final.
3325699d-b2d4-4f1a-a7d7-c1752a7dab6a,PAR-021,CIC-2026-PV,2026-09-18,2026-09-21,16.73,6.46,2.39,9.23,Media,MILPIN-v1.3,modificada,802.7,1348.54,247.71,Alta,Microaspersion -> Goteo,0.96,0.91,FAO-56 detecta inicio etapa media con Kc=0.37. Incrementar lamina un 11% respecto evento anterior.
c590b62f-3d9c-460c-b859-6110f63ba9d2,PAR-021,CIC-2026-PV,2026-09-30,2026-10-02,29.31,6.47,2.329,22.21,Media,MILPIN-v2.0,rechazada,1408.2,2365.78,434.57,Alta,Mantener sistema actual,0.79,0.89,Optimizacion turno nocturno 22-06 h: reduce evaporacion estimada 12-15%. Deficit actual 22.2 mm.
3d64ddb4-b915-4aba-826a-6bb4ff4c3b55,PAR-021,CIC-2026-PV,2026-08-23,2026-08-24,33.98,7.44,2.381,25.95,Baja,MILPIN-v2.0,aceptada,1629.7,2737.9,502.93,Alta,Gravedad -> Goteo,0.82,0.76,Deficit acumulado 25.9 mm supera umbral critico. Riego urgente antes de 5 dias para evitar dano.
898ad936-0253-489e-b7d2-c518545c1e87,PAR-021,CIC-2026-PV,2026-04-30,2026-05-03,13.14,7.23,8.17,7.41,Alta,MILPIN-v1.3,aceptada,633.2,1063.78,195.41,Baja,Aspersion -> Goteo,0.86,0.92,Optimizacion turno nocturno 22-06 h: reduce evaporacion estimada 12-15%. Deficit actual 7.4 mm.
d3d1b4d1-fe3b-4508-bcbf-e8047447f74b,PAR-022,CIC-2025-PV,2025-09-16,2025-09-17,31.87,6.31,5.553,27.36,Baja,MILPIN-v1.2,sin_respuesta,1200.5,2016.84,370.47,Media,Gravedad -> Microaspersion,0.5,0.54,Score optimizacion 0.50: migracion Gravedad -> Microaspersion proyecta ahorro 11% consumo anual con payback < 2 ciclos.
ba8196ef-2e8e-4a62-8463-e86f8f897864,PAR-022,CIC-2025-PV,2025-03-17,2025-03-22,10.47,6.13,3.678,7.04,Alta,MILPIN-v1.2,aceptada,395.7,664.78,122.11,Media,Gravedad -> Microaspersion,0.55,0.54,Balance hidrico acumulado indica deficit de 7.0 mm. Riego preventivo recomendado en 6 dias.
e2b27f74-2e8f-4f12-b7d3-a9640f8b5a57,PAR-022,CIC-2025-PV,2025-03-08,2025-03-11,23.83,6.15,3.752,20.25,Baja,MILPIN-v2.0,aceptada,897.0,1506.96,276.81,Media,Gravedad -> Goteo,0.57,0.7,Optimizacion turno nocturno 22-06 h: reduce evaporacion estimada 12-15%. Deficit actual 20.2 mm.
e9c6e362-2096-4164-9982-b7d3b4b4d6b7,PAR-022,CIC-2025-OI,2025-11-24,2025-11-28,25.71,4.15,3.15,22.2,Alta,MILPIN-v2.0,modificada,967.5,1625.4,298.57,Media,Aspersion -> Goteo,0.43,0.4,Optimizacion turno nocturno 22-06 h: reduce evaporacion estimada 12-15%. Deficit actual 22.2 mm.
370fcecc-8ed6-4141-a617-20f6c91501bb,PAR-022,CIC-2025-OI,2026-01-10,2026-01-15,11.61,3.26,3.358,6.38,Baja,MILPIN-v2.0,aceptada,436.3,732.98,134.64,Alta,Gravedad -> Goteo,0.5,0.4,Score optimizacion 0.50: migracion Gravedad -> Goteo proyecta ahorro 11% consumo anual con payback < 2 ciclos.
b85fc750-68d8-4f8b-87a3-3168d0d5326f,PAR-022,CIC-2025-OI,2025-12-16,2025-12-21,26.8,2.91,2.913,23.11,Alta,MILPIN-v2.0,modificada,1008.1,1693.61,311.1,Media,Aspersion -> Goteo,0.51,0.41,Optimizacion turno nocturno 22-06 h: reduce evaporacion estimada 12-15%. Deficit actual 23.1 mm.
e66254e9-a47a-4337-88ce-398457c5db43,PAR-022,CIC-2025-OI,2025-10-29,2025-10-31,29.08,4.97,2.883,24.95,Alta,MILPIN-v2.0,sin_respuesta,1094.8,1839.26,337.86,Media,Gravedad -> Goteo,0.57,0.59,Score optimizacion 0.57: migracion Gravedad -> Goteo proyecta ahorro 11% consumo anual con payback < 2 ciclos.
730c08ac-65dd-40a1-a003-54c15c8855af,PAR-022,CIC-2025-OI,2026-04-04,2026-04-07,30.01,7.79,6.933,26.48,Baja,MILPIN-v1.3,sin_respuesta,1130.1,1898.57,348.75,Media,Gravedad -> Microaspersion,0.49,0.46,Patron historico + indices climaticos: riego optimo en 5 dias evita estres hidrico en etapa Final.
b7573465-0c63-48bf-b708-590bffe907fb,PAR-022,CIC-2025-OI,2025-12-12,2025-12-17,30.43,3.24,3.013,27.17,Media,MILPIN-v2.0,modificada,1146.3,1925.78,353.75,Media,Microaspersion -> Goteo,0.69,0.49,Score optimizacion 0.69: migracion Microaspersion -> Goteo proyecta ahorro 11% consumo anual con payback < 2 ciclos.
53a1c578-60d2-4d44-ad85-608cad1ab826,PAR-022,CIC-2026-PV,2026-05-08,2026-05-10,14.07,8.35,8.517,6.1,Media,MILPIN-v1.2,aceptada,0.0,0.0,0.0,Media,Microaspersion -> Goteo,0.8,0.82,Patron historico + indices climaticos: riego optimo en 3 dias evita estres hidrico en etapa Media.
3a478d89-4344-4f97-a704-aa052a6a5418,PAR-022,CIC-2026-PV,2026-07-24,2026-07-27,32.19,7.89,7.338,27.96,Alta,MILPIN-v2.0,aceptada,0.0,0.0,0.0,Alta,Gravedad -> Microaspersion,0.93,0.91,Patron historico + indices climaticos: riego optimo en 4 dias evita estres hidrico en etapa Final.
7b9e8e89-de51-45e5-a758-7e8516d3a627,PAR-022,CIC-2026-PV,2026-09-03,2026-09-07,25.75,6.57,5.979,19.11,Media,MILPIN-v1.2,modificada,0.0,0.0,0.0,Alta,Mantener sistema actual,0.81,0.82,ETo proyectada 6.6 mm/dia (horizonte 7 dias). Kc=0.91 etapa Final. Aplicar lamina 26 mm.
9cd445d5-9812-4194-a206-76ba5ea14886,PAR-022,CIC-2026-PV,2026-06-08,2026-06-09,27.83,9.09,9.635,21.8,Media,MILPIN-v1.2,aceptada,0.0,0.0,0.0,Media,Mantener sistema actual,0.82,0.89,ETo proyectada 9.1 mm/dia (horizonte 7 dias). Kc=1.06 etapa Media. Aplicar lamina 28 mm.
2ae25c31-dc98-4e0a-a029-761c742c5514,PAR-022,CIC-2026-PV,2026-08-16,2026-08-17,15.64,7.42,6.678,8.07,Alta,MILPIN-v1.3,aceptada,0.0,0.0,0.0,Baja,Gravedad -> Goteo,0.81,0.75,Balance hidrico acumulado indica deficit de 8.1 mm. Riego preventivo recomendado en 2 dias.
bb05e671-8bb8-47d9-a67a-96ddaa46b708,PAR-022,CIC-2026-PV,2026-05-15,2026-05-16,30.38,8.15,8.802,23.82,Alta,MILPIN-v1.2,modificada,0.0,0.0,0.0,Alta,Mantener sistema actual,0.76,0.84,Score optimizacion 0.76: migracion Mantener sistema actual proyecta ahorro 0% consumo anual con payback < 2 ciclos.
49022ede-d085-402d-bf99-17845695de24,PAR-023,CIC-2025-PV,2025-08-16,2025-08-20,30.38,7.57,4.466,20.46,Alta,MILPIN-v1.2,sin_respuesta,2479.2,4165.06,765.08,Baja,Microaspersion -> Goteo,0.37,0.42,ETo proyectada 7.6 mm/dia (horizonte 7 dias). Kc=0.59 etapa Final. Aplicar lamina 30 mm.
f548a2b6-1219-45e6-9658-1ccf14d90148,PAR-023,CIC-2025-PV,2025-09-06,2025-09-07,24.15,6.76,3.853,20.17,Alta,MILPIN-v1.3,aceptada,1971.1,3311.45,608.28,Media,Gravedad -> Goteo,0.39,0.44,FAO-56 detecta inicio etapa media con Kc=0.57. Incrementar lamina un 28% respecto evento anterior.
dae5abca-e3b9-491c-b594-e3826f388ba5,PAR-023,CIC-2025-PV,2025-04-14,2025-04-19,23.67,7.85,7.041,18.59,Media,MILPIN-v1.2,aceptada,1932.9,3247.27,596.49,Alta,Microaspersion -> Goteo,0.6,0.42,Score optimizacion 0.60: migracion Microaspersion -> Goteo proyecta ahorro 28% consumo anual con payback < 2 ciclos.
817c623c-07fd-40b2-a34e-5c3ea5a72d63,PAR-023,CIC-2025-OI,2025-11-20,2025-11-21,14.65,3.69,2.262,5.68,Baja,MILPIN-v2.0,modificada,1195.7,2008.78,368.99,Baja,Aspersion -> Goteo,0.69,0.45,Score optimizacion 0.69: migracion Aspersion -> Goteo proyecta ahorro 28% consumo anual con payback < 2 ciclos.
7f92cdd0-f54d-4830-a6b5-695d06767e67,PAR-023,CIC-2025-OI,2026-03-25,2026-03-27,31.4,5.66,3.566,26.38,Media,MILPIN-v1.3,modificada,2563.2,4306.18,791.0,Baja,Gravedad -> Goteo,0.46,0.74,Score optimizacion 0.46: migracion Gravedad -> Goteo proyecta ahorro 28% consumo anual con payback < 2 ciclos.
c5767312-7c39-4148-8553-ae7dd8d3f85c,PAR-023,CIC-2025-OI,2025-12-25,2025-12-26,27.75,3.23,3.779,24.58,Media,MILPIN-v1.2,rechazada,2265.3,3805.7,699.07,Baja,Gravedad -> Microaspersion,0.67,0.62,FAO-56 detecta inicio etapa media con Kc=1.17. Incrementar lamina un 28% respecto evento anterior.
ea711d2d-26a6-4503-b082-02ad1f3502bf,PAR-023,CIC-2025-OI,2026-01-18,2026-01-20,35.36,3.51,4.282,25.85,Media,MILPIN-v1.2,aceptada,2886.0,4848.48,890.62,Alta,Aspersion -> Goteo,0.48,0.56,Balance hidrico acumulado indica deficit de 25.9 mm. Riego preventivo recomendado en 6 dias.
0df35a0f-0d00-4c58-afdb-90077ce15e6d,PAR-023,CIC-2025-OI,2026-04-07,2026-04-12,15.84,7.8,4.758,10.14,Media,MILPIN-v2.0,modificada,1293.1,2172.41,399.05,Baja,Gravedad -> Goteo,0.67,0.57,Patron historico + indices climaticos: riego optimo en 3 dias evita estres hidrico en etapa Final.
072abed1-a2dd-4b7e-9534-c3d12828608c,PAR-023,CIC-2026-PV,2026-08-23,2026-08-25,28.6,7.73,4.406,19.27,Baja,MILPIN-v1.2,aceptada,758.3,1273.94,234.01,Media,Microaspersion -> Goteo,0.94,0.95,Optimizacion turno nocturno 22-06 h: reduce evaporacion estimada 12-15%. Deficit actual 19.3 mm.
9acd4c3a-5c55-46b9-bbaa-7677f94ef7d0,PAR-023,CIC-2026-PV,2026-09-30,2026-10-03,34.53,6.82,4.092,26.04,Media,MILPIN-v2.0,aceptada,914.9,1537.03,282.34,Alta,Gravedad -> Microaspersion,0.9,0.81,Optimizacion turno nocturno 22-06 h: reduce evaporacion estimada 12-15%. Deficit actual 26.0 mm.
98fa02af-6b19-4b2c-82d9-9cc86cca67c2,PAR-023,CIC-2026-PV,2026-10-05,2026-10-09,27.5,4.95,3.019,19.67,Media,MILPIN-v2.0,aceptada,729.6,1225.73,225.15,Alta,Gravedad -> Goteo,0.87,0.78,Balance hidrico acumulado indica deficit de 19.7 mm. Riego preventivo recomendado en 5 dias.
ddaa4a32-c64c-412f-97fb-d0272b333399,PAR-023,CIC-2026-PV,2026-06-13,2026-06-16,20.31,8.82,8.908,15.4,Alta,MILPIN-v1.3,aceptada,538.6,904.85,166.21,Baja,Microaspersion -> Goteo,0.82,0.75,ETo proyectada 8.8 mm/dia (horizonte 7 dias). Kc=1.01 etapa Final. Aplicar lamina 20 mm.
76409ce1-866d-4c2c-9ffe-be98a06e41cd,PAR-023,CIC-2026-PV,2026-07-27,2026-07-28,11.85,8.28,4.802,6.35,Baja,MILPIN-v2.0,aceptada,313.2,526.18,96.65,Baja,Mantener sistema actual,0.77,0.86,ETo proyectada 8.3 mm/dia (horizonte 7 dias). Kc=0.58 etapa Final. Aplicar lamina 12 mm.
614d6252-2134-4259-a6e2-f9a53fa009c3,PAR-024,CIC-2025-PV,2025-05-20,2025-05-23,25.84,8.69,9.82,16.47,Alta,MILPIN-v1.2,rechazada,1128.4,1895.71,348.22,Media,Aspersion -> Goteo,0.32,0.71,Deficit acumulado 16.5 mm supera umbral critico. Riego urgente antes de 3 dias para evitar dano.
ce204e88-94b3-45d7-a010-10b6ce4dcf48,PAR-024,CIC-2025-PV,2025-04-19,2025-04-21,9.29,7.15,7.901,5.73,Alta,MILPIN-v1.3,modificada,407.0,683.76,125.6,Baja,Microaspersion -> Goteo,0.59,0.5,Balance hidrico acumulado indica deficit de 5.7 mm. Riego preventivo recomendado en 6 dias.
d60250ee-074b-4baa-92d3-11702f0225d8,PAR-024,CIC-2025-PV,2025-05-31,2025-06-03,21.65,8.74,6.205,18.45,Alta,MILPIN-v1.3,aceptada,943.0,1584.24,291.01,Alta,Gravedad -> Microaspersion,0.63,0.57,FAO-56 detecta inicio etapa media con Kc=0.71. Incrementar lamina un 9% respecto evento anterior.
97157550-231d-4fb4-8455-7776aba7caf9,PAR-024,CIC-2025-PV,2025-05-06,2025-05-08,31.01,8.25,9.322,23.28,Alta,MILPIN-v1.3,rechazada,1354.1,2274.89,417.88,Alta,Mantener sistema actual,0.4,0.45,Optimizacion turno nocturno 22-06 h: reduce evaporacion estimada 12-15%. Deficit actual 23.3 mm.
3c29c7c1-8b90-4321-ae6c-39a7a61d8c3d,PAR-024,CIC-2025-PV,2025-03-17,2025-03-20,24.67,6.23,2.243,18.92,Media,MILPIN-v1.2,sin_respuesta,1080.0,1814.4,333.29,Baja,Gravedad -> Goteo,0.55,0.64,FAO-56 detecta inicio etapa media con Kc=0.36. Incrementar lamina un 9% respecto evento anterior.
983565d8-3440-4f80-b121-d64f00b23a27,PAR-024,CIC-2025-PV,2025-04-10,2025-04-12,25.16,7.21,6.201,15.67,Media,MILPIN-v1.2,aceptada,1096.2,1841.62,338.29,Media,Microaspersion -> Goteo,0.58,0.43,Optimizacion turno nocturno 22-06 h: reduce evaporacion estimada 12-15%. Deficit actual 15.7 mm.
ceeeeed6-e0d2-4545-bb26-0c36272f0040,PAR-024,CIC-2025-OI,2026-02-03,2026-02-05,32.09,4.72,1.841,22.29,Alta,MILPIN-v1.2,aceptada,1398.4,2349.31,431.55,Alta,Mantener sistema actual,0.38,0.47,Balance hidrico acumulado indica deficit de 22.3 mm. Riego preventivo recomendado en 4 dias.
47ec3f0a-b896-44cb-9667-a989f47fee6c,PAR-024,CIC-2025-OI,2025-11-05,2025-11-09,12.12,3.86,1.428,7.44,Media,MILPIN-v1.2,aceptada,527.9,886.87,162.91,Alta,Gravedad -> Goteo,0.41,0.52,Balance hidrico acumulado indica deficit de 7.4 mm. Riego preventivo recomendado en 6 dias.
ec23365a-d0cd-43fb-9af5-6de81f475d43,PAR-024,CIC-2025-OI,2026-04-08,2026-04-09,16.56,7.56,2.419,12.86,Media,MILPIN-v2.0,aceptada,725.4,1218.67,223.86,Baja,Gravedad -> Microaspersion,0.46,0.7,Balance hidrico acumulado indica deficit de 12.9 mm. Riego preventivo recomendado en 5 dias.
942a5007-1396-480a-bb94-9037ee0d33d7,PAR-024,CIC-2026-PV,2026-06-04,2026-06-09,25.68,9.16,4.855,18.33,Baja,MILPIN-v1.2,modificada,4424.9,7433.83,1365.52,Alta,Aspersion -> Goteo,0.79,0.79,Deficit acumulado 18.3 mm supera umbral critico. Riego urgente antes de 3 dias para evitar dano.
3bccf1fc-e1cc-4bdd-9d37-6ad5c3803430,PAR-024,CIC-2026-PV,2026-06-12,2026-06-16,27.66,9.2,3.22,22.67,Media,MILPIN-v1.3,aceptada,4763.5,8002.68,1470.02,Media,Gravedad -> Goteo,0.79,0.84,Optimizacion turno nocturno 22-06 h: reduce evaporacion estimada 12-15%. Deficit actual 22.7 mm.
6f2b28ff-4c5c-4aee-8d7c-2f32ccb24e3f,PAR-024,CIC-2026-PV,2026-04-25,2026-04-30,13.01,7.22,8.447,6.85,Media,MILPIN-v1.3,aceptada,2240.7,3764.38,691.48,Baja,Gravedad -> Microaspersion,0.89,0.96,Deficit acumulado 6.8 mm supera umbral critico. Riego urgente antes de 3 dias para evitar dano.
9f9e7511-a2ff-4613-8f9e-a7e07b241d7f,PAR-024,CIC-2026-PV,2026-09-16,2026-09-20,25.12,6.17,1.974,18.24,Alta,MILPIN-v1.2,modificada,4328.2,7271.38,1335.68,Alta,Gravedad -> Goteo,0.83,0.89,Balance hidrico acumulado indica deficit de 18.2 mm. Riego preventivo recomendado en 6 dias.
b80c011c-0c43-46af-8fef-f6ef8868b98f,PAR-024,CIC-2026-PV,2026-05-07,2026-05-08,27.16,8.42,9.767,19.4,Media,MILPIN-v1.2,aceptada,4674.8,7853.66,1442.64,Alta,Aspersion -> Goteo,0.92,0.83,ETo proyectada 8.4 mm/dia (horizonte 7 dias). Kc=1.16 etapa Media. Aplicar lamina 27 mm.
32605c32-1529-4452-93f8-bad739af368c,PAR-024,CIC-2026-PV,2026-04-25,2026-04-29,17.65,7.4,8.288,8.57,Media,MILPIN-v1.3,aceptada,3038.6,5104.85,937.71,Alta,Gravedad -> Microaspersion,0.89,0.89,ETo proyectada 7.4 mm/dia (horizonte 7 dias). Kc=1.12 etapa Media. Aplicar lamina 18 mm.
9531fe44-35c6-46ef-b842-716ca503c6f4,PAR-024,CIC-2026-PV,2026-03-27,2026-03-30,12.71,6.07,3.521,9.43,Baja,MILPIN-v2.0,modificada,2188.3,3676.34,675.31,Baja,Aspersion -> Goteo,0.92,0.8,Score optimizacion 0.92: migracion Aspersion -> Goteo proyecta ahorro 28% consumo anual con payback < 2 ciclos.
d7c6d94f-980e-452b-8f4c-2accffadb4a2,PAR-025,CIC-2025-PV,2025-05-07,2025-05-08,20.54,8.33,7.988,12.93,Alta,MILPIN-v1.3,rechazada,1000.9,1681.51,308.88,Alta,Microaspersion -> Goteo,0.55,0.52,Deficit acumulado 12.9 mm supera umbral critico. Riego urgente antes de 6 dias para evitar dano.
7fd99e13-f6d0-4724-b9e2-3e5be4da281d,PAR-025,CIC-2025-PV,2025-07-09,2025-07-14,21.48,8.13,9.593,14.49,Media,MILPIN-v1.3,sin_respuesta,1046.5,1758.12,322.95,Baja,Gravedad -> Goteo,0.4,0.51,Balance hidrico acumulado indica deficit de 14.5 mm. Riego preventivo recomendado en 2 dias.
539525c2-ea23-4c93-b87d-50f9c60d300f,PAR-025,CIC-2025-PV,2025-03-13,2025-03-17,19.89,5.76,2.131,14.84,Baja,MILPIN-v1.2,rechazada,969.0,1627.92,299.03,Media,Gravedad -> Microaspersion,0.65,0.71,Score optimizacion 0.65: migracion Gravedad -> Microaspersion proyecta ahorro 28% consumo anual con payback < 2 ciclos.
d9a2afa7-173c-4d11-8adc-032fbb506479,PAR-025,CIC-2025-PV,2025-04-21,2025-04-24,36.5,7.39,5.151,27.13,Alta,MILPIN-v1.3,rechazada,1777.3,2985.86,548.47,Media,Microaspersion -> Goteo,0.58,0.7,Patron historico + indices climaticos: riego optimo en 6 dias evita estres hidrico en etapa Desarrollo.
578348da-f4c9-4779-905b-57cd327becfd,PAR-025,CIC-2025-OI,2026-03-04,2026-03-07,20.03,5.76,6.97,11.41,Alta,MILPIN-v1.3,rechazada,975.8,1639.34,301.13,Baja,Aspersion -> Goteo,0.37,0.52,Balance hidrico acumulado indica deficit de 11.4 mm. Riego preventivo recomendado en 4 dias.
3051ce4d-8a20-4d7c-8028-91cc4974b446,PAR-025,CIC-2025-OI,2025-11-27,2025-12-02,35.37,3.72,1.771,26.36,Media,MILPIN-v1.3,aceptada,1723.7,2895.82,531.93,Alta,Microaspersion -> Goteo,0.65,0.64,Deficit acumulado 26.4 mm supera umbral critico. Riego urgente antes de 5 dias para evitar dano.
ef1f60a9-fb4e-4cb4-991c-56876a31f2f0,PAR-025,CIC-2025-OI,2026-03-26,2026-03-28,26.21,6.14,5.993,19.12,Alta,MILPIN-v1.3,aceptada,1276.8,2145.02,394.02,Media,Aspersion -> Goteo,0.42,0.64,Balance hidrico acumulado indica deficit de 19.1 mm. Riego preventivo recomendado en 6 dias.
3b2a8911-2fc7-4b97-9374-471efc2f9b3d,PAR-025,CIC-2025-OI,2026-04-11,2026-04-14,28.16,7.28,5.882,23.11,Baja,MILPIN-v1.3,rechazada,1371.4,2303.95,423.21,Baja,Gravedad -> Goteo,0.65,0.59,FAO-56 detecta inicio etapa media con Kc=0.81. Incrementar lamina un 28% respecto evento anterior.
84f4ef28-df69-4324-aad4-72d16b31aca6,PAR-025,CIC-2025-OI,2026-03-19,2026-03-23,14.31,5.75,6.112,7.67,Alta,MILPIN-v1.2,modificada,697.7,1172.14,215.31,Media,Mantener sistema actual,0.33,0.4,ETo proyectada 5.8 mm/dia (horizonte 7 dias). Kc=1.06 etapa Final. Aplicar lamina 14 mm.
e4f2c35c-3580-4a80-8dc4-4170f0a00586,PAR-025,CIC-2025-OI,2026-02-17,2026-02-22,31.67,4.81,5.82,27.66,Alta,MILPIN-v2.0,aceptada,1542.4,2591.23,475.98,Media,Gravedad -> Goteo,0.6,0.55,Deficit acumulado 27.7 mm supera umbral critico. Riego urgente antes de 6 dias para evitar dano.
6ffb6211-856c-4d9a-b18a-4801af9e4f4b,PAR-025,CIC-2026-PV,2026-03-22,2026-03-26,21.01,6.19,2.167,15.24,Baja,MILPIN-v1.2,aceptada,1023.7,1719.82,315.91,Alta,Mantener sistema actual,0.75,0.79,ETo proyectada 6.2 mm/dia (horizonte 7 dias). Kc=0.35 etapa Inicial. Aplicar lamina 21 mm.
0cd4c062-cd2a-4f6a-920d-25fb16aea7c2,PAR-025,CIC-2026-PV,2026-03-23,2026-03-25,15.26,6.23,2.367,5.62,Media,MILPIN-v1.3,aceptada,743.3,1248.74,229.38,Baja,Gravedad -> Microaspersion,0.88,0.94,Patron historico + indices climaticos: riego optimo en 3 dias evita estres hidrico en etapa Inicial.
9d737d7a-1931-4a28-8033-4b6d17077ccd,PAR-025,CIC-2026-PV,2026-04-27,2026-04-29,32.26,7.3,6.198,24.53,Baja,MILPIN-v1.3,aceptada,1572.1,2641.13,485.15,Baja,Mantener sistema actual,0.84,0.96,Patron historico + indices climaticos: riego optimo en 6 dias evita estres hidrico en etapa Desarrollo.
2ccde6b8-bff5-4f26-88d5-19f6e247ebfb,PAR-025,CIC-2026-PV,2026-09-11,2026-09-12,32.07,6.42,4.622,24.59,Baja,MILPIN-v2.0,aceptada,1562.9,2625.67,482.31,Media,Mantener sistema actual,0.93,0.95,Balance hidrico acumulado indica deficit de 24.6 mm. Riego preventivo recomendado en 3 dias.
1447449b-d397-4d0a-8983-a35c537d32e7,PAR-025,CIC-2026-PV,2026-06-21,2026-06-24,11.93,9.23,11.168,7.62,Baja,MILPIN-v2.0,aceptada,580.3,974.9,179.08,Alta,Aspersion -> Goteo,0.93,0.83,Balance hidrico acumulado indica deficit de 7.6 mm. Riego preventivo recomendado en 4 dias.
5ea7c55e-7ce2-4e32-90d6-f71f13edd9c6,PAR-025,CIC-2026-PV,2026-03-25,2026-03-26,12.93,5.85,2.223,7.52,Media,MILPIN-v2.0,modificada,629.3,1057.22,194.2,Baja,Mantener sistema actual,0.93,0.9,ETo proyectada 5.8 mm/dia (horizonte 7 dias). Kc=0.38 etapa Inicial. Aplicar lamina 13 mm.
3a6765d7-a936-4a63-8a5e-045e1daa44f6,PAR-025,CIC-2026-PV,2026-07-14,2026-07-19,10.61,8.16,9.874,5.82,Alta,MILPIN-v1.3,aceptada,516.4,867.55,159.36,Alta,Microaspersion -> Goteo,0.79,0.8,Optimizacion turno nocturno 22-06 h: reduce evaporacion estimada 12-15%. Deficit actual 5.8 mm.
fd7f33d9-be43-447f-893b-922f1affad6f,PAR-026,CIC-2025-PV,2025-10-05,2025-10-08,13.98,5.09,1.68,7.37,Media,MILPIN-v2.0,aceptada,831.2,1396.42,256.51,Alta,Aspersion -> Goteo,0.44,0.5,Optimizacion turno nocturno 22-06 h: reduce evaporacion estimada 12-15%. Deficit actual 7.4 mm.
50b7f03a-901c-46da-a5cb-658762e3c0c0,PAR-026,CIC-2025-PV,2025-04-01,2025-04-05,15.25,7.37,4.975,11.48,Alta,MILPIN-v1.3,sin_respuesta,906.3,1522.58,279.68,Baja,Mantener sistema actual,0.42,0.55,ETo proyectada 7.4 mm/dia (horizonte 7 dias). Kc=0.68 etapa Desarrollo. Aplicar lamina 15 mm.
8081571d-837c-433d-a847-89d1ead4fb96,PAR-026,CIC-2025-PV,2025-04-01,2025-04-05,25.77,7.52,5.302,17.85,Alta,MILPIN-v2.0,rechazada,1531.8,2573.42,472.71,Media,Microaspersion -> Goteo,0.36,0.42,Score optimizacion 0.36: migracion Microaspersion -> Goteo proyecta ahorro 28% consumo anual con payback < 2 ciclos.
a2a827e4-6800-4d3b-87e0-ec073a0f8a31,PAR-026,CIC-2025-PV,2025-04-03,2025-04-04,30.2,7.48,5.498,24.13,Alta,MILPIN-v1.2,rechazada,1793.1,3012.41,553.35,Baja,Microaspersion -> Goteo,0.4,0.65,Patron historico + indices climaticos: riego optimo en 2 dias evita estres hidrico en etapa Desarrollo.
3ca7de2c-d97c-46bf-ab81-62df7dfc98c5,PAR-026,CIC-2025-OI,2025-11-01,2025-11-04,18.41,3.83,1.685,13.62,Alta,MILPIN-v1.2,modificada,1092.5,1835.4,337.15,Media,Aspersion -> Goteo,0.45,0.41,FAO-56 detecta inicio etapa media con Kc=0.44. Incrementar lamina un 28% respecto evento anterior.
969897ec-77bf-4870-826c-dd77486581ff,PAR-026,CIC-2025-OI,2025-12-25,2025-12-27,26.64,3.27,3.793,22.5,Media,MILPIN-v1.2,aceptada,1581.8,2657.42,488.14,Alta,Microaspersion -> Goteo,0.37,0.53,Optimizacion turno nocturno 22-06 h: reduce evaporacion estimada 12-15%. Deficit actual 22.5 mm.
8fb0345c-d11a-4704-9047-24b239ca8979,PAR-026,CIC-2025-OI,2026-04-17,2026-04-20,21.62,7.34,2.569,14.78,Media,MILPIN-v2.0,modificada,1284.4,2157.79,396.37,Media,Gravedad -> Goteo,0.63,0.46,Score optimizacion 0.63: migracion Gravedad -> Goteo proyecta ahorro 28% consumo anual con payback < 2 ciclos.
2aa09579-d96a-4db9-9f6d-66c4aae0f4b2,PAR-026,CIC-2025-OI,2025-12-16,2025-12-18,21.71,3.17,3.741,16.02,Alta,MILPIN-v1.3,rechazada,1289.9,2167.03,398.06,Alta,Gravedad -> Microaspersion,0.4,0.69,ETo proyectada 3.2 mm/dia (horizonte 7 dias). Kc=1.18 etapa Media. Aplicar lamina 22 mm.
2d2c2505-cb23-4dff-8c6b-e0ce56e833b6,PAR-026,CIC-2025-OI,2026-03-06,2026-03-09,30.3,5.95,2.321,27.27,Alta,MILPIN-v2.0,rechazada,1800.0,3024.0,555.48,Alta,Mantener sistema actual,0.68,0.69,ETo proyectada 6.0 mm/dia (horizonte 7 dias). Kc=0.39 etapa Final. Aplicar lamina 30 mm.
e346bf78-8bf1-4dad-9145-c720275dd815,PAR-026,CIC-2026-PV,2026-06-30,2026-07-02,15.23,9.15,3.203,8.84,Baja,MILPIN-v1.2,aceptada,904.9,1520.23,279.25,Media,Gravedad -> Goteo,0.9,0.84,FAO-56 detecta inicio etapa media con Kc=0.35. Incrementar lamina un 28% respecto evento anterior.
64df5f23-ab5e-427a-9de4-c8c293313f05,PAR-026,CIC-2026-PV,2026-04-07,2026-04-11,18.02,7.8,6.513,9.56,Alta,MILPIN-v1.2,aceptada,1070.3,1798.1,330.29,Media,Aspersion -> Goteo,0.74,0.84,ETo proyectada 7.8 mm/dia (horizonte 7 dias). Kc=0.83 etapa Desarrollo. Aplicar lamina 18 mm.
be6202d8-d51d-4fe0-846f-ba57231ed00a,PAR-026,CIC-2026-PV,2026-08-25,2026-08-28,32.62,7.77,2.719,27.18,Media,MILPIN-v2.0,aceptada,1937.7,3255.34,597.97,Baja,Microaspersion -> Goteo,0.89,0.94,Score optimizacion 0.89: migracion Microaspersion -> Goteo proyecta ahorro 28% consumo anual con payback < 2 ciclos.
8a21a3e0-fc2f-4c62-b7e7-4d2735cef221,PAR-026,CIC-2026-PV,2026-06-23,2026-06-24,21.55,9.06,3.262,15.92,Media,MILPIN-v1.2,rechazada,1280.2,2150.74,395.07,Baja,Microaspersion -> Goteo,0.91,0.84,FAO-56 detecta inicio etapa media con Kc=0.36. Incrementar lamina un 28% respecto evento anterior.
7a794832-6b4a-4902-8803-be20908a54b0,PAR-026,CIC-2026-PV,2026-08-09,2026-08-13,16.47,7.31,2.558,11.61,Baja,MILPIN-v1.3,aceptada,978.6,1644.05,302.0,Baja,Gravedad -> Microaspersion,0.76,0.9,Deficit acumulado 11.6 mm supera umbral critico. Riego urgente antes de 3 dias para evitar dano.
91132e88-f4c9-4003-9d38-dc45001531b5,PAR-026,CIC-2026-PV,2026-09-04,2026-09-07,17.47,6.47,2.135,9.61,Media,MILPIN-v1.2,aceptada,1038.3,1744.34,320.42,Media,Mantener sistema actual,0.74,0.76,Patron historico + indices climaticos: riego optimo en 2 dias evita estres hidrico en etapa Final.
c3ade296-5b0a-407c-85eb-e23bd452be77,PAR-026,CIC-2026-PV,2026-08-30,2026-09-02,9.95,7.32,2.562,6.15,Baja,MILPIN-v2.0,aceptada,590.8,992.54,182.32,Alta,Gravedad -> Microaspersion,0.75,0.89,Deficit acumulado 6.2 mm supera umbral critico. Riego urgente antes de 2 dias para evitar dano.
637955c7-3a7f-41d7-88bd-64e6db827548,PAR-026,CIC-2026-PV,2026-03-17,2026-03-18,11.54,6.23,2.43,8.48,Media,MILPIN-v1.3,aceptada,685.3,1151.3,211.48,Media,Aspersion -> Goteo,0.8,0.77,Score optimizacion 0.80: migracion Aspersion -> Goteo proyecta ahorro 28% consumo anual con payback < 2 ciclos.
8b6d6f1b-aaf0-45b3-8a91-73aa4a620455,PAR-026,CIC-2026-PV,2026-08-06,2026-08-10,14.91,7.79,2.96,9.68,Baja,MILPIN-v1.3,aceptada,885.4,1487.47,273.23,Baja,Mantener sistema actual,0.81,0.9,Balance hidrico acumulado indica deficit de 9.7 mm. Riego preventivo recomendado en 3 dias.
345bd709-09e8-4b0c-8c16-c7136f245cf9,PAR-026,CIC-2026-PV,2026-06-17,2026-06-21,23.63,9.22,3.319,13.84,Media,MILPIN-v1.2,rechazada,1402.5,2356.2,432.81,Alta,Gravedad -> Microaspersion,0.96,0.95,Score optimizacion 0.96: migracion Gravedad -> Microaspersion proyecta ahorro 28% consumo anual con payback < 2 ciclos.
834adc0d-6e98-4c9e-8a93-534acaab9e3f,PAR-027,CIC-2025-PV,2025-03-29,2025-04-02,19.93,6.22,3.272,14.38,Alta,MILPIN-v1.3,modificada,817.9,1374.07,252.4,Baja,Mantener sistema actual,0.47,0.43,Deficit acumulado 14.4 mm supera umbral critico. Riego urgente antes de 3 dias para evitar dano.
bf7d9b2a-3350-4d6c-afce-68694280d31d,PAR-027,CIC-2025-PV,2025-04-07,2025-04-10,28.99,7.72,5.381,20.85,Alta,MILPIN-v1.2,modificada,1189.4,1998.19,367.05,Media,Gravedad -> Microaspersion,0.47,0.39,Score optimizacion 0.47: migracion Gravedad -> Microaspersion proyecta ahorro 28% consumo anual con payback < 2 ciclos.
0099df84-5a76-4f74-a2e1-ad4c8b0fd970,PAR-027,CIC-2025-PV,2025-03-28,2025-04-02,20.21,6.19,2.724,11.44,Alta,MILPIN-v1.3,rechazada,828.5,1391.88,255.68,Media,Gravedad -> Goteo,0.68,0.42,ETo proyectada 6.2 mm/dia (horizonte 7 dias). Kc=0.44 etapa Desarrollo. Aplicar lamina 20 mm.
86b25365-03ac-4d74-8b10-d8eda1d2406b,PAR-027,CIC-2025-PV,2025-10-08,2025-10-10,28.56,5.15,3.038,24.15,Alta,MILPIN-v2.0,aceptada,1172.2,1969.3,361.74,Baja,Gravedad -> Goteo,0.34,0.72,Score optimizacion 0.34: migracion Gravedad -> Goteo proyecta ahorro 28% consumo anual con payback < 2 ciclos.
381aa38b-2bcc-4805-a0c1-5b353cccef96,PAR-027,CIC-2025-OI,2025-11-10,2025-11-15,14.66,3.53,1.151,5.08,Media,MILPIN-v1.3,sin_respuesta,601.0,1009.68,185.47,Alta,Aspersion -> Goteo,0.34,0.58,Deficit acumulado 5.1 mm supera umbral critico. Riego urgente antes de 4 dias para evitar dano.
9f9df769-8a38-4b33-b437-71506623dc23,PAR-027,CIC-2025-OI,2026-01-18,2026-01-23,16.91,3.57,4.391,9.13,Media,MILPIN-v1.2,modificada,694.1,1166.09,214.2,Alta,Microaspersion -> Goteo,0.67,0.47,Patron historico + indices climaticos: riego optimo en 5 dias evita estres hidrico en etapa Media.
8d83395a-e331-4c91-936e-68f3af13b281,PAR-027,CIC-2025-OI,2026-02-08,2026-02-12,14.09,4.79,4.072,5.57,Media,MILPIN-v2.0,aceptada,577.9,970.87,178.34,Media,Gravedad -> Goteo,0.58,0.75,Score optimizacion 0.58: migracion Gravedad -> Goteo proyecta ahorro 28% consumo anual con payback < 2 ciclos.
a0b1ab62-b595-4587-ad52-23e39eaeae7c,PAR-027,CIC-2025-OI,2026-02-19,2026-02-22,34.43,4.74,3.223,25.05,Alta,MILPIN-v2.0,aceptada,1412.2,2372.5,435.8,Baja,Gravedad -> Microaspersion,0.65,0.76,ETo proyectada 4.7 mm/dia (horizonte 7 dias). Kc=0.68 etapa Final. Aplicar lamina 34 mm.
6aa9d8a2-596d-473d-a00d-a8aca8d22b05,PAR-027,CIC-2026-PV,2026-03-08,2026-03-13,26.24,6.3,1.827,18.91,Baja,MILPIN-v1.3,aceptada,0.0,0.0,0.0,Baja,Gravedad -> Microaspersion,0.85,0.77,Deficit acumulado 18.9 mm supera umbral critico. Riego urgente antes de 3 dias para evitar dano.
ad9b708b-a441-4923-b10d-f5e97dcd7428,PAR-027,CIC-2026-PV,2026-05-04,2026-05-08,16.39,8.66,10.738,13.19,Media,MILPIN-v1.3,rechazada,0.0,0.0,0.0,Media,Gravedad -> Goteo,0.84,0.83,Patron historico + indices climaticos: riego optimo en 6 dias evita estres hidrico en etapa Media.
c82b9ce4-e4b4-41a0-abc8-2fb271df7093,PAR-027,CIC-2026-PV,2026-10-14,2026-10-16,32.9,5.03,3.068,27.04,Media,MILPIN-v2.0,aceptada,0.0,0.0,0.0,Media,Gravedad -> Goteo,0.94,0.87,Deficit acumulado 27.0 mm supera umbral critico. Riego urgente antes de 2 dias para evitar dano.
7e1dbead-3006-4114-a4a2-4738a01d20a6,PAR-027,CIC-2026-PV,2026-09-20,2026-09-22,22.91,6.43,3.858,18.62,Media,MILPIN-v2.0,aceptada,0.0,0.0,0.0,Media,Mantener sistema actual,0.92,0.84,Patron historico + indices climaticos: riego optimo en 3 dias evita estres hidrico en etapa Final.
856adf2b-6268-47b1-83fe-2f76210bdf90,PAR-027,CIC-2026-PV,2026-03-27,2026-03-31,18.73,5.88,2.905,9.31,Media,MILPIN-v2.0,aceptada,0.0,0.0,0.0,Alta,Microaspersion -> Goteo,0.85,0.95,Optimizacion turno nocturno 22-06 h: reduce evaporacion estimada 12-15%. Deficit actual 9.3 mm.
703a5bb2-1f5e-4e2f-96c9-adac581d1219,PAR-027,CIC-2026-PV,2026-09-28,2026-10-01,19.8,6.22,3.794,12.44,Media,MILPIN-v1.2,aceptada,0.0,0.0,0.0,Baja,Microaspersion -> Goteo,0.8,0.78,FAO-56 detecta inicio etapa media con Kc=0.61. Incrementar lamina un 0% respecto evento anterior.
cac281eb-34e5-4230-870a-24172c3ac2aa,PAR-028,CIC-2025-PV,2025-07-26,2025-07-29,21.76,8.02,7.138,12.29,Media,MILPIN-v1.3,sin_respuesta,881.8,1481.42,272.12,Baja,Gravedad -> Goteo,0.43,0.74,FAO-56 detecta inicio etapa media con Kc=0.89. Incrementar lamina un 11% respecto evento anterior.
432e5f96-b977-4528-a759-1eff534105cd,PAR-028,CIC-2025-PV,2025-08-02,2025-08-04,17.9,7.82,6.725,8.2,Alta,MILPIN-v2.0,sin_respuesta,724.2,1216.66,223.49,Alta,Mantener sistema actual,0.45,0.71,Balance hidrico acumulado indica deficit de 8.2 mm. Riego preventivo recomendado en 5 dias.
a079bcaf-47bb-4380-881b-d58c3a5ac72b,PAR-028,CIC-2025-PV,2025-10-07,2025-10-10,30.61,4.68,2.106,25.08,Alta,MILPIN-v2.0,aceptada,1241.0,2084.88,382.97,Media,Aspersion -> Goteo,0.39,0.65,Patron historico + indices climaticos: riego optimo en 6 dias evita estres hidrico en etapa Final.
34600375-bb0e-4ad5-a98e-ecee69bce0fd,PAR-028,CIC-2025-PV,2025-06-03,2025-06-07,28.2,9.09,8.09,19.78,Baja,MILPIN-v2.0,rechazada,1144.6,1922.93,353.22,Baja,Gravedad -> Microaspersion,0.36,0.39,Balance hidrico acumulado indica deficit de 19.8 mm. Riego preventivo recomendado en 2 dias.
5add5918-26ba-4c54-bea5-ed0a86554842,PAR-028,CIC-2025-OI,2026-04-03,2026-04-04,25.51,7.27,6.179,22.35,Alta,MILPIN-v2.0,modificada,1036.6,1741.49,319.89,Alta,Aspersion -> Goteo,0.38,0.61,Patron historico + indices climaticos: riego optimo en 3 dias evita estres hidrico en etapa Media.
0b706ff4-a1be-4fa0-a52c-8b2147d9dd6d,PAR-028,CIC-2025-OI,2025-11-24,2025-11-29,14.44,3.57,1.664,5.96,Baja,MILPIN-v2.0,rechazada,586.9,985.99,181.12,Media,Aspersion -> Goteo,0.68,0.45,Deficit acumulado 6.0 mm supera umbral critico. Riego urgente antes de 5 dias para evitar dano.
9a7fd1a6-b647-4fcb-a6a0-d18d6c7eead1,PAR-028,CIC-2025-OI,2025-11-29,2025-12-02,19.65,3.85,2.291,13.36,Media,MILPIN-v2.0,modificada,797.2,1339.3,246.02,Alta,Gravedad -> Microaspersion,0.7,0.62,Score optimizacion 0.70: migracion Gravedad -> Microaspersion proyecta ahorro 11% consumo anual con payback < 2 ciclos.
aa617699-65ad-4418-8b77-d0e0237d3e20,PAR-028,CIC-2025-OI,2026-04-07,2026-04-10,32.67,7.81,6.482,27.1,Alta,MILPIN-v1.2,rechazada,1325.7,2227.18,409.11,Media,Microaspersion -> Goteo,0.51,0.68,Patron historico + indices climaticos: riego optimo en 6 dias evita estres hidrico en etapa Media.
faa6b60e-154b-44d3-9669-776a35648544,PAR-028,CIC-2025-OI,2026-04-08,2026-04-11,18.92,7.41,6.15,10.85,Baja,MILPIN-v2.0,rechazada,768.0,1290.24,237.0,Alta,Microaspersion -> Goteo,0.66,0.63,Score optimizacion 0.66: migracion Microaspersion -> Goteo proyecta ahorro 11% consumo anual con payback < 2 ciclos.
533f3969-e518-4556-b32d-f5342a7097e2,PAR-028,CIC-2025-OI,2026-04-13,2026-04-16,26.91,7.7,6.545,17.92,Baja,MILPIN-v1.3,modificada,1092.1,1834.73,337.02,Alta,Aspersion -> Goteo,0.57,0.73,Score optimizacion 0.57: migracion Aspersion -> Goteo proyecta ahorro 11% consumo anual con payback < 2 ciclos.
7781f1e9-3ddf-412d-9e31-1ea40b47fe68,PAR-028,CIC-2026-PV,2026-06-14,2026-06-17,13.31,8.82,7.497,5.67,Baja,MILPIN-v1.2,aceptada,540.2,907.54,166.71,Baja,Mantener sistema actual,0.83,0.82,ETo proyectada 8.8 mm/dia (horizonte 7 dias). Kc=0.85 etapa Media. Aplicar lamina 13 mm.
fbfc91e6-003c-4a84-a521-cd0c7009bca3,PAR-028,CIC-2026-PV,2026-06-18,2026-06-23,25.03,9.11,7.743,19.92,Media,MILPIN-v1.2,modificada,1016.2,1707.22,313.6,Baja,Mantener sistema actual,0.96,0.91,FAO-56 detecta inicio etapa media con Kc=0.85. Incrementar lamina un 11% respecto evento anterior.
0169a497-57f9-400e-85a8-80310724f751,PAR-028,CIC-2026-PV,2026-09-24,2026-09-27,31.09,6.19,3.287,27.87,Baja,MILPIN-v1.2,aceptada,1261.4,2119.15,389.27,Media,Gravedad -> Goteo,0.83,0.8,Patron historico + indices climaticos: riego optimo en 2 dias evita estres hidrico en etapa Final.
6177c806-f1d6-491a-8040-3f9821f03ef4,PAR-028,CIC-2026-PV,2026-04-19,2026-04-24,27.16,7.55,5.428,21.03,Baja,MILPIN-v1.3,modificada,1100.8,1849.34,339.71,Baja,Gravedad -> Microaspersion,0.75,0.85,Deficit acumulado 21.0 mm supera umbral critico. Riego urgente antes de 4 dias para evitar dano.
8dd9228b-0822-46b2-90b6-2ac7c88bc4c8,PAR-028,CIC-2026-PV,2026-08-13,2026-08-14,10.42,7.8,6.474,6.46,Media,MILPIN-v1.2,aceptada,420.5,706.44,129.77,Baja,Gravedad -> Goteo,0.81,0.82,FAO-56 detecta inicio etapa media con Kc=0.83. Incrementar lamina un 11% respecto evento anterior.
00a5eb2d-e170-4bec-b9f3-a9136cdb6e89,PAR-028,CIC-2026-PV,2026-04-22,2026-04-27,13.67,7.3,5.183,10.22,Media,MILPIN-v1.3,modificada,554.8,932.06,171.21,Baja,Aspersion -> Goteo,0.91,0.88,Score optimizacion 0.91: migracion Aspersion -> Goteo proyecta ahorro 11% consumo anual con payback < 2 ciclos.
4e5bb28d-7794-48f1-ac0c-0f4f4b413c8b,PAR-028,CIC-2026-PV,2026-10-11,2026-10-14,25.37,5.21,2.24,21.67,Media,MILPIN-v1.2,aceptada,1027.8,1726.7,317.18,Media,Aspersion -> Goteo,0.86,0.89,FAO-56 detecta inicio etapa media con Kc=0.43. Incrementar lamina un 11% respecto evento anterior.
615c1b96-f5db-4f18-8d4d-a047f9a93f5f,PAR-028,CIC-2026-PV,2026-10-01,2026-10-04,29.88,4.95,2.133,20.54,Media,MILPIN-v1.2,rechazada,1211.8,2035.82,373.96,Baja,Microaspersion -> Goteo,0.89,0.82,Optimizacion turno nocturno 22-06 h: reduce evaporacion estimada 12-15%. Deficit actual 20.5 mm.
7699be1f-e2d3-498e-a639-5e2956f504de,PAR-029,CIC-2025-PV,2025-06-03,2025-06-06,25.55,8.71,10.365,19.53,Alta,MILPIN-v1.2,aceptada,2435.2,4091.14,751.5,Media,Aspersion -> Goteo,0.67,0.61,Balance hidrico acumulado indica deficit de 19.5 mm. Riego preventivo recomendado en 4 dias.
ba51835f-dda5-4b0c-8885-7695ccc9a70b,PAR-029,CIC-2025-PV,2025-08-23,2025-08-26,26.92,7.4,5.52,22.38,Alta,MILPIN-v1.2,rechazada,2566.7,4312.06,792.08,Media,Aspersion -> Goteo,0.61,0.39,Score optimizacion 0.61: migracion Aspersion -> Goteo proyecta ahorro 28% consumo anual con payback < 2 ciclos.
714b5128-758c-494a-8f39-5c95cfff0a6a,PAR-029,CIC-2025-PV,2025-06-30,2025-07-02,16.1,8.83,10.419,7.2,Alta,MILPIN-v1.3,sin_respuesta,1534.2,2577.46,473.45,Media,Microaspersion -> Goteo,0.64,0.63,Score optimizacion 0.64: migracion Microaspersion -> Goteo proyecta ahorro 28% consumo anual con payback < 2 ciclos.
2dfea029-a340-49da-9e10-d9809a44c854,PAR-029,CIC-2025-PV,2025-03-31,2025-04-02,14.75,5.67,2.098,10.92,Alta,MILPIN-v2.0,sin_respuesta,1404.9,2360.23,433.55,Alta,Mantener sistema actual,0.47,0.63,Patron historico + indices climaticos: riego optimo en 2 dias evita estres hidrico en etapa Inicial.
0e11c2f3-4f44-413e-a515-8466a2f9330c,PAR-029,CIC-2025-PV,2025-03-27,2025-04-01,27.81,5.82,2.212,23.17,Media,MILPIN-v1.2,modificada,2649.2,4450.66,817.54,Baja,Gravedad -> Goteo,0.35,0.51,FAO-56 detecta inicio etapa media con Kc=0.38. Incrementar lamina un 28% respecto evento anterior.
84075d53-608b-47b3-90a6-4971ed5f8a45,PAR-029,CIC-2025-OI,2026-03-31,2026-04-05,15.62,6.29,5.661,7.88,Alta,MILPIN-v1.2,modificada,1487.4,2498.83,459.01,Baja,Aspersion -> Goteo,0.58,0.55,FAO-56 detecta inicio etapa media con Kc=0.90. Incrementar lamina un 28% respecto evento anterior.
b6c5d01e-1be0-4a09-ad20-07df6a323882,PAR-029,CIC-2025-OI,2026-03-16,2026-03-21,22.47,5.87,6.498,12.92,Alta,MILPIN-v1.3,modificada,2140.8,3596.54,660.65,Alta,Aspersion -> Goteo,0.34,0.63,FAO-56 detecta inicio etapa media con Kc=1.11. Incrementar lamina un 28% respecto evento anterior.
8585356f-0d83-4bee-b150-daa07401a1b0,PAR-029,CIC-2025-OI,2026-04-16,2026-04-18,15.18,7.7,5.559,10.46,Alta,MILPIN-v1.2,aceptada,1445.0,2427.6,445.93,Alta,Aspersion -> Goteo,0.46,0.52,Optimizacion turno nocturno 22-06 h: reduce evaporacion estimada 12-15%. Deficit actual 10.5 mm.
593a2cd8-937b-48e1-af95-2a6d4ace3a82,PAR-029,CIC-2025-OI,2026-01-17,2026-01-20,23.82,3.67,4.441,19.46,Alta,MILPIN-v1.2,aceptada,2270.1,3813.77,700.55,Alta,Microaspersion -> Goteo,0.4,0.7,FAO-56 detecta inicio etapa media con Kc=1.21. Incrementar lamina un 28% respecto evento anterior.
2ab156b5-28e2-4c0d-a2e7-0d711b21b68e,PAR-029,CIC-2025-OI,2025-11-03,2025-11-05,23.87,3.86,1.39,16.12,Media,MILPIN-v1.3,aceptada,2274.6,3821.33,701.94,Media,Microaspersion -> Goteo,0.38,0.39,ETo proyectada 3.9 mm/dia (horizonte 7 dias). Kc=0.36 etapa Inicial. Aplicar lamina 24 mm.
2fb9c59d-fa7d-4473-b46f-3fc9d4314e9e,PAR-029,CIC-2026-PV,2026-06-29,2026-07-01,28.35,9.01,11.082,24.36,Media,MILPIN-v1.2,aceptada,0.0,0.0,0.0,Baja,Mantener sistema actual,0.9,0.91,ETo proyectada 9.0 mm/dia (horizonte 7 dias). Kc=1.23 etapa Media. Aplicar lamina 28 mm.
d50dea43-84a8-43e6-b5e9-fc30b3ea73c8,PAR-029,CIC-2026-PV,2026-07-24,2026-07-26,29.2,8.28,8.934,23.1,Baja,MILPIN-v2.0,aceptada,0.0,0.0,0.0,Baja,Gravedad -> Microaspersion,0.84,0.84,Optimizacion turno nocturno 22-06 h: reduce evaporacion estimada 12-15%. Deficit actual 23.1 mm.
2e081852-9d7c-4363-ac28-e4216eff7adc,PAR-029,CIC-2026-PV,2026-06-29,2026-07-03,20.12,9.1,10.556,12.96,Media,MILPIN-v1.2,aceptada,0.0,0.0,0.0,Alta,Gravedad -> Microaspersion,0.81,0.91,FAO-56 detecta inicio etapa media con Kc=1.16. Incrementar lamina un 0% respecto evento anterior.
3b3eed20-f0b4-4225-ba58-92b558225c2a,PAR-029,CIC-2026-PV,2026-09-29,2026-10-01,22.33,6.69,4.415,13.68,Baja,MILPIN-v1.2,aceptada,0.0,0.0,0.0,Baja,Gravedad -> Microaspersion,0.87,0.85,Balance hidrico acumulado indica deficit de 13.7 mm. Riego preventivo recomendado en 4 dias.
2a04d2ca-3f95-4315-9464-82360a2e09e3,PAR-029,CIC-2026-PV,2026-05-25,2026-05-30,13.63,8.68,10.329,6.09,Baja,MILPIN-v2.0,aceptada,0.0,0.0,0.0,Media,Gravedad -> Microaspersion,0.91,0.74,Deficit acumulado 6.1 mm supera umbral critico. Riego urgente antes de 5 dias para evitar dano.
36e1603b-f73c-42e8-a8f2-8e1d7d1af37e,PAR-030,CIC-2025-PV,2025-05-21,2025-05-22,16.49,8.66,7.361,10.52,Baja,MILPIN-v1.2,rechazada,753.4,1265.71,232.5,Alta,Aspersion -> Goteo,0.66,0.4,ETo proyectada 8.7 mm/dia (horizonte 7 dias). Kc=0.85 etapa Media. Aplicar lamina 16 mm.
df69c830-6d0c-4737-8ce4-63032ffcf0e6,PAR-030,CIC-2025-PV,2025-09-14,2025-09-17,17.33,6.32,3.956,13.63,Media,MILPIN-v1.2,rechazada,789.6,1326.53,243.67,Alta,Mantener sistema actual,0.36,0.44,FAO-56 detecta inicio etapa media con Kc=0.63. Incrementar lamina un 11% respecto evento anterior.
b0cdb381-57b7-4208-90e2-caa9a36b97ab,PAR-030,CIC-2025-PV,2025-03-14,2025-03-19,15.04,6.13,1.962,6.77,Alta,MILPIN-v2.0,rechazada,687.6,1155.17,212.19,Baja,Microaspersion -> Goteo,0.62,0.43,ETo proyectada 6.1 mm/dia (horizonte 7 dias). Kc=0.32 etapa Inicial. Aplicar lamina 15 mm.
8fe4e132-148d-4a0b-b238-5d52b85d6c02,PAR-030,CIC-2025-PV,2025-08-26,2025-08-27,35.95,7.64,6.57,27.78,Media,MILPIN-v1.2,modificada,1645.0,2763.6,507.65,Alta,Microaspersion -> Goteo,0.51,0.56,Patron historico + indices climaticos: riego optimo en 5 dias evita estres hidrico en etapa Media.
a1327efe-1382-48ca-ac9d-75cc12b443c2,PAR-030,CIC-2025-PV,2025-03-16,2025-03-17,24.77,5.71,1.656,21.07,Alta,MILPIN-v1.3,aceptada,1131.8,1901.42,349.27,Alta,Aspersion -> Goteo,0.32,0.56,Optimizacion turno nocturno 22-06 h: reduce evaporacion estimada 12-15%. Deficit actual 21.1 mm.
bef33f81-d3ab-48a8-943c-35a212f8995e,PAR-030,CIC-2025-OI,2025-11-20,2025-11-22,21.89,3.45,1.487,13.54,Alta,MILPIN-v1.3,sin_respuesta,1000.2,1680.34,308.66,Media,Gravedad -> Microaspersion,0.35,0.6,FAO-56 detecta inicio etapa media con Kc=0.43. Incrementar lamina un 11% respecto evento anterior.
05c7d400-cc6a-485c-a68a-17bc5580f6ec,PAR-030,CIC-2025-OI,2026-03-29,2026-04-02,21.54,5.93,4.863,12.78,Alta,MILPIN-v2.0,modificada,983.7,1652.62,303.57,Baja,Microaspersion -> Goteo,0.51,0.55,Deficit acumulado 12.8 mm supera umbral critico. Riego urgente antes de 2 dias para evitar dano.
3928999c-37be-4ff5-b608-c07c973b876d,PAR-030,CIC-2025-OI,2026-03-02,2026-03-06,16.01,6.24,5.429,10.53,Alta,MILPIN-v1.2,aceptada,730.4,1227.07,225.4,Media,Microaspersion -> Goteo,0.61,0.66,ETo proyectada 6.2 mm/dia (horizonte 7 dias). Kc=0.87 etapa Media. Aplicar lamina 16 mm.
832ed58a-5a80-479d-8251-a85c955b0bc7,PAR-030,CIC-2025-OI,2026-01-26,2026-01-30,26.48,3.22,2.673,17.52,Alta,MILPIN-v2.0,rechazada,1210.7,2033.98,373.62,Baja,Aspersion -> Goteo,0.7,0.49,Deficit acumulado 17.5 mm supera umbral critico. Riego urgente antes de 3 dias para evitar dano.
bedc401e-0e3d-47fb-a860-14b90ce7e219,PAR-030,CIC-2025-OI,2026-01-06,2026-01-10,32.31,3.36,2.99,23.11,Alta,MILPIN-v1.3,aceptada,1477.2,2481.7,455.86,Media,Gravedad -> Goteo,0.6,0.54,Score optimizacion 0.60: migracion Gravedad -> Goteo proyecta ahorro 11% consumo anual con payback < 2 ciclos.
102e7365-0515-433d-b2f0-5136080f5946,PAR-030,CIC-2026-PV,2026-08-28,2026-08-31,18.69,7.62,6.248,13.62,Baja,MILPIN-v1.3,aceptada,0.0,0.0,0.0,Alta,Aspersion -> Goteo,0.96,0.88,FAO-56 detecta inicio etapa media con Kc=0.82. Incrementar lamina un 0% respecto evento anterior.
df6a16e0-3c0b-4843-a44b-f23027601c8f,PAR-030,CIC-2026-PV,2026-10-07,2026-10-10,33.18,4.91,2.16,27.47,Media,MILPIN-v1.2,aceptada,0.0,0.0,0.0,Media,Mantener sistema actual,0.73,0.85,Balance hidrico acumulado indica deficit de 27.5 mm. Riego preventivo recomendado en 3 dias.
fea07cf2-8dda-4192-b3e0-7fe8c5f242d8,PAR-030,CIC-2026-PV,2026-07-22,2026-07-24,25.55,8.07,6.859,19.74,Media,MILPIN-v2.0,aceptada,0.0,0.0,0.0,Baja,Aspersion -> Goteo,0.9,0.93,Score optimizacion 0.90: migracion Aspersion -> Goteo proyecta ahorro 0% consumo anual con payback < 2 ciclos.
30377bf8-63d3-4515-8303-144015144924,PAR-030,CIC-2026-PV,2026-04-04,2026-04-06,17.15,7.19,3.537,12.59,Baja,MILPIN-v1.2,aceptada,0.0,0.0,0.0,Baja,Aspersion -> Goteo,0.73,0.95,Balance hidrico acumulado indica deficit de 12.6 mm. Riego preventivo recomendado en 6 dias.
f9fdb749-caf2-487e-b70f-193fb3786fc7,PAR-030,CIC-2026-PV,2026-06-29,2026-07-01,22.67,8.76,7.183,16.04,Media,MILPIN-v1.3,aceptada,0.0,0.0,0.0,Media,Microaspersion -> Goteo,0.83,0.86,Score optimizacion 0.83: migracion Microaspersion -> Goteo proyecta ahorro 0% consumo anual con payback < 2 ciclos.
8e6348be-da13-4e3c-84a8-a9c5bef1edec,PAR-031,CIC-2025-PV,2025-07-18,2025-07-23,21.73,8.24,7.169,16.97,Media,MILPIN-v1.2,rechazada,2499.0,4198.32,771.19,Alta,Mantener sistema actual,0.54,0.72,FAO-56 detecta inicio etapa media con Kc=0.87. Incrementar lamina un 28% respecto evento anterior.
9f766133-474f-4423-a9a2-4998d2ce0b91,PAR-031,CIC-2025-PV,2025-04-02,2025-04-06,33.16,7.35,3.197,24.63,Media,MILPIN-v1.3,sin_respuesta,3814.4,6408.19,1177.12,Alta,Mantener sistema actual,0.6,0.52,Balance hidrico acumulado indica deficit de 24.6 mm. Riego preventivo recomendado en 2 dias.
7d03d163-3256-4b63-8969-9775bd04d259,PAR-031,CIC-2025-PV,2025-07-10,2025-07-12,34.97,8.13,6.992,27.02,Alta,MILPIN-v1.3,rechazada,4018.9,6751.75,1240.23,Media,Gravedad -> Goteo,0.7,0.47,Optimizacion turno nocturno 22-06 h: reduce evaporacion estimada 12-15%. Deficit actual 27.0 mm.
69930c7b-a15c-438d-b85a-5cc6fc984b17,PAR-031,CIC-2025-PV,2025-10-05,2025-10-08,30.83,4.77,2.147,24.93,Media,MILPIN-v1.2,rechazada,3542.7,5951.74,1093.28,Baja,Mantener sistema actual,0.48,0.5,Balance hidrico acumulado indica deficit de 24.9 mm. Riego preventivo recomendado en 6 dias.
f8cfce86-2d80-4ed3-ad09-85e57496e625,PAR-031,CIC-2025-PV,2025-10-06,2025-10-08,25.64,5.13,2.308,18.57,Alta,MILPIN-v1.2,rechazada,2948.2,4952.98,909.81,Baja,Gravedad -> Goteo,0.69,0.53,Score optimizacion 0.69: migracion Gravedad -> Goteo proyecta ahorro 28% consumo anual con payback < 2 ciclos.
c072f9ea-d4ea-41ee-ac5a-2f24238a6014,PAR-031,CIC-2025-PV,2025-10-02,2025-10-03,20.68,4.95,2.228,16.36,Baja,MILPIN-v1.2,modificada,2378.0,3995.04,733.85,Alta,Aspersion -> Goteo,0.47,0.45,Balance hidrico acumulado indica deficit de 16.4 mm. Riego preventivo recomendado en 5 dias.
d54634bd-7274-4f12-8645-e7a014b13312,PAR-031,CIC-2025-OI,2026-03-31,2026-04-05,25.67,6.05,5.082,22.35,Media,MILPIN-v1.3,modificada,2950.9,4957.51,910.65,Media,Mantener sistema actual,0.41,0.7,Deficit acumulado 22.4 mm supera umbral critico. Riego urgente antes de 4 dias para evitar dano.
abcb74a6-a713-458b-a8dc-442d4eb04237,PAR-031,CIC-2025-OI,2026-03-06,2026-03-09,24.46,5.89,5.006,14.69,Media,MILPIN-v1.3,sin_respuesta,2811.1,4722.65,867.51,Baja,Gravedad -> Goteo,0.67,0.64,Patron historico + indices climaticos: riego optimo en 3 dias evita estres hidrico en etapa Media.
24810d8c-f3cf-458b-a857-f2274c405c26,PAR-031,CIC-2025-OI,2025-12-19,2025-12-24,22.14,2.95,2.537,12.41,Baja,MILPIN-v1.2,rechazada,2544.7,4275.1,785.29,Baja,Aspersion -> Goteo,0.42,0.55,Optimizacion turno nocturno 22-06 h: reduce evaporacion estimada 12-15%. Deficit actual 12.4 mm.
b85739f2-38a7-4fb6-b8ee-4da2e202ffa6,PAR-031,CIC-2025-OI,2025-12-29,2026-01-02,29.55,3.48,3.062,25.81,Baja,MILPIN-v1.2,modificada,3397.5,5707.8,1048.47,Baja,Gravedad -> Goteo,0.39,0.45,Patron historico + indices climaticos: riego optimo en 6 dias evita estres hidrico en etapa Media.
6cd82efb-ad2d-41d1-8387-51c68a27d0cb,PAR-031,CIC-2025-OI,2026-03-27,2026-03-30,18.19,5.72,4.805,9.78,Alta,MILPIN-v1.2,aceptada,2090.1,3511.37,645.0,Media,Gravedad -> Goteo,0.44,0.47,ETo proyectada 5.7 mm/dia (horizonte 7 dias). Kc=0.84 etapa Media. Aplicar lamina 18 mm.
d6ea6b38-4736-455d-9eee-af269662f9bc,PAR-031,CIC-2025-OI,2026-03-27,2026-03-31,30.18,6.17,5.244,22.83,Alta,MILPIN-v1.2,modificada,3470.1,5829.77,1070.87,Baja,Mantener sistema actual,0.57,0.54,Patron historico + indices climaticos: riego optimo en 6 dias evita estres hidrico en etapa Media.
9cb856a1-18d2-42e1-832e-94ed1136ca65,PAR-031,CIC-2026-PV,2026-09-08,2026-09-09,23.15,6.67,4.829,18.92,Media,MILPIN-v2.0,aceptada,675.2,1134.34,208.37,Alta,Gravedad -> Goteo,0.91,0.85,Patron historico + indices climaticos: riego optimo en 5 dias evita estres hidrico en etapa Final.
5fd1caac-f4ca-49fe-a78f-6dfe01cd7d9e,PAR-031,CIC-2026-PV,2026-03-23,2026-03-25,15.42,6.09,1.87,9.42,Media,MILPIN-v1.2,aceptada,449.2,754.66,138.62,Media,Gravedad -> Microaspersion,0.75,0.9,Deficit acumulado 9.4 mm supera umbral critico. Riego urgente antes de 2 dias para evitar dano.
2a952253-46c5-4b5b-85b2-3dcdf672619f,PAR-031,CIC-2026-PV,2026-04-08,2026-04-10,30.4,7.66,4.267,26.74,Media,MILPIN-v1.2,aceptada,885.0,1486.8,273.11,Alta,Gravedad -> Goteo,0.92,0.94,Deficit acumulado 26.7 mm supera umbral critico. Riego urgente antes de 5 dias para evitar dano.
8f92e548-bba9-4d43-919b-d61ff675495c,PAR-031,CIC-2026-PV,2026-09-09,2026-09-11,14.57,6.37,4.478,5.33,Alta,MILPIN-v2.0,aceptada,425.0,714.0,131.16,Baja,Mantener sistema actual,0.79,0.92,ETo proyectada 6.4 mm/dia (horizonte 7 dias). Kc=0.70 etapa Final. Aplicar lamina 15 mm.
e08c6a82-c08e-48fc-8941-dcce577c6248,PAR-031,CIC-2026-PV,2026-03-13,2026-03-15,29.82,5.82,1.862,24.25,Baja,MILPIN-v2.0,aceptada,871.6,1464.29,268.98,Baja,Gravedad -> Goteo,0.82,0.81,Deficit acumulado 24.2 mm supera umbral critico. Riego urgente antes de 2 dias para evitar dano.
547cf185-3f30-4a6f-ba4e-0fabcc49b12f,PAR-031,CIC-2026-PV,2026-06-23,2026-06-24,18.59,8.94,7.957,11.3,Media,MILPIN-v1.2,aceptada,540.7,908.38,166.86,Alta,Mantener sistema actual,0.84,0.76,Deficit acumulado 11.3 mm supera umbral critico. Riego urgente antes de 6 dias para evitar dano.
5cc5368d-a272-4343-9fd2-956b0a0373b3,PAR-031,CIC-2026-PV,2026-07-03,2026-07-04,16.96,8.23,6.913,8.09,Media,MILPIN-v1.2,modificada,495.0,831.6,152.76,Baja,Aspersion -> Goteo,0.87,0.9,Score optimizacion 0.87: migracion Aspersion -> Goteo proyecta ahorro 9% consumo anual con payback < 2 ciclos.
46525473-8ff6-47a8-8a7b-c5766f9aa194,PAR-032,CIC-2025-PV,2025-03-12,2025-03-14,19.39,5.87,2.289,11.14,Alta,MILPIN-v1.3,rechazada,2105.7,3537.58,649.82,Media,Microaspersion -> Goteo,0.56,0.45,Deficit acumulado 11.1 mm supera umbral critico. Riego urgente antes de 5 dias para evitar dano.
078d6e9a-1288-46d8-b06f-78f04b6c51e3,PAR-032,CIC-2025-PV,2025-08-02,2025-08-06,22.75,7.69,2.768,18.11,Baja,MILPIN-v2.0,rechazada,2468.9,4147.75,761.9,Alta,Mantener sistema actual,0.42,0.42,Optimizacion turno nocturno 22-06 h: reduce evaporacion estimada 12-15%. Deficit actual 18.1 mm.
81c76ae1-fb04-41b0-9713-9e09896ea3b9,PAR-032,CIC-2025-PV,2025-10-05,2025-10-10,16.99,5.2,1.924,12.03,Media,MILPIN-v1.2,modificada,1844.0,3097.92,569.06,Media,Aspersion -> Goteo,0.32,0.44,Deficit acumulado 12.0 mm supera umbral critico. Riego urgente antes de 6 dias para evitar dano.
5e1f8899-bc16-4d76-8a16-1e75072aa6ee,PAR-032,CIC-2025-OI,2025-12-12,2025-12-14,22.0,3.32,3.884,17.39,Baja,MILPIN-v2.0,aceptada,2390.1,4015.37,737.58,Media,Mantener sistema actual,0.46,0.46,Patron historico + indices climaticos: riego optimo en 5 dias evita estres hidrico en etapa Media.
bdedb0af-fbf9-4273-8422-622b1b81e54f,PAR-032,CIC-2025-OI,2025-11-03,2025-11-08,27.9,4.02,1.568,23.67,Media,MILPIN-v1.3,aceptada,3027.7,5086.54,934.35,Alta,Aspersion -> Goteo,0.47,0.59,FAO-56 detecta inicio etapa media con Kc=0.39. Incrementar lamina un 28% respecto evento anterior.
d4c328c1-6c19-4cb7-9978-528ea71883a7,PAR-032,CIC-2025-OI,2026-02-17,2026-02-20,14.53,4.72,1.558,5.5,Baja,MILPIN-v2.0,aceptada,1577.3,2649.86,486.75,Media,Mantener sistema actual,0.53,0.67,FAO-56 detecta inicio etapa media con Kc=0.33. Incrementar lamina un 28% respecto evento anterior.
607ec20a-c699-4eea-932b-442917132473,PAR-032,CIC-2025-OI,2026-02-24,2026-02-25,34.92,4.45,1.469,25.8,Alta,MILPIN-v1.2,rechazada,3789.7,6366.7,1169.5,Media,Microaspersion -> Goteo,0.44,0.5,FAO-56 detecta inicio etapa media con Kc=0.33. Incrementar lamina un 28% respecto evento anterior.
53fff4df-66c0-409c-ad37-80a1007a8954,PAR-032,CIC-2025-OI,2026-02-19,2026-02-20,13.43,4.52,1.672,5.1,Media,MILPIN-v1.3,modificada,1458.0,2449.44,449.94,Baja,Microaspersion -> Goteo,0.37,0.51,FAO-56 detecta inicio etapa media con Kc=0.37. Incrementar lamina un 28% respecto evento anterior.
dd01eefa-e204-460b-a316-4740ec4df6df,PAR-032,CIC-2025-OI,2026-03-30,2026-04-03,21.12,6.01,2.164,14.97,Alta,MILPIN-v2.0,rechazada,2291.1,3849.05,707.03,Alta,Gravedad -> Goteo,0.49,0.6,Deficit acumulado 15.0 mm supera umbral critico. Riego urgente antes de 5 dias para evitar dano.
b9c2bd99-7e33-46c0-b85d-cb3ae9bc29e9,PAR-032,CIC-2026-PV,2026-08-02,2026-08-03,18.7,7.33,2.346,15.13,Media,MILPIN-v1.3,aceptada,513.1,862.01,158.34,Media,Microaspersion -> Goteo,0.91,0.91,FAO-56 detecta inicio etapa media con Kc=0.32. Incrementar lamina un 9% respecto evento anterior.
fe375bcd-c668-4263-b5e2-3c350c5845c4,PAR-032,CIC-2026-PV,2026-10-04,2026-10-07,10.37,5.16,1.754,5.0,Media,MILPIN-v1.3,aceptada,287.0,482.16,88.57,Media,Microaspersion -> Goteo,0.95,0.86,Deficit acumulado 5.0 mm supera umbral critico. Riego urgente antes de 5 dias para evitar dano.
f00de500-f703-4a04-859f-5b1d5d203c68,PAR-032,CIC-2026-PV,2026-07-28,2026-07-30,32.88,8.14,2.686,27.3,Media,MILPIN-v1.2,modificada,906.8,1523.42,279.84,Baja,Gravedad -> Microaspersion,0.86,0.97,Score optimizacion 0.86: migracion Gravedad -> Microaspersion proyecta ahorro 9% consumo anual con payback < 2 ciclos.
977c4d33-b044-4afd-a89e-d36050794ea7,PAR-032,CIC-2026-PV,2026-05-30,2026-06-03,27.8,8.65,6.401,23.19,Baja,MILPIN-v2.0,aceptada,764.5,1284.36,235.92,Media,Gravedad -> Microaspersion,0.92,0.75,Score optimizacion 0.92: migracion Gravedad -> Microaspersion proyecta ahorro 9% consumo anual con payback < 2 ciclos.
7c970649-885f-469f-8706-67f0f064f8af,PAR-032,CIC-2026-PV,2026-03-24,2026-03-28,14.18,6.03,3.045,8.86,Alta,MILPIN-v1.3,aceptada,388.6,652.85,119.92,Baja,Gravedad -> Goteo,0.73,0.81,Optimizacion turno nocturno 22-06 h: reduce evaporacion estimada 12-15%. Deficit actual 8.9 mm.
5412ff6f-b3d5-4e8f-9dd5-331064b54c9b,PAR-032,CIC-2026-PV,2026-07-09,2026-07-13,30.22,8.18,3.027,25.11,Baja,MILPIN-v1.2,modificada,830.6,1395.41,256.32,Baja,Mantener sistema actual,0.82,0.76,Optimizacion turno nocturno 22-06 h: reduce evaporacion estimada 12-15%. Deficit actual 25.1 mm.
e5a5b1a6-2168-4844-ae8a-be10c0c407d5,PAR-032,CIC-2026-PV,2026-06-18,2026-06-23,16.09,9.12,3.466,9.5,Baja,MILPIN-v2.0,aceptada,442.0,742.56,136.4,Media,Aspersion -> Goteo,0.74,0.91,Optimizacion turno nocturno 22-06 h: reduce evaporacion estimada 12-15%. Deficit actual 9.5 mm.
250ce3be-1515-4587-aed2-67cfc4dc0f4f,PAR-032,CIC-2026-PV,2026-08-06,2026-08-09,22.93,7.71,2.467,19.92,Alta,MILPIN-v2.0,aceptada,629.9,1058.23,194.39,Media,Microaspersion -> Goteo,0.93,0.95,FAO-56 detecta inicio etapa media con Kc=0.32. Incrementar lamina un 9% respecto evento anterior.
597f7d58-4ca9-43aa-b6bf-ca30cac71895,PAR-033,CIC-2025-PV,2025-03-18,2025-03-20,10.55,5.94,2.02,6.19,Alta,MILPIN-v2.0,rechazada,161.0,270.48,49.68,Baja,Mantener sistema actual,0.58,0.48,Patron historico + indices climaticos: riego optimo en 4 dias evita estres hidrico en etapa Inicial.
20221642-e677-4ab7-bfa6-fa9e62749f70,PAR-033,CIC-2025-PV,2025-06-10,2025-06-12,24.56,9.03,10.655,20.51,Media,MILPIN-v1.2,aceptada,372.4,625.63,114.92,Media,Gravedad -> Goteo,0.48,0.55,ETo proyectada 9.0 mm/dia (horizonte 7 dias). Kc=1.18 etapa Media. Aplicar lamina 25 mm.
fb6bdddb-1591-44ce-864f-927b5c8b6604,PAR-033,CIC-2025-PV,2025-05-22,2025-05-25,29.59,8.47,10.418,25.38,Alta,MILPIN-v1.2,rechazada,449.4,754.99,138.68,Baja,Mantener sistema actual,0.41,0.43,Deficit acumulado 25.4 mm supera umbral critico. Riego urgente antes de 4 dias para evitar dano.
f9c693d5-c531-497b-b838-ac13359b8db6,PAR-033,CIC-2025-PV,2025-08-10,2025-08-15,28.57,7.57,7.04,23.72,Alta,MILPIN-v2.0,rechazada,434.0,729.12,133.93,Baja,Gravedad -> Microaspersion,0.46,0.67,FAO-56 detecta inicio etapa media con Kc=0.93. Incrementar lamina un 9% respecto evento anterior.
6bd12fca-d8db-4186-84e5-1d47dddbfd77,PAR-033,CIC-2025-PV,2025-05-30,2025-06-01,21.48,8.74,10.575,15.26,Media,MILPIN-v1.3,aceptada,326.2,548.02,100.67,Media,Aspersion -> Goteo,0.33,0.69,Patron historico + indices climaticos: riego optimo en 5 dias evita estres hidrico en etapa Media.
576bf26e-b5e2-4c52-82d9-313d3fc703b1,PAR-033,CIC-2025-PV,2025-07-26,2025-07-30,18.17,7.84,8.208,8.46,Media,MILPIN-v1.2,rechazada,275.8,463.34,85.11,Alta,Gravedad -> Microaspersion,0.35,0.56,FAO-56 detecta inicio etapa media con Kc=1.05. Incrementar lamina un 9% respecto evento anterior.
a390428a-5636-41c9-9e3e-356a5f62ac7d,PAR-033,CIC-2025-OI,2026-02-22,2026-02-24,22.72,4.3,5.203,19.31,Alta,MILPIN-v1.3,aceptada,345.8,580.94,106.71,Media,Gravedad -> Goteo,0.54,0.65,FAO-56 detecta inicio etapa media con Kc=1.21. Incrementar lamina un 9% respecto evento anterior.
511185d9-1583-4e9f-9721-384619b478f8,PAR-033,CIC-2025-OI,2026-03-03,2026-03-05,15.77,5.85,6.903,11.06,Media,MILPIN-v1.2,sin_respuesta,239.4,402.19,73.88,Baja,Aspersion -> Goteo,0.57,0.68,ETo proyectada 5.8 mm/dia (horizonte 7 dias). Kc=1.18 etapa Media. Aplicar lamina 16 mm.
5275c8f0-0538-414a-b202-906de2f93400,PAR-033,CIC-2025-OI,2025-11-27,2025-12-01,30.13,3.47,1.652,20.72,Media,MILPIN-v1.2,modificada,456.4,766.75,140.85,Baja,Mantener sistema actual,0.33,0.71,Balance hidrico acumulado indica deficit de 20.7 mm. Riego preventivo recomendado en 2 dias.
9a72c8a7-7b80-4dbf-bb48-f55ea091eece,PAR-033,CIC-2025-OI,2025-12-26,2025-12-29,19.27,3.38,3.343,13.32,Media,MILPIN-v1.2,aceptada,292.6,491.57,90.3,Baja,Microaspersion -> Goteo,0.55,0.64,Balance hidrico acumulado indica deficit de 13.3 mm. Riego preventivo recomendado en 4 dias.
fc794a49-392f-4425-a610-4fa37ef902e5,PAR-033,CIC-2025-OI,2025-11-20,2025-11-23,24.8,3.97,1.457,15.3,Media,MILPIN-v2.0,rechazada,375.2,630.34,115.79,Baja,Microaspersion -> Goteo,0.6,0.41,Optimizacion turno nocturno 22-06 h: reduce evaporacion estimada 12-15%. Deficit actual 15.3 mm.
0d2b0860-23b5-4790-8582-151043f0cb16,PAR-033,CIC-2026-PV,2026-07-14,2026-07-18,22.7,7.85,9.498,15.62,Media,MILPIN-v2.0,aceptada,0.0,0.0,0.0,Media,Aspersion -> Goteo,0.91,0.89,Balance hidrico acumulado indica deficit de 15.6 mm. Riego preventivo recomendado en 6 dias.
6b204e71-e18a-47f9-8da6-c4c6e4b8be92,PAR-033,CIC-2026-PV,2026-09-04,2026-09-06,24.43,6.39,4.409,18.81,Alta,MILPIN-v2.0,aceptada,0.0,0.0,0.0,Alta,Aspersion -> Goteo,0.79,0.88,Balance hidrico acumulado indica deficit de 18.8 mm. Riego preventivo recomendado en 3 dias.
a7d1814f-0d58-4308-bb91-df2965557269,PAR-033,CIC-2026-PV,2026-07-31,2026-08-02,29.88,8.29,8.381,24.67,Media,MILPIN-v1.2,modificada,0.0,0.0,0.0,Media,Aspersion -> Goteo,0.87,0.9,FAO-56 detecta inicio etapa media con Kc=1.01. Incrementar lamina un 0% respecto evento anterior.
7bc38d4e-ed78-41a4-b2dc-a11cbbbfa967,PAR-033,CIC-2026-PV,2026-03-23,2026-03-25,18.81,6.02,2.288,13.65,Media,MILPIN-v2.0,aceptada,0.0,0.0,0.0,Baja,Gravedad -> Goteo,0.77,0.94,Patron historico + indices climaticos: riego optimo en 4 dias evita estres hidrico en etapa Inicial.
2d43007a-35fd-47e7-815b-fc23958c3514,PAR-033,CIC-2026-PV,2026-07-12,2026-07-15,33.68,7.97,9.325,24.89,Alta,MILPIN-v2.0,aceptada,0.0,0.0,0.0,Media,Aspersion -> Goteo,0.78,0.82,Score optimizacion 0.78: migracion Aspersion -> Goteo proyecta ahorro 0% consumo anual con payback < 2 ciclos.
92bdfea8-b8bc-4e31-a43d-b566c9a51fd4,PAR-033,CIC-2026-PV,2026-08-18,2026-08-20,25.59,7.84,6.593,17.36,Baja,MILPIN-v1.2,aceptada,0.0,0.0,0.0,Alta,Microaspersion -> Goteo,0.82,0.94,FAO-56 detecta inicio etapa media con Kc=0.84. Incrementar lamina un 0% respecto evento anterior.
c7141af3-e15b-44a9-af86-72674100daef,PAR-033,CIC-2026-PV,2026-03-29,2026-03-31,23.57,5.7,2.166,20.51,Baja,MILPIN-v1.2,aceptada,0.0,0.0,0.0,Media,Microaspersion -> Goteo,0.78,0.83,Optimizacion turno nocturno 22-06 h: reduce evaporacion estimada 12-15%. Deficit actual 20.5 mm.
be69f6f3-f6ec-483a-855a-1ccb34031730,PAR-033,CIC-2026-PV,2026-04-28,2026-05-03,17.56,7.69,6.583,13.39,Baja,MILPIN-v2.0,aceptada,0.0,0.0,0.0,Baja,Mantener sistema actual,0.8,0.87,Score optimizacion 0.80: migracion Mantener sistema actual proyecta ahorro 0% consumo anual con payback < 2 ciclos.
b4e2da12-ebdd-4ea2-a248-ecf7920201e8,PAR-034,CIC-2025-PV,2025-09-02,2025-09-03,23.37,6.83,6.352,17.74,Baja,MILPIN-v2.0,rechazada,1277.4,2146.03,394.21,Alta,Microaspersion -> Goteo,0.66,0.58,FAO-56 detecta inicio etapa media con Kc=0.93. Incrementar lamina un 28% respecto evento anterior.
c72ad1bd-44ca-4e58-bfae-0c7d33e18e7c,PAR-034,CIC-2025-PV,2025-04-30,2025-05-05,23.69,7.75,7.982,18.51,Media,MILPIN-v2.0,modificada,1296.6,2178.29,400.13,Alta,Gravedad -> Goteo,0.53,0.6,ETo proyectada 7.8 mm/dia (horizonte 7 dias). Kc=1.03 etapa Desarrollo. Aplicar lamina 24 mm.
8d4faeef-864a-4592-91c2-740a7ebde4c9,PAR-034,CIC-2025-PV,2025-10-01,2025-10-04,15.17,4.78,4.445,7.92,Media,MILPIN-v2.0,sin_respuesta,829.4,1393.39,255.95,Alta,Gravedad -> Microaspersion,0.38,0.5,Patron historico + indices climaticos: riego optimo en 6 dias evita estres hidrico en etapa Final.
bc4cd6c6-e96a-4296-a4a9-2e52dc850fd7,PAR-034,CIC-2025-PV,2025-09-17,2025-09-18,10.78,6.66,6.194,7.34,Alta,MILPIN-v1.3,rechazada,588.8,989.18,181.7,Alta,Gravedad -> Goteo,0.39,0.56,Deficit acumulado 7.3 mm supera umbral critico. Riego urgente antes de 4 dias para evitar dano.
9c16ab71-578e-4e91-aa4d-c8af20d52e33,PAR-034,CIC-2025-PV,2025-04-25,2025-04-27,17.57,7.77,7.428,13.2,Alta,MILPIN-v1.3,aceptada,961.3,1614.98,296.66,Media,Gravedad -> Microaspersion,0.4,0.4,Balance hidrico acumulado indica deficit de 13.2 mm. Riego preventivo recomendado en 4 dias.
fbbefbaa-8507-4c59-97a3-475887ca4d8a,PAR-034,CIC-2025-OI,2026-04-14,2026-04-15,31.27,7.58,7.049,25.42,Alta,MILPIN-v2.0,modificada,1711.4,2875.15,528.14,Media,Microaspersion -> Goteo,0.61,0.5,ETo proyectada 7.6 mm/dia (horizonte 7 dias). Kc=0.93 etapa Final. Aplicar lamina 31 mm.
21311372-8614-4a1d-9532-fde1c0e89bfa,PAR-034,CIC-2025-OI,2026-01-16,2026-01-19,34.58,3.54,3.611,27.4,Baja,MILPIN-v1.2,aceptada,1891.8,3178.22,583.81,Media,Gravedad -> Microaspersion,0.55,0.53,ETo proyectada 3.5 mm/dia (horizonte 7 dias). Kc=1.02 etapa Media. Aplicar lamina 35 mm.
3d174678-5801-4ae4-a080-2322eaa01cb2,PAR-034,CIC-2025-OI,2026-01-11,2026-01-12,26.64,3.79,4.093,23.48,Baja,MILPIN-v1.2,sin_respuesta,1456.6,2447.09,449.51,Alta,Microaspersion -> Goteo,0.6,0.73,Balance hidrico acumulado indica deficit de 23.5 mm. Riego preventivo recomendado en 6 dias.
cf812957-aa35-48aa-ba21-5573e9161f29,PAR-034,CIC-2026-PV,2026-09-08,2026-09-13,19.35,6.26,5.697,10.75,Media,MILPIN-v1.2,aceptada,1058.6,1778.45,326.68,Baja,Aspersion -> Goteo,0.82,0.86,Deficit acumulado 10.8 mm supera umbral critico. Riego urgente antes de 3 dias para evitar dano.
2fe7211a-d743-493a-a580-4b2c3faa6173,PAR-034,CIC-2026-PV,2026-09-29,2026-10-03,17.4,6.6,5.874,8.92,Alta,MILPIN-v1.3,modificada,952.3,1599.86,293.88,Media,Mantener sistema actual,0.81,0.87,Deficit acumulado 8.9 mm supera umbral critico. Riego urgente antes de 3 dias para evitar dano.
2d092a9a-2f36-435a-a7cd-a095d4f5de7b,PAR-034,CIC-2026-PV,2026-07-30,2026-07-31,22.05,7.66,7.047,18.08,Media,MILPIN-v1.2,rechazada,1205.8,2025.74,372.11,Baja,Microaspersion -> Goteo,0.94,0.89,Score optimizacion 0.94: migracion Microaspersion -> Goteo proyecta ahorro 28% consumo anual con payback < 2 ciclos.
61f7de06-41ba-4f4c-af0b-ca1a621231bd,PAR-034,CIC-2026-PV,2026-08-13,2026-08-17,11.68,7.29,6.269,8.35,Media,MILPIN-v1.2,aceptada,638.7,1073.02,197.1,Media,Mantener sistema actual,0.92,0.85,Deficit acumulado 8.3 mm supera umbral critico. Riego urgente antes de 5 dias para evitar dano.
8458d8de-7a2b-4c87-8413-58fafa4c2ec7,PAR-034,CIC-2026-PV,2026-09-28,2026-09-30,13.78,6.81,6.129,8.33,Alta,MILPIN-v1.2,aceptada,753.9,1266.55,232.65,Baja,Mantener sistema actual,0.89,0.78,Deficit acumulado 8.3 mm supera umbral critico. Riego urgente antes de 2 dias para evitar dano.
36b32af0-884e-4f51-b4bc-f8ec801a5088,PAR-034,CIC-2026-PV,2026-07-16,2026-07-20,14.82,7.92,6.811,11.62,Media,MILPIN-v1.3,rechazada,810.2,1361.14,250.03,Media,Gravedad -> Microaspersion,0.78,0.93,Patron historico + indices climaticos: riego optimo en 4 dias evita estres hidrico en etapa Final.
fd330425-c722-48a8-b4a0-e7f882bf6396,PAR-034,CIC-2026-PV,2026-09-27,2026-10-01,20.87,6.57,6.044,12.84,Baja,MILPIN-v1.3,aceptada,1141.8,1918.22,352.36,Media,Mantener sistema actual,0.87,0.94,FAO-56 detecta inicio etapa media con Kc=0.92. Incrementar lamina un 28% respecto evento anterior.
2fccf4a0-4871-4b2d-8fc5-1cb453c69258,PAR-034,CIC-2026-PV,2026-08-29,2026-09-01,21.34,7.22,6.354,13.95,Media,MILPIN-v1.3,aceptada,1167.4,1961.23,360.26,Baja,Mantener sistema actual,0.77,0.93,Optimizacion turno nocturno 22-06 h: reduce evaporacion estimada 12-15%. Deficit actual 13.9 mm.
7b3aabe0-9b9a-4bf3-966a-8319d6a6be30,PAR-034,CIC-2026-PV,2026-06-11,2026-06-14,34.82,9.34,9.602,27.46,Alta,MILPIN-v2.0,aceptada,1904.6,3199.73,587.76,Alta,Aspersion -> Goteo,0.88,0.79,Score optimizacion 0.88: migracion Aspersion -> Goteo proyecta ahorro 28% consumo anual con payback < 2 ciclos.
1746aeb8-4a80-4382-941c-05baca89d2c8,PAR-034,CIC-2026-PV,2026-03-28,2026-03-29,20.85,6.26,4.044,17.79,Baja,MILPIN-v1.2,aceptada,1140.5,1916.04,351.96,Alta,Gravedad -> Goteo,0.79,0.93,Optimizacion turno nocturno 22-06 h: reduce evaporacion estimada 12-15%. Deficit actual 17.8 mm.
215247b6-82c2-4713-81ea-9c065752e300,PAR-035,CIC-2025-PV,2025-04-28,2025-05-01,20.86,7.65,6.059,10.9,Alta,MILPIN-v1.3,rechazada,1229.6,2065.73,379.45,Alta,Aspersion -> Goteo,0.44,0.76,FAO-56 detecta inicio etapa media con Kc=0.79. Incrementar lamina un 28% respecto evento anterior.
d85d65d7-15a5-4693-9265-ec39590819ba,PAR-035,CIC-2025-PV,2025-08-03,2025-08-04,31.51,7.72,6.408,21.81,Media,MILPIN-v1.2,aceptada,1858.9,3122.95,573.66,Baja,Gravedad -> Goteo,0.53,0.55,Patron historico + indices climaticos: riego optimo en 5 dias evita estres hidrico en etapa Media.
27995491-9064-492e-ac2c-0d94af858150,PAR-035,CIC-2025-PV,2025-03-20,2025-03-25,25.88,5.8,1.682,20.12,Media,MILPIN-v1.3,aceptada,1526.3,2564.18,471.02,Media,Microaspersion -> Goteo,0.65,0.59,Deficit acumulado 20.1 mm supera umbral critico. Riego urgente antes de 6 dias para evitar dano.
2efb1b60-6b62-4f99-b119-310d3509d00f,PAR-035,CIC-2025-OI,2026-04-19,2026-04-21,32.38,7.27,6.172,22.81,Media,MILPIN-v1.2,rechazada,1909.9,3208.63,589.4,Baja,Aspersion -> Goteo,0.66,0.45,Balance hidrico acumulado indica deficit de 22.8 mm. Riego preventivo recomendado en 6 dias.
2ac83de2-3e10-4e9c-8526-5038bd8413d1,PAR-035,CIC-2025-OI,2025-12-19,2025-12-21,21.62,3.0,2.49,15.05,Baja,MILPIN-v2.0,rechazada,1275.1,2142.17,393.5,Media,Microaspersion -> Goteo,0.43,0.58,Patron historico + indices climaticos: riego optimo en 5 dias evita estres hidrico en etapa Desarrollo.
951fbe15-f490-4d7b-9f54-1ab258866a3b,PAR-035,CIC-2025-OI,2026-03-02,2026-03-03,19.31,5.93,5.1,12.45,Alta,MILPIN-v1.2,rechazada,1138.5,1912.68,351.34,Alta,Mantener sistema actual,0.43,0.48,FAO-56 detecta inicio etapa media con Kc=0.86. Incrementar lamina un 28% respecto evento anterior.
340251bd-b6e9-4034-8b44-30cf83086b97,PAR-035,CIC-2025-OI,2025-12-23,2025-12-26,25.26,2.91,2.503,15.98,Alta,MILPIN-v1.3,modificada,1489.0,2501.52,459.51,Baja,Mantener sistema actual,0.55,0.65,Patron historico + indices climaticos: riego optimo en 6 dias evita estres hidrico en etapa Media.
5c6ea0bd-4b14-4926-9d23-66757862e814,PAR-035,CIC-2025-OI,2026-04-24,2026-04-28,28.71,7.21,5.919,20.77,Baja,MILPIN-v1.3,rechazada,1693.3,2844.74,522.55,Alta,Aspersion -> Goteo,0.58,0.58,Patron historico + indices climaticos: riego optimo en 5 dias evita estres hidrico en etapa Final.
5703fe90-da3d-4d2f-986a-dff2c3e34894,PAR-035,CIC-2025-OI,2026-04-09,2026-04-10,20.1,7.58,6.595,14.76,Alta,MILPIN-v1.2,aceptada,1185.4,1991.47,365.81,Baja,Gravedad -> Microaspersion,0.62,0.53,FAO-56 detecta inicio etapa media con Kc=0.87. Incrementar lamina un 28% respecto evento anterior.
d151f2f6-9f69-4577-85cc-620cf0f1c5cc,PAR-035,CIC-2026-PV,2026-06-26,2026-07-01,31.01,8.82,7.585,21.62,Media,MILPIN-v1.2,aceptada,1828.5,3071.88,564.28,Media,Aspersion -> Goteo,0.8,0.96,Score optimizacion 0.80: migracion Aspersion -> Goteo proyecta ahorro 28% consumo anual con payback < 2 ciclos.
ed0ea238-e02d-45ce-8dd5-6995cd5b674b,PAR-035,CIC-2026-PV,2026-09-22,2026-09-24,28.97,6.21,3.689,21.94,Alta,MILPIN-v2.0,aceptada,1708.4,2870.11,527.21,Baja,Mantener sistema actual,0.94,0.78,Score optimizacion 0.94: migracion Mantener sistema actual proyecta ahorro 28% consumo anual con payback < 2 ciclos.
758055ee-3164-4655-a495-26713601e116,PAR-035,CIC-2026-PV,2026-04-30,2026-05-03,21.9,7.57,6.586,16.03,Media,MILPIN-v2.0,aceptada,1291.7,2170.06,398.62,Baja,Gravedad -> Goteo,0.9,0.88,Score optimizacion 0.90: migracion Gravedad -> Goteo proyecta ahorro 28% consumo anual con payback < 2 ciclos.
78e28132-0708-4d4a-999f-357849a2c87b,PAR-035,CIC-2026-PV,2026-03-14,2026-03-17,32.8,5.79,1.505,25.93,Media,MILPIN-v2.0,aceptada,1934.8,3250.46,597.08,Media,Aspersion -> Goteo,0.93,0.94,Score optimizacion 0.93: migracion Aspersion -> Goteo proyecta ahorro 28% consumo anual con payback < 2 ciclos.
0c4c4b8b-ecfc-45db-ae4d-8301d55ee8dd,PAR-035,CIC-2026-PV,2026-06-16,2026-06-20,16.93,8.89,7.29,11.01,Media,MILPIN-v1.3,aceptada,999.1,1678.49,308.32,Baja,Mantener sistema actual,0.76,0.8,Patron historico + indices climaticos: riego optimo en 5 dias evita estres hidrico en etapa Media.
4042dc11-22f1-4e34-893c-b7fefca26311,PAR-035,CIC-2026-PV,2026-10-03,2026-10-07,15.53,4.75,2.185,8.13,Baja,MILPIN-v1.2,rechazada,914.9,1537.03,282.34,Baja,Mantener sistema actual,0.89,0.83,Balance hidrico acumulado indica deficit de 8.1 mm. Riego preventivo recomendado en 6 dias.
c45e8c52-8860-40fd-bad6-076392d000c0,PAR-035,CIC-2026-PV,2026-08-29,2026-08-31,19.14,7.72,6.631,13.03,Media,MILPIN-v1.3,aceptada,1128.8,1896.38,348.35,Media,Gravedad -> Goteo,0.91,0.9,Balance hidrico acumulado indica deficit de 13.0 mm. Riego preventivo recomendado en 3 dias.
7fae69d3-f388-4c7f-b273-2036d2e0a10c,PAR-035,CIC-2026-PV,2026-09-06,2026-09-08,26.67,6.75,5.042,20.49,Alta,MILPIN-v1.2,modificada,1573.2,2642.98,485.49,Baja,Aspersion -> Goteo,0.74,0.87,FAO-56 detecta inicio etapa media con Kc=0.75. Incrementar lamina un 28% respecto evento anterior.
b0118d3d-df0c-4d01-a7d7-ddada3bac1a4,PAR-036,CIC-2025-PV,2025-06-15,2025-06-19,25.23,8.84,7.602,22.21,Media,MILPIN-v2.0,rechazada,3183.0,5347.44,982.27,Baja,Gravedad -> Microaspersion,0.33,0.68,Deficit acumulado 22.2 mm supera umbral critico. Riego urgente antes de 2 dias para evitar dano.
569c9a09-d6f8-4dae-83c0-3194dd2ff22e,PAR-036,CIC-2025-PV,2025-07-29,2025-07-30,21.71,7.7,6.622,16.12,Alta,MILPIN-v1.2,aceptada,2737.6,4599.17,844.82,Media,Gravedad -> Microaspersion,0.43,0.64,Score optimizacion 0.43: migracion Gravedad -> Microaspersion proyecta ahorro 28% consumo anual con payback < 2 ciclos.
30eaab74-f4e8-48b1-b094-2ab6d73b3d46,PAR-036,CIC-2025-PV,2025-04-27,2025-04-28,24.09,7.34,5.865,17.45,Alta,MILPIN-v1.3,modificada,3035.6,5099.81,936.79,Media,Mantener sistema actual,0.62,0.47,FAO-56 detecta inicio etapa media con Kc=0.80. Incrementar lamina un 28% respecto evento anterior.
507a57f2-3eef-465d-b45f-b0d451d6b1e1,PAR-036,CIC-2025-PV,2025-06-25,2025-06-28,32.02,8.87,7.451,25.65,Media,MILPIN-v1.3,rechazada,4035.6,6779.81,1245.39,Baja,Aspersion -> Goteo,0.55,0.5,ETo proyectada 8.9 mm/dia (horizonte 7 dias). Kc=0.84 etapa Media. Aplicar lamina 32 mm.
d9ded512-ca66-42af-8fd9-619073b887cd,PAR-036,CIC-2025-PV,2025-07-04,2025-07-08,27.64,8.25,6.765,23.42,Media,MILPIN-v2.0,aceptada,3484.0,5853.12,1075.16,Alta,Gravedad -> Goteo,0.54,0.38,Patron historico + indices climaticos: riego optimo en 5 dias evita estres hidrico en etapa Media.
9e1fc7e2-36d6-4d52-a3e9-1acb869c49f7,PAR-036,CIC-2025-OI,2025-11-22,2025-11-25,25.69,3.87,1.776,15.73,Media,MILPIN-v1.2,modificada,3239.1,5441.69,999.59,Media,Microaspersion -> Goteo,0.68,0.42,Score optimizacion 0.68: migracion Microaspersion -> Goteo proyecta ahorro 28% consumo anual con payback < 2 ciclos.
3059703f-82b0-46fd-b859-89bf0316c861,PAR-036,CIC-2025-OI,2026-03-31,2026-04-03,30.41,5.7,4.731,25.57,Alta,MILPIN-v1.3,rechazada,3832.1,6437.93,1182.59,Alta,Mantener sistema actual,0.45,0.43,Patron historico + indices climaticos: riego optimo en 4 dias evita estres hidrico en etapa Media.
12137146-c4ae-462e-ac71-251b3a6548ae,PAR-036,CIC-2025-OI,2025-12-21,2025-12-24,24.74,3.53,2.93,19.58,Media,MILPIN-v1.2,rechazada,3118.2,5238.58,962.28,Alta,Mantener sistema actual,0.57,0.5,ETo proyectada 3.5 mm/dia (horizonte 7 dias). Kc=0.83 etapa Media. Aplicar lamina 25 mm.
5f04795b-c455-469d-9956-6bd9d5b13765,PAR-036,CIC-2025-OI,2026-03-11,2026-03-14,13.84,5.89,5.242,5.41,Media,MILPIN-v1.3,modificada,1743.4,2928.91,538.01,Media,Mantener sistema actual,0.64,0.68,Score optimizacion 0.64: migracion Mantener sistema actual proyecta ahorro 28% consumo anual con payback < 2 ciclos.
bf533545-f9d3-49d8-b0bf-2cb6a9ded856,PAR-036,CIC-2025-OI,2026-03-02,2026-03-03,17.86,5.93,5.1,8.57,Alta,MILPIN-v1.2,rechazada,2253.8,3786.38,695.52,Alta,Aspersion -> Goteo,0.56,0.73,ETo proyectada 5.9 mm/dia (horizonte 7 dias). Kc=0.86 etapa Media. Aplicar lamina 18 mm.
ceadf5ff-5e8b-446c-b3df-831cce25a092,PAR-036,CIC-2026-PV,2026-09-10,2026-09-13,20.46,6.36,4.458,15.7,Baja,MILPIN-v2.0,rechazada,654.9,1100.23,202.1,Media,Gravedad -> Microaspersion,0.83,0.97,Deficit acumulado 15.7 mm supera umbral critico. Riego urgente antes de 5 dias para evitar dano.
bf4795b3-1a04-4686-bab2-bdf1fb7bc128,PAR-036,CIC-2026-PV,2026-09-06,2026-09-08,18.27,6.24,4.911,13.03,Media,MILPIN-v1.3,aceptada,584.1,981.29,180.25,Alta,Gravedad -> Microaspersion,0.89,0.75,Deficit acumulado 13.0 mm supera umbral critico. Riego urgente antes de 4 dias para evitar dano.
cc547d92-6a12-4622-9b4a-52c12d103cb3,PAR-036,CIC-2026-PV,2026-04-06,2026-04-10,17.07,7.58,3.638,13.93,Baja,MILPIN-v1.2,aceptada,545.8,916.94,168.43,Media,Gravedad -> Goteo,0.73,0.88,Deficit acumulado 13.9 mm supera umbral critico. Riego urgente antes de 5 dias para evitar dano.
ed1b531a-69ff-487a-8883-abb9ce490bea,PAR-036,CIC-2026-PV,2026-07-01,2026-07-06,12.57,7.84,6.821,5.77,Media,MILPIN-v1.2,rechazada,401.2,674.02,123.81,Alta,Gravedad -> Goteo,0.85,0.78,Deficit acumulado 5.8 mm supera umbral critico. Riego urgente antes de 5 dias para evitar dano.
a1d17a83-1464-40a2-885a-808146f3b3f7,PAR-036,CIC-2026-PV,2026-09-13,2026-09-16,28.68,6.7,4.536,20.29,Media,MILPIN-v1.2,modificada,917.4,1541.23,283.11,Media,Aspersion -> Goteo,0.82,0.84,Patron historico + indices climaticos: riego optimo en 5 dias evita estres hidrico en etapa Final.
0f88260d-5fa6-4637-a274-fac39d392008,PAR-036,CIC-2026-PV,2026-08-25,2026-08-28,9.45,7.57,6.586,6.05,Baja,MILPIN-v1.3,aceptada,300.9,505.51,92.86,Alta,Aspersion -> Goteo,0.77,0.86,Score optimizacion 0.77: migracion Aspersion -> Goteo proyecta ahorro 9% consumo anual con payback < 2 ciclos.
aa3df32d-91ec-40cc-9601-a4b84472cb22,PAR-036,CIC-2026-PV,2026-09-14,2026-09-16,16.59,6.2,4.129,9.36,Media,MILPIN-v1.3,modificada,531.0,892.08,163.87,Baja,Mantener sistema actual,0.84,0.81,Patron historico + indices climaticos: riego optimo en 3 dias evita estres hidrico en etapa Final.
25e0d430-d4bf-45e2-af29-4b2326266058,PAR-036,CIC-2026-PV,2026-05-02,2026-05-05,24.15,8.69,7.386,18.06,Media,MILPIN-v2.0,modificada,772.9,1298.47,238.52,Alta,Gravedad -> Goteo,0.89,0.75,Deficit acumulado 18.1 mm supera umbral critico. Riego urgente antes de 3 dias para evitar dano.
2da1a785-2e65-4099-ba59-e3eaf77936cd,PAR-036,CIC-2026-PV,2026-08-23,2026-08-24,15.8,7.62,6.706,10.25,Alta,MILPIN-v1.3,aceptada,504.5,847.56,155.69,Alta,Gravedad -> Goteo,0.85,0.93,ETo proyectada 7.6 mm/dia (horizonte 7 dias). Kc=0.88 etapa Media. Aplicar lamina 16 mm.
874ea30b-5d4a-4867-a3ae-2a20746f6a42,PAR-036,CIC-2026-PV,2026-08-24,2026-08-28,33.24,7.66,6.358,23.62,Media,MILPIN-v2.0,rechazada,1064.9,1789.03,328.63,Alta,Mantener sistema actual,0.75,0.92,Patron historico + indices climaticos: riego optimo en 5 dias evita estres hidrico en etapa Media.
92ce7417-622f-4bef-8779-aba57ee21c09,PAR-037,CIC-2025-PV,2025-09-29,2025-10-01,27.49,6.82,2.455,23.33,Alta,MILPIN-v2.0,aceptada,4535.5,7619.64,1399.66,Media,Microaspersion -> Goteo,0.44,0.63,Balance hidrico acumulado indica deficit de 23.3 mm. Riego preventivo recomendado en 2 dias.
69f8c913-e545-47cc-b485-c7da4ed9eadf,PAR-037,CIC-2025-PV,2025-09-24,2025-09-29,33.06,6.83,2.459,24.39,Alta,MILPIN-v1.3,sin_respuesta,5454.2,9163.06,1683.17,Baja,Gravedad -> Microaspersion,0.61,0.53,Patron historico + indices climaticos: riego optimo en 4 dias evita estres hidrico en etapa Final.
97095ea3-f926-4e81-bb75-5f7c41cad9cc,PAR-037,CIC-2025-PV,2025-04-29,2025-05-01,20.91,7.72,8.801,11.44,Media,MILPIN-v1.3,aceptada,3450.8,5797.34,1064.92,Media,Gravedad -> Microaspersion,0.61,0.42,ETo proyectada 7.7 mm/dia (horizonte 7 dias). Kc=1.14 etapa Media. Aplicar lamina 21 mm.
4434b66f-08a4-4903-81b8-e09a212965b0,PAR-037,CIC-2025-OI,2026-03-04,2026-03-05,18.52,5.75,2.07,9.74,Media,MILPIN-v1.2,modificada,3053.3,5129.54,942.25,Baja,Microaspersion -> Goteo,0.55,0.42,FAO-56 detecta inicio etapa media con Kc=0.36. Incrementar lamina un 28% respecto evento anterior.
63435e34-db5a-4ff8-8bf1-5e6974a4c97e,PAR-037,CIC-2025-OI,2026-01-04,2026-01-08,24.59,3.33,3.963,20.43,Alta,MILPIN-v1.2,sin_respuesta,4056.9,6815.59,1251.96,Alta,Gravedad -> Microaspersion,0.52,0.48,Balance hidrico acumulado indica deficit de 20.4 mm. Riego preventivo recomendado en 4 dias.
01f35327-23c0-4c4e-af61-b65d7910117e,PAR-037,CIC-2025-OI,2025-12-11,2025-12-15,18.32,2.99,3.349,13.95,Alta,MILPIN-v2.0,rechazada,3018.5,5071.08,931.51,Alta,Microaspersion -> Goteo,0.47,0.71,Deficit acumulado 13.9 mm supera umbral critico. Riego urgente antes de 2 dias para evitar dano.
aeec9fa6-48b3-4a79-8ca7-f8050a49dca1,PAR-037,CIC-2025-OI,2026-02-09,2026-02-13,16.72,4.83,1.642,10.46,Media,MILPIN-v1.3,aceptada,2756.0,4630.08,850.5,Alta,Microaspersion -> Goteo,0.32,0.61,Deficit acumulado 10.5 mm supera umbral critico. Riego urgente antes de 2 dias para evitar dano.
3250905e-ce05-4300-9dd2-22b44d265b8e,PAR-037,CIC-2026-PV,2026-07-11,2026-07-13,30.21,8.03,2.489,24.45,Baja,MILPIN-v2.0,aceptada,1617.3,2717.06,499.1,Alta,Aspersion -> Goteo,0.84,0.81,ETo proyectada 8.0 mm/dia (horizonte 7 dias). Kc=0.31 etapa Final. Aplicar lamina 30 mm.
76af4297-5880-4f9c-8714-6149bc28befc,PAR-037,CIC-2026-PV,2026-06-13,2026-06-16,16.91,9.21,3.316,10.9,Alta,MILPIN-v1.2,aceptada,907.1,1523.93,279.93,Media,Aspersion -> Goteo,0.74,0.88,Deficit acumulado 10.9 mm supera umbral critico. Riego urgente antes de 6 dias para evitar dano.
b22014e4-e6cd-43ca-ae4a-c41464dfff3c,PAR-037,CIC-2026-PV,2026-09-22,2026-09-25,35.24,6.55,2.423,27.2,Alta,MILPIN-v2.0,rechazada,1887.5,3171.0,582.48,Alta,Gravedad -> Goteo,0.78,0.89,Patron historico + indices climaticos: riego optimo en 6 dias evita estres hidrico en etapa Final.
42a8475d-217c-4d8c-87f5-d04d5e8a11a8,PAR-037,CIC-2026-PV,2026-04-06,2026-04-11,21.55,7.75,5.968,17.85,Media,MILPIN-v1.2,aceptada,1158.0,1945.44,357.36,Alta,Gravedad -> Goteo,0.86,0.87,FAO-56 detecta inicio etapa media con Kc=0.77. Incrementar lamina un 11% respecto evento anterior.
117f0b29-6bc8-4d1c-97a7-23f34f84d82e,PAR-037,CIC-2026-PV,2026-05-30,2026-06-01,33.83,8.32,5.99,25.73,Baja,MILPIN-v1.3,rechazada,1814.2,3047.86,559.86,Baja,Aspersion -> Goteo,0.76,0.82,Balance hidrico acumulado indica deficit de 25.7 mm. Riego preventivo recomendado en 3 dias.
e21c5cba-1915-44a9-b128-15eea34b0212,PAR-038,CIC-2025-PV,2025-07-24,2025-07-29,20.82,8.2,8.93,16.83,Baja,MILPIN-v2.0,sin_respuesta,1637.6,2751.17,505.36,Media,Mantener sistema actual,0.4,0.61,Score optimizacion 0.40: migracion Mantener sistema actual proyecta ahorro 28% consumo anual con payback < 2 ciclos.
50dea5fe-968a-4e89-bf3d-a045d6676505,PAR-038,CIC-2025-PV,2025-04-24,2025-04-29,18.01,7.15,5.491,13.33,Alta,MILPIN-v1.2,sin_respuesta,1416.8,2380.22,437.22,Baja,Gravedad -> Microaspersion,0.5,0.7,Optimizacion turno nocturno 22-06 h: reduce evaporacion estimada 12-15%. Deficit actual 13.3 mm.
b38486d9-b763-4e64-9530-ccd743e2cd44,PAR-038,CIC-2025-PV,2025-09-02,2025-09-05,27.02,6.76,4.529,21.89,Media,MILPIN-v1.3,sin_respuesta,2125.2,3570.34,655.84,Media,Aspersion -> Goteo,0.38,0.67,Optimizacion turno nocturno 22-06 h: reduce evaporacion estimada 12-15%. Deficit actual 21.9 mm.
34eeefc7-4ad1-4969-8936-19d7cd513939,PAR-038,CIC-2025-OI,2026-03-18,2026-03-23,32.62,5.8,5.823,23.58,Baja,MILPIN-v1.3,rechazada,2565.0,4309.2,791.56,Media,Gravedad -> Goteo,0.51,0.57,Balance hidrico acumulado indica deficit de 23.6 mm. Riego preventivo recomendado en 3 dias.
015ae41d-fef6-4322-8105-458cf799aae2,PAR-038,CIC-2025-OI,2026-03-02,2026-03-06,15.89,6.28,7.724,11.98,Alta,MILPIN-v1.2,sin_respuesta,1249.4,2098.99,385.56,Baja,Microaspersion -> Goteo,0.32,0.65,Optimizacion turno nocturno 22-06 h: reduce evaporacion estimada 12-15%. Deficit actual 12.0 mm.
ee9c2614-c8f0-437a-b58a-4f395e7bf6e1,PAR-038,CIC-2025-OI,2026-04-04,2026-04-09,22.22,7.3,6.322,15.31,Alta,MILPIN-v1.2,aceptada,1746.2,2933.62,538.88,Alta,Microaspersion -> Goteo,0.61,0.59,Score optimizacion 0.61: migracion Microaspersion -> Goteo proyecta ahorro 28% consumo anual con payback < 2 ciclos.
2b1a5b2c-ccc5-45e3-b96d-0bf49cd4fba6,PAR-038,CIC-2025-OI,2026-02-01,2026-02-04,35.85,4.38,5.168,26.95,Media,MILPIN-v1.3,sin_respuesta,2818.9,4735.75,869.91,Alta,Aspersion -> Goteo,0.49,0.68,Deficit acumulado 26.9 mm supera umbral critico. Riego urgente antes de 2 dias para evitar dano.
d828c6ce-c4d0-4620-8548-1994b313ca81,PAR-038,CIC-2025-OI,2025-11-05,2025-11-07,31.44,3.63,1.198,23.2,Baja,MILPIN-v1.2,modificada,2473.0,4154.64,763.17,Media,Gravedad -> Microaspersion,0.67,0.55,Balance hidrico acumulado indica deficit de 23.2 mm. Riego preventivo recomendado en 4 dias.
5b2aa52d-31b1-46f9-8857-038c6bd820bf,PAR-038,CIC-2025-OI,2026-03-12,2026-03-15,26.4,6.25,7.131,18.49,Alta,MILPIN-v1.2,sin_respuesta,2077.4,3490.03,641.09,Media,Gravedad -> Goteo,0.4,0.66,Patron historico + indices climaticos: riego optimo en 4 dias evita estres hidrico en etapa Final.
4aef4e67-afb8-4eea-8ca6-a584d82dbac6,PAR-038,CIC-2026-PV,2026-04-16,2026-04-20,33.76,7.57,4.406,24.52,Baja,MILPIN-v1.2,aceptada,0.0,0.0,0.0,Alta,Microaspersion -> Goteo,0.93,0.87,Balance hidrico acumulado indica deficit de 24.5 mm. Riego preventivo recomendado en 2 dias.
9e385640-6378-4be3-9553-a62796eed695,PAR-038,CIC-2026-PV,2026-07-07,2026-07-12,20.37,7.86,9.432,15.34,Media,MILPIN-v1.3,rechazada,0.0,0.0,0.0,Baja,Microaspersion -> Goteo,0.83,0.84,ETo proyectada 7.9 mm/dia (horizonte 7 dias). Kc=1.20 etapa Media. Aplicar lamina 20 mm.
aa6218a2-1bbd-408c-aac0-159ae4147e97,PAR-038,CIC-2026-PV,2026-07-31,2026-08-02,34.46,7.89,7.819,26.7,Media,MILPIN-v1.3,rechazada,0.0,0.0,0.0,Baja,Microaspersion -> Goteo,0.87,0.87,Score optimizacion 0.87: migracion Microaspersion -> Goteo proyecta ahorro 0% consumo anual con payback < 2 ciclos.
420ffde8-dee2-4d55-a352-1182ee46b244,PAR-038,CIC-2026-PV,2026-06-20,2026-06-21,25.75,8.92,10.972,18.57,Media,MILPIN-v1.3,modificada,0.0,0.0,0.0,Baja,Aspersion -> Goteo,0.89,0.96,ETo proyectada 8.9 mm/dia (horizonte 7 dias). Kc=1.23 etapa Media. Aplicar lamina 26 mm.
e107322a-03b2-494a-82e8-4d5f8108e3a2,PAR-038,CIC-2026-PV,2026-07-05,2026-07-06,34.54,8.25,9.982,25.31,Media,MILPIN-v1.3,aceptada,0.0,0.0,0.0,Alta,Mantener sistema actual,0.73,0.83,Score optimizacion 0.73: migracion Mantener sistema actual proyecta ahorro 0% consumo anual con payback < 2 ciclos.
69f7adef-f5c1-4e26-ac5a-509fbbd66e3c,PAR-038,CIC-2026-PV,2026-06-10,2026-06-12,33.88,9.06,10.872,25.22,Alta,MILPIN-v1.2,modificada,0.0,0.0,0.0,Alta,Microaspersion -> Goteo,0.91,0.76,FAO-56 detecta inicio etapa media con Kc=1.20. Incrementar lamina un 0% respecto evento anterior.
8046c6c2-8168-4364-abbd-3a70b5dc3044,PAR-038,CIC-2026-PV,2026-07-25,2026-07-30,29.09,7.78,8.309,23.24,Media,MILPIN-v1.2,modificada,0.0,0.0,0.0,Alta,Aspersion -> Goteo,0.76,0.89,Deficit acumulado 23.2 mm supera umbral critico. Riego urgente antes de 3 dias para evitar dano.
4cd66c40-8cba-407e-b92c-effc0e98b732,PAR-039,CIC-2025-PV,2025-04-30,2025-05-05,14.6,7.31,6.36,11.44,Baja,MILPIN-v2.0,rechazada,1666.1,2799.05,514.16,Alta,Microaspersion -> Goteo,0.33,0.65,FAO-56 detecta inicio etapa media con Kc=0.87. Incrementar lamina un 28% respecto evento anterior.
008ed89b-7c29-4e81-ab0b-1a5cf85bf651,PAR-039,CIC-2025-PV,2025-08-27,2025-08-28,13.39,7.39,5.18,8.0,Media,MILPIN-v1.3,rechazada,1527.2,2565.7,471.29,Alta,Gravedad -> Goteo,0.62,0.53,Optimizacion turno nocturno 22-06 h: reduce evaporacion estimada 12-15%. Deficit actual 8.0 mm.
072b0d4d-1bc0-4b87-91a0-e193a77abf29,PAR-039,CIC-2025-PV,2025-07-07,2025-07-08,31.4,7.92,9.187,26.62,Media,MILPIN-v1.2,sin_respuesta,3583.1,6019.61,1105.74,Baja,Gravedad -> Microaspersion,0.43,0.59,Balance hidrico acumulado indica deficit de 26.6 mm. Riego preventivo recomendado en 3 dias.
77bc1298-3080-4d96-a280-f25c593c7757,PAR-039,CIC-2025-PV,2025-08-14,2025-08-19,23.07,7.33,6.421,13.33,Alta,MILPIN-v1.3,sin_respuesta,2632.6,4422.77,812.42,Alta,Microaspersion -> Goteo,0.32,0.58,Score optimizacion 0.32: migracion Microaspersion -> Goteo proyecta ahorro 28% consumo anual con payback < 2 ciclos.
d5c3cb50-d51d-4d6b-b1af-17c8ac7579aa,PAR-039,CIC-2025-OI,2026-01-18,2026-01-19,33.73,3.75,4.5,26.88,Media,MILPIN-v2.0,modificada,3847.5,6463.8,1187.34,Alta,Gravedad -> Goteo,0.47,0.55,Deficit acumulado 26.9 mm supera umbral critico. Riego urgente antes de 3 dias para evitar dano.
c48f234a-b696-46ca-ba16-4c692e07b685,PAR-039,CIC-2025-OI,2025-12-07,2025-12-08,25.36,2.9,1.844,16.05,Media,MILPIN-v2.0,aceptada,2894.3,4862.42,893.18,Baja,Microaspersion -> Goteo,0.66,0.75,Optimizacion turno nocturno 22-06 h: reduce evaporacion estimada 12-15%. Deficit actual 16.1 mm.
aed304d8-65ad-45ba-8fb1-1eede34a7c4e,PAR-039,CIC-2025-OI,2025-11-27,2025-12-02,26.98,3.85,1.948,22.86,Media,MILPIN-v1.3,sin_respuesta,3078.5,5171.88,950.03,Baja,Gravedad -> Microaspersion,0.63,0.57,Score optimizacion 0.63: migracion Gravedad -> Microaspersion proyecta ahorro 28% consumo anual con payback < 2 ciclos.
99b665d9-beb8-4402-920b-64d0489f217a,PAR-039,CIC-2025-OI,2026-01-25,2026-01-29,23.57,3.72,4.352,15.9,Alta,MILPIN-v2.0,rechazada,2688.7,4517.02,829.73,Alta,Aspersion -> Goteo,0.48,0.49,Optimizacion turno nocturno 22-06 h: reduce evaporacion estimada 12-15%. Deficit actual 15.9 mm.
f3695757-49aa-4f99-ab1a-7ef7136fb23e,PAR-039,CIC-2025-OI,2026-02-22,2026-02-23,12.64,4.21,4.884,5.95,Alta,MILPIN-v2.0,rechazada,1444.5,2426.76,445.77,Media,Aspersion -> Goteo,0.38,0.64,Balance hidrico acumulado indica deficit de 6.0 mm. Riego preventivo recomendado en 2 dias.
cbe63f8d-3f3f-4683-9279-ca4194180ce1,PAR-039,CIC-2026-PV,2026-05-21,2026-05-24,17.82,8.2,10.168,11.33,Baja,MILPIN-v1.2,aceptada,2034.5,3417.96,627.85,Media,Gravedad -> Microaspersion,0.74,0.94,Patron historico + indices climaticos: riego optimo en 5 dias evita estres hidrico en etapa Media.
38d13484-60d4-416e-88cd-aa6a93c020d7,PAR-039,CIC-2026-PV,2026-05-26,2026-05-27,22.09,8.4,10.248,14.33,Media,MILPIN-v2.0,aceptada,2520.5,4234.44,777.83,Media,Microaspersion -> Goteo,0.92,0.8,Patron historico + indices climaticos: riego optimo en 2 dias evita estres hidrico en etapa Media.
ec04b7ea-738f-47d4-a823-7bd93c167628,PAR-039,CIC-2026-PV,2026-05-19,2026-05-24,16.65,8.71,10.565,9.64,Media,MILPIN-v2.0,aceptada,1901.0,3193.68,586.65,Baja,Mantener sistema actual,0.75,0.96,Patron historico + indices climaticos: riego optimo en 3 dias evita estres hidrico en etapa Desarrollo.
1cf336eb-3208-43aa-bacc-bd333b343163,PAR-039,CIC-2026-PV,2026-08-17,2026-08-18,30.23,7.71,6.261,24.88,Media,MILPIN-v2.0,modificada,3449.6,5795.33,1064.55,Baja,Gravedad -> Microaspersion,0.75,0.78,FAO-56 detecta inicio etapa media con Kc=0.81. Incrementar lamina un 28% respecto evento anterior.
f990b4d4-1a57-4106-ab1f-279ccd795a31,PAR-039,CIC-2026-PV,2026-03-31,2026-04-05,21.45,5.65,2.034,13.39,Baja,MILPIN-v1.2,aceptada,2448.4,4113.31,755.58,Media,Aspersion -> Goteo,0.96,0.85,Optimizacion turno nocturno 22-06 h: reduce evaporacion estimada 12-15%. Deficit actual 13.4 mm.
89005456-5f89-4d0a-9bbe-8785c8925b02,PAR-039,CIC-2026-PV,2026-03-24,2026-03-29,24.78,5.73,1.834,17.93,Alta,MILPIN-v1.2,rechazada,2827.5,4750.2,872.57,Media,Mantener sistema actual,0.77,0.77,Score optimizacion 0.77: migracion Mantener sistema actual proyecta ahorro 28% consumo anual con payback < 2 ciclos.
86c3f1f3-f83e-43c0-94a2-ec335a19aa23,PAR-039,CIC-2026-PV,2026-07-31,2026-08-02,23.78,8.06,8.31,16.63,Baja,MILPIN-v1.3,aceptada,2712.7,4557.34,837.14,Alta,Gravedad -> Microaspersion,0.95,0.86,Balance hidrico acumulado indica deficit de 16.6 mm. Riego preventivo recomendado en 2 dias.
6c11df2c-d3c7-4f39-8fd7-fca09e19dd75,PAR-040,CIC-2025-PV,2025-03-27,2025-03-30,32.06,6.33,2.488,25.79,Alta,MILPIN-v2.0,sin_respuesta,712.4,1196.83,219.85,Media,Gravedad -> Microaspersion,0.58,0.55,FAO-56 detecta inicio etapa media con Kc=0.39. Incrementar lamina un 28% respecto evento anterior.
5b0825ed-1c6c-4721-afc8-2336f1034a87,PAR-040,CIC-2025-PV,2025-10-03,2025-10-05,15.21,4.76,2.19,8.0,Alta,MILPIN-v1.3,rechazada,338.0,567.84,104.31,Alta,Mantener sistema actual,0.58,0.59,Deficit acumulado 8.0 mm supera umbral critico. Riego urgente antes de 5 dias para evitar dano.
25b3b6ff-f5fd-4497-a2c4-3da009892bb6,PAR-040,CIC-2025-PV,2025-09-16,2025-09-20,17.21,6.47,4.225,8.95,Baja,MILPIN-v2.0,rechazada,382.7,642.94,118.1,Media,Gravedad -> Microaspersion,0.4,0.62,Patron historico + indices climaticos: riego optimo en 6 dias evita estres hidrico en etapa Final.
4ef30618-7f81-49dd-a8f1-99bd51420e04,PAR-040,CIC-2025-PV,2025-04-17,2025-04-22,21.32,7.41,5.269,15.96,Baja,MILPIN-v2.0,rechazada,473.7,795.82,146.18,Alta,Gravedad -> Goteo,0.44,0.65,Optimizacion turno nocturno 22-06 h: reduce evaporacion estimada 12-15%. Deficit actual 16.0 mm.
7c7b890b-7228-4d77-af20-fd04e05ab985,PAR-040,CIC-2025-PV,2025-09-17,2025-09-19,10.51,6.52,3.919,5.43,Alta,MILPIN-v1.3,rechazada,233.5,392.28,72.06,Alta,Gravedad -> Goteo,0.48,0.6,Optimizacion turno nocturno 22-06 h: reduce evaporacion estimada 12-15%. Deficit actual 5.4 mm.
f7351ed2-eba1-4b7e-8ae0-689f28aee9b1,PAR-040,CIC-2025-PV,2025-08-06,2025-08-07,16.16,7.4,6.216,10.25,Media,MILPIN-v1.3,rechazada,358.8,602.78,110.73,Baja,Aspersion -> Goteo,0.47,0.44,FAO-56 detecta inicio etapa media con Kc=0.84. Incrementar lamina un 28% respecto evento anterior.
20aa2ceb-a074-424c-a14d-4455a40891e2,PAR-040,CIC-2025-OI,2025-11-02,2025-11-04,14.54,3.87,1.122,6.22,Baja,MILPIN-v1.3,modificada,322.9,542.47,99.65,Alta,Gravedad -> Goteo,0.64,0.48,ETo proyectada 3.9 mm/dia (horizonte 7 dias). Kc=0.29 etapa Inicial. Aplicar lamina 15 mm.
c0293d45-6dd9-4578-b3d2-596835e755c6,PAR-040,CIC-2025-OI,2025-11-21,2025-11-22,14.37,3.58,1.736,9.19,Media,MILPIN-v1.2,aceptada,319.3,536.42,98.54,Baja,Gravedad -> Goteo,0.65,0.57,Deficit acumulado 9.2 mm supera umbral critico. Riego urgente antes de 2 dias para evitar dano.
1c5f524d-8b46-4f3c-8a5d-c1f49d7fd895,PAR-040,CIC-2025-OI,2026-01-01,2026-01-03,15.31,3.71,3.265,10.0,Alta,MILPIN-v2.0,rechazada,340.1,571.37,104.95,Alta,Aspersion -> Goteo,0.49,0.66,Optimizacion turno nocturno 22-06 h: reduce evaporacion estimada 12-15%. Deficit actual 10.0 mm.
d192d800-6d7c-4d5b-863b-436a4118d56d,PAR-040,CIC-2025-OI,2026-04-08,2026-04-11,32.34,7.63,6.562,25.97,Alta,MILPIN-v1.2,rechazada,718.6,1207.25,221.76,Alta,Mantener sistema actual,0.69,0.74,Score optimizacion 0.69: migracion Mantener sistema actual proyecta ahorro 28% consumo anual con payback < 2 ciclos.
cccc6018-1e00-4e0c-a758-d65461d4e9e1,PAR-040,CIC-2026-PV,2026-09-18,2026-09-20,28.75,6.48,4.082,22.93,Media,MILPIN-v2.0,aceptada,208.0,349.44,64.19,Alta,Mantener sistema actual,0.75,0.91,Deficit acumulado 22.9 mm supera umbral critico. Riego urgente antes de 2 dias para evitar dano.
dda53f83-1692-4c05-ac0b-a650f67f43ac,PAR-040,CIC-2026-PV,2026-06-24,2026-06-27,32.4,8.93,7.858,24.89,Baja,MILPIN-v2.0,aceptada,234.0,393.12,72.21,Alta,Gravedad -> Microaspersion,0.84,0.84,FAO-56 detecta inicio etapa media con Kc=0.88. Incrementar lamina un 11% respecto evento anterior.
7ff607ad-4406-4c9e-a386-1d2621d3b877,PAR-040,CIC-2026-PV,2026-09-04,2026-09-07,20.66,6.32,4.677,14.21,Media,MILPIN-v1.2,aceptada,148.7,249.82,45.89,Baja,Gravedad -> Microaspersion,0.73,0.9,Optimizacion turno nocturno 22-06 h: reduce evaporacion estimada 12-15%. Deficit actual 14.2 mm.
1aa1b647-2614-42c7-b342-63cfc0b5df02,PAR-040,CIC-2026-PV,2026-04-25,2026-04-28,17.34,7.63,6.264,14.21,Media,MILPIN-v2.0,aceptada,124.8,209.66,38.51,Media,Aspersion -> Goteo,0.91,0.79,ETo proyectada 7.6 mm/dia (horizonte 7 dias). Kc=0.82 etapa Desarrollo. Aplicar lamina 17 mm.
0f4cd086-a444-404e-a3fb-d7f5c80a2965,PAR-040,CIC-2026-PV,2026-07-26,2026-07-28,32.81,7.79,6.544,24.03,Media,MILPIN-v2.0,aceptada,236.6,397.49,73.01,Baja,Gravedad -> Microaspersion,0.72,0.79,ETo proyectada 7.8 mm/dia (horizonte 7 dias). Kc=0.84 etapa Media. Aplicar lamina 33 mm.
837011b1-03a8-4333-b520-15b13b685f2a,PAR-040,CIC-2026-PV,2026-04-28,2026-04-29,21.06,7.31,5.79,12.14,Alta,MILPIN-v1.2,aceptada,151.8,255.02,46.85,Baja,Mantener sistema actual,0.94,0.91,FAO-56 detecta inicio etapa media con Kc=0.79. Incrementar lamina un 11% respecto evento anterior.
8f332da0-450b-4789-b8b8-5d3f0d1610c4,PAR-040,CIC-2026-PV,2026-10-01,2026-10-05,18.25,4.82,2.077,12.98,Alta,MILPIN-v2.0,aceptada,131.6,221.09,40.61,Alta,Gravedad -> Goteo,0.78,0.75,Patron historico + indices climaticos: riego optimo en 2 dias evita estres hidrico en etapa Final.
4e7b737f-9907-4f83-aad8-180b66a2ae53,PAR-040,CIC-2026-PV,2026-06-07,2026-06-10,13.36,9.25,7.77,6.25,Media,MILPIN-v1.3,modificada,96.7,162.46,29.84,Media,Aspersion -> Goteo,0.89,0.89,FAO-56 detecta inicio etapa media con Kc=0.84. Incrementar lamina un 11% respecto evento anterior.
45745db9-2356-4d2c-8efd-74b839986355,PAR-041,CIC-2025-PV,2025-03-26,2025-03-31,17.17,5.91,2.24,13.56,Baja,MILPIN-v1.2,rechazada,1012.9,1701.67,312.58,Alta,Mantener sistema actual,0.63,0.57,Optimizacion turno nocturno 22-06 h: reduce evaporacion estimada 12-15%. Deficit actual 13.6 mm.
982969d9-37d5-47d8-92b9-43259a070c5b,PAR-041,CIC-2025-PV,2025-10-02,2025-10-05,30.19,4.89,2.347,22.09,Baja,MILPIN-v1.3,rechazada,1781.6,2993.09,549.8,Baja,Mantener sistema actual,0.67,0.75,Balance hidrico acumulado indica deficit de 22.1 mm. Riego preventivo recomendado en 5 dias.
362118fe-9b05-4090-94e3-6e300ee4cdc4,PAR-041,CIC-2025-PV,2025-07-11,2025-07-14,31.32,8.31,6.98,25.57,Media,MILPIN-v1.2,modificada,1846.4,3101.95,569.8,Media,Gravedad -> Microaspersion,0.52,0.45,ETo proyectada 8.3 mm/dia (horizonte 7 dias). Kc=0.84 etapa Media. Aplicar lamina 31 mm.
3498c748-d4bc-486a-9f18-b8780d92c88f,PAR-041,CIC-2025-OI,2026-02-07,2026-02-09,27.16,4.2,3.696,20.4,Alta,MILPIN-v1.3,rechazada,1600.8,2689.34,494.01,Alta,Gravedad -> Goteo,0.48,0.74,Patron historico + indices climaticos: riego optimo en 2 dias evita estres hidrico en etapa Media.
50cca263-bf4b-4d5e-9773-bb92a0b5ed82,PAR-041,CIC-2025-OI,2026-01-13,2026-01-14,26.58,3.19,2.648,18.96,Media,MILPIN-v1.2,rechazada,1567.7,2633.74,483.79,Baja,Microaspersion -> Goteo,0.57,0.52,FAO-56 detecta inicio etapa media con Kc=0.83. Incrementar lamina un 28% respecto evento anterior.
9be746a2-513a-4137-8aa6-10def571aa8a,PAR-041,CIC-2025-OI,2025-12-19,2025-12-23,14.33,3.5,2.835,5.97,Media,MILPIN-v1.2,aceptada,845.9,1421.11,261.04,Baja,Microaspersion -> Goteo,0.67,0.4,Score optimizacion 0.67: migracion Microaspersion -> Goteo proyecta ahorro 28% consumo anual con payback < 2 ciclos.
7780979b-b3af-4477-be26-24b3d51b7cb8,PAR-041,CIC-2026-PV,2026-08-06,2026-08-08,20.21,7.51,6.383,16.52,Baja,MILPIN-v2.0,aceptada,302.2,507.7,93.26,Baja,Gravedad -> Goteo,0.91,0.75,ETo proyectada 7.5 mm/dia (horizonte 7 dias). Kc=0.85 etapa Media. Aplicar lamina 20 mm.
d7cf4ebf-16e5-4385-914f-dc96db2f3138,PAR-041,CIC-2026-PV,2026-04-04,2026-04-08,22.79,7.48,3.979,17.32,Baja,MILPIN-v1.2,aceptada,340.9,572.71,105.2,Baja,Gravedad -> Goteo,0.94,0.9,Deficit acumulado 17.3 mm supera umbral critico. Riego urgente antes de 4 dias para evitar dano.
b7545699-9d20-4b57-a3b0-8e082232e8ac,PAR-041,CIC-2026-PV,2026-08-04,2026-08-08,26.12,7.43,6.241,17.81,Media,MILPIN-v1.2,aceptada,390.5,656.04,120.51,Baja,Aspersion -> Goteo,0.73,0.78,ETo proyectada 7.4 mm/dia (horizonte 7 dias). Kc=0.84 etapa Media. Aplicar lamina 26 mm.
1b48c9f2-0182-4831-a2a8-baafc542ebc5,PAR-041,CIC-2026-PV,2026-08-16,2026-08-21,31.02,7.62,6.248,24.89,Media,MILPIN-v2.0,aceptada,463.7,779.02,143.1,Baja,Microaspersion -> Goteo,0.8,0.85,ETo proyectada 7.6 mm/dia (horizonte 7 dias). Kc=0.82 etapa Media. Aplicar lamina 31 mm.
a73e915c-2c22-4893-8226-04da1f1fe783,PAR-041,CIC-2026-PV,2026-09-04,2026-09-05,29.91,6.31,5.111,22.68,Media,MILPIN-v2.0,modificada,448.5,753.48,138.41,Media,Mantener sistema actual,0.86,0.86,Balance hidrico acumulado indica deficit de 22.7 mm. Riego preventivo recomendado en 4 dias.
6bc91cbf-3e6c-4a85-85d9-347d570e1494,PAR-041,CIC-2026-PV,2026-06-02,2026-06-05,19.17,8.79,7.559,15.61,Media,MILPIN-v1.3,aceptada,287.0,482.16,88.57,Media,Mantener sistema actual,0.73,0.8,Deficit acumulado 15.6 mm supera umbral critico. Riego urgente antes de 6 dias para evitar dano.
5c6b8a87-c3e6-4070-b293-1040c7d1cc1f,PAR-042,CIC-2025-PV,2025-03-23,2025-03-28,13.29,5.99,3.534,7.32,Media,MILPIN-v1.2,rechazada,485.8,816.14,149.92,Alta,Microaspersion -> Goteo,0.57,0.4,FAO-56 detecta inicio etapa media con Kc=0.59. Incrementar lamina un 11% respecto evento anterior.
f6af8a38-67fc-45b4-b766-688abcd8e914,PAR-042,CIC-2025-PV,2025-07-12,2025-07-13,19.34,8.11,7.542,9.82,Baja,MILPIN-v1.2,aceptada,707.5,1188.6,218.33,Alta,Gravedad -> Microaspersion,0.45,0.39,FAO-56 detecta inicio etapa media con Kc=0.93. Incrementar lamina un 11% respecto evento anterior.
53e27d07-4be1-41ab-b116-7880bfb1a82d,PAR-042,CIC-2025-PV,2025-09-19,2025-09-23,18.3,6.49,5.971,10.56,Alta,MILPIN-v1.3,aceptada,673.2,1130.98,207.75,Media,Aspersion -> Goteo,0.53,0.57,Balance hidrico acumulado indica deficit de 10.6 mm. Riego preventivo recomendado en 5 dias.
4848968c-8234-40fa-baed-22188c7f6d8f,PAR-042,CIC-2025-PV,2025-07-24,2025-07-28,12.22,7.66,6.971,7.38,Alta,MILPIN-v1.2,aceptada,448.8,753.98,138.5,Media,Gravedad -> Microaspersion,0.68,0.74,Deficit acumulado 7.4 mm supera umbral critico. Riego urgente antes de 2 dias para evitar dano.
48382646-4c9b-4bd4-9b0e-a00e135ba6ca,PAR-042,CIC-2025-PV,2025-05-20,2025-05-25,25.38,8.51,9.276,22.12,Media,MILPIN-v1.3,rechazada,929.3,1561.22,286.78,Alta,Microaspersion -> Goteo,0.64,0.73,Deficit acumulado 22.1 mm supera umbral critico. Riego urgente antes de 5 dias para evitar dano.
b9fc37af-f43e-4570-a59e-7492439ca889,PAR-042,CIC-2025-OI,2025-11-28,2025-12-01,13.89,3.72,2.864,5.3,Media,MILPIN-v1.2,modificada,509.5,855.96,157.23,Media,Gravedad -> Goteo,0.4,0.47,Optimizacion turno nocturno 22-06 h: reduce evaporacion estimada 12-15%. Deficit actual 5.3 mm.
b26d6831-0ac3-44ba-8c2f-f36ba9e8ea2e,PAR-042,CIC-2025-OI,2025-12-21,2025-12-24,36.45,3.07,3.131,26.55,Media,MILPIN-v1.3,rechazada,1335.8,2244.14,412.23,Media,Mantener sistema actual,0.43,0.75,Deficit acumulado 26.6 mm supera umbral critico. Riego urgente antes de 6 dias para evitar dano.
a1e92599-5061-4cf4-bed2-898446c9e3be,PAR-042,CIC-2025-OI,2026-01-02,2026-01-06,27.09,3.26,3.488,19.24,Alta,MILPIN-v1.3,rechazada,992.6,1667.57,306.32,Baja,Gravedad -> Microaspersion,0.62,0.58,Patron historico + indices climaticos: riego optimo en 3 dias evita estres hidrico en etapa Media.
57a9c93d-cfc3-4285-ad5b-099f5b2a6ba5,PAR-042,CIC-2025-OI,2026-02-05,2026-02-06,10.43,4.24,4.079,5.86,Media,MILPIN-v1.2,sin_respuesta,382.8,643.1,118.13,Baja,Gravedad -> Goteo,0.47,0.39,FAO-56 detecta inicio etapa media con Kc=0.96. Incrementar lamina un 11% respecto evento anterior.
4709875f-bbc9-4b08-9045-e120aee60ad5,PAR-042,CIC-2025-OI,2026-01-27,2026-02-01,20.5,3.18,3.371,11.04,Baja,MILPIN-v1.3,sin_respuesta,749.8,1259.66,231.39,Media,Gravedad -> Goteo,0.65,0.44,Balance hidrico acumulado indica deficit de 11.0 mm. Riego preventivo recomendado en 4 dias.
857d6a37-997f-446d-86ef-2e223544b9cc,PAR-042,CIC-2025-OI,2026-02-12,2026-02-13,29.07,4.71,4.616,24.55,Alta,MILPIN-v2.0,aceptada,1066.6,1791.89,329.15,Media,Mantener sistema actual,0.43,0.58,Optimizacion turno nocturno 22-06 h: reduce evaporacion estimada 12-15%. Deficit actual 24.6 mm.
520cd77f-10af-4d95-9885-e02e6b800d2b,PAR-042,CIC-2026-PV,2026-06-20,2026-06-21,27.86,8.98,8.747,19.06,Media,MILPIN-v1.3,rechazada,797.3,1339.46,246.05,Baja,Gravedad -> Goteo,0.79,0.94,ETo proyectada 9.0 mm/dia (horizonte 7 dias). Kc=0.97 etapa Final. Aplicar lamina 28 mm.
b615844d-0f09-47e1-9405-8747d180311c,PAR-042,CIC-2026-PV,2026-07-26,2026-07-28,22.11,8.03,7.066,14.04,Media,MILPIN-v1.2,aceptada,631.0,1060.08,194.73,Baja,Gravedad -> Goteo,0.83,0.85,Balance hidrico acumulado indica deficit de 14.0 mm. Riego preventivo recomendado en 3 dias.
def88519-74b4-40c0-8f83-317c2d43df0a,PAR-042,CIC-2026-PV,2026-03-14,2026-03-16,22.35,5.92,3.493,18.5,Media,MILPIN-v1.2,aceptada,641.5,1077.72,197.97,Alta,Microaspersion -> Goteo,0.9,0.77,Patron historico + indices climaticos: riego optimo en 2 dias evita estres hidrico en etapa Inicial.
e694074f-6c7b-4701-9988-8634736d57d3,PAR-042,CIC-2026-PV,2026-05-12,2026-05-16,32.07,8.7,9.396,25.09,Baja,MILPIN-v1.3,rechazada,918.7,1543.42,283.51,Media,Mantener sistema actual,0.92,0.93,Deficit acumulado 25.1 mm supera umbral critico. Riego urgente antes de 3 dias para evitar dano.
18383942-0339-456b-a081-5ab605105a8b,PAR-042,CIC-2026-PV,2026-08-21,2026-08-26,23.1,7.36,6.403,16.18,Alta,MILPIN-v1.2,aceptada,660.0,1108.8,203.68,Alta,Gravedad -> Microaspersion,0.74,0.79,FAO-56 detecta inicio etapa media con Kc=0.87. Incrementar lamina un 9% respecto evento anterior.
6bcd95f0-92e9-4260-be35-841b52282f6c,PAR-042,CIC-2026-PV,2026-09-15,2026-09-16,33.71,6.23,5.607,24.73,Media,MILPIN-v1.3,aceptada,963.6,1618.85,297.37,Baja,Gravedad -> Goteo,0.95,0.81,ETo proyectada 6.2 mm/dia (horizonte 7 dias). Kc=0.90 etapa Final. Aplicar lamina 34 mm.
415d6bea-3e7f-4772-bd74-f67ca52418b8,PAR-043,CIC-2025-PV,2025-06-27,2025-07-02,21.88,8.87,10.733,15.36,Alta,MILPIN-v1.3,rechazada,478.7,804.22,147.73,Baja,Microaspersion -> Goteo,0.42,0.6,Balance hidrico acumulado indica deficit de 15.4 mm. Riego preventivo recomendado en 5 dias.
622f117c-49a6-47d0-8011-e5c566785159,PAR-043,CIC-2025-PV,2025-10-01,2025-10-06,9.23,4.8,3.36,5.5,Alta,MILPIN-v1.2,sin_respuesta,202.0,339.36,62.34,Media,Microaspersion -> Goteo,0.67,0.51,Score optimizacion 0.67: migracion Microaspersion -> Goteo proyecta ahorro 9% consumo anual con payback < 2 ciclos.
482c3a2e-02c4-4740-bd16-8c8077eff49a,PAR-043,CIC-2025-PV,2025-05-28,2025-06-01,20.33,8.7,10.527,15.46,Alta,MILPIN-v2.0,aceptada,444.4,746.59,137.14,Media,Mantener sistema actual,0.68,0.71,Optimizacion turno nocturno 22-06 h: reduce evaporacion estimada 12-15%. Deficit actual 15.5 mm.
843b5fab-feb1-4f5b-af54-1c9cbcf1a69b,PAR-043,CIC-2025-OI,2026-03-28,2026-03-30,18.49,5.72,5.222,10.26,Media,MILPIN-v1.3,sin_respuesta,406.0,682.08,125.29,Alta,Gravedad -> Microaspersion,0.39,0.49,Balance hidrico acumulado indica deficit de 10.3 mm. Riego preventivo recomendado en 2 dias.
63b554e9-1489-46d6-b9c9-6c443ec0af11,PAR-043,CIC-2025-OI,2025-12-21,2025-12-23,22.64,3.42,3.023,13.06,Baja,MILPIN-v2.0,modificada,494.9,831.43,152.73,Alta,Microaspersion -> Goteo,0.45,0.59,Balance hidrico acumulado indica deficit de 13.1 mm. Riego preventivo recomendado en 3 dias.
20423f26-0da9-49a6-9a70-2b02a9b0e195,PAR-043,CIC-2025-OI,2025-11-14,2025-11-15,24.88,3.87,1.509,19.81,Alta,MILPIN-v1.3,modificada,545.4,916.27,168.31,Media,Gravedad -> Microaspersion,0.41,0.44,Balance hidrico acumulado indica deficit de 19.8 mm. Riego preventivo recomendado en 2 dias.
b2a0ebab-a773-4e76-83e9-03ef4a520bff,PAR-043,CIC-2026-PV,2026-07-17,2026-07-21,26.33,7.86,9.173,17.91,Media,MILPIN-v1.2,aceptada,0.0,0.0,0.0,Baja,Mantener sistema actual,0.86,0.93,Patron historico + indices climaticos: riego optimo en 2 dias evita estres hidrico en etapa Final.
5cc7ab21-c93b-4b48-8630-dd113f1772b1,PAR-043,CIC-2026-PV,2026-05-08,2026-05-12,15.47,8.17,8.301,6.23,Media,MILPIN-v2.0,rechazada,0.0,0.0,0.0,Media,Aspersion -> Goteo,0.74,0.74,FAO-56 detecta inicio etapa media con Kc=1.02. Incrementar lamina un 0% respecto evento anterior.
e1e66225-5b0f-4118-898e-bbd16a99c491,PAR-043,CIC-2026-PV,2026-08-05,2026-08-07,32.6,7.72,7.535,26.49,Alta,MILPIN-v1.3,aceptada,0.0,0.0,0.0,Baja,Microaspersion -> Goteo,0.74,0.95,Balance hidrico acumulado indica deficit de 26.5 mm. Riego preventivo recomendado en 2 dias.
4ebf0871-6774-4599-8192-39bcf3e86f14,PAR-043,CIC-2026-PV,2026-03-12,2026-03-14,21.37,5.84,2.219,11.76,Media,MILPIN-v2.0,rechazada,0.0,0.0,0.0,Baja,Aspersion -> Goteo,0.86,0.82,ETo proyectada 5.8 mm/dia (horizonte 7 dias). Kc=0.38 etapa Inicial. Aplicar lamina 21 mm.
72f34032-c5d8-42a0-a5ba-e6d44276dea8,PAR-043,CIC-2026-PV,2026-07-16,2026-07-19,37.13,8.16,9.694,27.65,Alta,MILPIN-v1.2,aceptada,0.0,0.0,0.0,Media,Gravedad -> Goteo,0.86,0.78,Deficit acumulado 27.6 mm supera umbral critico. Riego urgente antes de 3 dias para evitar dano.
7236d1ab-2a26-4968-ba5c-868f911a9fc6,PAR-043,CIC-2026-PV,2026-05-07,2026-05-08,20.02,8.68,8.758,12.16,Baja,MILPIN-v1.2,aceptada,0.0,0.0,0.0,Baja,Aspersion -> Goteo,0.87,0.78,Deficit acumulado 12.2 mm supera umbral critico. Riego urgente antes de 5 dias para evitar dano.
e6bb65aa-de53-4bf0-9daa-37dfb1139676,PAR-043,CIC-2026-PV,2026-08-10,2026-08-14,13.57,7.47,6.798,7.39,Media,MILPIN-v1.3,modificada,0.0,0.0,0.0,Baja,Aspersion -> Goteo,0.9,0.94,Optimizacion turno nocturno 22-06 h: reduce evaporacion estimada 12-15%. Deficit actual 7.4 mm.
cf0718da-cb57-4d10-aaf2-66e13a6ffb37,PAR-044,CIC-2025-PV,2025-04-25,2025-04-30,18.96,7.74,9.52,13.65,Media,MILPIN-v2.0,modificada,1927.8,3238.7,594.92,Alta,Microaspersion -> Goteo,0.38,0.7,Patron historico + indices climaticos: riego optimo en 6 dias evita estres hidrico en etapa Desarrollo.
8eb8c605-b306-42dc-a1bd-46a72f72abe1,PAR-044,CIC-2025-PV,2025-05-11,2025-05-12,15.7,8.82,10.937,11.29,Alta,MILPIN-v1.3,aceptada,1597.0,2682.96,492.83,Media,Gravedad -> Goteo,0.67,0.67,Balance hidrico acumulado indica deficit de 11.3 mm. Riego preventivo recomendado en 5 dias.
92368237-3679-4013-b1ac-33845d1d9bb8,PAR-044,CIC-2025-PV,2025-07-27,2025-07-28,19.6,7.81,4.686,12.35,Alta,MILPIN-v2.0,aceptada,1992.1,3346.73,614.76,Alta,Microaspersion -> Goteo,0.47,0.65,Optimizacion turno nocturno 22-06 h: reduce evaporacion estimada 12-15%. Deficit actual 12.3 mm.
9198aa68-299c-4025-9db8-c1eb4ad8ca56,PAR-044,CIC-2025-PV,2025-06-08,2025-06-11,30.6,8.93,9.912,23.85,Media,MILPIN-v1.2,rechazada,3113.0,5229.84,960.67,Alta,Gravedad -> Microaspersion,0.68,0.39,Patron historico + indices climaticos: riego optimo en 4 dias evita estres hidrico en etapa Final.
d2d677fa-2727-4b39-84ee-3b95ebaf359d,PAR-044,CIC-2025-OI,2025-12-28,2025-12-30,14.07,3.44,4.128,7.28,Alta,MILPIN-v2.0,rechazada,1432.8,2407.1,442.16,Alta,Gravedad -> Microaspersion,0.54,0.74,Optimizacion turno nocturno 22-06 h: reduce evaporacion estimada 12-15%. Deficit actual 7.3 mm.
abec34d7-2d59-48e7-ab37-1fd32e88377f,PAR-044,CIC-2025-OI,2026-01-17,2026-01-18,30.7,3.27,3.957,27.65,Alta,MILPIN-v1.3,modificada,3122.6,5245.97,963.63,Media,Gravedad -> Goteo,0.62,0.68,Score optimizacion 0.62: migracion Gravedad -> Goteo proyecta ahorro 28% consumo anual con payback < 2 ciclos.
e7aa1dc1-64f7-4fa3-92d6-49aacb61d259,PAR-044,CIC-2025-OI,2025-11-12,2025-11-16,14.24,3.86,1.339,9.43,Media,MILPIN-v1.2,aceptada,1449.4,2434.99,447.28,Alta,Aspersion -> Goteo,0.56,0.67,Score optimizacion 0.56: migracion Aspersion -> Goteo proyecta ahorro 28% consumo anual con payback < 2 ciclos.
e2da24eb-d936-43b5-990f-e0a82f403588,PAR-044,CIC-2025-OI,2025-11-06,2025-11-11,18.42,3.91,1.173,9.44,Alta,MILPIN-v1.2,modificada,1873.1,3146.81,578.04,Alta,Mantener sistema actual,0.54,0.52,Patron historico + indices climaticos: riego optimo en 5 dias evita estres hidrico en etapa Inicial.
a18a89b3-404f-43e0-a2e4-f050589dc975,PAR-044,CIC-2026-PV,2026-04-30,2026-05-01,23.63,7.62,8.839,17.17,Media,MILPIN-v2.0,modificada,780.6,1311.41,240.89,Media,Microaspersion -> Goteo,0.95,0.97,FAO-56 detecta inicio etapa media con Kc=1.16. Incrementar lamina un 11% respecto evento anterior.
6ac1e13a-ee83-4c6c-974c-f39c1e17fbba,PAR-044,CIC-2026-PV,2026-03-23,2026-03-28,29.47,6.34,2.035,22.76,Baja,MILPIN-v1.3,aceptada,975.8,1639.34,301.13,Alta,Mantener sistema actual,0.82,0.77,Score optimizacion 0.82: migracion Mantener sistema actual proyecta ahorro 11% consumo anual con payback < 2 ciclos.
20d6e34f-02be-4000-8d3a-a91f3d3bae0e,PAR-044,CIC-2026-PV,2026-07-07,2026-07-11,31.98,8.09,4.611,27.42,Alta,MILPIN-v1.3,aceptada,1059.1,1779.29,326.84,Baja,Microaspersion -> Goteo,0.78,0.78,ETo proyectada 8.1 mm/dia (horizonte 7 dias). Kc=0.57 etapa Final. Aplicar lamina 32 mm.
b9cfb47f-cd82-4170-bb0c-1d21b6bb7a28,PAR-044,CIC-2026-PV,2026-04-23,2026-04-26,15.45,7.58,8.937,6.52,Media,MILPIN-v2.0,aceptada,509.3,855.62,157.17,Baja,Mantener sistema actual,0.78,0.74,Deficit acumulado 6.5 mm supera umbral critico. Riego urgente antes de 2 dias para evitar dano.
37267799-1120-472e-ac0a-a8d8bb2020bc,PAR-044,CIC-2026-PV,2026-05-03,2026-05-05,29.73,8.25,10.23,25.69,Baja,MILPIN-v1.2,modificada,982.9,1651.27,303.32,Media,Aspersion -> Goteo,0.91,0.93,Optimizacion turno nocturno 22-06 h: reduce evaporacion estimada 12-15%. Deficit actual 25.7 mm.
8f116686-e96b-4ed2-be6e-18e7047c457e,PAR-044,CIC-2026-PV,2026-08-02,2026-08-05,21.4,7.59,4.63,12.38,Media,MILPIN-v2.0,modificada,706.9,1187.59,218.15,Baja,Gravedad -> Microaspersion,0.94,0.81,FAO-56 detecta inicio etapa media con Kc=0.61. Incrementar lamina un 11% respecto evento anterior.
deece6b9-fc33-438f-99cb-bf587e63abe8,PAR-044,CIC-2026-PV,2026-05-16,2026-05-18,22.79,8.67,10.577,14.87,Baja,MILPIN-v1.2,aceptada,754.5,1267.56,232.84,Alta,Gravedad -> Goteo,0.93,0.86,Score optimizacion 0.93: migracion Gravedad -> Goteo proyecta ahorro 11% consumo anual con payback < 2 ciclos.
59525256-f449-4c00-825b-e2372a88c98d,PAR-044,CIC-2026-PV,2026-03-17,2026-03-21,22.19,6.07,1.7,16.95,Baja,MILPIN-v2.0,aceptada,733.0,1231.44,226.2,Media,Mantener sistema actual,0.8,0.76,Score optimizacion 0.80: migracion Mantener sistema actual proyecta ahorro 11% consumo anual con payback < 2 ciclos.
103e0e33-ca9e-46de-9591-6ccdafd9fcd9,PAR-044,CIC-2026-PV,2026-08-31,2026-09-02,29.73,7.52,4.662,26.37,Alta,MILPIN-v1.3,modificada,982.9,1651.27,303.32,Alta,Gravedad -> Microaspersion,0.89,0.87,ETo proyectada 7.5 mm/dia (horizonte 7 dias). Kc=0.62 etapa Final. Aplicar lamina 30 mm.
65885330-c511-4ff8-8174-14639cd7c367,PAR-044,CIC-2026-PV,2026-04-04,2026-04-08,22.2,7.66,4.826,14.13,Alta,MILPIN-v1.3,aceptada,733.0,1231.44,226.2,Media,Gravedad -> Goteo,0.84,0.78,Optimizacion turno nocturno 22-06 h: reduce evaporacion estimada 12-15%. Deficit actual 14.1 mm.
42aee3fc-d911-460f-acee-1599cd7c1a19,PAR-045,CIC-2025-PV,2025-07-03,2025-07-05,27.69,8.33,3.082,23.32,Alta,MILPIN-v2.0,sin_respuesta,499.2,838.66,154.05,Alta,Gravedad -> Microaspersion,0.64,0.75,Optimizacion turno nocturno 22-06 h: reduce evaporacion estimada 12-15%. Deficit actual 23.3 mm.
b0ac0631-5606-4c38-80b6-8058c375c485,PAR-045,CIC-2025-PV,2025-05-10,2025-05-14,14.21,8.21,9.277,6.48,Alta,MILPIN-v1.3,sin_respuesta,256.1,430.25,79.03,Media,Mantener sistema actual,0.49,0.75,ETo proyectada 8.2 mm/dia (horizonte 7 dias). Kc=1.13 etapa Media. Aplicar lamina 14 mm.
add18bbb-be89-4fc7-b559-b9992d738191,PAR-045,CIC-2025-PV,2025-08-20,2025-08-24,18.33,7.22,2.744,8.69,Alta,MILPIN-v1.3,rechazada,330.2,554.74,101.9,Media,Gravedad -> Goteo,0.4,0.7,Balance hidrico acumulado indica deficit de 8.7 mm. Riego preventivo recomendado en 6 dias.
5ba61d2e-8818-4197-a42e-2bec2d6c5e4b,PAR-045,CIC-2025-PV,2025-05-08,2025-05-09,18.11,8.51,9.957,8.36,Media,MILPIN-v1.2,modificada,327.6,550.37,101.1,Alta,Aspersion -> Goteo,0.53,0.76,Score optimizacion 0.53: migracion Aspersion -> Goteo proyecta ahorro 11% consumo anual con payback < 2 ciclos.
9194650e-24fb-4945-a595-9b120f2960c2,PAR-045,CIC-2025-PV,2025-07-04,2025-07-09,24.25,7.71,2.698,19.64,Media,MILPIN-v1.3,rechazada,438.1,736.01,135.2,Alta,Aspersion -> Goteo,0.67,0.51,Balance hidrico acumulado indica deficit de 19.6 mm. Riego preventivo recomendado en 3 dias.
3be1450a-3a8c-4001-b86c-03b799a80fa2,PAR-045,CIC-2025-PV,2025-03-07,2025-03-08,21.62,6.24,2.558,17.66,Media,MILPIN-v2.0,rechazada,390.0,655.2,120.35,Media,Aspersion -> Goteo,0.35,0.7,Optimizacion turno nocturno 22-06 h: reduce evaporacion estimada 12-15%. Deficit actual 17.7 mm.
992688fe-7741-4f3e-a4c7-e70df8a73b5b,PAR-045,CIC-2025-OI,2026-04-04,2026-04-08,27.11,7.26,2.468,21.82,Baja,MILPIN-v1.2,rechazada,490.1,823.37,151.24,Baja,Gravedad -> Goteo,0.33,0.64,Optimizacion turno nocturno 22-06 h: reduce evaporacion estimada 12-15%. Deficit actual 21.8 mm.
56950dae-539b-4997-92d7-841f69af0a6c,PAR-045,CIC-2025-OI,2026-01-10,2026-01-15,17.1,3.65,3.979,7.96,Alta,MILPIN-v1.2,aceptada,309.4,519.79,95.48,Media,Microaspersion -> Goteo,0.4,0.4,ETo proyectada 3.6 mm/dia (horizonte 7 dias). Kc=1.09 etapa Final. Aplicar lamina 17 mm.
136b4e6e-dd30-4e33-9567-12d06abc2a67,PAR-045,CIC-2025-OI,2025-11-03,2025-11-05,14.39,3.82,1.604,5.06,Media,MILPIN-v1.2,modificada,260.0,436.8,80.24,Baja,Aspersion -> Goteo,0.65,0.64,FAO-56 detecta inicio etapa media con Kc=0.42. Incrementar lamina un 11% respecto evento anterior.
ce1f12a5-c23f-4fe9-b4c7-a78b9c83c581,PAR-045,CIC-2025-OI,2025-11-23,2025-11-27,30.21,3.55,2.733,27.0,Alta,MILPIN-v1.3,modificada,544.7,915.1,168.09,Baja,Microaspersion -> Goteo,0.59,0.71,Optimizacion turno nocturno 22-06 h: reduce evaporacion estimada 12-15%. Deficit actual 27.0 mm.
4e843130-7771-4ed4-acec-4b0a42b49ba9,PAR-045,CIC-2026-PV,2026-09-08,2026-09-11,10.65,6.29,1.95,5.03,Alta,MILPIN-v1.3,modificada,150.8,253.34,46.54,Alta,Microaspersion -> Goteo,0.72,0.75,Optimizacion turno nocturno 22-06 h: reduce evaporacion estimada 12-15%. Deficit actual 5.0 mm.
7c60145d-01b3-44e8-8c6c-8e38ef74b1fc,PAR-045,CIC-2026-PV,2026-03-13,2026-03-18,15.81,6.2,2.356,12.62,Media,MILPIN-v2.0,aceptada,222.3,373.46,68.6,Alta,Mantener sistema actual,0.84,0.89,Score optimizacion 0.84: migracion Mantener sistema actual proyecta ahorro 9% consumo anual con payback < 2 ciclos.
b33f5165-d560-48d8-8a0a-c765961bd32f,PAR-045,CIC-2026-PV,2026-07-16,2026-07-17,10.78,7.86,2.83,7.74,Media,MILPIN-v2.0,rechazada,152.1,255.53,46.94,Baja,Mantener sistema actual,0.95,0.89,Balance hidrico acumulado indica deficit de 7.7 mm. Riego preventivo recomendado en 5 dias.
869ca37f-8542-495c-9574-c0e751f40f3e,PAR-045,CIC-2026-PV,2026-09-19,2026-09-21,26.9,6.74,2.157,21.29,Baja,MILPIN-v2.0,aceptada,378.3,635.54,116.74,Baja,Mantener sistema actual,0.75,0.9,FAO-56 detecta inicio etapa media con Kc=0.32. Incrementar lamina un 9% respecto evento anterior.
d74430f6-44d6-4f30-941b-b639b22e3a86,PAR-045,CIC-2026-PV,2026-04-24,2026-04-28,19.86,7.6,8.816,10.41,Media,MILPIN-v2.0,rechazada,279.5,469.56,86.25,Baja,Microaspersion -> Goteo,0.92,0.96,FAO-56 detecta inicio etapa media con Kc=1.16. Incrementar lamina un 9% respecto evento anterior.
036681d2-75c2-4014-bf42-5a7e967f93f8,PAR-045,CIC-2026-PV,2026-04-25,2026-04-30,16.4,7.69,8.767,7.0,Media,MILPIN-v2.0,rechazada,231.4,388.75,71.41,Baja,Aspersion -> Goteo,0.8,0.93,Patron historico + indices climaticos: riego optimo en 5 dias evita estres hidrico en etapa Media.
d4940761-4b26-4b34-9510-7b5763b2599c,PAR-045,CIC-2026-PV,2026-07-25,2026-07-30,13.02,7.68,2.458,6.9,Media,MILPIN-v2.0,aceptada,183.3,307.94,56.57,Alta,Gravedad -> Microaspersion,0.78,0.74,Score optimizacion 0.78: migracion Gravedad -> Microaspersion proyecta ahorro 9% consumo anual con payback < 2 ciclos.
524d9340-03f0-458c-8688-fbce2b0c9a30,PAR-045,CIC-2026-PV,2026-09-02,2026-09-07,23.52,6.74,2.359,14.93,Alta,MILPIN-v1.3,modificada,331.5,556.92,102.3,Baja,Aspersion -> Goteo,0.94,0.81,Deficit acumulado 14.9 mm supera umbral critico. Riego urgente antes de 4 dias para evitar dano.
3b530b49-ca20-4576-9332-29bc684fc21d,PAR-046,CIC-2025-PV,2025-08-22,2025-08-25,21.05,7.28,5.657,12.5,Media,MILPIN-v1.2,rechazada,1051.8,1767.02,324.59,Media,Gravedad -> Goteo,0.49,0.55,Deficit acumulado 12.5 mm supera umbral critico. Riego urgente antes de 2 dias para evitar dano.
32d45872-589d-41ee-b48b-a2330443bc9d,PAR-046,CIC-2025-PV,2025-08-04,2025-08-09,28.72,7.65,7.245,22.45,Media,MILPIN-v1.2,sin_respuesta,1435.6,2411.81,443.03,Baja,Gravedad -> Goteo,0.42,0.55,Patron historico + indices climaticos: riego optimo en 2 dias evita estres hidrico en etapa Final.
cfa48859-7376-41d5-98a7-a396307c0505,PAR-046,CIC-2025-PV,2025-07-29,2025-08-01,29.24,8.05,8.638,25.97,Baja,MILPIN-v1.2,modificada,1461.3,2454.98,450.96,Alta,Aspersion -> Goteo,0.57,0.71,Score optimizacion 0.57: migracion Aspersion -> Goteo proyecta ahorro 28% consumo anual con payback < 2 ciclos.
22c48ebb-bc0e-4431-af46-65691763b38e,PAR-046,CIC-2025-PV,2025-06-11,2025-06-16,11.78,8.91,10.781,5.18,Alta,MILPIN-v2.0,aceptada,588.5,988.68,181.61,Baja,Mantener sistema actual,0.6,0.54,Optimizacion turno nocturno 22-06 h: reduce evaporacion estimada 12-15%. Deficit actual 5.2 mm.
ac06f755-4fec-4822-b871-e0c798258d8b,PAR-046,CIC-2025-PV,2025-09-06,2025-09-08,22.13,6.84,4.514,16.4,Baja,MILPIN-v2.0,aceptada,1106.8,1859.42,341.56,Alta,Mantener sistema actual,0.41,0.42,Optimizacion turno nocturno 22-06 h: reduce evaporacion estimada 12-15%. Deficit actual 16.4 mm.
26c05a68-f501-4255-8199-0bca07df1fcb,PAR-046,CIC-2025-OI,2025-11-20,2025-11-23,34.97,4.1,1.587,25.98,Media,MILPIN-v1.2,aceptada,1748.0,2936.64,539.43,Baja,Mantener sistema actual,0.5,0.58,Score optimizacion 0.50: migracion Mantener sistema actual proyecta ahorro 28% consumo anual con payback < 2 ciclos.
7a77ed51-14f2-4ae8-abbc-d82d1bb98e14,PAR-046,CIC-2025-OI,2026-01-26,2026-01-31,20.52,3.51,4.317,16.79,Media,MILPIN-v2.0,modificada,1026.1,1723.85,316.65,Baja,Microaspersion -> Goteo,0.41,0.48,Balance hidrico acumulado indica deficit de 16.8 mm. Riego preventivo recomendado en 3 dias.
42ac3900-4d37-4fae-9702-b9aa6d2ada49,PAR-046,CIC-2025-OI,2025-10-27,2025-10-28,18.63,5.0,1.75,11.55,Baja,MILPIN-v2.0,modificada,931.3,1564.58,287.4,Baja,Gravedad -> Microaspersion,0.6,0.68,Patron historico + indices climaticos: riego optimo en 4 dias evita estres hidrico en etapa Inicial.
720e3f43-3d6a-485f-8e0d-38c7826b89d9,PAR-046,CIC-2025-OI,2026-04-11,2026-04-14,17.28,7.37,5.955,7.54,Media,MILPIN-v1.3,rechazada,863.5,1450.68,266.48,Media,Aspersion -> Goteo,0.63,0.6,Deficit acumulado 7.5 mm supera umbral critico. Riego urgente antes de 5 dias para evitar dano.
589ff455-c186-4c2d-9793-d0d05cd5282d,PAR-046,CIC-2025-OI,2026-04-10,2026-04-12,20.14,7.47,5.744,13.16,Alta,MILPIN-v2.0,modificada,1006.2,1690.42,310.51,Alta,Gravedad -> Microaspersion,0.62,0.39,Deficit acumulado 13.2 mm supera umbral critico. Riego urgente antes de 6 dias para evitar dano.
ee3b586c-10ad-419f-a6ed-e857789bd3bf,PAR-046,CIC-2025-OI,2026-03-30,2026-04-04,28.31,6.09,5.487,21.34,Media,MILPIN-v1.3,aceptada,1414.5,2376.36,436.51,Media,Microaspersion -> Goteo,0.59,0.69,Optimizacion turno nocturno 22-06 h: reduce evaporacion estimada 12-15%. Deficit actual 21.3 mm.
6383daf2-1bde-4380-8730-8bd1cabc00ba,PAR-046,CIC-2026-PV,2026-09-15,2026-09-17,24.48,6.5,4.745,14.58,Baja,MILPIN-v1.2,aceptada,0.0,0.0,0.0,Media,Aspersion -> Goteo,0.85,0.83,Deficit acumulado 14.6 mm supera umbral critico. Riego urgente antes de 4 dias para evitar dano.
237701e0-fc42-44d0-a864-118469e032fe,PAR-046,CIC-2026-PV,2026-10-07,2026-10-09,29.05,4.96,3.274,20.41,Baja,MILPIN-v1.2,modificada,0.0,0.0,0.0,Baja,Aspersion -> Goteo,0.81,0.85,Deficit acumulado 20.4 mm supera umbral critico. Riego urgente antes de 4 dias para evitar dano.
51ad5706-5a88-43b9-8da7-64841093eff1,PAR-046,CIC-2026-PV,2026-08-13,2026-08-14,18.02,7.52,6.52,13.92,Media,MILPIN-v2.0,aceptada,0.0,0.0,0.0,Baja,Aspersion -> Goteo,0.84,0.9,Patron historico + indices climaticos: riego optimo en 3 dias evita estres hidrico en etapa Final.
5e04762e-965a-4b8f-935c-47722111a307,PAR-046,CIC-2026-PV,2026-08-07,2026-08-10,23.99,7.54,6.809,20.69,Alta,MILPIN-v1.2,aceptada,0.0,0.0,0.0,Media,Microaspersion -> Goteo,0.96,0.76,ETo proyectada 7.5 mm/dia (horizonte 7 dias). Kc=0.90 etapa Final. Aplicar lamina 24 mm.
c566f31b-2401-404c-bfd1-0776e76e16f2,PAR-046,CIC-2026-PV,2026-05-05,2026-05-08,28.59,8.65,8.347,23.6,Media,MILPIN-v1.3,aceptada,0.0,0.0,0.0,Media,Aspersion -> Goteo,0.89,0.8,FAO-56 detecta inicio etapa media con Kc=0.96. Incrementar lamina un 0% respecto evento anterior.
8ab55d6c-d8f0-4ea0-946f-0651781718e7,PAR-046,CIC-2026-PV,2026-03-25,2026-03-28,32.48,6.08,2.067,25.38,Media,MILPIN-v1.2,rechazada,0.0,0.0,0.0,Media,Gravedad -> Goteo,0.8,0.81,Balance hidrico acumulado indica deficit de 25.4 mm. Riego preventivo recomendado en 3 dias.
a8358a82-6a11-4c4e-9202-aa09c22345f9,PAR-046,CIC-2026-PV,2026-04-04,2026-04-08,32.27,7.29,2.901,27.41,Media,MILPIN-v1.2,modificada,0.0,0.0,0.0,Alta,Microaspersion -> Goteo,0.79,0.82,Score optimizacion 0.79: migracion Microaspersion -> Goteo proyecta ahorro 0% consumo anual con payback < 2 ciclos.
0ea50516-8991-4309-9075-f4eb2c293982,PAR-046,CIC-2026-PV,2026-07-25,2026-07-30,14.58,8.11,8.58,7.14,Baja,MILPIN-v2.0,aceptada,0.0,0.0,0.0,Media,Gravedad -> Microaspersion,0.91,0.91,Patron historico + indices climaticos: riego optimo en 2 dias evita estres hidrico en etapa Final.
458ab42a-4a2a-4b31-8781-e98cce5d1257,PAR-046,CIC-2026-PV,2026-04-01,2026-04-03,35.04,7.25,2.443,27.5,Media,MILPIN-v1.3,aceptada,0.0,0.0,0.0,Alta,Microaspersion -> Goteo,0.81,0.89,Deficit acumulado 27.5 mm supera umbral critico. Riego urgente antes de 6 dias para evitar dano.
090af401-069b-4cf0-969b-cc624df5d6f7,PAR-047,CIC-2025-PV,2025-05-10,2025-05-13,18.15,8.72,8.894,12.82,Media,MILPIN-v2.0,aceptada,548.8,921.98,169.36,Baja,Microaspersion -> Goteo,0.59,0.53,Patron historico + indices climaticos: riego optimo en 5 dias evita estres hidrico en etapa Desarrollo.
2e031a47-dce0-4d97-8137-94842d9b21fb,PAR-047,CIC-2025-PV,2025-09-27,2025-09-30,26.28,6.3,4.599,19.86,Alta,MILPIN-v2.0,sin_respuesta,798.0,1340.64,246.26,Alta,Microaspersion -> Goteo,0.59,0.45,Balance hidrico acumulado indica deficit de 19.9 mm. Riego preventivo recomendado en 2 dias.
6bfe3372-9b08-43fa-9299-3ddda834034f,PAR-047,CIC-2025-PV,2025-08-30,2025-09-01,28.94,7.41,5.113,20.2,Media,MILPIN-v1.2,aceptada,876.4,1472.35,270.46,Baja,Aspersion -> Goteo,0.66,0.74,ETo proyectada 7.4 mm/dia (horizonte 7 dias). Kc=0.69 etapa Final. Aplicar lamina 29 mm.
302c68a2-189b-4a62-9d82-7c149a2fd8fd,PAR-047,CIC-2025-OI,2026-01-28,2026-01-31,22.77,3.43,4.15,15.53,Baja,MILPIN-v1.2,rechazada,691.6,1161.89,213.43,Alta,Gravedad -> Goteo,0.5,0.74,Deficit acumulado 15.5 mm supera umbral critico. Riego urgente antes de 4 dias para evitar dano.
10e0a915-21f2-4be9-94cb-921a7531e958,PAR-047,CIC-2025-OI,2025-11-03,2025-11-04,18.1,4.04,1.333,10.82,Baja,MILPIN-v1.2,rechazada,548.8,921.98,169.36,Baja,Microaspersion -> Goteo,0.66,0.61,Deficit acumulado 10.8 mm supera umbral critico. Riego urgente antes de 3 dias para evitar dano.
557af59b-778d-4d72-8f96-cebce021e94f,PAR-047,CIC-2025-OI,2026-04-09,2026-04-11,30.93,7.68,6.221,23.81,Alta,MILPIN-v1.2,modificada,938.0,1575.84,289.47,Alta,Microaspersion -> Goteo,0.6,0.7,ETo proyectada 7.7 mm/dia (horizonte 7 dias). Kc=0.81 etapa Final. Aplicar lamina 31 mm.
ba531de6-1c7e-43dc-b070-f7801fa205d0,PAR-047,CIC-2025-OI,2026-01-19,2026-01-21,14.92,3.21,3.724,8.99,Alta,MILPIN-v2.0,sin_respuesta,453.6,762.05,139.98,Media,Aspersion -> Goteo,0.37,0.72,Patron historico + indices climaticos: riego optimo en 5 dias evita estres hidrico en etapa Media.
d536b66a-7b84-46fc-8a83-1e8c59f9579d,PAR-047,CIC-2025-OI,2025-12-10,2025-12-14,24.54,3.07,2.232,19.27,Alta,MILPIN-v1.3,modificada,744.8,1251.26,229.85,Alta,Mantener sistema actual,0.49,0.58,Balance hidrico acumulado indica deficit de 19.3 mm. Riego preventivo recomendado en 3 dias.
25a94eaa-7685-4fe9-9948-181e4e513e12,PAR-047,CIC-2025-OI,2025-12-02,2025-12-04,29.16,3.21,1.897,20.96,Baja,MILPIN-v1.3,sin_respuesta,884.8,1486.46,273.05,Media,Mantener sistema actual,0.38,0.75,FAO-56 detecta inicio etapa media con Kc=0.59. Incrementar lamina un 9% respecto evento anterior.
f3b553d0-784d-4661-8135-236b0366700e,PAR-047,CIC-2026-PV,2026-06-21,2026-06-24,26.93,8.88,10.656,22.03,Media,MILPIN-v1.3,aceptada,1047.2,1759.3,323.17,Media,Gravedad -> Goteo,0.82,0.93,Score optimizacion 0.82: migracion Gravedad -> Goteo proyecta ahorro 11% consumo anual con payback < 2 ciclos.
ba9b875b-6279-429f-970c-fe86627c5b64,PAR-047,CIC-2026-PV,2026-04-14,2026-04-17,15.3,7.85,4.851,9.07,Media,MILPIN-v1.3,aceptada,593.6,997.25,183.18,Alta,Mantener sistema actual,0.78,0.85,Balance hidrico acumulado indica deficit de 9.1 mm. Riego preventivo recomendado en 4 dias.
f57ede69-c14a-41d3-ad4e-2a9accac6ca5,PAR-047,CIC-2026-PV,2026-09-29,2026-10-04,24.2,6.37,4.332,15.77,Media,MILPIN-v1.2,aceptada,940.8,1580.54,290.33,Baja,Mantener sistema actual,0.75,0.84,Patron historico + indices climaticos: riego optimo en 6 dias evita estres hidrico en etapa Final.
ec3c8e6b-8300-416e-8c56-c1d0e6a7f8e6,PAR-047,CIC-2026-PV,2026-05-23,2026-05-25,25.36,8.19,9.746,18.77,Alta,MILPIN-v1.3,modificada,985.6,1655.81,304.16,Alta,Microaspersion -> Goteo,0.88,0.95,Balance hidrico acumulado indica deficit de 18.8 mm. Riego preventivo recomendado en 4 dias.
5d426d3e-6f2e-48ef-903c-5f5adce5f94f,PAR-047,CIC-2026-PV,2026-03-06,2026-03-09,29.44,5.99,1.977,19.85,Media,MILPIN-v2.0,aceptada,1145.2,1923.94,353.41,Baja,Gravedad -> Goteo,0.89,0.83,Balance hidrico acumulado indica deficit de 19.9 mm. Riego preventivo recomendado en 3 dias.
7763f041-8e41-4c2d-bcba-172cf55c3669,PAR-047,CIC-2026-PV,2026-06-16,2026-06-20,33.88,8.98,10.596,25.01,Media,MILPIN-v1.3,aceptada,1318.8,2215.58,406.98,Alta,Gravedad -> Goteo,0.86,0.77,Score optimizacion 0.86: migracion Gravedad -> Goteo proyecta ahorro 11% consumo anual con payback < 2 ciclos.
1d0c58ef-c903-4b60-bf0e-172653449560,PAR-047,CIC-2026-PV,2026-07-26,2026-07-29,24.35,7.91,8.282,20.77,Alta,MILPIN-v1.3,aceptada,946.4,1589.95,292.06,Baja,Mantener sistema actual,0.86,0.74,Deficit acumulado 20.8 mm supera umbral critico. Riego urgente antes de 6 dias para evitar dano.
d24a4d24-f013-4d58-833b-27d31bd05e00,PAR-047,CIC-2026-PV,2026-03-11,2026-03-16,10.74,6.3,2.205,7.73,Baja,MILPIN-v1.2,aceptada,417.2,700.9,128.75,Media,Gravedad -> Goteo,0.82,0.91,ETo proyectada 6.3 mm/dia (horizonte 7 dias). Kc=0.35 etapa Inicial. Aplicar lamina 11 mm.
f65dfcde-5bac-48f5-8bb6-c9b846a75166,PAR-047,CIC-2026-PV,2026-07-03,2026-07-04,27.43,7.69,9.382,24.02,Media,MILPIN-v1.3,aceptada,1066.8,1792.22,329.21,Baja,Microaspersion -> Goteo,0.85,0.84,Patron historico + indices climaticos: riego optimo en 6 dias evita estres hidrico en etapa Media.
b4b76013-6b3a-4fb5-84e2-67e472707230,PAR-047,CIC-2026-PV,2026-04-13,2026-04-16,16.0,7.62,4.275,12.53,Alta,MILPIN-v1.2,aceptada,621.6,1044.29,191.83,Media,Microaspersion -> Goteo,0.94,0.93,Score optimizacion 0.94: migracion Microaspersion -> Goteo proyecta ahorro 11% consumo anual con payback < 2 ciclos.
5242dbdc-664f-439d-a176-945d3b92ba7d,PAR-048,CIC-2025-PV,2025-03-13,2025-03-15,18.02,5.68,3.181,13.0,Alta,MILPIN-v1.2,rechazada,930.0,1562.4,287.0,Alta,Mantener sistema actual,0.67,0.64,Balance hidrico acumulado indica deficit de 13.0 mm. Riego preventivo recomendado en 3 dias.
a29d1df3-6ccb-420f-a190-959e553dc19a,PAR-048,CIC-2025-PV,2025-08-25,2025-08-27,20.75,7.77,7.071,13.38,Media,MILPIN-v2.0,modificada,1071.4,1799.95,330.63,Media,Gravedad -> Microaspersion,0.5,0.48,Score optimizacion 0.50: migracion Gravedad -> Microaspersion proyecta ahorro 11% consumo anual con payback < 2 ciclos.
c393e04b-3c07-4192-be47-831827bfc068,PAR-048,CIC-2025-PV,2025-05-27,2025-06-01,26.99,8.84,9.547,22.21,Media,MILPIN-v2.0,modificada,1395.0,2343.6,430.5,Alta,Mantener sistema actual,0.47,0.51,Deficit acumulado 22.2 mm supera umbral critico. Riego urgente antes de 4 dias para evitar dano.
797a49d1-3a4a-4575-9af1-41b4f8d082a7,PAR-048,CIC-2025-PV,2025-03-20,2025-03-23,21.06,5.85,3.334,13.03,Media,MILPIN-v1.2,rechazada,1086.2,1824.82,335.2,Media,Gravedad -> Microaspersion,0.62,0.39,ETo proyectada 5.8 mm/dia (horizonte 7 dias). Kc=0.57 etapa Inicial. Aplicar lamina 21 mm.
b46595da-4934-4c96-90be-059f98138767,PAR-048,CIC-2025-PV,2025-09-21,2025-09-26,31.73,6.76,6.219,23.16,Media,MILPIN-v2.0,rechazada,1636.8,2749.82,505.12,Baja,Microaspersion -> Goteo,0.62,0.6,Balance hidrico acumulado indica deficit de 23.2 mm. Riego preventivo recomendado en 6 dias.
1d2a67c9-a711-41d4-b39a-bd9145c6d5d7,PAR-048,CIC-2025-OI,2025-10-26,2025-10-31,15.6,5.0,2.95,7.03,Media,MILPIN-v2.0,rechazada,807.2,1356.1,249.1,Alta,Mantener sistema actual,0.62,0.63,Optimizacion turno nocturno 22-06 h: reduce evaporacion estimada 12-15%. Deficit actual 7.0 mm.
2947034a-6826-4177-81db-8e17eff83828,PAR-048,CIC-2025-OI,2026-01-03,2026-01-06,16.03,3.17,3.36,6.34,Media,MILPIN-v1.3,modificada,829.6,1393.73,256.01,Media,Gravedad -> Microaspersion,0.38,0.57,FAO-56 detecta inicio etapa media con Kc=1.06. Incrementar lamina un 11% respecto evento anterior.
e7e1a119-b282-49a5-8df7-202ad2bf3793,PAR-048,CIC-2025-OI,2025-10-31,2025-11-05,14.62,5.04,3.074,9.81,Media,MILPIN-v1.2,modificada,755.2,1268.74,233.05,Baja,Gravedad -> Goteo,0.69,0.5,Balance hidrico acumulado indica deficit de 9.8 mm. Riego preventivo recomendado en 2 dias.
540de9a4-f243-4f8e-8ef1-3ab32a33796e,PAR-048,CIC-2025-OI,2025-11-08,2025-11-13,13.37,3.94,2.325,6.63,Media,MILPIN-v1.2,rechazada,688.2,1156.18,212.38,Alta,Gravedad -> Microaspersion,0.51,0.54,ETo proyectada 3.9 mm/dia (horizonte 7 dias). Kc=0.59 etapa Inicial. Aplicar lamina 13 mm.
01b7c762-b83e-4413-93bf-520b36d56b13,PAR-048,CIC-2025-OI,2025-12-26,2025-12-29,20.97,3.14,3.391,16.5,Media,MILPIN-v1.2,sin_respuesta,1082.5,1818.6,334.06,Alta,Mantener sistema actual,0.58,0.55,Score optimizacion 0.58: migracion Mantener sistema actual proyecta ahorro 11% consumo anual con payback < 2 ciclos.
fd38bdeb-84c2-4492-bc4f-478c571b84b1,PAR-048,CIC-2025-OI,2025-12-01,2025-12-05,33.73,3.09,2.469,27.26,Alta,MILPIN-v1.3,sin_respuesta,1741.0,2924.88,537.27,Baja,Aspersion -> Goteo,0.64,0.38,Optimizacion turno nocturno 22-06 h: reduce evaporacion estimada 12-15%. Deficit actual 27.3 mm.
e17f291e-4985-4b5f-b89f-dedc1cff226c,PAR-048,CIC-2026-PV,2026-09-05,2026-09-10,27.42,6.19,5.385,22.45,Media,MILPIN-v1.3,modificada,4356.1,7318.25,1344.29,Alta,Gravedad -> Microaspersion,0.89,0.8,Balance hidrico acumulado indica deficit de 22.4 mm. Riego preventivo recomendado en 5 dias.
e0d54407-f492-4f5b-86fd-48ec510bc72b,PAR-048,CIC-2026-PV,2026-08-02,2026-08-04,22.91,7.82,7.273,16.08,Media,MILPIN-v1.3,aceptada,3641.9,6118.39,1123.89,Alta,Gravedad -> Microaspersion,0.91,0.85,Balance hidrico acumulado indica deficit de 16.1 mm. Riego preventivo recomendado en 5 dias.
cc92fb7d-5301-488d-91bd-950792bf46af,PAR-048,CIC-2026-PV,2026-07-11,2026-07-14,16.93,8.22,7.398,12.92,Baja,MILPIN-v2.0,modificada,2693.3,4524.74,831.15,Baja,Microaspersion -> Goteo,0.83,0.78,Optimizacion turno nocturno 22-06 h: reduce evaporacion estimada 12-15%. Deficit actual 12.9 mm.
fa0e6d51-ca16-4802-8bd1-edadb0eb9ffb,PAR-048,CIC-2026-PV,2026-08-11,2026-08-15,21.89,7.53,6.852,15.6,Media,MILPIN-v1.3,aceptada,3481.9,5849.59,1074.51,Alta,Gravedad -> Microaspersion,0.78,0.82,ETo proyectada 7.5 mm/dia (horizonte 7 dias). Kc=0.91 etapa Final. Aplicar lamina 22 mm.
5e401740-f6f4-4ffd-a1df-7ca7be2e72c7,PAR-048,CIC-2026-PV,2026-04-04,2026-04-09,36.46,7.25,5.409,26.52,Alta,MILPIN-v1.2,modificada,5795.8,9736.94,1788.58,Baja,Gravedad -> Microaspersion,0.93,0.84,Patron historico + indices climaticos: riego optimo en 6 dias evita estres hidrico en etapa Desarrollo.
a5e48b3c-7555-4ccd-82d0-88f82e9218aa,PAR-049,CIC-2025-PV,2025-05-30,2025-05-31,20.05,8.56,7.618,10.78,Alta,MILPIN-v1.3,rechazada,3248.0,5456.64,1002.33,Media,Mantener sistema actual,0.38,0.39,Score optimizacion 0.38: migracion Mantener sistema actual proyecta ahorro 28% consumo anual con payback < 2 ciclos.
9c5c75fb-f81b-4e81-84c7-1709ca642e42,PAR-049,CIC-2025-PV,2025-08-07,2025-08-09,16.87,7.7,6.468,13.04,Baja,MILPIN-v1.2,sin_respuesta,2732.6,4590.77,843.28,Alta,Aspersion -> Goteo,0.48,0.75,Deficit acumulado 13.0 mm supera umbral critico. Riego urgente antes de 3 dias para evitar dano.
60f3f5e2-d583-430a-a530-7975ce68b379,PAR-049,CIC-2025-PV,2025-09-29,2025-10-03,25.74,6.44,2.859,19.11,Alta,MILPIN-v1.3,sin_respuesta,4169.0,7003.92,1286.55,Alta,Aspersion -> Goteo,0.36,0.75,Deficit acumulado 19.1 mm supera umbral critico. Riego urgente antes de 5 dias para evitar dano.
aacd7048-32c6-4198-9053-70efd1eabee0,PAR-049,CIC-2025-PV,2025-05-08,2025-05-09,29.19,8.46,7.022,20.53,Alta,MILPIN-v1.3,sin_respuesta,4729.9,7946.23,1459.65,Media,Microaspersion -> Goteo,0.67,0.65,FAO-56 detecta inicio etapa media con Kc=0.83. Incrementar lamina un 28% respecto evento anterior.
eff079ec-9f1a-47ec-af1a-c898ea4edd42,PAR-049,CIC-2025-PV,2025-06-04,2025-06-08,27.46,8.69,7.213,23.55,Media,MILPIN-v2.0,aceptada,4449.5,7475.16,1373.12,Alta,Aspersion -> Goteo,0.33,0.59,Patron historico + indices climaticos: riego optimo en 6 dias evita estres hidrico en etapa Media.
e4afb534-6bc9-4e37-9c47-c23d9e164af8,PAR-049,CIC-2025-PV,2025-06-15,2025-06-19,19.23,9.14,7.495,11.87,Alta,MILPIN-v2.0,rechazada,3111.6,5227.49,960.24,Alta,Gravedad -> Microaspersion,0.46,0.58,Balance hidrico acumulado indica deficit de 11.9 mm. Riego preventivo recomendado en 4 dias.
765aeb6a-0bc0-44e8-bbab-49d37b7e2299,PAR-049,CIC-2025-OI,2026-04-03,2026-04-08,17.78,7.27,6.252,8.21,Media,MILPIN-v2.0,sin_respuesta,2876.6,4832.69,887.72,Media,Gravedad -> Goteo,0.53,0.58,Score optimizacion 0.53: migracion Gravedad -> Goteo proyecta ahorro 28% consumo anual con payback < 2 ciclos.
a1e896b6-9bdf-4c7d-9044-877d1f93db89,PAR-049,CIC-2025-OI,2026-02-01,2026-02-06,26.74,4.57,4.022,22.51,Media,MILPIN-v1.3,rechazada,4332.0,7277.76,1336.86,Alta,Gravedad -> Microaspersion,0.58,0.44,Balance hidrico acumulado indica deficit de 22.5 mm. Riego preventivo recomendado en 5 dias.
0435b911-47a9-4bf9-bce4-f820573f5a1a,PAR-049,CIC-2025-OI,2025-11-05,2025-11-07,29.21,3.6,0.972,20.51,Media,MILPIN-v1.2,rechazada,4729.9,7946.23,1459.65,Alta,Aspersion -> Goteo,0.49,0.71,Deficit acumulado 20.5 mm supera umbral critico. Riego urgente antes de 3 dias para evitar dano.
b3ebb0fa-b01d-41a7-86a5-eda1eccc6cf6,PAR-049,CIC-2025-OI,2025-12-17,2025-12-21,31.43,3.22,2.779,27.54,Alta,MILPIN-v2.0,rechazada,5090.0,8551.2,1570.77,Media,Microaspersion -> Goteo,0.5,0.71,Deficit acumulado 27.5 mm supera umbral critico. Riego urgente antes de 6 dias para evitar dano.
a8c8fa0e-ccd1-49f0-936e-c6c198521bf2,PAR-049,CIC-2026-PV,2026-07-04,2026-07-06,35.64,8.17,6.944,27.58,Media,MILPIN-v1.2,aceptada,0.0,0.0,0.0,Baja,Aspersion -> Goteo,0.94,0.86,Patron historico + indices climaticos: riego optimo en 4 dias evita estres hidrico en etapa Media.
3eca0029-3af9-4efb-81ab-de45f7f8a695,PAR-049,CIC-2026-PV,2026-03-07,2026-03-11,28.81,6.03,1.628,23.95,Baja,MILPIN-v1.3,aceptada,0.0,0.0,0.0,Media,Gravedad -> Microaspersion,0.9,0.93,ETo proyectada 6.0 mm/dia (horizonte 7 dias). Kc=0.27 etapa Inicial. Aplicar lamina 29 mm.
2a64fd03-a4f4-4d02-a460-10531e5e0727,PAR-049,CIC-2026-PV,2026-04-19,2026-04-21,32.37,7.24,5.35,23.5,Media,MILPIN-v1.3,aceptada,0.0,0.0,0.0,Baja,Aspersion -> Goteo,0.73,0.9,Optimizacion turno nocturno 22-06 h: reduce evaporacion estimada 12-15%. Deficit actual 23.5 mm.
695e2576-b237-49f3-bae8-eee9b9836ec9,PAR-049,CIC-2026-PV,2026-08-02,2026-08-06,27.39,7.81,6.482,22.85,Media,MILPIN-v2.0,aceptada,0.0,0.0,0.0,Alta,Microaspersion -> Goteo,0.76,0.93,FAO-56 detecta inicio etapa media con Kc=0.83. Incrementar lamina un 0% respecto evento anterior.
c051f1ad-215f-4415-942e-cbb200b2ba91,PAR-049,CIC-2026-PV,2026-09-23,2026-09-26,13.91,6.66,3.417,8.51,Baja,MILPIN-v1.3,aceptada,0.0,0.0,0.0,Media,Aspersion -> Goteo,0.86,0.83,Score optimizacion 0.86: migracion Aspersion -> Goteo proyecta ahorro 0% consumo anual con payback < 2 ciclos.
c644848b-50ad-4bff-9b46-86695e0e975e,PAR-049,CIC-2026-PV,2026-08-19,2026-08-20,22.87,7.22,5.993,15.96,Media,MILPIN-v2.0,modificada,0.0,0.0,0.0,Media,Gravedad -> Microaspersion,0.91,0.76,Score optimizacion 0.91: migracion Gravedad -> Microaspersion proyecta ahorro 0% consumo anual con payback < 2 ciclos.
840bed6b-cf10-4106-aebb-80caed9a0960,PAR-050,CIC-2025-PV,2025-07-19,2025-07-23,20.16,8.34,7.756,12.9,Baja,MILPIN-v2.0,rechazada,1044.4,1754.59,322.3,Alta,Gravedad -> Microaspersion,0.52,0.75,Patron historico + indices climaticos: riego optimo en 5 dias evita estres hidrico en etapa Final.
b85587ea-4756-4d4c-b10e-a2f8ef0b8fda,PAR-050,CIC-2025-PV,2025-04-28,2025-04-30,14.45,7.59,7.924,6.62,Media,MILPIN-v2.0,rechazada,746.0,1253.28,230.22,Media,Microaspersion -> Goteo,0.45,0.61,Balance hidrico acumulado indica deficit de 6.6 mm. Riego preventivo recomendado en 2 dias.
90a8d252-7c2a-43d3-94c1-3bce17b98a7c,PAR-050,CIC-2025-PV,2025-04-16,2025-04-18,21.07,7.33,6.45,12.19,Alta,MILPIN-v2.0,modificada,1092.9,1836.07,337.27,Baja,Microaspersion -> Goteo,0.38,0.49,Balance hidrico acumulado indica deficit de 12.2 mm. Riego preventivo recomendado en 5 dias.
22b4b6b8-c425-4e68-9854-d8e98ac74509,PAR-050,CIC-2025-PV,2025-08-05,2025-08-08,30.04,7.21,6.345,26.71,Media,MILPIN-v1.2,sin_respuesta,1555.4,2613.07,480.0,Media,Aspersion -> Goteo,0.51,0.47,Patron historico + indices climaticos: riego optimo en 6 dias evita estres hidrico en etapa Final.
a0dbec9c-ecc8-4ee0-95ff-a0fd384885db,PAR-050,CIC-2025-OI,2026-03-13,2026-03-15,24.6,5.95,5.236,19.36,Media,MILPIN-v1.2,sin_respuesta,1275.7,2143.18,393.68,Alta,Gravedad -> Goteo,0.35,0.67,FAO-56 detecta inicio etapa media con Kc=0.88. Incrementar lamina un 11% respecto evento anterior.
87fa2326-44e9-4793-8962-03d0d4ae8886,PAR-050,CIC-2025-OI,2026-02-19,2026-02-22,17.44,4.29,4.067,14.29,Media,MILPIN-v1.3,modificada,902.7,1516.54,278.57,Baja,Gravedad -> Goteo,0.38,0.55,Patron historico + indices climaticos: riego optimo en 4 dias evita estres hidrico en etapa Final.
95171ebd-2d99-469c-98a1-c90ebccd8b65,PAR-050,CIC-2025-OI,2026-02-12,2026-02-17,27.66,4.64,4.408,18.37,Media,MILPIN-v1.3,rechazada,1432.3,2406.26,442.01,Media,Gravedad -> Microaspersion,0.54,0.57,Balance hidrico acumulado indica deficit de 18.4 mm. Riego preventivo recomendado en 4 dias.
ea58c57c-424a-4e6e-a006-e33374adabae,PAR-050,CIC-2025-OI,2026-04-09,2026-04-11,25.37,7.42,6.826,17.95,Baja,MILPIN-v1.2,rechazada,1313.0,2205.84,405.19,Baja,Gravedad -> Microaspersion,0.46,0.49,Optimizacion turno nocturno 22-06 h: reduce evaporacion estimada 12-15%. Deficit actual 17.9 mm.
3db58da3-8b41-402b-9c16-6cf6a28f9366,PAR-050,CIC-2026-PV,2026-04-16,2026-04-19,29.63,7.75,6.51,25.63,Baja,MILPIN-v1.2,modificada,4722.2,7933.3,1457.27,Media,Mantener sistema actual,0.93,0.96,Score optimizacion 0.93: migracion Mantener sistema actual proyecta ahorro 28% consumo anual con payback < 2 ciclos.
85237def-48a4-4358-b7ab-1442f7d97b35,PAR-050,CIC-2026-PV,2026-08-19,2026-08-22,23.76,7.2,6.264,19.47,Baja,MILPIN-v1.2,aceptada,3785.9,6360.31,1168.33,Alta,Gravedad -> Microaspersion,0.84,0.95,Balance hidrico acumulado indica deficit de 19.5 mm. Riego preventivo recomendado en 3 dias.
622242bb-e7d2-4561-9ab1-99c2bda834a4,PAR-050,CIC-2026-PV,2026-09-24,2026-09-26,24.16,6.42,5.778,19.33,Alta,MILPIN-v2.0,aceptada,3853.1,6473.21,1189.07,Media,Gravedad -> Goteo,0.91,0.86,Score optimizacion 0.91: migracion Gravedad -> Goteo proyecta ahorro 28% consumo anual con payback < 2 ciclos.
53b4a06e-f9fd-46fc-a580-2a2f68035cbd,PAR-050,CIC-2026-PV,2026-08-27,2026-08-29,31.23,7.81,6.795,23.07,Baja,MILPIN-v1.3,aceptada,4979.5,8365.56,1536.67,Alta,Mantener sistema actual,0.72,0.97,Score optimizacion 0.72: migracion Mantener sistema actual proyecta ahorro 28% consumo anual con payback < 2 ciclos.
ff6516e1-0832-49fa-8533-118889e65888,PAR-050,CIC-2026-PV,2026-05-19,2026-05-20,26.96,8.21,8.703,23.34,Media,MILPIN-v1.3,aceptada,4297.0,7218.96,1326.05,Baja,Gravedad -> Microaspersion,0.89,0.75,Optimizacion turno nocturno 22-06 h: reduce evaporacion estimada 12-15%. Deficit actual 23.3 mm.
3704c45b-227c-40a7-81c1-0231951120bf,PAR-050,CIC-2026-PV,2026-07-29,2026-07-30,31.05,7.85,7.222,23.8,Media,MILPIN-v1.3,aceptada,4949.7,8315.5,1527.48,Alta,Aspersion -> Goteo,0.94,0.77,FAO-56 detecta inicio etapa media con Kc=0.92. Incrementar lamina un 28% respecto evento anterior.
b53930af-5bd6-4b3b-b1ae-824d76f6a303,PAR-050,CIC-2026-PV,2026-03-28,2026-04-02,31.03,5.71,3.746,27.23,Media,MILPIN-v1.2,rechazada,4946.0,8309.28,1526.34,Alta,Mantener sistema actual,0.9,0.91,Patron historico + indices climaticos: riego optimo en 4 dias evita estres hidrico en etapa Desarrollo.
a4bc255a-2546-490f-a0ff-a6b5abb4f7c9,PAR-051,CIC-2025-PV,2025-08-06,2025-08-11,22.45,7.27,6.79,15.62,Alta,MILPIN-v1.2,aceptada,3868.8,6499.58,1193.91,Baja,Gravedad -> Goteo,0.43,0.57,Balance hidrico acumulado indica deficit de 15.6 mm. Riego preventivo recomendado en 3 dias.
775181f6-9f04-4db2-b974-4c30c1deecbf,PAR-051,CIC-2025-PV,2025-03-28,2025-03-30,10.94,6.35,2.222,5.91,Media,MILPIN-v2.0,sin_respuesta,1882.0,3161.76,580.79,Baja,Mantener sistema actual,0.38,0.59,Optimizacion turno nocturno 22-06 h: reduce evaporacion estimada 12-15%. Deficit actual 5.9 mm.
dddff4b7-dc14-4844-b6ad-f12aba35dc55,PAR-051,CIC-2025-PV,2025-07-19,2025-07-20,17.47,8.12,9.37,11.95,Media,MILPIN-v1.2,aceptada,3010.4,5057.47,929.01,Alta,Mantener sistema actual,0.36,0.69,Optimizacion turno nocturno 22-06 h: reduce evaporacion estimada 12-15%. Deficit actual 11.9 mm.
4d191a93-efaf-43f7-a0e3-f97625edce34,PAR-051,CIC-2025-PV,2025-08-24,2025-08-26,26.64,7.42,5.372,17.92,Media,MILPIN-v1.3,aceptada,4586.1,7704.65,1415.27,Baja,Microaspersion -> Goteo,0.38,0.55,Balance hidrico acumulado indica deficit de 17.9 mm. Riego preventivo recomendado en 5 dias.
2ea05861-8866-4d07-bd24-b2692b93fa1f,PAR-051,CIC-2025-OI,2026-02-25,2026-02-26,30.2,4.61,5.348,20.89,Media,MILPIN-v1.2,aceptada,5198.7,8733.82,1604.32,Alta,Gravedad -> Microaspersion,0.51,0.42,FAO-56 detecta inicio etapa media con Kc=1.16. Incrementar lamina un 28% respecto evento anterior.
183b0436-25d8-42fb-a882-ebba2969632d,PAR-051,CIC-2025-OI,2025-12-25,2025-12-27,30.15,2.87,2.818,25.41,Alta,MILPIN-v2.0,sin_respuesta,5190.6,8720.21,1601.82,Media,Microaspersion -> Goteo,0.46,0.48,FAO-56 detecta inicio etapa media con Kc=0.98. Incrementar lamina un 28% respecto evento anterior.
7126e0bb-315d-4f61-81dd-f856a83a59e0,PAR-051,CIC-2025-OI,2026-02-02,2026-02-05,23.7,4.65,5.394,15.44,Alta,MILPIN-v2.0,aceptada,4082.4,6858.43,1259.83,Alta,Gravedad -> Goteo,0.57,0.65,Score optimizacion 0.57: migracion Gravedad -> Goteo proyecta ahorro 28% consumo anual con payback < 2 ciclos.
939de6ea-c5a1-4b7e-99e6-92311a96782e,PAR-051,CIC-2026-PV,2026-06-14,2026-06-15,33.6,9.11,11.205,27.07,Baja,MILPIN-v2.0,aceptada,5787.1,9722.33,1785.9,Media,Gravedad -> Goteo,0.92,0.89,Score optimizacion 0.92: migracion Gravedad -> Goteo proyecta ahorro 28% consumo anual con payback < 2 ciclos.
7954f815-4d33-49b2-946e-9b36f2e3b007,PAR-051,CIC-2026-PV,2026-10-08,2026-10-09,23.84,5.18,3.833,18.19,Media,MILPIN-v2.0,rechazada,4106.6,6899.09,1267.3,Media,Gravedad -> Goteo,0.82,0.75,Optimizacion turno nocturno 22-06 h: reduce evaporacion estimada 12-15%. Deficit actual 18.2 mm.
2edbd620-1885-445e-9451-6c4bed8dca2f,PAR-051,CIC-2026-PV,2026-06-17,2026-06-22,21.37,9.33,11.476,14.14,Media,MILPIN-v1.3,modificada,3683.4,6188.11,1136.7,Alta,Microaspersion -> Goteo,0.9,0.77,Balance hidrico acumulado indica deficit de 14.1 mm. Riego preventivo recomendado en 2 dias.
0e356dbd-fede-4f7c-96af-e5c7b5cb556c,PAR-051,CIC-2026-PV,2026-09-12,2026-09-15,12.08,6.16,4.312,5.61,Media,MILPIN-v1.3,modificada,2079.5,3493.56,641.73,Alta,Aspersion -> Goteo,0.73,0.8,ETo proyectada 6.2 mm/dia (horizonte 7 dias). Kc=0.70 etapa Final. Aplicar lamina 12 mm.
d7056acd-4716-4ed1-9927-7f322b052a89,PAR-051,CIC-2026-PV,2026-10-08,2026-10-09,33.91,4.93,3.55,25.46,Media,MILPIN-v1.2,aceptada,5839.5,9810.36,1802.07,Alta,Aspersion -> Goteo,0.85,0.94,Deficit acumulado 25.5 mm supera umbral critico. Riego urgente antes de 6 dias para evitar dano.
b14021b5-b261-47c8-9292-2bf73b1a3d20,PAR-052,CIC-2025-PV,2025-05-30,2025-06-04,20.33,8.74,7.604,16.34,Media,MILPIN-v2.0,sin_respuesta,380.7,639.58,117.48,Media,Gravedad -> Microaspersion,0.53,0.5,FAO-56 detecta inicio etapa media con Kc=0.87. Incrementar lamina un 11% respecto evento anterior.
27f51825-6615-4b9a-832d-343188c82961,PAR-052,CIC-2025-PV,2025-06-05,2025-06-08,23.06,8.73,7.77,19.26,Alta,MILPIN-v1.2,rechazada,432.0,725.76,133.32,Alta,Gravedad -> Microaspersion,0.33,0.54,Score optimizacion 0.33: migracion Gravedad -> Microaspersion proyecta ahorro 11% consumo anual con payback < 2 ciclos.
6cd6fb9e-178b-484f-951f-b7a23b2d7cf3,PAR-052,CIC-2025-PV,2025-06-23,2025-06-27,24.02,9.29,7.896,17.6,Alta,MILPIN-v1.2,rechazada,449.5,755.16,138.72,Media,Aspersion -> Goteo,0.56,0.59,Balance hidrico acumulado indica deficit de 17.6 mm. Riego preventivo recomendado en 6 dias.
f7048605-7f8b-4df3-bafd-f76166432dfc,PAR-052,CIC-2025-PV,2025-08-30,2025-09-01,22.82,7.46,6.095,16.93,Media,MILPIN-v1.2,sin_respuesta,426.6,716.69,131.65,Media,Gravedad -> Microaspersion,0.48,0.48,Patron historico + indices climaticos: riego optimo en 2 dias evita estres hidrico en etapa Final.
d05ff82e-8c88-412d-ae62-da7040f7c774,PAR-052,CIC-2025-PV,2025-09-18,2025-09-19,12.76,6.43,3.729,7.43,Alta,MILPIN-v1.3,sin_respuesta,238.9,401.35,73.72,Alta,Gravedad -> Microaspersion,0.5,0.6,Optimizacion turno nocturno 22-06 h: reduce evaporacion estimada 12-15%. Deficit actual 7.4 mm.
7995efda-6fef-48c5-9e9e-149c65652b45,PAR-052,CIC-2025-PV,2025-07-15,2025-07-16,14.38,8.19,6.716,10.82,Media,MILPIN-v1.3,rechazada,270.0,453.6,83.32,Baja,Microaspersion -> Goteo,0.59,0.59,Balance hidrico acumulado indica deficit de 10.8 mm. Riego preventivo recomendado en 2 dias.
d84d1c65-8106-4310-a0e6-6e91a7d00a75,PAR-052,CIC-2025-OI,2025-11-24,2025-11-25,33.91,4.09,1.988,24.77,Media,MILPIN-v1.3,aceptada,635.9,1068.31,196.24,Baja,Gravedad -> Goteo,0.38,0.58,FAO-56 detecta inicio etapa media con Kc=0.49. Incrementar lamina un 11% respecto evento anterior.
76bd409d-a7df-4a7d-a1c7-2b1a33e6a4a2,PAR-052,CIC-2025-OI,2026-04-04,2026-04-07,19.13,7.4,6.216,10.94,Alta,MILPIN-v1.2,rechazada,357.7,600.94,110.39,Media,Aspersion -> Goteo,0.51,0.47,Patron historico + indices climaticos: riego optimo en 5 dias evita estres hidrico en etapa Media.
f4abaf17-99a8-4f9d-b6d1-da4959bc30f8,PAR-052,CIC-2025-OI,2025-10-31,2025-11-02,19.07,5.21,1.459,11.27,Media,MILPIN-v1.2,rechazada,357.7,600.94,110.39,Alta,Microaspersion -> Goteo,0.54,0.51,Balance hidrico acumulado indica deficit de 11.3 mm. Riego preventivo recomendado en 2 dias.
f0dcd67c-976b-4b15-997e-774fb2d97f2c,PAR-052,CIC-2025-OI,2025-11-16,2025-11-17,31.6,3.74,1.518,27.53,Alta,MILPIN-v2.0,modificada,592.7,995.74,182.91,Alta,Mantener sistema actual,0.69,0.74,FAO-56 detecta inicio etapa media con Kc=0.41. Incrementar lamina un 11% respecto evento anterior.
a5e78113-6fa8-45ba-9f5e-1100107b85dc,PAR-052,CIC-2025-OI,2026-04-19,2026-04-20,30.83,7.66,6.503,22.62,Media,MILPIN-v2.0,sin_respuesta,577.8,970.7,178.31,Baja,Gravedad -> Goteo,0.52,0.53,FAO-56 detecta inicio etapa media con Kc=0.85. Incrementar lamina un 11% respecto evento anterior.
ab2b560f-3cc2-47d2-a176-6827fccc5a79,PAR-052,CIC-2025-OI,2026-02-17,2026-02-18,19.42,4.56,4.058,10.95,Baja,MILPIN-v1.2,modificada,364.5,612.36,112.48,Alta,Gravedad -> Goteo,0.58,0.41,Balance hidrico acumulado indica deficit de 10.9 mm. Riego preventivo recomendado en 6 dias.
bdae3996-559c-43d7-9d6f-04a8413c1a73,PAR-052,CIC-2026-PV,2026-09-27,2026-09-30,31.47,6.68,3.587,26.79,Media,MILPIN-v1.2,rechazada,0.0,0.0,0.0,Baja,Microaspersion -> Goteo,0.85,0.88,Balance hidrico acumulado indica deficit de 26.8 mm. Riego preventivo recomendado en 5 dias.
57f7465f-a4bf-44f3-b403-080b8e5bf615,PAR-052,CIC-2026-PV,2026-06-21,2026-06-23,20.24,9.3,8.091,12.61,Media,MILPIN-v2.0,aceptada,0.0,0.0,0.0,Baja,Gravedad -> Microaspersion,0.79,0.9,FAO-56 detecta inicio etapa media con Kc=0.87. Incrementar lamina un 0% respecto evento anterior.
67c85b8e-2a54-404c-9bb2-c3ea0a4214bc,PAR-052,CIC-2026-PV,2026-06-13,2026-06-17,34.08,8.86,7.62,24.21,Baja,MILPIN-v1.3,rechazada,0.0,0.0,0.0,Alta,Microaspersion -> Goteo,0.89,0.85,Patron historico + indices climaticos: riego optimo en 3 dias evita estres hidrico en etapa Media.
89c24cab-2a16-4e66-9b0d-ab037bad5350,PAR-052,CIC-2026-PV,2026-07-12,2026-07-13,35.44,7.73,6.88,27.24,Media,MILPIN-v1.3,modificada,0.0,0.0,0.0,Media,Microaspersion -> Goteo,0.93,0.95,FAO-56 detecta inicio etapa media con Kc=0.89. Incrementar lamina un 0% respecto evento anterior.
1502df83-bbe4-4604-ad25-aef70a3e7297,PAR-052,CIC-2026-PV,2026-08-01,2026-08-04,14.42,7.37,6.412,9.23,Media,MILPIN-v2.0,aceptada,0.0,0.0,0.0,Baja,Aspersion -> Goteo,0.77,0.83,FAO-56 detecta inicio etapa media con Kc=0.87. Incrementar lamina un 0% respecto evento anterior.
d0926918-2165-4680-939f-e62c890f165d,PAR-052,CIC-2026-PV,2026-08-08,2026-08-12,24.04,7.63,6.638,20.72,Baja,MILPIN-v2.0,aceptada,0.0,0.0,0.0,Baja,Aspersion -> Goteo,0.85,0.74,FAO-56 detecta inicio etapa media con Kc=0.87. Incrementar lamina un 0% respecto evento anterior.
37540a76-e044-40c6-9f90-cc324513574e,PAR-052,CIC-2026-PV,2026-05-31,2026-06-04,25.27,8.2,6.888,21.98,Media,MILPIN-v2.0,aceptada,0.0,0.0,0.0,Media,Mantener sistema actual,0.95,0.97,Balance hidrico acumulado indica deficit de 22.0 mm. Riego preventivo recomendado en 4 dias.
9c249e0e-6435-4dbc-9e7a-6bd785470065,PAR-052,CIC-2026-PV,2026-04-19,2026-04-21,18.42,7.4,5.099,8.44,Media,MILPIN-v1.3,rechazada,0.0,0.0,0.0,Media,Mantener sistema actual,0.87,0.86,Deficit acumulado 8.4 mm supera umbral critico. Riego urgente antes de 5 dias para evitar dano.
5d6a01fa-dd7a-4502-a09a-eaa7eacfe721,PAR-053,CIC-2025-PV,2025-07-30,2025-08-04,32.02,7.8,4.446,26.12,Media,MILPIN-v2.0,rechazada,510.1,856.97,157.42,Baja,Gravedad -> Goteo,0.49,0.48,FAO-56 detecta inicio etapa media con Kc=0.57. Incrementar lamina un 9% respecto evento anterior.
02b1475f-36c5-4818-a697-9e54b37cddc4,PAR-053,CIC-2025-PV,2025-04-08,2025-04-09,36.8,7.76,6.154,27.08,Alta,MILPIN-v2.0,modificada,586.5,985.32,180.99,Alta,Gravedad -> Goteo,0.55,0.58,Deficit acumulado 27.1 mm supera umbral critico. Riego urgente antes de 5 dias para evitar dano.
d78c324a-4c23-46ad-9fe5-684384192027,PAR-053,CIC-2025-PV,2025-04-04,2025-04-08,19.01,7.36,4.637,14.23,Media,MILPIN-v2.0,modificada,302.8,508.7,93.44,Media,Mantener sistema actual,0.36,0.41,Balance hidrico acumulado indica deficit de 14.2 mm. Riego preventivo recomendado en 3 dias.
8ada4743-c99f-4d13-a68a-72a3a102055a,PAR-053,CIC-2025-PV,2025-06-06,2025-06-09,31.51,9.19,10.385,25.08,Baja,MILPIN-v1.3,sin_respuesta,502.7,844.54,155.13,Baja,Gravedad -> Microaspersion,0.57,0.69,ETo proyectada 9.2 mm/dia (horizonte 7 dias). Kc=1.13 etapa Final. Aplicar lamina 32 mm.
69b7fff7-540c-45b2-9575-bc08666b0ddd,PAR-053,CIC-2025-PV,2025-08-24,2025-08-28,32.39,7.54,4.826,24.29,Baja,MILPIN-v1.2,rechazada,516.0,866.88,159.24,Media,Aspersion -> Goteo,0.53,0.4,ETo proyectada 7.5 mm/dia (horizonte 7 dias). Kc=0.64 etapa Final. Aplicar lamina 32 mm.
4c27c86b-1365-4547-ac33-9062f6b34a19,PAR-053,CIC-2025-PV,2025-03-30,2025-04-01,31.53,6.1,3.056,22.73,Media,MILPIN-v1.3,rechazada,502.7,844.54,155.13,Baja,Mantener sistema actual,0.38,0.44,Optimizacion turno nocturno 22-06 h: reduce evaporacion estimada 12-15%. Deficit actual 22.7 mm.
ead65537-36ff-4956-a549-948786c5f615,PAR-053,CIC-2025-OI,2026-02-07,2026-02-08,34.85,4.45,3.872,25.94,Baja,MILPIN-v1.3,rechazada,555.7,933.58,171.49,Media,Microaspersion -> Goteo,0.54,0.46,Patron historico + indices climaticos: riego optimo en 2 dias evita estres hidrico en etapa Final.
b497dd6c-af99-4230-aa21-30208d0838dd,PAR-053,CIC-2025-OI,2026-04-14,2026-04-19,30.3,7.23,4.121,21.5,Baja,MILPIN-v1.2,aceptada,482.2,810.1,148.81,Alta,Mantener sistema actual,0.5,0.76,Patron historico + indices climaticos: riego optimo en 2 dias evita estres hidrico en etapa Final.
eb305e7a-4f4c-48c0-a219-1a90ca2a1320,PAR-053,CIC-2025-OI,2026-02-26,2026-03-03,24.91,4.52,2.802,16.78,Baja,MILPIN-v1.2,sin_respuesta,396.9,666.79,122.48,Media,Mantener sistema actual,0.49,0.65,ETo proyectada 4.5 mm/dia (horizonte 7 dias). Kc=0.62 etapa Final. Aplicar lamina 25 mm.
4db4e764-9454-4bf4-be6b-9a6641d38583,PAR-053,CIC-2025-OI,2026-04-23,2026-04-24,21.75,7.77,4.74,16.84,Media,MILPIN-v1.3,aceptada,345.4,580.27,106.59,Baja,Gravedad -> Microaspersion,0.58,0.44,Patron historico + indices climaticos: riego optimo en 6 dias evita estres hidrico en etapa Final.
604fdda2-ab51-4cb4-9f33-83307e632d88,PAR-053,CIC-2025-OI,2025-12-09,2025-12-14,20.92,2.89,3.066,15.92,Media,MILPIN-v1.3,sin_respuesta,333.7,560.62,102.98,Baja,Microaspersion -> Goteo,0.47,0.69,Patron historico + indices climaticos: riego optimo en 5 dias evita estres hidrico en etapa Desarrollo.
0c3a647d-1b70-4a4e-9878-7d6e99fee4f7,PAR-053,CIC-2025-OI,2026-01-03,2026-01-04,22.68,3.51,4.282,16.55,Alta,MILPIN-v1.3,rechazada,361.6,607.49,111.59,Alta,Gravedad -> Goteo,0.54,0.57,FAO-56 detecta inicio etapa media con Kc=1.22. Incrementar lamina un 9% respecto evento anterior.
f337f4ce-aad0-4abe-9a0c-f8ff4cb1b2cb,PAR-053,CIC-2026-PV,2026-03-21,2026-03-23,28.9,5.78,1.676,19.06,Media,MILPIN-v1.3,aceptada,460.1,772.97,141.99,Media,Gravedad -> Microaspersion,0.9,0.77,ETo proyectada 5.8 mm/dia (horizonte 7 dias). Kc=0.29 etapa Inicial. Aplicar lamina 29 mm.
f8e70c39-7677-4091-9f30-651cd2cd4843,PAR-053,CIC-2026-PV,2026-05-02,2026-05-04,32.45,8.79,10.196,22.46,Baja,MILPIN-v1.2,aceptada,516.0,866.88,159.24,Media,Microaspersion -> Goteo,0.78,0.92,FAO-56 detecta inicio etapa media con Kc=1.16. Incrementar lamina un 9% respecto evento anterior.
7d8f2c1c-0a7d-4862-b445-55c8b64a35ea,PAR-053,CIC-2026-PV,2026-07-15,2026-07-18,23.9,7.75,4.417,15.69,Media,MILPIN-v1.2,aceptada,380.7,639.58,117.48,Baja,Mantener sistema actual,0.89,0.77,Balance hidrico acumulado indica deficit de 15.7 mm. Riego preventivo recomendado en 6 dias.
66425292-149b-4872-8059-7ff21e7d5356,PAR-053,CIC-2026-PV,2026-09-26,2026-09-29,23.66,6.77,4.265,14.19,Media,MILPIN-v1.2,aceptada,376.3,632.18,116.13,Alta,Aspersion -> Goteo,0.77,0.95,FAO-56 detecta inicio etapa media con Kc=0.63. Incrementar lamina un 9% respecto evento anterior.
b6ffe8ea-b8bd-4623-8b71-44e222324c8a,PAR-053,CIC-2026-PV,2026-07-20,2026-07-23,33.41,7.76,4.811,26.77,Baja,MILPIN-v1.3,aceptada,532.1,893.93,164.21,Baja,Microaspersion -> Goteo,0.92,0.95,ETo proyectada 7.8 mm/dia (horizonte 7 dias). Kc=0.62 etapa Final. Aplicar lamina 33 mm.
4eb2894a-9c58-4b29-babd-cb09315c5e42,PAR-053,CIC-2026-PV,2026-04-28,2026-04-29,30.27,7.72,8.955,21.5,Media,MILPIN-v2.0,rechazada,482.2,810.1,148.81,Alta,Mantener sistema actual,0.73,0.9,ETo proyectada 7.7 mm/dia (horizonte 7 dias). Kc=1.16 etapa Media. Aplicar lamina 30 mm.
27a135a8-8227-4674-81a2-b4d2496de2d4,PAR-054,CIC-2025-PV,2025-03-14,2025-03-16,14.17,5.66,1.811,9.54,Media,MILPIN-v1.3,modificada,1018.1,1710.41,314.19,Media,Mantener sistema actual,0.56,0.64,Optimizacion turno nocturno 22-06 h: reduce evaporacion estimada 12-15%. Deficit actual 9.5 mm.
7345ec0b-5ed7-44a7-8d41-4f6c52c28665,PAR-054,CIC-2025-PV,2025-06-16,2025-06-17,32.87,9.1,8.463,25.49,Media,MILPIN-v1.3,aceptada,2360.4,3965.47,728.42,Baja,Gravedad -> Microaspersion,0.49,0.56,Patron historico + indices climaticos: riego optimo en 2 dias evita estres hidrico en etapa Final.
9ba2e360-4699-4de3-8300-47e9f9c37d6f,PAR-054,CIC-2025-PV,2025-08-21,2025-08-25,25.71,7.78,4.668,20.01,Media,MILPIN-v1.3,rechazada,1844.6,3098.93,569.24,Baja,Aspersion -> Goteo,0.44,0.65,FAO-56 detecta inicio etapa media con Kc=0.60. Incrementar lamina un 28% respecto evento anterior.
4220be1e-a064-4931-b6eb-6e3016b2e884,PAR-054,CIC-2025-PV,2025-08-31,2025-09-05,26.43,7.47,4.631,20.38,Baja,MILPIN-v2.0,aceptada,1896.7,3186.46,585.32,Baja,Aspersion -> Goteo,0.38,0.46,Patron historico + indices climaticos: riego optimo en 6 dias evita estres hidrico en etapa Final.
b9d1e9a2-9a0f-4f00-b8c9-227346791f8b,PAR-054,CIC-2025-PV,2025-06-06,2025-06-11,17.99,9.16,10.442,8.05,Media,MILPIN-v2.0,aceptada,1291.9,2170.39,398.68,Baja,Mantener sistema actual,0.33,0.69,Patron historico + indices climaticos: riego optimo en 6 dias evita estres hidrico en etapa Final.
e6d6efaf-d6ef-49d5-9cdd-4599e701392f,PAR-054,CIC-2025-OI,2026-04-16,2026-04-18,14.13,7.41,4.224,10.47,Media,MILPIN-v1.2,rechazada,1014.7,1704.7,313.14,Baja,Gravedad -> Microaspersion,0.63,0.67,Score optimizacion 0.63: migracion Gravedad -> Microaspersion proyecta ahorro 28% consumo anual con payback < 2 ciclos.
adcb3d86-3148-49b8-8fe9-b80926d76680,PAR-054,CIC-2025-OI,2026-04-18,2026-04-19,24.17,7.16,4.081,15.03,Media,MILPIN-v1.3,modificada,1733.8,2912.78,535.05,Media,Microaspersion -> Goteo,0.56,0.58,ETo proyectada 7.2 mm/dia (horizonte 7 dias). Kc=0.57 etapa Final. Aplicar lamina 24 mm.
d8141454-ab61-497b-b20f-ae94d291f11b,PAR-054,CIC-2025-OI,2026-02-08,2026-02-12,25.82,4.36,3.706,18.07,Media,MILPIN-v2.0,rechazada,1853.0,3113.04,571.84,Media,Gravedad -> Goteo,0.54,0.43,ETo proyectada 4.4 mm/dia (horizonte 7 dias). Kc=0.85 etapa Final. Aplicar lamina 26 mm.
44c1ff10-fb88-4342-94e5-b063a3d887e9,PAR-054,CIC-2025-OI,2025-12-11,2025-12-14,12.6,3.18,3.476,8.88,Media,MILPIN-v2.0,rechazada,903.8,1518.38,278.91,Media,Gravedad -> Microaspersion,0.41,0.67,Optimizacion turno nocturno 22-06 h: reduce evaporacion estimada 12-15%. Deficit actual 8.9 mm.
40e89910-4a5c-431d-b174-8f41a46756f4,PAR-054,CIC-2026-PV,2026-08-05,2026-08-10,21.77,7.39,4.286,18.72,Media,MILPIN-v2.0,aceptada,507.4,852.43,156.58,Baja,Gravedad -> Microaspersion,0.91,0.82,Score optimizacion 0.91: migracion Gravedad -> Microaspersion proyecta ahorro 11% consumo anual con payback < 2 ciclos.
55d1ae44-97de-4f41-922e-b55ca1919335,PAR-054,CIC-2026-PV,2026-06-08,2026-06-10,19.5,8.69,9.472,16.28,Alta,MILPIN-v2.0,aceptada,455.3,764.9,140.51,Media,Microaspersion -> Goteo,0.72,0.94,Patron historico + indices climaticos: riego optimo en 3 dias evita estres hidrico en etapa Final.
9fb1931a-c345-4dcb-a2aa-9866d2c2a50f,PAR-054,CIC-2026-PV,2026-05-01,2026-05-03,27.71,8.42,10.02,23.28,Media,MILPIN-v2.0,rechazada,646.8,1086.62,199.6,Alta,Mantener sistema actual,0.95,0.78,FAO-56 detecta inicio etapa media con Kc=1.19. Incrementar lamina un 11% respecto evento anterior.
16ffc288-7694-4bd0-8626-b41d157eff83,PAR-054,CIC-2026-PV,2026-08-06,2026-08-07,30.39,7.42,4.378,23.33,Media,MILPIN-v2.0,aceptada,709.0,1191.12,218.8,Alta,Gravedad -> Goteo,0.85,0.74,ETo proyectada 7.4 mm/dia (horizonte 7 dias). Kc=0.59 etapa Final. Aplicar lamina 30 mm.
a798e0bb-0335-417a-b9dd-2e83011bd7f7,PAR-054,CIC-2026-PV,2026-06-19,2026-06-22,29.69,9.18,8.078,22.79,Media,MILPIN-v1.3,aceptada,692.2,1162.9,213.61,Alta,Mantener sistema actual,0.88,0.9,Deficit acumulado 22.8 mm supera umbral critico. Riego urgente antes de 4 dias para evitar dano.
87964cb4-d718-4e26-92a0-2805bc9028b4,PAR-054,CIC-2026-PV,2026-07-07,2026-07-11,22.34,8.2,5.084,19.18,Baja,MILPIN-v1.2,aceptada,520.8,874.94,160.72,Media,Gravedad -> Microaspersion,0.82,0.76,Balance hidrico acumulado indica deficit de 19.2 mm. Riego preventivo recomendado en 6 dias.
d4728bc9-2e4f-4e7e-86b7-44171f4acb0a,PAR-055,CIC-2025-PV,2025-09-14,2025-09-18,24.35,6.65,4.854,14.62,Alta,MILPIN-v2.0,sin_respuesta,0.0,0.0,0.0,Alta,Aspersion -> Goteo,0.51,0.48,Patron historico + indices climaticos: riego optimo en 6 dias evita estres hidrico en etapa Final.
36f0b30c-e34b-448a-b583-387cdaeefb28,PAR-055,CIC-2025-PV,2025-09-12,2025-09-15,11.01,6.81,4.563,5.69,Alta,MILPIN-v1.3,rechazada,0.0,0.0,0.0,Media,Mantener sistema actual,0.35,0.73,Deficit acumulado 5.7 mm supera umbral critico. Riego urgente antes de 4 dias para evitar dano.
cf2dca80-aa97-47e2-a3fd-42a0bae87037,PAR-055,CIC-2025-PV,2025-03-29,2025-04-03,26.4,6.18,2.163,16.56,Media,MILPIN-v2.0,aceptada,0.0,0.0,0.0,Alta,Microaspersion -> Goteo,0.45,0.69,FAO-56 detecta inicio etapa media con Kc=0.35. Incrementar lamina un 0% respecto evento anterior.
92f37673-fc7d-4af5-9fdb-290e647856dc,PAR-055,CIC-2025-PV,2025-07-12,2025-07-13,11.01,8.17,9.722,6.33,Media,MILPIN-v2.0,rechazada,0.0,0.0,0.0,Baja,Gravedad -> Microaspersion,0.54,0.6,Score optimizacion 0.54: migracion Gravedad -> Microaspersion proyecta ahorro 0% consumo anual con payback < 2 ciclos.
eef5715a-6fe4-44a7-9d02-a01e54544d97,PAR-055,CIC-2025-PV,2025-04-17,2025-04-20,30.63,7.36,4.924,25.12,Alta,MILPIN-v1.2,rechazada,0.0,0.0,0.0,Alta,Gravedad -> Goteo,0.39,0.61,Patron historico + indices climaticos: riego optimo en 4 dias evita estres hidrico en etapa Desarrollo.
46bfe955-e489-4acd-b897-4dd56241f490,PAR-055,CIC-2025-OI,2025-11-10,2025-11-11,17.76,3.48,1.218,12.59,Alta,MILPIN-v1.3,modificada,0.0,0.0,0.0,Media,Gravedad -> Goteo,0.32,0.53,Patron historico + indices climaticos: riego optimo en 3 dias evita estres hidrico en etapa Inicial.
38050167-4d9e-48e3-8187-9d692b3d941c,PAR-055,CIC-2025-OI,2026-02-14,2026-02-17,26.01,4.66,5.592,18.41,Alta,MILPIN-v1.2,sin_respuesta,0.0,0.0,0.0,Baja,Gravedad -> Microaspersion,0.39,0.54,Score optimizacion 0.39: migracion Gravedad -> Microaspersion proyecta ahorro 0% consumo anual con payback < 2 ciclos.
d0ea4a8a-286a-4d67-96d4-e962d7c0a810,PAR-055,CIC-2025-OI,2026-03-21,2026-03-25,23.54,6.34,6.537,17.68,Media,MILPIN-v1.3,rechazada,0.0,0.0,0.0,Alta,Gravedad -> Goteo,0.35,0.73,Score optimizacion 0.35: migracion Gravedad -> Goteo proyecta ahorro 0% consumo anual con payback < 2 ciclos.
3cdbe441-a877-4e04-922f-3a78c57aadec,PAR-055,CIC-2025-OI,2026-01-13,2026-01-18,22.49,3.3,3.993,13.57,Alta,MILPIN-v1.3,rechazada,0.0,0.0,0.0,Baja,Aspersion -> Goteo,0.47,0.65,FAO-56 detecta inicio etapa media con Kc=1.21. Incrementar lamina un 0% respecto evento anterior.
c7e31bdd-0da3-4bf5-bba5-72855f7be6c8,PAR-055,CIC-2025-OI,2025-10-25,2025-10-26,29.01,4.89,1.565,24.66,Alta,MILPIN-v1.3,rechazada,0.0,0.0,0.0,Media,Aspersion -> Goteo,0.65,0.42,Score optimizacion 0.65: migracion Aspersion -> Goteo proyecta ahorro 0% consumo anual con payback < 2 ciclos.
3ce50701-0c52-4d0a-8785-72ceb1015277,PAR-055,CIC-2025-OI,2025-11-18,2025-11-23,14.49,3.71,1.187,6.26,Media,MILPIN-v1.3,modificada,0.0,0.0,0.0,Baja,Mantener sistema actual,0.43,0.41,ETo proyectada 3.7 mm/dia (horizonte 7 dias). Kc=0.32 etapa Inicial. Aplicar lamina 14 mm.
4ab61abb-6221-4133-af2a-38b6a74cd3f7,PAR-055,CIC-2026-PV,2026-06-09,2026-06-10,25.94,8.89,10.935,18.24,Media,MILPIN-v2.0,rechazada,0.0,0.0,0.0,Media,Mantener sistema actual,0.92,0.88,Balance hidrico acumulado indica deficit de 18.2 mm. Riego preventivo recomendado en 5 dias.
9d07ba41-01b3-43a2-a3c5-64efe6082aa4,PAR-055,CIC-2026-PV,2026-09-25,2026-09-29,10.44,6.16,4.127,5.26,Alta,MILPIN-v1.3,modificada,0.0,0.0,0.0,Baja,Mantener sistema actual,0.77,0.88,Balance hidrico acumulado indica deficit de 5.3 mm. Riego preventivo recomendado en 4 dias.
e274befe-036b-4ac3-8bad-d9934f22b1cf,PAR-055,CIC-2026-PV,2026-03-31,2026-04-05,23.04,5.76,1.958,18.59,Media,MILPIN-v1.3,aceptada,0.0,0.0,0.0,Alta,Aspersion -> Goteo,0.79,0.92,Optimizacion turno nocturno 22-06 h: reduce evaporacion estimada 12-15%. Deficit actual 18.6 mm.
99f42f0f-af1e-4378-9e91-473318fc0144,PAR-055,CIC-2026-PV,2026-08-23,2026-08-24,23.72,7.73,6.153,15.99,Media,MILPIN-v1.3,modificada,0.0,0.0,0.0,Media,Microaspersion -> Goteo,0.81,0.85,Deficit acumulado 16.0 mm supera umbral critico. Riego urgente antes de 3 dias para evitar dano.
02d7f850-0439-4c50-ae75-ff3806bed25c,PAR-055,CIC-2026-PV,2026-07-22,2026-07-23,30.15,7.72,8.5,20.88,Baja,MILPIN-v1.3,modificada,0.0,0.0,0.0,Baja,Gravedad -> Goteo,0.91,0.95,Balance hidrico acumulado indica deficit de 20.9 mm. Riego preventivo recomendado en 3 dias.
46b3e498-764a-4869-be42-56cc74123631,PAR-055,CIC-2026-PV,2026-10-04,2026-10-07,19.93,4.95,3.663,16.28,Media,MILPIN-v2.0,aceptada,0.0,0.0,0.0,Baja,Mantener sistema actual,0.73,0.87,Balance hidrico acumulado indica deficit de 16.3 mm. Riego preventivo recomendado en 2 dias.
f23f0a52-99f7-4adb-bcf5-829888a30ec5,PAR-055,CIC-2026-PV,2026-04-08,2026-04-10,23.55,7.58,3.911,19.0,Baja,MILPIN-v1.2,aceptada,0.0,0.0,0.0,Alta,Microaspersion -> Goteo,0.86,0.81,Deficit acumulado 19.0 mm supera umbral critico. Riego urgente antes de 6 dias para evitar dano.
04952da2-d314-4e79-9863-4718ae160f04,PAR-055,CIC-2026-PV,2026-06-23,2026-06-25,29.16,9.2,10.856,23.77,Media,MILPIN-v2.0,aceptada,0.0,0.0,0.0,Media,Gravedad -> Goteo,0.84,0.89,Optimizacion turno nocturno 22-06 h: reduce evaporacion estimada 12-15%. Deficit actual 23.8 mm.
b5bdc668-4fe9-4416-9f10-0f172b358252,PAR-055,CIC-2026-PV,2026-08-15,2026-08-16,27.36,7.43,6.345,17.59,Alta,MILPIN-v1.3,aceptada,0.0,0.0,0.0,Alta,Gravedad -> Goteo,0.74,0.82,Score optimizacion 0.74: migracion Gravedad -> Goteo proyecta ahorro 0% consumo anual con payback < 2 ciclos.
ab6c3317-f2e7-40bc-a5aa-e7ea23139295,PAR-055,CIC-2026-PV,2026-07-16,2026-07-17,15.19,7.84,9.157,7.37,Baja,MILPIN-v2.0,aceptada,0.0,0.0,0.0,Alta,Microaspersion -> Goteo,0.78,0.74,Optimizacion turno nocturno 22-06 h: reduce evaporacion estimada 12-15%. Deficit actual 7.4 mm.
f002633a-2d76-4e3f-a67c-c03e2335471a,PAR-056,CIC-2025-PV,2025-04-01,2025-04-04,29.25,7.69,4.883,24.34,Alta,MILPIN-v2.0,rechazada,0.0,0.0,0.0,Baja,Microaspersion -> Goteo,0.54,0.48,Optimizacion turno nocturno 22-06 h: reduce evaporacion estimada 12-15%. Deficit actual 24.3 mm.
d7faca6a-529c-48e7-ba69-aedac9164a48,PAR-056,CIC-2025-PV,2025-05-30,2025-06-04,27.12,8.73,6.198,20.92,Media,MILPIN-v2.0,rechazada,0.0,0.0,0.0,Alta,Mantener sistema actual,0.53,0.54,Optimizacion turno nocturno 22-06 h: reduce evaporacion estimada 12-15%. Deficit actual 20.9 mm.
3edf42f6-814e-4ac9-b756-68ad74b09217,PAR-056,CIC-2025-PV,2025-07-08,2025-07-11,10.8,8.34,2.669,6.8,Media,MILPIN-v1.3,modificada,0.0,0.0,0.0,Alta,Microaspersion -> Goteo,0.56,0.39,ETo proyectada 8.3 mm/dia (horizonte 7 dias). Kc=0.32 etapa Final. Aplicar lamina 11 mm.
a9bcc99d-c47f-4ce7-913b-c782b16fd8d0,PAR-056,CIC-2025-PV,2025-08-25,2025-08-30,17.58,7.43,2.452,13.98,Alta,MILPIN-v2.0,modificada,0.0,0.0,0.0,Baja,Gravedad -> Microaspersion,0.34,0.51,ETo proyectada 7.4 mm/dia (horizonte 7 dias). Kc=0.33 etapa Final. Aplicar lamina 18 mm.
26c6677a-9d22-4b47-a782-afc208c92ed7,PAR-056,CIC-2025-PV,2025-06-16,2025-06-17,30.61,8.86,3.101,21.38,Media,MILPIN-v1.3,rechazada,0.0,0.0,0.0,Media,Microaspersion -> Goteo,0.37,0.72,Optimizacion turno nocturno 22-06 h: reduce evaporacion estimada 12-15%. Deficit actual 21.4 mm.
c2b0a1eb-bd96-48a0-9a48-7206bd18b85e,PAR-056,CIC-2025-PV,2025-03-27,2025-03-28,29.46,5.92,3.374,22.68,Media,MILPIN-v2.0,rechazada,0.0,0.0,0.0,Baja,Gravedad -> Microaspersion,0.44,0.67,Optimizacion turno nocturno 22-06 h: reduce evaporacion estimada 12-15%. Deficit actual 22.7 mm.
d7dd0ca4-12ea-4a63-a87e-d91658ed88b2,PAR-056,CIC-2025-OI,2026-02-25,2026-02-26,15.1,4.41,1.411,8.62,Alta,MILPIN-v1.2,rechazada,0.0,0.0,0.0,Alta,Gravedad -> Microaspersion,0.34,0.64,ETo proyectada 4.4 mm/dia (horizonte 7 dias). Kc=0.32 etapa Final. Aplicar lamina 15 mm.
5ce7de2f-7c05-4a42-8ca9-63c6a0078dcb,PAR-056,CIC-2025-OI,2025-12-01,2025-12-04,13.73,2.98,2.742,9.67,Media,MILPIN-v2.0,sin_respuesta,0.0,0.0,0.0,Media,Mantener sistema actual,0.33,0.53,FAO-56 detecta inicio etapa media con Kc=0.92. Incrementar lamina un 0% respecto evento anterior.
a547b207-3ac6-4d04-8ba0-7a98978dd152,PAR-056,CIC-2025-OI,2025-11-10,2025-11-14,29.91,3.7,1.462,24.53,Baja,MILPIN-v1.2,aceptada,0.0,0.0,0.0,Alta,Gravedad -> Microaspersion,0.67,0.62,Score optimizacion 0.67: migracion Gravedad -> Microaspersion proyecta ahorro 0% consumo anual con payback < 2 ciclos.
6b48c175-01e6-492a-ad53-4bd07761f67f,PAR-056,CIC-2025-OI,2025-11-24,2025-11-29,12.67,4.09,3.088,5.38,Alta,MILPIN-v2.0,sin_respuesta,0.0,0.0,0.0,Alta,Aspersion -> Goteo,0.57,0.47,Balance hidrico acumulado indica deficit de 5.4 mm. Riego preventivo recomendado en 2 dias.
71aaac91-251e-461d-bcac-c2641b4e7fc3,PAR-056,CIC-2025-OI,2025-12-01,2025-12-06,30.2,3.03,2.818,22.12,Media,MILPIN-v2.0,modificada,0.0,0.0,0.0,Media,Gravedad -> Microaspersion,0.59,0.49,Score optimizacion 0.59: migracion Gravedad -> Microaspersion proyecta ahorro 0% consumo anual con payback < 2 ciclos.
b349dc82-54d2-4f1c-9ccf-d6c9082bfcb6,PAR-056,CIC-2025-OI,2026-03-05,2026-03-07,32.51,6.28,2.072,24.74,Media,MILPIN-v1.2,modificada,0.0,0.0,0.0,Alta,Aspersion -> Goteo,0.5,0.71,Balance hidrico acumulado indica deficit de 24.7 mm. Riego preventivo recomendado en 4 dias.
9fc0b523-6a77-4cc4-af15-ad823e46ecd4,PAR-056,CIC-2026-PV,2026-06-23,2026-06-28,25.9,8.71,2.787,16.32,Media,MILPIN-v2.0,modificada,0.0,0.0,0.0,Baja,Gravedad -> Goteo,0.84,0.95,Score optimizacion 0.84: migracion Gravedad -> Goteo proyecta ahorro 0% consumo anual con payback < 2 ciclos.
578fb542-28d4-46c4-9f34-097dc9ff935e,PAR-056,CIC-2026-PV,2026-06-12,2026-06-14,24.34,8.76,3.329,14.39,Baja,MILPIN-v1.3,aceptada,0.0,0.0,0.0,Media,Gravedad -> Microaspersion,0.91,0.88,Optimizacion turno nocturno 22-06 h: reduce evaporacion estimada 12-15%. Deficit actual 14.4 mm.
2cbf411b-0990-46a0-b0d1-6bae2805a5c8,PAR-056,CIC-2026-PV,2026-05-17,2026-05-20,27.75,8.44,9.959,22.65,Baja,MILPIN-v1.3,aceptada,0.0,0.0,0.0,Media,Microaspersion -> Goteo,0.77,0.86,FAO-56 detecta inicio etapa media con Kc=1.18. Incrementar lamina un 0% respecto evento anterior.
3bb9657b-d75e-4b6e-b6de-6fc2cdbd5d6d,PAR-056,CIC-2026-PV,2026-09-13,2026-09-15,15.99,6.38,2.042,12.52,Media,MILPIN-v1.2,aceptada,0.0,0.0,0.0,Media,Gravedad -> Goteo,0.85,0.86,Balance hidrico acumulado indica deficit de 12.5 mm. Riego preventivo recomendado en 4 dias.
5ae18e05-f211-453a-a5ad-5a0874d9b7ef,PAR-056,CIC-2026-PV,2026-05-31,2026-06-03,19.03,8.67,5.982,9.29,Media,MILPIN-v1.2,aceptada,0.0,0.0,0.0,Baja,Microaspersion -> Goteo,0.83,0.97,Deficit acumulado 9.3 mm supera umbral critico. Riego urgente antes de 5 dias para evitar dano.
651c7dae-ab14-48fc-a909-9454966f6d68,PAR-057,CIC-2025-PV,2025-07-22,2025-07-27,30.05,7.86,9.047,21.26,Media,MILPIN-v2.0,rechazada,1810.4,3041.47,558.69,Alta,Gravedad -> Microaspersion,0.37,0.65,Balance hidrico acumulado indica deficit de 21.3 mm. Riego preventivo recomendado en 3 dias.
d1adcf91-4b7f-4232-80cf-bb9861470cfb,PAR-057,CIC-2025-PV,2025-09-05,2025-09-09,15.8,6.57,4.599,7.36,Media,MILPIN-v1.2,modificada,951.8,1599.02,293.73,Media,Microaspersion -> Goteo,0.36,0.53,Deficit acumulado 7.4 mm supera umbral critico. Riego urgente antes de 4 dias para evitar dano.
59ac7bb0-5d04-430e-80d6-8205c0946b20,PAR-057,CIC-2025-PV,2025-09-24,2025-09-27,16.44,6.59,4.481,7.8,Media,MILPIN-v1.3,aceptada,989.8,1662.86,305.45,Baja,Mantener sistema actual,0.46,0.73,FAO-56 detecta inicio etapa media con Kc=0.68. Incrementar lamina un 28% respecto evento anterior.
b3e1ef17-9cf3-4615-a6f2-2a491ff5ae58,PAR-057,CIC-2025-PV,2025-07-02,2025-07-05,15.16,7.79,9.192,6.59,Baja,MILPIN-v1.2,sin_respuesta,913.7,1535.02,281.97,Media,Aspersion -> Goteo,0.37,0.42,Score optimizacion 0.37: migracion Aspersion -> Goteo proyecta ahorro 28% consumo anual con payback < 2 ciclos.
23a90577-7450-49e4-8da2-1fb8f3ba983e,PAR-057,CIC-2025-OI,2025-12-06,2025-12-11,8.84,3.28,2.063,5.66,Alta,MILPIN-v1.3,aceptada,533.0,895.44,164.48,Media,Gravedad -> Microaspersion,0.56,0.46,Optimizacion turno nocturno 22-06 h: reduce evaporacion estimada 12-15%. Deficit actual 5.7 mm.
24cffec3-0193-484f-a2a9-7346aeeb8397,PAR-057,CIC-2025-OI,2026-04-25,2026-04-30,28.88,7.72,5.558,21.49,Baja,MILPIN-v2.0,modificada,1739.9,2923.03,536.93,Alta,Mantener sistema actual,0.36,0.58,Balance hidrico acumulado indica deficit de 21.5 mm. Riego preventivo recomendado en 5 dias.
9553979e-9b4d-4acd-900c-7920cc960b11,PAR-057,CIC-2025-OI,2025-11-23,2025-11-26,23.48,3.56,1.524,18.96,Media,MILPIN-v1.2,rechazada,1414.2,2375.86,436.42,Alta,Gravedad -> Microaspersion,0.52,0.73,Score optimizacion 0.52: migracion Gravedad -> Microaspersion proyecta ahorro 28% consumo anual con payback < 2 ciclos.
742a0d53-ce8c-45ea-a6f7-7207797b663d,PAR-057,CIC-2025-OI,2025-12-18,2025-12-19,30.28,2.98,2.423,25.03,Alta,MILPIN-v2.0,rechazada,1824.5,3065.16,563.04,Baja,Aspersion -> Goteo,0.49,0.73,FAO-56 detecta inicio etapa media con Kc=0.81. Incrementar lamina un 28% respecto evento anterior.
5d2de06c-8e67-40f8-95db-883ecd49eb43,PAR-057,CIC-2025-OI,2026-03-08,2026-03-10,18.42,6.04,7.103,12.12,Alta,MILPIN-v1.3,sin_respuesta,1109.7,1864.3,342.45,Media,Microaspersion -> Goteo,0.49,0.48,Score optimizacion 0.49: migracion Microaspersion -> Goteo proyecta ahorro 28% consumo anual con payback < 2 ciclos.
df3f6ffe-e3f1-4e0d-87b7-058c2b843d8a,PAR-057,CIC-2025-OI,2025-10-28,2025-10-29,31.1,4.96,1.786,27.13,Baja,MILPIN-v1.2,sin_respuesta,1873.9,3148.15,578.29,Baja,Aspersion -> Goteo,0.38,0.59,ETo proyectada 5.0 mm/dia (horizonte 7 dias). Kc=0.36 etapa Inicial. Aplicar lamina 31 mm.
924980fc-c75d-4496-a7c9-4fca1f03674c,PAR-057,CIC-2026-PV,2026-10-11,2026-10-16,15.69,5.32,3.671,8.8,Baja,MILPIN-v1.2,aceptada,946.1,1589.45,291.97,Alta,Aspersion -> Goteo,0.82,0.84,ETo proyectada 5.3 mm/dia (horizonte 7 dias). Kc=0.69 etapa Final. Aplicar lamina 16 mm.
f8be7e7b-2498-41f1-a1ec-cfdd5b630839,PAR-057,CIC-2026-PV,2026-05-21,2026-05-24,19.07,8.85,10.708,14.91,Baja,MILPIN-v1.3,rechazada,1149.1,1930.49,354.61,Alta,Gravedad -> Goteo,0.82,0.95,Optimizacion turno nocturno 22-06 h: reduce evaporacion estimada 12-15%. Deficit actual 14.9 mm.
a6da75e7-d056-4b46-8c5d-34f86542b33b,PAR-057,CIC-2026-PV,2026-03-30,2026-04-01,21.08,6.11,2.016,11.09,Baja,MILPIN-v2.0,aceptada,1270.4,2134.27,392.05,Media,Gravedad -> Goteo,0.86,0.91,Optimizacion turno nocturno 22-06 h: reduce evaporacion estimada 12-15%. Deficit actual 11.1 mm.
29b2aea7-7b19-4101-8d4a-8136cb5febbf,PAR-057,CIC-2026-PV,2026-10-12,2026-10-16,14.84,4.76,3.284,11.01,Media,MILPIN-v2.0,modificada,893.9,1501.75,275.86,Baja,Microaspersion -> Goteo,0.83,0.91,FAO-56 detecta inicio etapa media con Kc=0.69. Incrementar lamina un 28% respecto evento anterior.
e0ceaaa0-5124-4679-be63-f5b1d471578f,PAR-057,CIC-2026-PV,2026-09-07,2026-09-09,30.5,6.33,4.558,26.84,Baja,MILPIN-v1.3,aceptada,1837.2,3086.5,566.96,Alta,Mantener sistema actual,0.86,0.91,Optimizacion turno nocturno 22-06 h: reduce evaporacion estimada 12-15%. Deficit actual 26.8 mm.
9960c4fe-80f9-4fa1-83fa-dedbfdd66002,PAR-057,CIC-2026-PV,2026-03-24,2026-03-29,13.27,6.05,1.996,9.54,Media,MILPIN-v1.3,rechazada,800.9,1345.51,247.16,Media,Mantener sistema actual,0.94,0.83,ETo proyectada 6.0 mm/dia (horizonte 7 dias). Kc=0.33 etapa Inicial. Aplicar lamina 13 mm.
b2430d05-2f7e-484a-8b54-0420cd34ddf1,PAR-058,CIC-2025-PV,2025-06-23,2025-06-28,23.59,8.99,7.641,18.06,Alta,MILPIN-v1.2,rechazada,917.3,1541.06,283.08,Baja,Microaspersion -> Goteo,0.64,0.41,Optimizacion turno nocturno 22-06 h: reduce evaporacion estimada 12-15%. Deficit actual 18.1 mm.
d60c9e07-223c-4352-b212-d11f8eaefeed,PAR-058,CIC-2025-PV,2025-06-02,2025-06-04,12.37,9.35,8.134,5.54,Media,MILPIN-v2.0,rechazada,481.4,808.75,148.56,Baja,Aspersion -> Goteo,0.48,0.49,ETo proyectada 9.3 mm/dia (horizonte 7 dias). Kc=0.87 etapa Media. Aplicar lamina 12 mm.
af48720a-248a-471a-971c-cdf71d7e90b2,PAR-058,CIC-2025-PV,2025-03-09,2025-03-13,28.15,5.73,1.891,24.92,Alta,MILPIN-v1.2,aceptada,1094.7,1839.1,337.82,Baja,Gravedad -> Goteo,0.36,0.47,FAO-56 detecta inicio etapa media con Kc=0.33. Incrementar lamina un 28% respecto evento anterior.
0fbfe6a9-7fb2-4446-8364-4801cd005ec7,PAR-058,CIC-2025-PV,2025-04-25,2025-04-29,12.11,7.5,6.157,8.59,Baja,MILPIN-v1.3,sin_respuesta,470.5,790.44,145.2,Media,Mantener sistema actual,0.35,0.61,Balance hidrico acumulado indica deficit de 8.6 mm. Riego preventivo recomendado en 5 dias.
906d8dd4-bb5f-40a6-8a84-1ed8a1eb6946,PAR-058,CIC-2025-PV,2025-10-03,2025-10-07,34.17,4.66,2.19,24.3,Baja,MILPIN-v2.0,modificada,1328.6,2232.05,410.01,Alta,Microaspersion -> Goteo,0.35,0.6,Optimizacion turno nocturno 22-06 h: reduce evaporacion estimada 12-15%. Deficit actual 24.3 mm.
561f2e10-3dcd-4a7a-97f3-63e691c0b29f,PAR-058,CIC-2025-PV,2025-06-11,2025-06-15,20.24,9.05,7.783,15.62,Alta,MILPIN-v1.2,rechazada,787.2,1322.5,242.93,Media,Gravedad -> Goteo,0.54,0.75,Score optimizacion 0.54: migracion Gravedad -> Goteo proyecta ahorro 28% consumo anual con payback < 2 ciclos.
24511aed-1a16-4bea-a2e1-5fd9bbee64d5,PAR-058,CIC-2025-OI,2026-02-12,2026-02-15,21.96,4.27,3.544,13.37,Alta,MILPIN-v1.2,rechazada,853.6,1434.05,263.42,Baja,Gravedad -> Microaspersion,0.38,0.55,Patron historico + indices climaticos: riego optimo en 6 dias evita estres hidrico en etapa Media.
8d78143c-ee92-4cfb-b6b5-2c4948d507af,PAR-058,CIC-2025-OI,2026-04-08,2026-04-11,23.32,7.63,6.409,19.22,Media,MILPIN-v1.3,sin_respuesta,907.3,1524.26,279.99,Baja,Gravedad -> Microaspersion,0.37,0.56,Balance hidrico acumulado indica deficit de 19.2 mm. Riego preventivo recomendado en 6 dias.
d8f5c5b4-22b9-4a54-8132-009f89231434,PAR-058,CIC-2025-OI,2026-03-01,2026-03-03,30.14,5.78,4.971,24.24,Alta,MILPIN-v2.0,sin_respuesta,1172.1,1969.13,361.71,Baja,Mantener sistema actual,0.51,0.6,Score optimizacion 0.51: migracion Mantener sistema actual proyecta ahorro 28% consumo anual con payback < 2 ciclos.
2556a85b-56a1-47cb-9165-e72c74446c84,PAR-058,CIC-2025-OI,2026-03-14,2026-03-18,27.79,5.67,4.933,22.39,Alta,MILPIN-v1.2,modificada,1080.2,1814.74,333.35,Baja,Microaspersion -> Goteo,0.45,0.46,FAO-56 detecta inicio etapa media con Kc=0.87. Incrementar lamina un 28% respecto evento anterior.
84370b4c-db6f-4885-bb20-68163121a1a0,PAR-058,CIC-2026-PV,2026-10-10,2026-10-14,11.85,5.27,2.266,6.17,Media,MILPIN-v1.3,aceptada,0.0,0.0,0.0,Baja,Gravedad -> Microaspersion,0.84,0.83,Patron historico + indices climaticos: riego optimo en 6 dias evita estres hidrico en etapa Final.
1b14a5b5-ac32-4907-8254-2aa3bbdb671f,PAR-058,CIC-2026-PV,2026-05-30,2026-06-04,18.67,8.67,7.369,13.86,Alta,MILPIN-v1.3,aceptada,0.0,0.0,0.0,Media,Gravedad -> Microaspersion,0.83,0.8,FAO-56 detecta inicio etapa media con Kc=0.85. Incrementar lamina un 0% respecto evento anterior.
41638a94-4763-43c4-bb8c-325449a5de8d,PAR-058,CIC-2026-PV,2026-10-13,2026-10-16,11.14,5.15,2.369,7.98,Media,MILPIN-v2.0,aceptada,0.0,0.0,0.0,Baja,Mantener sistema actual,0.76,0.84,Deficit acumulado 8.0 mm supera umbral critico. Riego urgente antes de 4 dias para evitar dano.
f16139f4-801f-43f1-920a-4af914bd4c06,PAR-058,CIC-2026-PV,2026-08-09,2026-08-13,24.68,7.31,6.14,19.35,Media,MILPIN-v1.2,aceptada,0.0,0.0,0.0,Media,Gravedad -> Goteo,0.92,0.84,Optimizacion turno nocturno 22-06 h: reduce evaporacion estimada 12-15%. Deficit actual 19.4 mm.
a3e62a2a-2dd0-496e-a40d-7c6e7ba29b53,PAR-058,CIC-2026-PV,2026-05-03,2026-05-08,19.37,8.66,7.188,13.55,Media,MILPIN-v2.0,aceptada,0.0,0.0,0.0,Alta,Microaspersion -> Goteo,0.75,0.91,Deficit acumulado 13.6 mm supera umbral critico. Riego urgente antes de 4 dias para evitar dano.
7c858640-3204-4f9b-91ff-96786b44d805,PAR-058,CIC-2026-PV,2026-08-31,2026-09-03,14.55,7.17,5.994,10.09,Alta,MILPIN-v2.0,modificada,0.0,0.0,0.0,Media,Microaspersion -> Goteo,0.74,0.94,ETo proyectada 7.2 mm/dia (horizonte 7 dias). Kc=0.84 etapa Final. Aplicar lamina 15 mm.
101ae23c-d9e9-4b4c-871a-5dd439c747c8,PAR-059,CIC-2025-PV,2025-05-25,2025-05-26,13.78,8.67,10.057,8.25,Media,MILPIN-v1.3,aceptada,2232.3,3750.26,688.89,Media,Aspersion -> Goteo,0.56,0.58,Patron historico + indices climaticos: riego optimo en 4 dias evita estres hidrico en etapa Media.
310a7194-ea8e-42e9-9570-b6533ee398e1,PAR-059,CIC-2025-PV,2025-08-18,2025-08-22,32.45,7.84,4.547,23.14,Baja,MILPIN-v2.0,sin_respuesta,5252.9,8824.87,1621.04,Baja,Aspersion -> Goteo,0.41,0.66,ETo proyectada 7.8 mm/dia (horizonte 7 dias). Kc=0.58 etapa Final. Aplicar lamina 32 mm.
1052f1a5-b3a4-4559-8f05-0a9477fb9ca1,PAR-059,CIC-2025-PV,2025-07-05,2025-07-08,30.96,8.07,4.6,23.0,Alta,MILPIN-v2.0,modificada,5014.2,8423.86,1547.38,Media,Gravedad -> Goteo,0.63,0.49,ETo proyectada 8.1 mm/dia (horizonte 7 dias). Kc=0.57 etapa Final. Aplicar lamina 31 mm.
3ef7e2ec-91a3-4736-a667-1ef0c1a097df,PAR-059,CIC-2025-OI,2025-11-05,2025-11-09,30.4,3.53,1.13,25.1,Baja,MILPIN-v1.3,rechazada,4923.2,8270.98,1519.3,Alta,Microaspersion -> Goteo,0.42,0.75,Deficit acumulado 25.1 mm supera umbral critico. Riego urgente antes de 6 dias para evitar dano.
c21e3da7-7bc1-478b-bfde-801269230342,PAR-059,CIC-2025-OI,2026-03-06,2026-03-08,9.11,6.25,4.0,5.5,Media,MILPIN-v2.0,aceptada,1478.1,2483.21,456.14,Alta,Gravedad -> Microaspersion,0.49,0.72,Optimizacion turno nocturno 22-06 h: reduce evaporacion estimada 12-15%. Deficit actual 5.5 mm.
eeb19825-1378-45f0-b54a-5280055b08dd,PAR-059,CIC-2025-OI,2026-01-20,2026-01-21,28.76,3.79,4.7,20.38,Media,MILPIN-v1.3,modificada,4657.9,7825.27,1437.43,Media,Microaspersion -> Goteo,0.39,0.54,Patron historico + indices climaticos: riego optimo en 6 dias evita estres hidrico en etapa Media.
df5b05d9-fa7c-4bec-a4d8-d3aad99da714,PAR-059,CIC-2025-OI,2026-02-22,2026-02-23,32.82,4.6,2.76,26.03,Alta,MILPIN-v1.2,sin_respuesta,5313.6,8926.85,1639.78,Baja,Microaspersion -> Goteo,0.55,0.74,Score optimizacion 0.55: migracion Microaspersion -> Goteo proyecta ahorro 28% consumo anual con payback < 2 ciclos.
213cb8ef-29cd-4a8f-b3f3-7cfdadb004b3,PAR-059,CIC-2025-OI,2025-11-22,2025-11-24,20.88,3.77,2.315,13.37,Media,MILPIN-v1.3,rechazada,3380.7,5679.58,1043.28,Baja,Aspersion -> Goteo,0.58,0.49,Patron historico + indices climaticos: riego optimo en 3 dias evita estres hidrico en etapa Desarrollo.
e8400e94-5948-4c4d-8d62-2df917778e8c,PAR-059,CIC-2025-OI,2026-02-16,2026-02-17,25.99,4.64,3.294,22.91,Media,MILPIN-v1.3,rechazada,4206.9,7067.59,1298.25,Media,Gravedad -> Microaspersion,0.56,0.67,Balance hidrico acumulado indica deficit de 22.9 mm. Riego preventivo recomendado en 2 dias.
8fafb1b4-8a98-4583-8890-346b804f68ba,PAR-059,CIC-2026-PV,2026-07-10,2026-07-11,30.28,8.02,5.133,22.51,Baja,MILPIN-v2.0,aceptada,1246.9,2094.79,384.79,Media,Gravedad -> Goteo,0.78,0.86,FAO-56 detecta inicio etapa media con Kc=0.64. Incrementar lamina un 9% respecto evento anterior.
583d8eaf-40a3-4e8a-8f91-3206d8bc3336,PAR-059,CIC-2026-PV,2026-07-02,2026-07-04,28.01,8.26,5.204,20.18,Alta,MILPIN-v2.0,aceptada,1152.2,1935.7,355.57,Alta,Aspersion -> Goteo,0.78,0.81,Balance hidrico acumulado indica deficit de 20.2 mm. Riego preventivo recomendado en 6 dias.
e78ee068-87ca-4ed3-a6b7-2aa87ea0a260,PAR-059,CIC-2026-PV,2026-04-23,2026-04-24,28.55,7.54,8.89,23.84,Media,MILPIN-v2.0,aceptada,1174.9,1973.83,362.57,Baja,Gravedad -> Goteo,0.96,0.83,Patron historico + indices climaticos: riego optimo en 5 dias evita estres hidrico en etapa Desarrollo.
6c07050a-fc1c-4987-99bb-a8cbd73405ee,PAR-059,CIC-2026-PV,2026-05-28,2026-06-02,15.88,8.34,10.008,11.01,Media,MILPIN-v1.2,aceptada,655.7,1101.58,202.35,Alta,Mantener sistema actual,0.86,0.87,Balance hidrico acumulado indica deficit de 11.0 mm. Riego preventivo recomendado en 3 dias.
5d7f7524-f964-4ed6-a024-94126ad97138,PAR-059,CIC-2026-PV,2026-08-13,2026-08-14,23.93,7.77,4.662,15.02,Baja,MILPIN-v1.2,modificada,981.6,1649.09,302.92,Baja,Gravedad -> Goteo,0.87,0.78,ETo proyectada 7.8 mm/dia (horizonte 7 dias). Kc=0.60 etapa Final. Aplicar lamina 24 mm.
ee3546c4-823e-4484-aefa-bcc77a568316,PAR-060,CIC-2025-PV,2025-04-08,2025-04-13,18.62,7.61,6.111,14.25,Baja,MILPIN-v1.3,aceptada,3566.1,5991.05,1100.5,Alta,Gravedad -> Microaspersion,0.66,0.61,FAO-56 detecta inicio etapa media con Kc=0.80. Incrementar lamina un 28% respecto evento anterior.
2505db54-ba4e-4409-aee0-fadc27b9794a,PAR-060,CIC-2025-PV,2025-05-07,2025-05-08,13.17,8.6,10.32,7.7,Media,MILPIN-v1.2,sin_respuesta,2522.2,4237.3,778.35,Alta,Aspersion -> Goteo,0.63,0.7,Balance hidrico acumulado indica deficit de 7.7 mm. Riego preventivo recomendado en 3 dias.
bb0ded05-b53c-45b9-b0ef-8221fd706a32,PAR-060,CIC-2025-PV,2025-08-13,2025-08-18,32.74,7.22,4.26,27.46,Baja,MILPIN-v2.0,aceptada,6267.5,10529.4,1934.15,Media,Aspersion -> Goteo,0.35,0.43,Score optimizacion 0.35: migracion Aspersion -> Goteo proyecta ahorro 28% consumo anual con payback < 2 ciclos.
8e6e5de9-dafd-4f7c-9f85-811bbe35f093,PAR-060,CIC-2025-OI,2025-11-08,2025-11-11,27.91,3.54,1.062,20.94,Alta,MILPIN-v2.0,sin_respuesta,5344.6,8978.93,1649.34,Media,Gravedad -> Microaspersion,0.69,0.4,ETo proyectada 3.5 mm/dia (horizonte 7 dias). Kc=0.30 etapa Inicial. Aplicar lamina 28 mm.
6dc5c58b-e9c8-4570-8c33-225586ee8500,PAR-060,CIC-2025-OI,2026-02-15,2026-02-19,25.18,4.77,3.577,18.5,Media,MILPIN-v1.2,modificada,4820.5,8098.44,1487.61,Media,Gravedad -> Microaspersion,0.59,0.48,Optimizacion turno nocturno 22-06 h: reduce evaporacion estimada 12-15%. Deficit actual 18.5 mm.
a620da22-4b4d-43b0-bdc5-901d36c2c957,PAR-060,CIC-2025-OI,2025-11-15,2025-11-20,28.96,3.55,1.505,20.61,Alta,MILPIN-v1.3,sin_respuesta,5541.8,9310.22,1710.2,Alta,Gravedad -> Microaspersion,0.42,0.55,Optimizacion turno nocturno 22-06 h: reduce evaporacion estimada 12-15%. Deficit actual 20.6 mm.
c08116ce-ae6a-4bae-a7a1-7dcd5632766f,PAR-060,CIC-2025-OI,2026-01-25,2026-01-28,31.28,3.63,4.247,22.8,Media,MILPIN-v1.2,modificada,5985.3,10055.3,1847.06,Baja,Aspersion -> Goteo,0.66,0.41,Optimizacion turno nocturno 22-06 h: reduce evaporacion estimada 12-15%. Deficit actual 22.8 mm.
11723413-28f1-4d98-bebc-14cb6d310130,PAR-060,CIC-2026-PV,2026-09-08,2026-09-13,28.23,6.36,3.752,22.06,Baja,MILPIN-v1.3,aceptada,1370.9,2303.11,423.06,Baja,Gravedad -> Microaspersion,0.72,0.92,Optimizacion turno nocturno 22-06 h: reduce evaporacion estimada 12-15%. Deficit actual 22.1 mm.
7fade473-f5f1-45ed-a1d2-92bd2e0dbe4e,PAR-060,CIC-2026-PV,2026-09-11,2026-09-12,28.52,6.74,4.246,21.95,Media,MILPIN-v1.3,aceptada,1384.3,2325.62,427.19,Media,Aspersion -> Goteo,0.82,0.8,Balance hidrico acumulado indica deficit de 21.9 mm. Riego preventivo recomendado en 4 dias.
4e58d921-0806-476c-9f8d-5c24d1899ea3,PAR-060,CIC-2026-PV,2026-08-05,2026-08-08,29.47,7.4,4.366,21.05,Alta,MILPIN-v2.0,aceptada,1433.6,2408.45,442.41,Alta,Gravedad -> Goteo,0.84,0.94,Score optimizacion 0.84: migracion Gravedad -> Goteo proyecta ahorro 9% consumo anual con payback < 2 ciclos.
9e24f712-ecc1-478c-adbd-9f19e35514d7,PAR-060,CIC-2026-PV,2026-08-22,2026-08-24,20.27,7.69,4.614,11.9,Media,MILPIN-v2.0,aceptada,985.6,1655.81,304.16,Alta,Aspersion -> Goteo,0.84,0.85,FAO-56 detecta inicio etapa media con Kc=0.60. Incrementar lamina un 9% respecto evento anterior.
b2cbc6aa-cee7-4cd4-aac2-6d148b2bc4d7,PAR-060,CIC-2026-PV,2026-04-07,2026-04-09,18.74,7.25,5.343,11.63,Alta,MILPIN-v1.3,rechazada,909.4,1527.79,280.64,Media,Microaspersion -> Goteo,0.83,0.85,Deficit acumulado 11.6 mm supera umbral critico. Riego urgente antes de 2 dias para evitar dano.
327d31d0-697c-4057-85ab-dfa605e2d8c0,PAR-060,CIC-2026-PV,2026-06-07,2026-06-12,19.96,9.03,10.655,12.14,Baja,MILPIN-v1.2,aceptada,967.7,1625.74,298.63,Alta,Gravedad -> Goteo,0.94,0.95,Patron historico + indices climaticos: riego optimo en 5 dias evita estres hidrico en etapa Final.
304a2b77-8f7e-4943-bae0-b163d76fb4a5,PAR-060,CIC-2026-PV,2026-08-26,2026-08-31,28.27,7.45,4.396,24.45,Alta,MILPIN-v1.3,aceptada,1375.4,2310.67,424.45,Media,Aspersion -> Goteo,0.8,0.87,Patron historico + indices climaticos: riego optimo en 5 dias evita estres hidrico en etapa Final.
b3479505-499f-4bf8-a388-003cab6abf2f,PAR-060,CIC-2026-PV,2026-08-12,2026-08-13,16.99,7.24,4.272,8.56,Media,MILPIN-v1.3,aceptada,824.3,1384.82,254.38,Alta,Gravedad -> Goteo,0.84,0.77,Score optimizacion 0.84: migracion Gravedad -> Goteo proyecta ahorro 9% consumo anual con payback < 2 ciclos.
236505f9-34b4-40d7-b154-7cf802429efc,PAR-061,CIC-2025-PV,2025-05-15,2025-05-16,27.23,8.8,7.48,23.84,Media,MILPIN-v1.3,rechazada,638.8,1073.18,197.13,Media,Gravedad -> Microaspersion,0.53,0.52,Optimizacion turno nocturno 22-06 h: reduce evaporacion estimada 12-15%. Deficit actual 23.8 mm.
5868edf6-d5bf-4c85-a52b-c22e9509a606,PAR-061,CIC-2025-PV,2025-06-25,2025-06-27,27.63,8.95,7.965,17.84,Media,MILPIN-v1.2,aceptada,649.0,1090.32,200.28,Baja,Microaspersion -> Goteo,0.69,0.52,Optimizacion turno nocturno 22-06 h: reduce evaporacion estimada 12-15%. Deficit actual 17.8 mm.
726241a8-980f-4171-8805-5f3f44958f8f,PAR-061,CIC-2025-PV,2025-10-02,2025-10-07,35.95,4.66,2.05,27.74,Alta,MILPIN-v1.2,aceptada,845.0,1419.6,260.77,Media,Aspersion -> Goteo,0.61,0.57,Patron historico + indices climaticos: riego optimo en 2 dias evita estres hidrico en etapa Final.
5ed5dbf2-c250-4187-a1ef-2d7f24159b9b,PAR-061,CIC-2025-PV,2025-05-29,2025-06-02,15.18,8.69,7.386,7.15,Alta,MILPIN-v1.2,rechazada,354.9,596.23,109.52,Alta,Gravedad -> Goteo,0.47,0.47,Deficit acumulado 7.2 mm supera umbral critico. Riego urgente antes de 6 dias para evitar dano.
21f30963-727e-48ba-bab2-8cf5fdfd32be,PAR-061,CIC-2025-OI,2025-11-03,2025-11-08,23.45,4.12,1.277,16.91,Alta,MILPIN-v2.0,rechazada,549.2,922.66,169.48,Alta,Gravedad -> Microaspersion,0.69,0.64,ETo proyectada 4.1 mm/dia (horizonte 7 dias). Kc=0.31 etapa Inicial. Aplicar lamina 23 mm.
1d3e0098-4470-4808-8538-586d61a0e810,PAR-061,CIC-2025-OI,2025-11-17,2025-11-18,11.85,3.59,1.436,6.01,Media,MILPIN-v1.3,aceptada,277.2,465.7,85.54,Alta,Aspersion -> Goteo,0.39,0.61,Optimizacion turno nocturno 22-06 h: reduce evaporacion estimada 12-15%. Deficit actual 6.0 mm.
cce729f1-8a7d-4021-98a0-3af8f72dcd0c,PAR-061,CIC-2025-OI,2026-03-01,2026-03-06,29.54,6.29,5.095,20.31,Baja,MILPIN-v2.0,rechazada,692.9,1164.07,213.83,Alta,Gravedad -> Goteo,0.52,0.62,Optimizacion turno nocturno 22-06 h: reduce evaporacion estimada 12-15%. Deficit actual 20.3 mm.
fd63cd25-d279-428a-9317-9e3616623528,PAR-061,CIC-2025-OI,2026-03-09,2026-03-12,25.22,6.31,5.237,16.95,Media,MILPIN-v1.2,rechazada,591.5,993.72,182.54,Baja,Gravedad -> Microaspersion,0.47,0.55,Deficit acumulado 16.9 mm supera umbral critico. Riego urgente antes de 3 dias para evitar dano.
ba47908d-37a8-4a5e-97b9-8ad1e0b09296,PAR-061,CIC-2025-OI,2025-12-23,2025-12-26,19.96,2.91,2.474,11.76,Media,MILPIN-v1.2,rechazada,468.1,786.41,144.46,Media,Microaspersion -> Goteo,0.43,0.49,FAO-56 detecta inicio etapa media con Kc=0.85. Incrementar lamina un 11% respecto evento anterior.
122d390a-01aa-484d-b501-ee8f6abfe5d2,PAR-061,CIC-2025-OI,2026-02-20,2026-02-25,15.29,4.63,3.843,8.83,Media,MILPIN-v2.0,sin_respuesta,358.3,601.94,110.57,Baja,Gravedad -> Microaspersion,0.49,0.53,Balance hidrico acumulado indica deficit de 8.8 mm. Riego preventivo recomendado en 6 dias.
3b5dc06a-04ff-4467-865c-d9f838e70a2c,PAR-061,CIC-2026-PV,2026-07-05,2026-07-09,23.2,7.86,6.917,19.02,Baja,MILPIN-v2.0,aceptada,544.2,914.26,167.94,Alta,Gravedad -> Microaspersion,0.74,0.84,Score optimizacion 0.74: migracion Gravedad -> Microaspersion proyecta ahorro 11% consumo anual con payback < 2 ciclos.
665618c6-00d0-4ed8-8297-1ef45057667c,PAR-061,CIC-2026-PV,2026-09-25,2026-09-30,12.4,6.38,3.445,7.11,Media,MILPIN-v2.0,rechazada,290.7,488.38,89.71,Media,Gravedad -> Microaspersion,0.88,0.83,ETo proyectada 6.4 mm/dia (horizonte 7 dias). Kc=0.54 etapa Final. Aplicar lamina 12 mm.
eefd4f35-e335-44ad-b6f5-54352ad6ba35,PAR-061,CIC-2026-PV,2026-09-24,2026-09-29,35.23,6.74,3.781,26.59,Media,MILPIN-v2.0,aceptada,828.1,1391.21,255.55,Baja,Mantener sistema actual,0.81,0.96,Balance hidrico acumulado indica deficit de 26.6 mm. Riego preventivo recomendado en 2 dias.
18094c5c-5500-496a-91e5-1b3d2d1f2dc9,PAR-061,CIC-2026-PV,2026-04-21,2026-04-23,18.99,7.7,5.667,10.59,Media,MILPIN-v1.2,aceptada,446.2,749.62,137.7,Alta,Microaspersion -> Goteo,0.75,0.94,ETo proyectada 7.7 mm/dia (horizonte 7 dias). Kc=0.74 etapa Desarrollo. Aplicar lamina 19 mm.
1d59cd97-625c-40c8-85fc-24cb73841b55,PAR-061,CIC-2026-PV,2026-07-03,2026-07-05,26.16,8.14,6.756,22.79,Media,MILPIN-v1.3,aceptada,613.5,1030.68,189.33,Baja,Gravedad -> Microaspersion,0.77,0.9,FAO-56 detecta inicio etapa media con Kc=0.83. Incrementar lamina un 11% respecto evento anterior.
d468d489-ec2b-4d5a-837d-430a7f0918cf,PAR-061,CIC-2026-PV,2026-05-07,2026-05-08,18.24,8.7,7.656,12.54,Media,MILPIN-v1.3,rechazada,427.6,718.37,131.96,Baja,Microaspersion -> Goteo,0.88,0.94,Score optimizacion 0.88: migracion Microaspersion -> Goteo proyecta ahorro 11% consumo anual con payback < 2 ciclos.
ed1d713c-bae1-4386-9803-078b4d548770,PAR-061,CIC-2026-PV,2026-06-12,2026-06-17,16.58,8.69,7.473,13.11,Media,MILPIN-v1.3,rechazada,388.7,653.02,119.95,Baja,Microaspersion -> Goteo,0.87,0.95,Deficit acumulado 13.1 mm supera umbral critico. Riego urgente antes de 4 dias para evitar dano.
4b364a5f-020a-4aa0-b948-574b4a614aeb,PAR-061,CIC-2026-PV,2026-05-12,2026-05-14,12.06,8.79,7.823,8.81,Media,MILPIN-v1.2,aceptada,282.2,474.1,87.09,Alta,Gravedad -> Microaspersion,0.82,0.8,ETo proyectada 8.8 mm/dia (horizonte 7 dias). Kc=0.89 etapa Media. Aplicar lamina 12 mm.
19535f52-8c36-48e3-b86b-4779a00fee2b,PAR-061,CIC-2026-PV,2026-05-19,2026-05-21,19.67,8.63,7.077,14.92,Media,MILPIN-v2.0,rechazada,461.4,775.15,142.39,Baja,Gravedad -> Goteo,0.75,0.94,Balance hidrico acumulado indica deficit de 14.9 mm. Riego preventivo recomendado en 6 dias.
09b75f65-2536-46ce-b35a-ca22ed8a52b9,PAR-062,CIC-2025-PV,2025-08-24,2025-08-25,24.08,7.44,2.753,19.43,Media,MILPIN-v1.2,rechazada,1605.2,2696.74,495.36,Baja,Gravedad -> Microaspersion,0.44,0.7,ETo proyectada 7.4 mm/dia (horizonte 7 dias). Kc=0.37 etapa Final. Aplicar lamina 24 mm.
59133031-77c5-44c7-9148-bebf59b7c57f,PAR-062,CIC-2025-PV,2025-07-28,2025-08-02,22.71,7.98,3.032,14.74,Media,MILPIN-v1.2,aceptada,1514.8,2544.86,467.47,Alta,Gravedad -> Goteo,0.58,0.7,ETo proyectada 8.0 mm/dia (horizonte 7 dias). Kc=0.38 etapa Final. Aplicar lamina 23 mm.
92b1f22d-8ee3-4d67-bc4f-b1580400661f,PAR-062,CIC-2025-PV,2025-07-24,2025-07-25,36.18,7.68,2.381,27.58,Alta,MILPIN-v2.0,modificada,2411.8,4051.82,744.28,Alta,Gravedad -> Microaspersion,0.63,0.41,ETo proyectada 7.7 mm/dia (horizonte 7 dias). Kc=0.31 etapa Final. Aplicar lamina 36 mm.
475e9393-c05e-4bfe-99f9-dd8de847d661,PAR-062,CIC-2025-PV,2025-07-19,2025-07-22,28.88,8.28,2.815,20.05,Media,MILPIN-v1.2,rechazada,1925.0,3234.0,594.05,Media,Gravedad -> Goteo,0.47,0.7,Score optimizacion 0.47: migracion Gravedad -> Goteo proyecta ahorro 28% consumo anual con payback < 2 ciclos.
ae541d6e-406e-4fe7-8d8e-081f59b5f28e,PAR-062,CIC-2025-PV,2025-03-10,2025-03-12,10.99,6.08,2.371,7.2,Baja,MILPIN-v1.2,rechazada,733.2,1231.78,226.27,Baja,Gravedad -> Goteo,0.69,0.5,Score optimizacion 0.69: migracion Gravedad -> Goteo proyecta ahorro 28% consumo anual con payback < 2 ciclos.
32e8030f-aa89-4243-9c8d-8b9d52b8ed26,PAR-062,CIC-2025-OI,2026-02-24,2026-02-27,13.94,4.18,1.338,6.77,Alta,MILPIN-v1.3,aceptada,929.8,1562.06,286.94,Alta,Mantener sistema actual,0.37,0.72,FAO-56 detecta inicio etapa media con Kc=0.32. Incrementar lamina un 28% respecto evento anterior.
f059761d-c674-451f-bfba-f4dbe13eb460,PAR-062,CIC-2025-OI,2026-02-19,2026-02-20,31.31,4.46,1.472,27.23,Alta,MILPIN-v1.3,rechazada,2087.3,3506.66,644.14,Media,Gravedad -> Goteo,0.37,0.41,Patron historico + indices climaticos: riego optimo en 3 dias evita estres hidrico en etapa Final.
2d25d880-9b51-482d-8db2-4bb1318df929,PAR-062,CIC-2025-OI,2026-01-22,2026-01-26,13.24,3.27,2.027,9.63,Alta,MILPIN-v1.3,rechazada,883.0,1483.44,272.49,Media,Aspersion -> Goteo,0.51,0.52,Patron historico + indices climaticos: riego optimo en 4 dias evita estres hidrico en etapa Final.
faeab39b-e9f0-4f27-9dc7-26e3430da678,PAR-062,CIC-2025-OI,2026-01-19,2026-01-21,33.29,3.81,2.667,25.57,Alta,MILPIN-v1.2,rechazada,2219.9,3729.43,685.06,Media,Gravedad -> Microaspersion,0.6,0.72,Balance hidrico acumulado indica deficit de 25.6 mm. Riego preventivo recomendado en 2 dias.
f912c9c1-7ad6-41d4-ae4e-733c7684c790,PAR-062,CIC-2025-OI,2026-04-18,2026-04-22,23.55,7.18,2.513,18.32,Alta,MILPIN-v1.3,sin_respuesta,1569.4,2636.59,484.32,Media,Mantener sistema actual,0.69,0.67,Score optimizacion 0.69: migracion Mantener sistema actual proyecta ahorro 28% consumo anual con payback < 2 ciclos.
87403be4-7ee6-426f-9a3f-667af3585801,PAR-062,CIC-2025-OI,2026-04-19,2026-04-24,19.14,7.28,2.402,10.54,Baja,MILPIN-v2.0,aceptada,1276.1,2143.85,393.8,Media,Gravedad -> Goteo,0.61,0.69,FAO-56 detecta inicio etapa media con Kc=0.33. Incrementar lamina un 28% respecto evento anterior.
a32e8a2a-85b8-4c52-b2ab-f63f0b7eff1b,PAR-062,CIC-2026-PV,2026-08-02,2026-08-05,20.94,7.76,3.026,14.63,Alta,MILPIN-v1.2,aceptada,354.1,594.89,109.28,Alta,Gravedad -> Goteo,0.79,0.84,ETo proyectada 7.8 mm/dia (horizonte 7 dias). Kc=0.39 etapa Final. Aplicar lamina 21 mm.
32d0cab1-57b3-48c3-bae8-127257dfc1ac,PAR-062,CIC-2026-PV,2026-05-14,2026-05-16,30.74,8.34,9.508,22.25,Media,MILPIN-v1.2,aceptada,519.5,872.76,160.32,Baja,Aspersion -> Goteo,0.9,0.9,FAO-56 detecta inicio etapa media con Kc=1.14. Incrementar lamina un 9% respecto evento anterior.
8e3a4898-0d18-4c4d-8770-16e87ded2e1d,PAR-062,CIC-2026-PV,2026-03-22,2026-03-25,10.96,6.03,2.683,5.75,Baja,MILPIN-v1.2,aceptada,185.6,311.81,57.28,Alta,Aspersion -> Goteo,0.79,0.79,Patron historico + indices climaticos: riego optimo en 3 dias evita estres hidrico en etapa Desarrollo.
7c7718e1-b353-4898-bb9a-78589fcf9f4b,PAR-062,CIC-2026-PV,2026-03-07,2026-03-10,25.45,6.19,2.476,21.1,Media,MILPIN-v1.3,rechazada,430.6,723.41,132.88,Alta,Gravedad -> Microaspersion,0.86,0.75,Patron historico + indices climaticos: riego optimo en 2 dias evita estres hidrico en etapa Inicial.
8c63a6e2-f2e6-48e3-bd4d-ca7aacaeec0e,PAR-062,CIC-2026-PV,2026-06-29,2026-07-03,13.45,9.1,2.821,7.21,Alta,MILPIN-v2.0,modificada,227.8,382.7,70.3,Baja,Aspersion -> Goteo,0.83,0.91,Deficit acumulado 7.2 mm supera umbral critico. Riego urgente antes de 4 dias para evitar dano.
32baf56c-64d7-4ee3-a6ba-8f45c5515b5f,PAR-062,CIC-2026-PV,2026-04-18,2026-04-23,14.64,7.73,8.735,10.15,Alta,MILPIN-v2.0,modificada,246.5,414.12,76.07,Alta,Mantener sistema actual,0.9,0.93,Patron historico + indices climaticos: riego optimo en 4 dias evita estres hidrico en etapa Desarrollo.
5a265817-39f0-411d-9f2d-871e3b14e416,PAR-062,CIC-2026-PV,2026-06-30,2026-07-04,16.82,8.91,3.208,13.16,Media,MILPIN-v2.0,modificada,283.9,476.95,87.61,Media,Gravedad -> Goteo,0.89,0.79,Balance hidrico acumulado indica deficit de 13.2 mm. Riego preventivo recomendado en 2 dias.
f06845ce-abbe-4ce6-8456-663b43dc37e7,PAR-062,CIC-2026-PV,2026-09-06,2026-09-09,30.06,6.56,2.493,22.81,Media,MILPIN-v2.0,aceptada,508.6,854.45,156.95,Media,Aspersion -> Goteo,0.88,0.8,FAO-56 detecta inicio etapa media con Kc=0.38. Incrementar lamina un 9% respecto evento anterior.
efa49bbb-72f5-4738-a03c-5996248e6cf4,PAR-062,CIC-2026-PV,2026-03-13,2026-03-18,24.92,6.22,2.55,21.62,Baja,MILPIN-v1.3,aceptada,421.2,707.62,129.98,Baja,Gravedad -> Microaspersion,0.87,0.9,Deficit acumulado 21.6 mm supera umbral critico. Riego urgente antes de 3 dias para evitar dano.
f20b5464-aede-4d4d-941a-cad31c7d5401,PAR-062,CIC-2026-PV,2026-04-26,2026-04-29,34.54,7.61,8.752,24.61,Alta,MILPIN-v2.0,modificada,583.4,980.11,180.04,Media,Gravedad -> Goteo,0.78,0.74,Optimizacion turno nocturno 22-06 h: reduce evaporacion estimada 12-15%. Deficit actual 24.6 mm.
d5e08e1a-f0a4-4ad3-90f4-a018d11b6f68,PAR-063,CIC-2025-PV,2025-04-12,2025-04-14,29.7,7.56,4.188,23.83,Media,MILPIN-v1.3,modificada,0.0,0.0,0.0,Baja,Gravedad -> Goteo,0.64,0.75,Optimizacion turno nocturno 22-06 h: reduce evaporacion estimada 12-15%. Deficit actual 23.8 mm.
4c41124a-8e00-40af-b4e0-d8292627913d,PAR-063,CIC-2025-PV,2025-03-11,2025-03-12,31.14,6.07,1.882,26.6,Alta,MILPIN-v2.0,sin_respuesta,0.0,0.0,0.0,Alta,Mantener sistema actual,0.35,0.6,Score optimizacion 0.35: migracion Mantener sistema actual proyecta ahorro 0% consumo anual con payback < 2 ciclos.
d3e671a1-d941-420d-a6ed-27eb29992ad4,PAR-063,CIC-2025-PV,2025-08-20,2025-08-24,34.38,7.76,5.812,27.88,Baja,MILPIN-v1.3,rechazada,0.0,0.0,0.0,Media,Mantener sistema actual,0.33,0.44,Patron historico + indices climaticos: riego optimo en 5 dias evita estres hidrico en etapa Final.
9366499b-a740-40ce-84e6-2939977da7b3,PAR-063,CIC-2025-PV,2025-09-22,2025-09-23,23.56,6.62,4.435,15.68,Media,MILPIN-v1.3,rechazada,0.0,0.0,0.0,Media,Microaspersion -> Goteo,0.36,0.71,Patron historico + indices climaticos: riego optimo en 6 dias evita estres hidrico en etapa Final.
c69ebf40-f99a-4419-9d3a-b27481bffffb,PAR-063,CIC-2025-PV,2025-03-13,2025-03-17,32.65,6.1,2.135,27.12,Media,MILPIN-v1.3,modificada,0.0,0.0,0.0,Alta,Aspersion -> Goteo,0.36,0.59,Balance hidrico acumulado indica deficit de 27.1 mm. Riego preventivo recomendado en 3 dias.
d938815c-1e92-48ff-819d-2d936cd88a91,PAR-063,CIC-2025-PV,2025-04-27,2025-04-30,28.75,7.75,6.192,21.77,Media,MILPIN-v1.2,modificada,0.0,0.0,0.0,Alta,Mantener sistema actual,0.43,0.55,FAO-56 detecta inicio etapa media con Kc=0.80. Incrementar lamina un 0% respecto evento anterior.
f753d83d-ffad-45ae-9f50-4136f1b7d865,PAR-063,CIC-2025-OI,2026-01-24,2026-01-25,33.28,3.67,4.367,25.22,Alta,MILPIN-v2.0,rechazada,0.0,0.0,0.0,Media,Aspersion -> Goteo,0.46,0.56,Patron historico + indices climaticos: riego optimo en 2 dias evita estres hidrico en etapa Media.
1baf2d17-209a-407a-ab9f-e5f46f7b2b1c,PAR-063,CIC-2025-OI,2025-12-31,2026-01-05,23.73,3.54,3.767,16.48,Media,MILPIN-v1.2,rechazada,0.0,0.0,0.0,Baja,Gravedad -> Microaspersion,0.67,0.75,FAO-56 detecta inicio etapa media con Kc=1.06. Incrementar lamina un 0% respecto evento anterior.
8d0f1e04-fdd3-46ef-8f8a-bcfe274f1c2c,PAR-063,CIC-2025-OI,2025-12-24,2025-12-27,19.67,3.26,3.048,15.8,Media,MILPIN-v1.3,rechazada,0.0,0.0,0.0,Baja,Gravedad -> Goteo,0.64,0.67,FAO-56 detecta inicio etapa media con Kc=0.94. Incrementar lamina un 0% respecto evento anterior.
9856b648-3164-4128-bb1e-d8df49745953,PAR-063,CIC-2025-OI,2026-03-21,2026-03-22,11.19,6.22,6.102,7.57,Alta,MILPIN-v1.2,rechazada,0.0,0.0,0.0,Alta,Gravedad -> Goteo,0.39,0.6,Deficit acumulado 7.6 mm supera umbral critico. Riego urgente antes de 3 dias para evitar dano.
063e13d2-a743-488e-aa4d-762a05dd8819,PAR-063,CIC-2025-OI,2026-03-16,2026-03-20,26.46,5.68,6.061,19.75,Alta,MILPIN-v1.3,rechazada,0.0,0.0,0.0,Alta,Aspersion -> Goteo,0.62,0.66,Score optimizacion 0.62: migracion Aspersion -> Goteo proyecta ahorro 0% consumo anual con payback < 2 ciclos.
84baa54b-e8aa-4715-a60a-095ff63af6d0,PAR-063,CIC-2025-OI,2026-02-10,2026-02-12,18.21,4.57,5.301,11.37,Alta,MILPIN-v2.0,rechazada,0.0,0.0,0.0,Baja,Aspersion -> Goteo,0.37,0.56,Optimizacion turno nocturno 22-06 h: reduce evaporacion estimada 12-15%. Deficit actual 11.4 mm.
c878577c-ad24-4a93-89cf-dc9616529a46,PAR-063,CIC-2026-PV,2026-05-19,2026-05-22,35.99,8.31,9.581,27.39,Media,MILPIN-v1.2,aceptada,245.7,412.78,75.82,Baja,Microaspersion -> Goteo,0.83,0.79,Balance hidrico acumulado indica deficit de 27.4 mm. Riego preventivo recomendado en 4 dias.
143994de-9cbb-463c-8fb4-93b96e0529d6,PAR-063,CIC-2026-PV,2026-08-19,2026-08-22,23.97,7.72,6.253,15.11,Media,MILPIN-v2.0,aceptada,163.8,275.18,50.55,Alta,Microaspersion -> Goteo,0.8,0.75,Score optimizacion 0.80: migracion Microaspersion -> Goteo proyecta ahorro 9% consumo anual con payback < 2 ciclos.
fd162ca4-57b2-4471-9e02-9ef1217e5921,PAR-063,CIC-2026-PV,2026-07-01,2026-07-04,24.87,8.29,9.782,20.39,Baja,MILPIN-v1.3,aceptada,170.1,285.77,52.49,Media,Gravedad -> Goteo,0.78,0.79,Deficit acumulado 20.4 mm supera umbral critico. Riego urgente antes de 2 dias para evitar dano.
2a6f6160-0a3a-424d-9f45-5c1395d10e8b,PAR-063,CIC-2026-PV,2026-06-04,2026-06-05,31.39,8.75,10.762,27.28,Media,MILPIN-v2.0,aceptada,214.2,359.86,66.1,Media,Mantener sistema actual,0.9,0.86,Patron historico + indices climaticos: riego optimo en 4 dias evita estres hidrico en etapa Media.
ac19d2ea-c71b-4234-b88b-4a57e6bafbce,PAR-063,CIC-2026-PV,2026-06-20,2026-06-22,13.29,8.83,10.861,9.59,Baja,MILPIN-v1.3,aceptada,90.7,152.38,27.99,Alta,Mantener sistema actual,0.91,0.94,FAO-56 detecta inicio etapa media con Kc=1.23. Incrementar lamina un 9% respecto evento anterior.
c1988bbf-cc8b-466c-948d-a35991553d47,PAR-063,CIC-2026-PV,2026-06-16,2026-06-21,33.72,8.81,10.748,26.22,Baja,MILPIN-v1.3,aceptada,229.9,386.23,70.95,Baja,Gravedad -> Goteo,0.73,0.92,ETo proyectada 8.8 mm/dia (horizonte 7 dias). Kc=1.22 etapa Media. Aplicar lamina 34 mm.
3101a4fb-0392-4149-8da0-8c25947b7e6f,PAR-064,CIC-2025-PV,2025-05-11,2025-05-16,22.24,8.34,6.922,18.44,Alta,MILPIN-v2.0,sin_respuesta,231.4,388.75,71.41,Baja,Mantener sistema actual,0.52,0.42,Patron historico + indices climaticos: riego optimo en 6 dias evita estres hidrico en etapa Media.
8e95b2d3-fc6f-4460-aec6-a213dd083f6f,PAR-064,CIC-2025-PV,2025-08-17,2025-08-18,31.88,7.26,6.026,24.49,Alta,MILPIN-v1.2,aceptada,332.2,558.1,102.52,Alta,Gravedad -> Microaspersion,0.68,0.55,Deficit acumulado 24.5 mm supera umbral critico. Riego urgente antes de 6 dias para evitar dano.
b009c31b-42cc-4808-adb0-28ad31385dd8,PAR-064,CIC-2025-PV,2025-03-28,2025-03-31,15.55,5.68,2.363,9.34,Baja,MILPIN-v1.2,rechazada,161.3,270.98,49.78,Media,Gravedad -> Microaspersion,0.65,0.62,Patron historico + indices climaticos: riego optimo en 3 dias evita estres hidrico en etapa Desarrollo.
67a011ef-bd61-4b07-aba3-c715e9855c49,PAR-064,CIC-2025-PV,2025-10-05,2025-10-08,30.77,4.85,2.328,27.75,Media,MILPIN-v2.0,aceptada,319.7,537.1,98.66,Alta,Microaspersion -> Goteo,0.41,0.43,Deficit acumulado 27.8 mm supera umbral critico. Riego urgente antes de 6 dias para evitar dano.
84e8b082-7ed8-45eb-9636-1ce2461c7395,PAR-064,CIC-2025-PV,2025-04-11,2025-04-13,27.82,7.15,4.283,24.24,Alta,MILPIN-v1.3,rechazada,289.9,487.03,89.46,Media,Gravedad -> Goteo,0.41,0.63,FAO-56 detecta inicio etapa media con Kc=0.60. Incrementar lamina un 9% respecto evento anterior.
c60ee480-960c-4d63-a686-1ed509afe957,PAR-064,CIC-2025-PV,2025-08-28,2025-08-29,14.71,7.19,6.255,6.17,Alta,MILPIN-v1.3,sin_respuesta,153.6,258.05,47.4,Alta,Mantener sistema actual,0.69,0.58,Balance hidrico acumulado indica deficit de 6.2 mm. Riego preventivo recomendado en 4 dias.
f1ba3d6f-6dc7-4933-85f5-54d4cc658a88,PAR-064,CIC-2025-OI,2025-11-28,2025-11-29,11.2,3.98,2.153,6.96,Media,MILPIN-v2.0,sin_respuesta,117.1,196.73,36.14,Alta,Microaspersion -> Goteo,0.56,0.44,Patron historico + indices climaticos: riego optimo en 2 dias evita estres hidrico en etapa Desarrollo.
26cb0ea0-d997-4419-ae6f-14b9d88c98e3,PAR-064,CIC-2025-OI,2026-03-29,2026-04-01,15.1,6.12,5.141,6.98,Media,MILPIN-v2.0,sin_respuesta,156.5,262.92,48.3,Alta,Microaspersion -> Goteo,0.39,0.48,FAO-56 detecta inicio etapa media con Kc=0.84. Incrementar lamina un 9% respecto evento anterior.
fc8888a3-6c2f-4e43-a93a-082fef4c462c,PAR-064,CIC-2025-OI,2025-11-29,2025-12-04,26.87,4.11,2.322,23.4,Media,MILPIN-v2.0,sin_respuesta,279.4,469.39,86.22,Media,Microaspersion -> Goteo,0.65,0.64,Balance hidrico acumulado indica deficit de 23.4 mm. Riego preventivo recomendado en 6 dias.
1040a450-d7bc-4450-89d7-b4b96b5c2769,PAR-064,CIC-2025-OI,2026-02-23,2026-02-28,20.73,4.19,3.436,12.57,Media,MILPIN-v1.3,rechazada,216.0,362.88,66.66,Alta,Gravedad -> Goteo,0.35,0.45,Deficit acumulado 12.6 mm supera umbral critico. Riego urgente antes de 2 dias para evitar dano.
a6c8c81b-3529-44a6-bf8b-dd813b722816,PAR-064,CIC-2025-OI,2026-03-20,2026-03-25,11.37,5.84,5.139,7.6,Baja,MILPIN-v1.2,aceptada,119.0,199.92,36.72,Baja,Microaspersion -> Goteo,0.63,0.41,Optimizacion turno nocturno 22-06 h: reduce evaporacion estimada 12-15%. Deficit actual 7.6 mm.
d477ea5a-9dd3-47c1-b907-57a74f4fec5e,PAR-064,CIC-2026-PV,2026-05-17,2026-05-19,34.63,8.26,6.938,25.83,Baja,MILPIN-v2.0,modificada,461.8,775.82,142.51,Baja,Aspersion -> Goteo,0.83,0.75,Optimizacion turno nocturno 22-06 h: reduce evaporacion estimada 12-15%. Deficit actual 25.8 mm.
814414e4-d9a4-4f4f-84e3-ae7b3566b3e9,PAR-064,CIC-2026-PV,2026-05-22,2026-05-25,23.45,8.84,7.426,16.81,Media,MILPIN-v2.0,aceptada,312.0,524.16,96.28,Alta,Aspersion -> Goteo,0.85,0.88,ETo proyectada 8.8 mm/dia (horizonte 7 dias). Kc=0.84 etapa Media. Aplicar lamina 23 mm.
563cea79-9ab0-471f-b002-074d166b6ed5,PAR-064,CIC-2026-PV,2026-05-08,2026-05-12,36.5,8.62,7.327,26.84,Media,MILPIN-v1.2,modificada,485.8,816.14,149.92,Baja,Gravedad -> Goteo,0.79,0.81,ETo proyectada 8.6 mm/dia (horizonte 7 dias). Kc=0.85 etapa Media. Aplicar lamina 36 mm.
aa1afe88-b514-4624-becf-5df5108a6721,PAR-064,CIC-2026-PV,2026-04-04,2026-04-09,10.69,7.77,3.901,7.26,Media,MILPIN-v1.3,aceptada,142.1,238.73,43.85,Alta,Mantener sistema actual,0.74,0.77,ETo proyectada 7.8 mm/dia (horizonte 7 dias). Kc=0.50 etapa Desarrollo. Aplicar lamina 11 mm.
4060987f-b117-4046-a300-d66b68ab4e0c,PAR-064,CIC-2026-PV,2026-07-23,2026-07-26,25.76,8.33,7.33,21.73,Alta,MILPIN-v1.2,rechazada,343.7,577.42,106.07,Baja,Microaspersion -> Goteo,0.78,0.91,Score optimizacion 0.78: migracion Microaspersion -> Goteo proyecta ahorro 11% consumo anual con payback < 2 ciclos.
552674dd-9869-46d0-8b33-056905e05b6e,PAR-065,CIC-2025-PV,2025-09-21,2025-09-23,19.53,6.25,3.35,10.68,Media,MILPIN-v1.3,modificada,212.0,356.16,65.42,Alta,Gravedad -> Goteo,0.41,0.48,Patron historico + indices climaticos: riego optimo en 5 dias evita estres hidrico en etapa Final.
62d70ef7-cc34-4488-92ff-62b55fb8a34f,PAR-065,CIC-2025-PV,2025-05-24,2025-05-26,27.43,8.66,7.448,19.99,Media,MILPIN-v1.3,modificada,297.0,498.96,91.65,Alta,Microaspersion -> Goteo,0.52,0.6,Patron historico + indices climaticos: riego optimo en 5 dias evita estres hidrico en etapa Media.
79caf341-3c05-438f-873f-e9f9409626be,PAR-065,CIC-2025-PV,2025-07-22,2025-07-26,13.46,7.74,6.579,5.91,Alta,MILPIN-v1.3,aceptada,145.0,243.6,44.75,Alta,Aspersion -> Goteo,0.58,0.49,Score optimizacion 0.58: migracion Aspersion -> Goteo proyecta ahorro 9% consumo anual con payback < 2 ciclos.
b8595715-b298-4ae6-95fe-28c58acaf6a7,PAR-065,CIC-2025-PV,2025-03-10,2025-03-15,31.09,6.0,1.92,26.1,Alta,MILPIN-v1.3,rechazada,337.0,566.16,104.0,Baja,Gravedad -> Microaspersion,0.45,0.75,Balance hidrico acumulado indica deficit de 26.1 mm. Riego preventivo recomendado en 4 dias.
ce8660e8-5a9e-4578-a722-490fea7d891e,PAR-065,CIC-2025-OI,2026-03-25,2026-03-27,31.98,6.24,5.304,22.31,Media,MILPIN-v1.2,modificada,347.0,582.96,107.08,Baja,Aspersion -> Goteo,0.53,0.47,Deficit acumulado 22.3 mm supera umbral critico. Riego urgente antes de 6 dias para evitar dano.
8d6a44e6-3d90-4a5e-90fa-10adf4e72b52,PAR-065,CIC-2025-OI,2025-12-07,2025-12-12,29.7,3.49,2.426,19.91,Media,MILPIN-v2.0,modificada,322.0,540.96,99.37,Alta,Mantener sistema actual,0.49,0.68,Patron historico + indices climaticos: riego optimo en 2 dias evita estres hidrico en etapa Desarrollo.
f5ad7054-fb53-401b-be18-912287dc61ff,PAR-065,CIC-2025-OI,2026-01-03,2026-01-05,31.99,3.31,2.847,25.79,Alta,MILPIN-v1.2,modificada,347.0,582.96,107.08,Baja,Aspersion -> Goteo,0.55,0.41,Score optimizacion 0.55: migracion Aspersion -> Goteo proyecta ahorro 9% consumo anual con payback < 2 ciclos.
f3d0aabd-3673-4b18-964e-2552ff68eb85,PAR-065,CIC-2025-OI,2026-02-11,2026-02-16,25.2,4.62,3.973,19.97,Alta,MILPIN-v1.3,rechazada,273.0,458.64,84.25,Media,Microaspersion -> Goteo,0.34,0.56,Patron historico + indices climaticos: riego optimo en 2 dias evita estres hidrico en etapa Media.
2d335265-b840-47fd-8339-0239a01d8088,PAR-065,CIC-2026-PV,2026-09-07,2026-09-12,16.82,6.69,4.924,11.84,Media,MILPIN-v2.0,aceptada,719.0,1207.92,221.88,Media,Gravedad -> Microaspersion,0.94,0.88,Patron historico + indices climaticos: riego optimo en 5 dias evita estres hidrico en etapa Final.
23718b30-470f-4eb6-8a01-86b719011eca,PAR-065,CIC-2026-PV,2026-09-02,2026-09-06,20.66,6.2,4.731,17.58,Baja,MILPIN-v2.0,aceptada,882.0,1481.76,272.19,Media,Gravedad -> Microaspersion,0.74,0.87,FAO-56 detecta inicio etapa media con Kc=0.76. Incrementar lamina un 28% respecto evento anterior.
40b3b5e0-23da-416f-8f84-41743a4b1ff8,PAR-065,CIC-2026-PV,2026-05-16,2026-05-18,16.36,8.41,6.896,12.65,Baja,MILPIN-v1.3,rechazada,699.0,1174.32,215.71,Alta,Mantener sistema actual,0.89,0.93,FAO-56 detecta inicio etapa media con Kc=0.82. Incrementar lamina un 28% respecto evento anterior.
1c6a35eb-e3cc-4059-bfbe-9c7d27e9a80e,PAR-065,CIC-2026-PV,2026-08-01,2026-08-05,15.75,7.63,6.333,7.52,Media,MILPIN-v1.2,modificada,673.0,1130.64,207.69,Media,Gravedad -> Microaspersion,0.86,0.76,Deficit acumulado 7.5 mm supera umbral critico. Riego urgente antes de 2 dias para evitar dano.
396b64e1-2659-4046-894e-f1f78183eedc,PAR-065,CIC-2026-PV,2026-05-03,2026-05-07,14.2,8.66,7.534,5.23,Media,MILPIN-v1.3,rechazada,607.0,1019.76,187.32,Alta,Aspersion -> Goteo,0.84,0.8,ETo proyectada 8.7 mm/dia (horizonte 7 dias). Kc=0.87 etapa Media. Aplicar lamina 14 mm.
6cc3faad-c790-41dc-b77e-d3b60d17d40c,PAR-066,CIC-2025-PV,2025-09-01,2025-09-05,25.44,6.7,4.891,15.72,Baja,MILPIN-v2.0,aceptada,3163.2,5314.18,976.16,Alta,Aspersion -> Goteo,0.66,0.65,Deficit acumulado 15.7 mm supera umbral critico. Riego urgente antes de 3 dias para evitar dano.
169ad3f9-eada-4565-bb49-dc2194c33be5,PAR-066,CIC-2025-PV,2025-04-10,2025-04-15,29.91,7.19,3.523,23.23,Alta,MILPIN-v2.0,modificada,3721.9,6252.79,1148.58,Baja,Gravedad -> Microaspersion,0.61,0.66,Deficit acumulado 23.2 mm supera umbral critico. Riego urgente antes de 5 dias para evitar dano.
2c8c793b-3a7d-415a-ba3a-75f956f623e7,PAR-066,CIC-2025-PV,2025-05-26,2025-05-28,31.86,8.23,10.205,25.77,Baja,MILPIN-v1.3,rechazada,3963.4,6658.51,1223.11,Baja,Aspersion -> Goteo,0.41,0.6,Balance hidrico acumulado indica deficit de 25.8 mm. Riego preventivo recomendado en 2 dias.
1df17161-d90c-419e-b07a-fffd8a7fd68f,PAR-066,CIC-2025-PV,2025-10-07,2025-10-09,35.62,5.34,3.631,25.65,Baja,MILPIN-v2.0,rechazada,4429.0,7440.72,1366.79,Alta,Gravedad -> Microaspersion,0.41,0.44,FAO-56 detecta inicio etapa media con Kc=0.68. Incrementar lamina un 28% respecto evento anterior.
46a72cad-1ac4-4f14-859a-a010b7b87c2d,PAR-066,CIC-2025-PV,2025-03-12,2025-03-14,19.85,6.02,2.288,16.72,Media,MILPIN-v1.2,modificada,2467.7,4145.74,761.53,Baja,Gravedad -> Goteo,0.68,0.49,ETo proyectada 6.0 mm/dia (horizonte 7 dias). Kc=0.38 etapa Inicial. Aplicar lamina 20 mm.
288167e5-e9f7-4954-9bc5-c9d25c825e45,PAR-066,CIC-2025-PV,2025-04-14,2025-04-17,23.64,7.33,4.09,17.51,Media,MILPIN-v1.3,aceptada,2939.1,4937.69,907.01,Baja,Mantener sistema actual,0.48,0.48,Optimizacion turno nocturno 22-06 h: reduce evaporacion estimada 12-15%. Deficit actual 17.5 mm.
4b0e38eb-5364-4c26-8cec-16891c00c868,PAR-066,CIC-2025-OI,2025-12-11,2025-12-12,25.4,3.27,2.302,16.0,Alta,MILPIN-v1.2,aceptada,3160.3,5309.3,975.27,Baja,Gravedad -> Microaspersion,0.69,0.63,FAO-56 detecta inicio etapa media con Kc=0.70. Incrementar lamina un 28% respecto evento anterior.
6fbb03ad-aa89-42a8-9df5-29220842d2e9,PAR-066,CIC-2025-OI,2025-12-16,2025-12-19,17.92,2.92,2.304,14.46,Alta,MILPIN-v1.2,aceptada,2229.1,3744.89,687.9,Alta,Gravedad -> Goteo,0.64,0.39,Balance hidrico acumulado indica deficit de 14.5 mm. Riego preventivo recomendado en 4 dias.
dbde2373-0d2f-48e8-b456-940b26a7ec6c,PAR-066,CIC-2025-OI,2025-12-24,2025-12-27,20.59,3.52,3.291,15.47,Alta,MILPIN-v1.3,aceptada,2560.8,4302.14,790.26,Media,Aspersion -> Goteo,0.69,0.56,Optimizacion turno nocturno 22-06 h: reduce evaporacion estimada 12-15%. Deficit actual 15.5 mm.
03383deb-4c89-488e-9b5e-acb58ab39eba,PAR-066,CIC-2025-OI,2026-04-20,2026-04-24,22.16,7.21,4.831,13.69,Media,MILPIN-v2.0,modificada,2755.8,4629.74,850.44,Baja,Mantener sistema actual,0.55,0.68,Patron historico + indices climaticos: riego optimo en 6 dias evita estres hidrico en etapa Final.
52e07870-7bda-4133-be55-a268f40c42e8,PAR-066,CIC-2026-PV,2026-07-09,2026-07-13,16.97,7.96,9.552,13.53,Baja,MILPIN-v2.0,aceptada,0.0,0.0,0.0,Baja,Mantener sistema actual,0.74,0.85,Balance hidrico acumulado indica deficit de 13.5 mm. Riego preventivo recomendado en 6 dias.
125aa3d8-7128-4b53-bf22-8b8c6ea285bf,PAR-066,CIC-2026-PV,2026-05-02,2026-05-07,13.64,8.6,7.688,8.7,Media,MILPIN-v2.0,aceptada,0.0,0.0,0.0,Media,Gravedad -> Microaspersion,0.81,0.75,Deficit acumulado 8.7 mm supera umbral critico. Riego urgente antes de 4 dias para evitar dano.
7ea13005-a6a7-4871-903f-342ffe39e39a,PAR-066,CIC-2026-PV,2026-07-14,2026-07-15,28.61,8.2,9.922,24.05,Media,MILPIN-v1.3,aceptada,0.0,0.0,0.0,Baja,Mantener sistema actual,0.88,0.87,Score optimizacion 0.88: migracion Mantener sistema actual proyecta ahorro 0% consumo anual con payback < 2 ciclos.
55444692-f2bd-4f03-818d-99e31cd2e906,PAR-066,CIC-2026-PV,2026-08-26,2026-08-27,16.59,7.59,5.328,7.46,Baja,MILPIN-v1.3,rechazada,0.0,0.0,0.0,Alta,Gravedad -> Goteo,0.87,0.86,Deficit acumulado 7.5 mm supera umbral critico. Riego urgente antes de 6 dias para evitar dano.
2dda5a1d-32c9-47ff-a0ce-6ae2abe60448,PAR-066,CIC-2026-PV,2026-08-22,2026-08-26,34.5,7.17,5.643,25.71,Media,MILPIN-v1.2,aceptada,0.0,0.0,0.0,Media,Mantener sistema actual,0.86,0.92,FAO-56 detecta inicio etapa media con Kc=0.79. Incrementar lamina un 0% respecto evento anterior.
15c2cef2-051c-4111-b052-810d4c59c003,PAR-066,CIC-2026-PV,2026-05-03,2026-05-08,19.47,8.44,7.604,15.49,Baja,MILPIN-v2.0,aceptada,0.0,0.0,0.0,Media,Aspersion -> Goteo,0.87,0.85,Optimizacion turno nocturno 22-06 h: reduce evaporacion estimada 12-15%. Deficit actual 15.5 mm.
60a4d265-1aae-4e6d-adfa-146ef3bf1b41,PAR-066,CIC-2026-PV,2026-04-22,2026-04-23,26.14,7.39,5.424,20.7,Media,MILPIN-v2.0,aceptada,0.0,0.0,0.0,Baja,Gravedad -> Goteo,0.8,0.79,Score optimizacion 0.80: migracion Gravedad -> Goteo proyecta ahorro 0% consumo anual con payback < 2 ciclos.
af22139b-c46e-4914-8915-d9c3125e09d1,PAR-066,CIC-2026-PV,2026-08-04,2026-08-08,23.26,7.64,7.388,16.58,Media,MILPIN-v1.2,modificada,0.0,0.0,0.0,Baja,Aspersion -> Goteo,0.93,0.88,Score optimizacion 0.93: migracion Aspersion -> Goteo proyecta ahorro 0% consumo anual con payback < 2 ciclos.
e6b03034-f5e8-4f6d-9746-01aef21b2892,PAR-067,CIC-2025-PV,2025-06-30,2025-07-02,19.76,8.66,8.088,11.38,Baja,MILPIN-v1.2,modificada,557.0,935.76,171.89,Baja,Aspersion -> Goteo,0.69,0.57,Patron historico + indices climaticos: riego optimo en 4 dias evita estres hidrico en etapa Final.
dd1b4ebe-0acb-4a01-ac2a-1afbe25fd281,PAR-067,CIC-2025-PV,2025-06-27,2025-06-30,14.97,9.03,8.597,5.36,Baja,MILPIN-v1.3,aceptada,422.4,709.63,130.35,Alta,Mantener sistema actual,0.68,0.72,Patron historico + indices climaticos: riego optimo en 5 dias evita estres hidrico en etapa Final.
841e5a48-fd89-4743-838a-bdd38ae76795,PAR-067,CIC-2025-PV,2025-07-17,2025-07-21,30.96,7.84,6.899,27.08,Alta,MILPIN-v1.3,rechazada,873.2,1466.98,269.47,Media,Gravedad -> Microaspersion,0.69,0.69,Optimizacion turno nocturno 22-06 h: reduce evaporacion estimada 12-15%. Deficit actual 27.1 mm.
dc6d641f-3b83-4bb4-bb74-f7fbf9a3e4e6,PAR-067,CIC-2025-OI,2025-11-23,2025-11-24,18.82,3.8,2.873,15.72,Media,MILPIN-v1.2,aceptada,530.6,891.41,163.74,Media,Gravedad -> Microaspersion,0.62,0.5,Score optimizacion 0.62: migracion Gravedad -> Microaspersion proyecta ahorro 28% consumo anual con payback < 2 ciclos.
bb1ddfdf-8509-439c-aded-a50d1a0b97a4,PAR-067,CIC-2025-OI,2025-12-26,2025-12-28,21.44,3.11,3.203,14.73,Alta,MILPIN-v1.2,sin_respuesta,604.6,1015.73,186.58,Media,Gravedad -> Goteo,0.57,0.71,Deficit acumulado 14.7 mm supera umbral critico. Riego urgente antes de 3 dias para evitar dano.
1f8408cf-c653-4315-84a5-8ce967a3877f,PAR-067,CIC-2025-OI,2025-12-22,2025-12-27,22.33,3.41,3.717,15.17,Alta,MILPIN-v1.3,modificada,629.6,1057.73,194.29,Alta,Mantener sistema actual,0.54,0.73,FAO-56 detecta inicio etapa media con Kc=1.09. Incrementar lamina un 28% respecto evento anterior.
0f758b38-e1d7-448d-a706-a0a07f5778ff,PAR-067,CIC-2026-PV,2026-10-10,2026-10-15,24.05,5.3,4.611,20.64,Alta,MILPIN-v2.0,aceptada,172.3,289.46,53.17,Media,Gravedad -> Goteo,0.79,0.92,FAO-56 detecta inicio etapa media con Kc=0.87. Incrementar lamina un 9% respecto evento anterior.
ff40e590-15d7-437d-98f3-3d51ef3305d7,PAR-067,CIC-2026-PV,2026-09-30,2026-10-03,14.39,6.7,5.829,8.82,Media,MILPIN-v1.2,aceptada,103.0,173.04,31.79,Baja,Aspersion -> Goteo,0.73,0.93,FAO-56 detecta inicio etapa media con Kc=0.87. Incrementar lamina un 9% respecto evento anterior.
d7c98a6c-6ea7-4f92-8df5-db25e70d7d22,PAR-067,CIC-2026-PV,2026-10-07,2026-10-09,25.77,4.92,4.379,20.7,Media,MILPIN-v1.2,modificada,184.8,310.46,57.03,Baja,Microaspersion -> Goteo,0.91,0.92,FAO-56 detecta inicio etapa media con Kc=0.89. Incrementar lamina un 9% respecto evento anterior.
ee6f1866-c7e7-4b2b-a64f-1a6dfd53ffd0,PAR-067,CIC-2026-PV,2026-08-24,2026-08-26,16.5,7.2,6.336,12.74,Alta,MILPIN-v1.2,aceptada,118.1,198.41,36.45,Media,Aspersion -> Goteo,0.94,0.88,Patron historico + indices climaticos: riego optimo en 2 dias evita estres hidrico en etapa Final.
bae16d66-90fb-4ab6-a8e5-0bf8dd8ac132,PAR-067,CIC-2026-PV,2026-04-01,2026-04-03,18.18,7.6,5.297,9.69,Media,MILPIN-v1.3,aceptada,130.0,218.4,40.12,Media,Gravedad -> Microaspersion,0.74,0.77,Deficit acumulado 9.7 mm supera umbral critico. Riego urgente antes de 3 dias para evitar dano.
b4e08b95-e178-4535-8fc5-5968839b3ef5,PAR-067,CIC-2026-PV,2026-08-20,2026-08-22,14.46,7.41,6.817,9.6,Baja,MILPIN-v2.0,aceptada,103.0,173.04,31.79,Baja,Gravedad -> Goteo,0.75,0.92,Deficit acumulado 9.6 mm supera umbral critico. Riego urgente antes de 4 dias para evitar dano.
5111858a-1ef7-4b5b-9876-6d0a5ca5c3b4,PAR-067,CIC-2026-PV,2026-09-05,2026-09-10,22.41,6.66,5.861,14.5,Media,MILPIN-v1.3,aceptada,160.4,269.47,49.5,Baja,Gravedad -> Microaspersion,0.8,0.94,ETo proyectada 6.7 mm/dia (horizonte 7 dias). Kc=0.88 etapa Final. Aplicar lamina 22 mm.
76b0e8c4-4280-4bb1-a323-36e61f60798e,PAR-068,CIC-2025-PV,2025-09-06,2025-09-11,18.48,6.52,3.847,11.2,Alta,MILPIN-v1.3,sin_respuesta,478.4,803.71,147.63,Baja,Aspersion -> Goteo,0.69,0.63,ETo proyectada 6.5 mm/dia (horizonte 7 dias). Kc=0.59 etapa Final. Aplicar lamina 18 mm.
a2aa0593-1856-4da0-9063-279593788043,PAR-068,CIC-2025-PV,2025-06-08,2025-06-13,10.73,8.89,9.779,6.29,Media,MILPIN-v1.3,modificada,278.5,467.88,85.95,Alta,Mantener sistema actual,0.45,0.73,Balance hidrico acumulado indica deficit de 6.3 mm. Riego preventivo recomendado en 6 dias.
976e54a6-248c-41d2-8ba9-99650a1a71fb,PAR-068,CIC-2025-PV,2025-09-28,2025-10-02,28.03,6.76,3.988,21.47,Media,MILPIN-v1.3,rechazada,723.5,1215.48,223.27,Alta,Aspersion -> Goteo,0.56,0.72,FAO-56 detecta inicio etapa media con Kc=0.59. Incrementar lamina un 9% respecto evento anterior.
f6b2731e-7653-4530-bbbf-85a09127c742,PAR-068,CIC-2025-PV,2025-06-05,2025-06-07,22.7,9.14,10.602,16.32,Alta,MILPIN-v1.3,rechazada,585.5,983.64,180.69,Media,Mantener sistema actual,0.53,0.73,Balance hidrico acumulado indica deficit de 16.3 mm. Riego preventivo recomendado en 3 dias.
c6483d9d-31bc-4492-8457-a4cdf337b2b2,PAR-068,CIC-2025-OI,2025-11-07,2025-11-08,23.82,3.72,1.079,17.24,Baja,MILPIN-v1.3,aceptada,614.0,1031.52,189.48,Alta,Microaspersion -> Goteo,0.49,0.49,Score optimizacion 0.49: migracion Microaspersion -> Goteo proyecta ahorro 9% consumo anual con payback < 2 ciclos.
82bde623-ad3f-4ec2-99c5-b648ee29d4a2,PAR-068,CIC-2025-OI,2026-03-01,2026-03-05,30.7,6.2,3.782,23.76,Alta,MILPIN-v1.2,sin_respuesta,792.5,1331.4,244.57,Alta,Mantener sistema actual,0.57,0.71,ETo proyectada 6.2 mm/dia (horizonte 7 dias). Kc=0.61 etapa Final. Aplicar lamina 31 mm.
a38b98ee-a601-4205-8665-05f04a6a86e9,PAR-068,CIC-2025-OI,2025-12-29,2025-12-30,20.67,3.45,4.14,10.83,Media,MILPIN-v2.0,modificada,533.1,895.61,164.51,Alta,Gravedad -> Goteo,0.34,0.61,Score optimizacion 0.34: migracion Gravedad -> Goteo proyecta ahorro 9% consumo anual con payback < 2 ciclos.
5f9918df-c9ba-4930-b45b-0828de133551,PAR-068,CIC-2025-OI,2025-11-30,2025-12-03,17.97,3.76,3.158,8.3,Media,MILPIN-v2.0,rechazada,461.7,775.66,142.48,Media,Gravedad -> Microaspersion,0.62,0.74,Balance hidrico acumulado indica deficit de 8.3 mm. Riego preventivo recomendado en 3 dias.
88b85e66-ceeb-4f8c-b868-b9e6d210d22e,PAR-068,CIC-2025-OI,2025-11-08,2025-11-10,32.23,3.49,0.942,23.98,Media,MILPIN-v1.3,sin_respuesta,830.6,1395.41,256.32,Media,Mantener sistema actual,0.43,0.68,Optimizacion turno nocturno 22-06 h: reduce evaporacion estimada 12-15%. Deficit actual 24.0 mm.
41bb2ca4-0f7d-4c00-a900-f99f18f6539d,PAR-068,CIC-2026-PV,2026-07-01,2026-07-06,32.26,7.76,5.199,26.27,Media,MILPIN-v1.3,rechazada,1066.2,1791.22,329.03,Baja,Gravedad -> Microaspersion,0.94,0.85,Score optimizacion 0.94: migracion Gravedad -> Microaspersion proyecta ahorro 11% consumo anual con payback < 2 ciclos.
3ae20ac6-c7b2-4977-93d5-b117db2d38fd,PAR-068,CIC-2026-PV,2026-08-31,2026-09-03,22.05,7.4,4.588,15.5,Alta,MILPIN-v2.0,aceptada,728.3,1223.54,224.75,Alta,Gravedad -> Microaspersion,0.77,0.84,Patron historico + indices climaticos: riego optimo en 3 dias evita estres hidrico en etapa Final.
0b008dd3-4599-4eeb-a0b5-3db05020e8d1,PAR-068,CIC-2026-PV,2026-07-19,2026-07-21,30.02,7.75,4.417,20.7,Baja,MILPIN-v1.2,aceptada,990.1,1663.37,305.54,Media,Aspersion -> Goteo,0.77,0.88,Patron historico + indices climaticos: riego optimo en 5 dias evita estres hidrico en etapa Final.
022f40e4-8d4c-462d-8c51-a4f216b749b8,PAR-068,CIC-2026-PV,2026-06-18,2026-06-21,14.65,9.19,8.639,11.37,Alta,MILPIN-v1.2,rechazada,483.1,811.61,149.08,Baja,Aspersion -> Goteo,0.88,0.83,Patron historico + indices climaticos: riego optimo en 6 dias evita estres hidrico en etapa Final.
0255f7d9-cfbf-4f67-bcf9-52c7d5e9266a,PAR-068,CIC-2026-PV,2026-03-26,2026-03-27,34.52,5.9,2.767,26.57,Alta,MILPIN-v1.3,rechazada,1140.0,1915.2,351.8,Alta,Gravedad -> Microaspersion,0.86,0.86,Optimizacion turno nocturno 22-06 h: reduce evaporacion estimada 12-15%. Deficit actual 26.6 mm.
b3693069-6d9b-40b9-9ae5-5922550a0eea,PAR-068,CIC-2026-PV,2026-09-25,2026-09-30,24.69,6.81,4.358,15.17,Media,MILPIN-v1.3,aceptada,816.3,1371.38,251.91,Alta,Aspersion -> Goteo,0.79,0.85,Deficit acumulado 15.2 mm supera umbral critico. Riego urgente antes de 4 dias para evitar dano.
8f4a157f-6d83-4151-8e2d-1d7714186c98,PAR-069,CIC-2025-PV,2025-10-01,2025-10-05,28.1,5.2,4.576,21.46,Alta,MILPIN-v1.2,aceptada,0.0,0.0,0.0,Alta,Gravedad -> Microaspersion,0.6,0.54,Balance hidrico acumulado indica deficit de 21.5 mm. Riego preventivo recomendado en 2 dias.
ce5ef5f7-9db0-4b8c-a22a-7f42e55b7332,PAR-069,CIC-2025-PV,2025-06-11,2025-06-12,10.92,9.18,9.529,6.56,Media,MILPIN-v1.3,modificada,0.0,0.0,0.0,Alta,Mantener sistema actual,0.7,0.48,Score optimizacion 0.70: migracion Mantener sistema actual proyecta ahorro 0% consumo anual con payback < 2 ciclos.
9f2487ad-489a-4b9b-a12f-6146f3aa3c06,PAR-069,CIC-2025-PV,2025-07-11,2025-07-12,20.51,7.9,7.031,10.72,Alta,MILPIN-v1.2,rechazada,0.0,0.0,0.0,Baja,Mantener sistema actual,0.54,0.38,ETo proyectada 7.9 mm/dia (horizonte 7 dias). Kc=0.89 etapa Final. Aplicar lamina 21 mm.
fcdf6fcb-fccc-439e-883d-b5c35b3365c3,PAR-069,CIC-2025-PV,2025-09-29,2025-10-04,28.21,6.19,5.819,19.32,Alta,MILPIN-v1.2,rechazada,0.0,0.0,0.0,Media,Aspersion -> Goteo,0.66,0.7,Patron historico + indices climaticos: riego optimo en 6 dias evita estres hidrico en etapa Final.
6d10d436-0117-49f5-9325-ceea1e00c8bc,PAR-069,CIC-2025-OI,2026-01-12,2026-01-17,30.44,3.78,3.931,22.65,Media,MILPIN-v1.3,rechazada,0.0,0.0,0.0,Baja,Gravedad -> Goteo,0.46,0.73,ETo proyectada 3.8 mm/dia (horizonte 7 dias). Kc=1.04 etapa Media. Aplicar lamina 30 mm.
84ff0789-9a4d-4925-ae19-da73dc67dcd1,PAR-069,CIC-2025-OI,2025-10-29,2025-10-30,15.9,4.98,3.038,8.97,Media,MILPIN-v1.3,modificada,0.0,0.0,0.0,Media,Mantener sistema actual,0.38,0.41,Score optimizacion 0.38: migracion Mantener sistema actual proyecta ahorro 0% consumo anual con payback < 2 ciclos.
bf9625a9-ba8f-4a9e-a629-41da7758427a,PAR-069,CIC-2025-OI,2025-12-10,2025-12-12,18.33,3.3,3.115,12.44,Alta,MILPIN-v2.0,aceptada,0.0,0.0,0.0,Media,Mantener sistema actual,0.35,0.47,Optimizacion turno nocturno 22-06 h: reduce evaporacion estimada 12-15%. Deficit actual 12.4 mm.
ff78da94-3984-4a1c-a50e-f29800e2c054,PAR-069,CIC-2026-PV,2026-04-04,2026-04-08,9.85,7.7,5.436,5.68,Alta,MILPIN-v1.3,aceptada,273.7,459.82,84.46,Alta,Microaspersion -> Goteo,0.85,0.96,Optimizacion turno nocturno 22-06 h: reduce evaporacion estimada 12-15%. Deficit actual 5.7 mm.
fb391ba6-07f1-4177-aaf8-6b5ff11a576e,PAR-069,CIC-2026-PV,2026-07-03,2026-07-06,25.74,8.32,7.205,21.89,Media,MILPIN-v1.3,aceptada,715.0,1201.2,220.65,Baja,Microaspersion -> Goteo,0.83,0.75,Deficit acumulado 21.9 mm supera umbral critico. Riego urgente antes de 5 dias para evitar dano.
77da0867-fffe-4694-84de-18785fa68a6c,PAR-069,CIC-2026-PV,2026-09-01,2026-09-05,22.72,6.63,5.901,12.78,Media,MILPIN-v1.3,aceptada,631.2,1060.42,194.79,Alta,Gravedad -> Microaspersion,0.74,0.87,Score optimizacion 0.74: migracion Gravedad -> Microaspersion proyecta ahorro 28% consumo anual con payback < 2 ciclos.
6a57e49a-3026-4b5e-9904-29ac807978c8,PAR-069,CIC-2026-PV,2026-05-08,2026-05-12,20.17,8.35,8.684,14.05,Baja,MILPIN-v1.3,aceptada,560.3,941.3,172.91,Alta,Gravedad -> Microaspersion,0.75,0.96,Balance hidrico acumulado indica deficit de 14.1 mm. Riego preventivo recomendado en 3 dias.
47a9d145-55a2-48e3-a98b-4621a3afc48e,PAR-069,CIC-2026-PV,2026-08-19,2026-08-24,33.78,7.61,6.697,26.01,Media,MILPIN-v1.2,aceptada,938.6,1576.85,289.65,Media,Microaspersion -> Goteo,0.76,0.95,Deficit acumulado 26.0 mm supera umbral critico. Riego urgente antes de 4 dias para evitar dano.
e52eeb3e-2a8c-4596-8dee-a8935fbeb3df,PAR-069,CIC-2026-PV,2026-08-07,2026-08-09,15.94,7.78,7.235,7.45,Media,MILPIN-v2.0,modificada,442.6,743.57,136.59,Baja,Gravedad -> Goteo,0.93,0.9,Optimizacion turno nocturno 22-06 h: reduce evaporacion estimada 12-15%. Deficit actual 7.5 mm.
e7a70dd0-0b13-4383-a613-1c53f579f582,PAR-069,CIC-2026-PV,2026-08-25,2026-08-29,32.77,7.67,6.98,24.89,Media,MILPIN-v1.3,modificada,910.7,1529.98,281.04,Baja,Gravedad -> Goteo,0.8,0.82,Balance hidrico acumulado indica deficit de 24.9 mm. Riego preventivo recomendado en 2 dias.
0080404a-85a4-48bc-b37b-b6022ebc1486,PAR-070,CIC-2025-PV,2025-07-01,2025-07-03,13.24,7.85,7.52,7.11,Baja,MILPIN-v1.2,aceptada,1330.1,2234.57,410.47,Alta,Aspersion -> Goteo,0.52,0.6,Patron historico + indices climaticos: riego optimo en 5 dias evita estres hidrico en etapa Final.
61d5cdbb-f30d-4b52-bded-ac1888ee6d78,PAR-070,CIC-2025-PV,2025-04-15,2025-04-18,15.7,7.77,6.737,7.52,Alta,MILPIN-v2.0,rechazada,1576.8,2649.02,486.6,Alta,Gravedad -> Microaspersion,0.52,0.63,Patron historico + indices climaticos: riego optimo en 3 dias evita estres hidrico en etapa Desarrollo.
9fa1ea8f-aa7a-4606-a06e-f42d22141525,PAR-070,CIC-2025-PV,2025-05-14,2025-05-18,23.86,8.18,8.262,19.45,Alta,MILPIN-v2.0,rechazada,2397.0,4026.96,739.71,Baja,Mantener sistema actual,0.64,0.68,Patron historico + indices climaticos: riego optimo en 3 dias evita estres hidrico en etapa Media.
62a03e02-2457-4496-9c50-c37ca28c5458,PAR-070,CIC-2025-PV,2025-04-10,2025-04-11,31.17,7.69,6.329,26.63,Alta,MILPIN-v1.2,sin_respuesta,3130.2,5258.74,965.98,Media,Gravedad -> Microaspersion,0.5,0.66,Balance hidrico acumulado indica deficit de 26.6 mm. Riego preventivo recomendado en 5 dias.
8c758f00-5b2c-40d8-a550-e7e0a7c2b329,PAR-070,CIC-2025-PV,2025-06-13,2025-06-17,13.29,9.34,9.956,8.55,Media,MILPIN-v2.0,aceptada,1334.8,2242.46,411.92,Alta,Mantener sistema actual,0.49,0.68,Score optimizacion 0.49: migracion Mantener sistema actual proyecta ahorro 28% consumo anual con payback < 2 ciclos.
526591f4-6b12-4f77-bea2-a190909e2dcb,PAR-070,CIC-2025-PV,2025-06-08,2025-06-10,18.55,8.86,9.037,12.83,Baja,MILPIN-v2.0,aceptada,1863.5,3130.68,575.08,Alta,Gravedad -> Microaspersion,0.62,0.6,Score optimizacion 0.62: migracion Gravedad -> Microaspersion proyecta ahorro 28% consumo anual con payback < 2 ciclos.
6d05c140-c512-4715-ad52-48ed9096ef7e,PAR-070,CIC-2025-OI,2026-04-10,2026-04-15,15.02,7.82,6.725,5.71,Baja,MILPIN-v1.2,aceptada,1508.7,2534.62,465.58,Alta,Microaspersion -> Goteo,0.69,0.69,Deficit acumulado 5.7 mm supera umbral critico. Riego urgente antes de 4 dias para evitar dano.
bf364518-bb9e-4423-97ae-34579794fe4c,PAR-070,CIC-2025-OI,2026-03-24,2026-03-29,24.65,6.16,5.482,17.33,Media,MILPIN-v1.3,modificada,2474.6,4157.33,763.66,Alta,Microaspersion -> Goteo,0.49,0.76,Deficit acumulado 17.3 mm supera umbral critico. Riego urgente antes de 2 dias para evitar dano.
5ed7ab29-905e-4077-8432-deb177588d14,PAR-070,CIC-2025-OI,2026-02-11,2026-02-12,22.5,4.34,4.019,13.68,Baja,MILPIN-v2.0,modificada,2260.7,3797.98,697.65,Baja,Gravedad -> Microaspersion,0.49,0.47,Balance hidrico acumulado indica deficit de 13.7 mm. Riego preventivo recomendado en 6 dias.
2cc95c82-82e3-42a3-a3c2-3401eed45c92,PAR-070,CIC-2025-OI,2026-02-26,2026-03-01,19.97,4.35,4.045,13.91,Alta,MILPIN-v1.2,modificada,2004.5,3367.56,618.59,Alta,Mantener sistema actual,0.64,0.62,Patron historico + indices climaticos: riego optimo en 5 dias evita estres hidrico en etapa Final.
bd0dee07-c2ec-4dfc-bb17-36c9313b97b7,PAR-070,CIC-2025-OI,2026-01-24,2026-01-28,32.32,3.71,3.97,24.15,Media,MILPIN-v2.0,aceptada,3245.4,5452.27,1001.53,Baja,Mantener sistema actual,0.51,0.52,FAO-56 detecta inicio etapa media con Kc=1.07. Incrementar lamina un 28% respecto evento anterior.
dee5a902-3913-48f7-a5fa-c92332a19de6,PAR-070,CIC-2025-OI,2026-03-01,2026-03-04,25.82,5.77,5.02,16.64,Media,MILPIN-v1.3,modificada,2592.0,4354.56,799.89,Alta,Mantener sistema actual,0.6,0.48,ETo proyectada 5.8 mm/dia (horizonte 7 dias). Kc=0.87 etapa Final. Aplicar lamina 26 mm.
b18441d0-f358-4d98-82be-1e20bcf36f97,PAR-070,CIC-2026-PV,2026-05-11,2026-05-16,16.14,8.59,8.762,8.14,Baja,MILPIN-v2.0,aceptada,528.8,888.38,163.19,Alta,Aspersion -> Goteo,0.91,0.87,FAO-56 detecta inicio etapa media con Kc=1.02. Incrementar lamina un 11% respecto evento anterior.
083cd450-e65a-4bb1-b026-6457218402f3,PAR-070,CIC-2026-PV,2026-03-09,2026-03-13,28.78,5.74,3.559,24.81,Media,MILPIN-v1.3,aceptada,940.0,1579.2,290.08,Alta,Gravedad -> Microaspersion,0.79,0.81,Patron historico + indices climaticos: riego optimo en 5 dias evita estres hidrico en etapa Inicial.
0b0f7633-b565-47a2-a53e-fa6d1c0edaea,PAR-070,CIC-2026-PV,2026-06-07,2026-06-10,25.61,9.32,9.506,19.95,Baja,MILPIN-v1.3,aceptada,834.2,1401.46,257.43,Baja,Mantener sistema actual,0.85,0.81,Balance hidrico acumulado indica deficit de 19.9 mm. Riego preventivo recomendado en 2 dias.
a047e69f-8cb2-4ff1-abe9-9b644e80c65f,PAR-070,CIC-2026-PV,2026-10-01,2026-10-04,24.82,5.11,4.548,16.31,Baja,MILPIN-v1.3,aceptada,808.4,1358.11,249.47,Media,Microaspersion -> Goteo,0.92,0.84,Patron historico + indices climaticos: riego optimo en 5 dias evita estres hidrico en etapa Final.
7129814f-96c7-4dee-92a8-4b3e84312b7c,PAR-070,CIC-2026-PV,2026-07-07,2026-07-11,12.89,7.9,6.794,5.19,Media,MILPIN-v1.2,modificada,420.6,706.61,129.8,Media,Gravedad -> Microaspersion,0.75,0.94,ETo proyectada 7.9 mm/dia (horizonte 7 dias). Kc=0.86 etapa Final. Aplicar lamina 13 mm.
d4a40c36-55bd-42cc-bef5-93b25bf0961b,PAR-070,CIC-2026-PV,2026-06-07,2026-06-08,23.65,9.09,9.363,16.95,Media,MILPIN-v1.2,aceptada,770.8,1294.94,237.87,Alta,Gravedad -> Microaspersion,0.96,0.86,ETo proyectada 9.1 mm/dia (horizonte 7 dias). Kc=1.03 etapa Media. Aplicar lamina 24 mm.
f19e6821-ec60-4a05-8161-dd3bb9f5a643,PAR-070,CIC-2026-PV,2026-06-24,2026-06-25,26.82,9.04,8.769,20.92,Baja,MILPIN-v2.0,aceptada,874.2,1468.66,269.78,Media,Aspersion -> Goteo,0.85,0.88,Patron historico + indices climaticos: riego optimo en 6 dias evita estres hidrico en etapa Final.
557aad0c-8916-457c-ac58-9a0b819b0992,PAR-070,CIC-2026-PV,2026-03-14,2026-03-15,21.05,5.99,3.534,12.02,Baja,MILPIN-v1.2,aceptada,686.2,1152.82,211.76,Alta,Gravedad -> Goteo,0.78,0.87,ETo proyectada 6.0 mm/dia (horizonte 7 dias). Kc=0.59 etapa Inicial. Aplicar lamina 21 mm.
298b6a9c-dd30-4937-ac9b-9b33142f9fa8,PAR-070,CIC-2026-PV,2026-03-28,2026-04-02,28.55,6.35,4.102,23.88,Alta,MILPIN-v1.2,modificada,932.9,1567.27,287.89,Media,Mantener sistema actual,0.75,0.95,Deficit acumulado 23.9 mm supera umbral critico. Riego urgente antes de 4 dias para evitar dano.
1fbb45c7-7e38-4b54-ac2d-5cad79dd3be3,PAR-070,CIC-2026-PV,2026-06-04,2026-06-07,22.27,8.88,9.324,17.03,Media,MILPIN-v1.2,aceptada,728.5,1223.88,224.82,Media,Gravedad -> Microaspersion,0.76,0.81,FAO-56 detecta inicio etapa media con Kc=1.05. Incrementar lamina un 11% respecto evento anterior.
490ccbd1-a91c-4c02-aecd-b72ff66f0d2e,PAR-071,CIC-2025-PV,2025-05-09,2025-05-12,13.37,8.82,9.261,9.86,Media,MILPIN-v1.2,rechazada,188.7,317.02,58.23,Media,Microaspersion -> Goteo,0.53,0.6,Deficit acumulado 9.9 mm supera umbral critico. Riego urgente antes de 2 dias para evitar dano.
75e08e92-18a4-4545-9b59-b8a801b191ce,PAR-071,CIC-2025-PV,2025-06-03,2025-06-07,24.08,9.29,10.126,14.94,Media,MILPIN-v2.0,modificada,340.7,572.38,105.14,Baja,Mantener sistema actual,0.64,0.46,Deficit acumulado 14.9 mm supera umbral critico. Riego urgente antes de 4 dias para evitar dano.
432f57bc-807d-4bdb-b16c-a1294e3d0def,PAR-071,CIC-2025-PV,2025-06-25,2025-06-28,31.53,9.11,8.418,26.24,Media,MILPIN-v2.0,modificada,446.8,750.62,137.88,Media,Mantener sistema actual,0.58,0.72,Score optimizacion 0.58: migracion Mantener sistema actual proyecta ahorro 11% consumo anual con payback < 2 ciclos.
f84c7b48-753d-459a-a7ad-d8ce70ac0428,PAR-071,CIC-2025-PV,2025-04-08,2025-04-11,18.34,7.8,6.217,12.05,Baja,MILPIN-v1.3,modificada,259.1,435.29,79.96,Baja,Mantener sistema actual,0.39,0.44,ETo proyectada 7.8 mm/dia (horizonte 7 dias). Kc=0.80 etapa Desarrollo. Aplicar lamina 18 mm.
85bd33b4-cd97-4dfc-a1b3-1e78fe177bcf,PAR-071,CIC-2025-PV,2025-06-06,2025-06-07,15.77,9.06,9.513,9.4,Alta,MILPIN-v1.3,modificada,223.4,375.31,68.94,Alta,Gravedad -> Goteo,0.69,0.61,Deficit acumulado 9.4 mm supera umbral critico. Riego urgente antes de 3 dias para evitar dano.
1c2a0c03-eab9-4bf4-b157-b6fa7843f784,PAR-071,CIC-2025-PV,2025-08-08,2025-08-09,20.23,7.85,7.143,12.19,Media,MILPIN-v1.2,modificada,286.6,481.49,88.44,Alta,Microaspersion -> Goteo,0.32,0.43,Balance hidrico acumulado indica deficit de 12.2 mm. Riego preventivo recomendado en 3 dias.
361d5141-c6cf-446e-96d3-654f7a1e67ee,PAR-071,CIC-2025-OI,2026-04-06,2026-04-07,33.8,7.59,6.907,25.68,Media,MILPIN-v1.2,rechazada,478.4,803.71,147.63,Alta,Microaspersion -> Goteo,0.63,0.69,ETo proyectada 7.6 mm/dia (horizonte 7 dias). Kc=0.91 etapa Final. Aplicar lamina 34 mm.
fcb28554-55c8-4717-81b8-1072a686be22,PAR-071,CIC-2025-OI,2026-02-02,2026-02-05,30.43,4.3,4.343,23.22,Alta,MILPIN-v1.3,sin_respuesta,431.5,724.92,133.16,Alta,Aspersion -> Goteo,0.52,0.51,ETo proyectada 4.3 mm/dia (horizonte 7 dias). Kc=1.01 etapa Final. Aplicar lamina 30 mm.
73197848-6830-472d-a46f-94f11f84de92,PAR-071,CIC-2025-OI,2026-04-15,2026-04-20,17.91,7.34,6.386,10.41,Media,MILPIN-v1.3,rechazada,254.0,426.72,78.38,Alta,Gravedad -> Microaspersion,0.55,0.74,Deficit acumulado 10.4 mm supera umbral critico. Riego urgente antes de 2 dias para evitar dano.
3864bad4-4e62-4fa0-99b8-9f6a2cb75f7b,PAR-071,CIC-2025-OI,2025-11-09,2025-11-11,19.0,3.82,2.407,9.36,Baja,MILPIN-v1.2,aceptada,269.3,452.42,83.11,Alta,Mantener sistema actual,0.33,0.49,Deficit acumulado 9.4 mm supera umbral critico. Riego urgente antes de 3 dias para evitar dano.
c264224e-5bdf-4110-8d63-b1a86d42de4a,PAR-071,CIC-2025-OI,2026-03-05,2026-03-06,32.55,6.1,5.673,25.29,Alta,MILPIN-v2.0,rechazada,461.0,774.48,142.26,Alta,Aspersion -> Goteo,0.42,0.43,Balance hidrico acumulado indica deficit de 25.3 mm. Riego preventivo recomendado en 2 dias.
d7dd1bc1-f722-400a-9c16-441f9a52594c,PAR-071,CIC-2026-PV,2026-07-07,2026-07-08,28.51,7.77,7.071,20.59,Media,MILPIN-v1.3,aceptada,1242.4,2087.23,383.4,Media,Aspersion -> Goteo,0.9,0.95,Patron historico + indices climaticos: riego optimo en 5 dias evita estres hidrico en etapa Final.
8e1b22a6-352c-4626-b36f-3cf03c703de0,PAR-071,CIC-2026-PV,2026-05-10,2026-05-14,21.54,8.46,8.798,15.21,Alta,MILPIN-v1.3,aceptada,939.4,1578.19,289.9,Media,Microaspersion -> Goteo,0.85,0.81,ETo proyectada 8.5 mm/dia (horizonte 7 dias). Kc=1.04 etapa Media. Aplicar lamina 22 mm.
34732147-d84a-4ec8-9ec3-c55872b54284,PAR-071,CIC-2026-PV,2026-06-23,2026-06-24,26.93,9.13,8.728,18.34,Alta,MILPIN-v1.3,aceptada,1174.0,1972.32,362.3,Alta,Gravedad -> Goteo,0.87,0.94,Balance hidrico acumulado indica deficit de 18.3 mm. Riego preventivo recomendado en 3 dias.
3c38f1f8-89dd-4d5a-aea2-716f932196ec,PAR-071,CIC-2026-PV,2026-08-17,2026-08-18,32.1,7.33,6.45,24.64,Baja,MILPIN-v1.3,aceptada,1398.4,2349.31,431.55,Baja,Mantener sistema actual,0.83,0.84,Deficit acumulado 24.6 mm supera umbral critico. Riego urgente antes de 6 dias para evitar dano.
4b6325f4-8b0d-4a61-9418-98711d10c33a,PAR-071,CIC-2026-PV,2026-04-21,2026-04-24,19.14,7.48,7.136,9.95,Media,MILPIN-v1.2,aceptada,834.4,1401.79,257.5,Baja,Gravedad -> Goteo,0.86,0.93,Patron historico + indices climaticos: riego optimo en 3 dias evita estres hidrico en etapa Desarrollo.
a3c7a45d-028d-4da5-acf7-86f3526ffae6,PAR-071,CIC-2026-PV,2026-08-06,2026-08-07,25.76,7.46,6.49,18.79,Alta,MILPIN-v2.0,rechazada,1123.0,1886.64,346.56,Alta,Gravedad -> Microaspersion,0.88,0.81,Balance hidrico acumulado indica deficit de 18.8 mm. Riego preventivo recomendado en 3 dias.
b2108aba-a18d-420c-b899-b364c5f49e3b,PAR-071,CIC-2026-PV,2026-06-21,2026-06-23,32.04,8.67,8.826,26.3,Alta,MILPIN-v1.3,aceptada,1396.4,2345.95,430.93,Media,Gravedad -> Microaspersion,0.86,0.89,ETo proyectada 8.7 mm/dia (horizonte 7 dias). Kc=1.02 etapa Final. Aplicar lamina 32 mm.
0c00a65d-9969-4e27-8540-30bc69b6e29e,PAR-071,CIC-2026-PV,2026-04-30,2026-05-04,32.19,7.33,7.55,23.95,Media,MILPIN-v1.2,aceptada,1402.5,2356.2,432.81,Media,Aspersion -> Goteo,0.86,0.92,Deficit acumulado 23.9 mm supera umbral critico. Riego urgente antes de 2 dias para evitar dano.
057a74c7-cccf-415e-928d-d6dde3968b77,PAR-072,CIC-2025-PV,2025-04-17,2025-04-21,18.57,7.5,4.718,12.34,Baja,MILPIN-v1.3,aceptada,2143.8,3601.58,661.58,Alta,Mantener sistema actual,0.66,0.62,Deficit acumulado 12.3 mm supera umbral critico. Riego urgente antes de 4 dias para evitar dano.
879ff911-6308-41a0-9676-dc3062d79c89,PAR-072,CIC-2025-PV,2025-03-20,2025-03-25,26.79,5.78,2.196,22.26,Media,MILPIN-v2.0,aceptada,3091.5,5193.72,954.04,Baja,Aspersion -> Goteo,0.66,0.6,FAO-56 detecta inicio etapa media con Kc=0.38. Incrementar lamina un 28% respecto evento anterior.
465ac533-e75f-4056-a5df-c27aadfc66cc,PAR-072,CIC-2025-PV,2025-06-22,2025-06-26,17.11,9.27,11.402,11.52,Alta,MILPIN-v1.3,rechazada,1973.7,3315.82,609.08,Media,Microaspersion -> Goteo,0.53,0.56,ETo proyectada 9.3 mm/dia (horizonte 7 dias). Kc=1.23 etapa Media. Aplicar lamina 17 mm.
2b6c53fd-f410-41fb-ba09-cffd8455e79d,PAR-072,CIC-2025-PV,2025-09-27,2025-10-01,30.11,6.3,4.473,21.37,Alta,MILPIN-v1.2,rechazada,3472.2,5833.3,1071.52,Media,Mantener sistema actual,0.61,0.68,Score optimizacion 0.61: migracion Mantener sistema actual proyecta ahorro 28% consumo anual con payback < 2 ciclos.
0d5aa75f-8fea-4288-b132-530a7cb099db,PAR-072,CIC-2025-OI,2026-02-07,2026-02-09,21.59,4.48,5.331,16.39,Alta,MILPIN-v2.0,sin_respuesta,2492.1,4186.73,769.06,Media,Microaspersion -> Goteo,0.7,0.41,Optimizacion turno nocturno 22-06 h: reduce evaporacion estimada 12-15%. Deficit actual 16.4 mm.
4b6cc454-2178-4c13-b2e3-bfcd92f9767f,PAR-072,CIC-2025-OI,2026-01-24,2026-01-29,18.41,3.56,4.236,12.53,Baja,MILPIN-v2.0,aceptada,2122.2,3565.3,654.91,Media,Aspersion -> Goteo,0.67,0.73,Patron historico + indices climaticos: riego optimo en 3 dias evita estres hidrico en etapa Media.
6ee8fa36-baa1-4fea-9f8e-2903884002df,PAR-072,CIC-2025-OI,2025-12-03,2025-12-05,16.05,3.13,1.872,11.26,Baja,MILPIN-v2.0,aceptada,1852.2,3111.7,571.59,Media,Aspersion -> Goteo,0.38,0.38,Balance hidrico acumulado indica deficit de 11.3 mm. Riego preventivo recomendado en 4 dias.
0bb13d38-c7af-42ba-81cc-7cb33ff23302,PAR-072,CIC-2025-OI,2026-01-19,2026-01-22,21.51,3.56,4.272,13.47,Alta,MILPIN-v1.2,rechazada,2481.3,4168.58,765.73,Media,Gravedad -> Microaspersion,0.5,0.43,FAO-56 detecta inicio etapa media con Kc=1.20. Incrementar lamina un 28% respecto evento anterior.
a333ad6d-d44a-4bbb-9d72-e77ce23f0dd8,PAR-072,CIC-2025-OI,2026-01-11,2026-01-13,22.67,3.58,4.153,15.85,Media,MILPIN-v1.2,aceptada,2616.3,4395.38,807.39,Media,Gravedad -> Goteo,0.39,0.56,Optimizacion turno nocturno 22-06 h: reduce evaporacion estimada 12-15%. Deficit actual 15.8 mm.
ffc84cb7-7d9b-4ba4-aaf6-171957fbac31,PAR-072,CIC-2026-PV,2026-09-15,2026-09-17,13.44,6.84,4.651,9.37,Baja,MILPIN-v1.2,aceptada,504.9,848.23,155.81,Baja,Gravedad -> Microaspersion,0.74,0.82,Patron historico + indices climaticos: riego optimo en 6 dias evita estres hidrico en etapa Final.
e5c0007d-dd36-4563-83b9-f0898366e958,PAR-072,CIC-2026-PV,2026-05-11,2026-05-12,27.01,8.45,8.847,19.87,Media,MILPIN-v1.3,aceptada,1012.5,1701.0,312.46,Media,Aspersion -> Goteo,0.94,0.88,Score optimizacion 0.94: migracion Aspersion -> Goteo proyecta ahorro 11% consumo anual con payback < 2 ciclos.
f45dd7fd-ee8a-41a4-913a-d70bba0ae583,PAR-072,CIC-2026-PV,2026-07-01,2026-07-06,19.17,8.32,9.651,15.08,Media,MILPIN-v2.0,aceptada,718.2,1206.58,221.64,Alta,Mantener sistema actual,0.81,0.84,Patron historico + indices climaticos: riego optimo en 3 dias evita estres hidrico en etapa Media.
e9bf7ae9-5be5-4cfc-9c87-cc1430beade3,PAR-072,CIC-2026-PV,2026-08-27,2026-09-01,18.5,7.3,5.263,14.39,Media,MILPIN-v1.3,aceptada,691.2,1161.22,213.3,Baja,Gravedad -> Microaspersion,0.89,0.82,ETo proyectada 7.3 mm/dia (horizonte 7 dias). Kc=0.72 etapa Final. Aplicar lamina 18 mm.
e79b5880-e2b4-469d-918a-2ca7e8bd5769,PAR-072,CIC-2026-PV,2026-06-23,2026-06-25,20.63,9.2,11.132,13.67,Alta,MILPIN-v1.2,modificada,774.9,1301.83,239.13,Baja,Microaspersion -> Goteo,0.94,0.79,Patron historico + indices climaticos: riego optimo en 3 dias evita estres hidrico en etapa Media.
75731dce-f1bc-4720-ac23-4d43a58103ca,PAR-072,CIC-2026-PV,2026-05-22,2026-05-26,23.09,8.72,10.726,18.93,Alta,MILPIN-v1.3,modificada,864.0,1451.52,266.63,Media,Aspersion -> Goteo,0.78,0.91,Deficit acumulado 18.9 mm supera umbral critico. Riego urgente antes de 4 dias para evitar dano.
3780f020-3e2b-4342-a351-cd254587bdfa,PAR-072,CIC-2026-PV,2026-06-20,2026-06-24,31.65,8.9,10.413,26.56,Baja,MILPIN-v2.0,rechazada,1185.3,1991.3,365.78,Baja,Mantener sistema actual,0.85,0.83,ETo proyectada 8.9 mm/dia (horizonte 7 dias). Kc=1.17 etapa Media. Aplicar lamina 32 mm.
1a146478-5ce4-4bdb-8e11-c22cfb2b2d26,PAR-072,CIC-2026-PV,2026-06-12,2026-06-17,33.99,9.32,11.37,26.68,Baja,MILPIN-v2.0,aceptada,1274.4,2140.99,393.28,Baja,Gravedad -> Goteo,0.86,0.96,Deficit acumulado 26.7 mm supera umbral critico. Riego urgente antes de 3 dias para evitar dano.
20d4c314-c626-4630-9962-341fb36bdce0,PAR-072,CIC-2026-PV,2026-08-12,2026-08-15,24.57,7.82,6.631,19.3,Alta,MILPIN-v2.0,rechazada,920.7,1546.78,284.13,Baja,Mantener sistema actual,0.79,0.79,ETo proyectada 7.8 mm/dia (horizonte 7 dias). Kc=0.85 etapa Final. Aplicar lamina 25 mm.
7a114d22-7381-40de-ac74-f2db7222b887,PAR-072,CIC-2026-PV,2026-05-05,2026-05-06,14.85,8.53,8.061,7.79,Baja,MILPIN-v2.0,aceptada,556.2,934.42,171.64,Alta,Aspersion -> Goteo,0.86,0.85,Patron historico + indices climaticos: riego optimo en 5 dias evita estres hidrico en etapa Desarrollo.
18ff6612-7e7b-406d-a1e1-27b2459c2362,PAR-073,CIC-2025-PV,2025-03-29,2025-03-31,11.28,6.21,2.36,6.77,Media,MILPIN-v1.3,rechazada,520.3,874.1,160.56,Alta,Aspersion -> Goteo,0.33,0.52,Balance hidrico acumulado indica deficit de 6.8 mm. Riego preventivo recomendado en 6 dias.
d5422e9f-1fdd-42ee-88d7-5bb8e627fb6d,PAR-073,CIC-2025-PV,2025-04-30,2025-05-01,31.46,7.32,6.442,24.0,Alta,MILPIN-v1.2,modificada,1442.4,2423.23,445.12,Media,Mantener sistema actual,0.43,0.64,Balance hidrico acumulado indica deficit de 24.0 mm. Riego preventivo recomendado en 3 dias.
92cfa040-51e2-4d15-be02-53727f0d3e03,PAR-073,CIC-2025-PV,2025-03-17,2025-03-19,32.44,6.03,1.688,26.05,Media,MILPIN-v1.3,aceptada,1489.0,2501.52,459.51,Media,Aspersion -> Goteo,0.56,0.42,Deficit acumulado 26.1 mm supera umbral critico. Riego urgente antes de 2 dias para evitar dano.
e8b91517-2a70-4124-a339-a2dd6e90136b,PAR-073,CIC-2025-OI,2026-02-04,2026-02-09,28.91,4.16,3.619,21.08,Alta,MILPIN-v1.3,modificada,1328.2,2231.38,409.88,Alta,Microaspersion -> Goteo,0.61,0.62,Score optimizacion 0.61: migracion Microaspersion -> Goteo proyecta ahorro 9% consumo anual con payback < 2 ciclos.
8dfb7cdc-12f7-48bd-abda-fc3d14b3cbe2,PAR-073,CIC-2025-OI,2025-12-08,2025-12-11,15.45,3.22,2.347,10.92,Alta,MILPIN-v2.0,sin_respuesta,706.4,1186.75,218.0,Media,Gravedad -> Goteo,0.5,0.73,FAO-56 detecta inicio etapa media con Kc=0.73. Incrementar lamina un 9% respecto evento anterior.
6a3c9e0d-ebdf-48d3-8443-ac36a4483ada,PAR-073,CIC-2025-OI,2026-01-10,2026-01-14,30.87,3.23,2.778,27.46,Media,MILPIN-v1.3,modificada,1417.1,2380.73,437.32,Alta,Mantener sistema actual,0.32,0.59,Balance hidrico acumulado indica deficit de 27.5 mm. Riego preventivo recomendado en 3 dias.
5c4412a4-4ca8-49c5-b30d-993c66704d79,PAR-073,CIC-2025-OI,2025-11-05,2025-11-10,24.61,4.14,1.159,21.54,Media,MILPIN-v1.2,sin_respuesta,1129.4,1897.39,348.53,Alta,Mantener sistema actual,0.4,0.73,ETo proyectada 4.1 mm/dia (horizonte 7 dias). Kc=0.28 etapa Inicial. Aplicar lamina 25 mm.
5303f264-0751-493e-92e5-bf2097924d4c,PAR-073,CIC-2025-OI,2025-11-22,2025-11-26,20.82,3.46,1.692,13.62,Media,MILPIN-v2.0,modificada,956.0,1606.08,295.02,Media,Aspersion -> Goteo,0.59,0.45,ETo proyectada 3.5 mm/dia (horizonte 7 dias). Kc=0.49 etapa Desarrollo. Aplicar lamina 21 mm.
d1efb1f9-c831-46ec-8f96-86badb2f29a3,PAR-073,CIC-2026-PV,2026-04-16,2026-04-19,28.95,7.76,4.866,25.33,Baja,MILPIN-v1.2,aceptada,1700.5,2856.84,524.77,Alta,Aspersion -> Goteo,0.86,0.84,Deficit acumulado 25.3 mm supera umbral critico. Riego urgente antes de 6 dias para evitar dano.
d930fa2e-8269-4c23-bd6b-a44e91a9c8e7,PAR-073,CIC-2026-PV,2026-06-12,2026-06-16,28.23,8.72,7.499,22.42,Baja,MILPIN-v1.2,aceptada,1658.2,2785.78,511.72,Baja,Mantener sistema actual,0.82,0.77,Deficit acumulado 22.4 mm supera umbral critico. Riego urgente antes de 5 dias para evitar dano.
de9189ce-c146-4f68-8c66-3b754839f5ed,PAR-073,CIC-2026-PV,2026-03-07,2026-03-09,25.79,5.88,1.705,16.67,Alta,MILPIN-v2.0,rechazada,1514.3,2544.02,467.31,Media,Aspersion -> Goteo,0.78,0.84,Optimizacion turno nocturno 22-06 h: reduce evaporacion estimada 12-15%. Deficit actual 16.7 mm.
f92c6a84-1384-4249-8364-2917dfc71ec8,PAR-073,CIC-2026-PV,2026-03-27,2026-03-31,20.26,6.3,2.476,12.77,Baja,MILPIN-v1.3,aceptada,1188.6,1996.85,366.8,Alta,Gravedad -> Goteo,0.72,0.96,Optimizacion turno nocturno 22-06 h: reduce evaporacion estimada 12-15%. Deficit actual 12.8 mm.
6eede442-2b40-4e40-9856-117fea9b9f45,PAR-073,CIC-2026-PV,2026-03-21,2026-03-24,19.04,5.88,1.529,12.35,Baja,MILPIN-v1.3,aceptada,1116.7,1876.06,344.61,Baja,Microaspersion -> Goteo,0.79,0.78,ETo proyectada 5.9 mm/dia (horizonte 7 dias). Kc=0.26 etapa Inicial. Aplicar lamina 19 mm.
d9153235-bfac-475c-9acc-13000072b54e,PAR-073,CIC-2026-PV,2026-05-09,2026-05-13,28.79,8.49,7.216,21.88,Media,MILPIN-v2.0,rechazada,1692.0,2842.56,522.15,Alta,Gravedad -> Microaspersion,0.88,0.97,FAO-56 detecta inicio etapa media con Kc=0.85. Incrementar lamina un 11% respecto evento anterior.
6c7ef186-85b5-4187-b845-46fd36e05cac,PAR-073,CIC-2026-PV,2026-05-27,2026-05-30,20.58,8.16,7.099,16.44,Media,MILPIN-v2.0,aceptada,1205.5,2025.24,372.02,Alta,Aspersion -> Goteo,0.96,0.89,ETo proyectada 8.2 mm/dia (horizonte 7 dias). Kc=0.87 etapa Media. Aplicar lamina 21 mm.
f9de7b1d-40e6-4ad4-9974-bdd658f8667a,PAR-073,CIC-2026-PV,2026-04-05,2026-04-10,16.93,7.24,3.881,13.3,Media,MILPIN-v1.2,aceptada,994.1,1670.09,306.78,Alta,Aspersion -> Goteo,0.78,0.93,Optimizacion turno nocturno 22-06 h: reduce evaporacion estimada 12-15%. Deficit actual 13.3 mm.
98b8f52f-b7fb-42e1-9c49-1fca40281cac,PAR-074,CIC-2025-PV,2025-06-07,2025-06-08,15.7,8.68,3.472,12.24,Baja,MILPIN-v1.2,rechazada,2811.5,4723.32,867.63,Baja,Gravedad -> Goteo,0.42,0.65,Patron historico + indices climaticos: riego optimo en 2 dias evita estres hidrico en etapa Final.
2c82ac6a-c228-4a45-a61b-ef5ec6cb7e9f,PAR-074,CIC-2025-PV,2025-06-14,2025-06-17,31.7,9.31,3.259,24.73,Media,MILPIN-v1.3,sin_respuesta,5677.5,9538.2,1752.08,Alta,Gravedad -> Goteo,0.68,0.59,Score optimizacion 0.68: migracion Gravedad -> Goteo proyecta ahorro 28% consumo anual con payback < 2 ciclos.
d0ebdd97-7d5d-4202-8202-9269c7f652b9,PAR-074,CIC-2025-PV,2025-06-28,2025-07-03,21.05,9.09,2.818,17.49,Media,MILPIN-v1.3,aceptada,3766.8,6328.22,1162.43,Media,Gravedad -> Goteo,0.52,0.75,Score optimizacion 0.52: migracion Gravedad -> Goteo proyecta ahorro 28% consumo anual con payback < 2 ciclos.
808a3937-88f4-46dc-a40f-08eda184b74e,PAR-074,CIC-2025-OI,2026-03-01,2026-03-05,15.66,5.94,2.079,6.64,Alta,MILPIN-v1.2,aceptada,2803.1,4709.21,865.04,Media,Gravedad -> Goteo,0.6,0.59,ETo proyectada 5.9 mm/dia (horizonte 7 dias). Kc=0.35 etapa Final. Aplicar lamina 16 mm.
a4f667c2-7e23-4f35-9074-b4928379e267,PAR-074,CIC-2025-OI,2026-02-10,2026-02-13,25.74,4.8,1.632,16.11,Media,MILPIN-v2.0,modificada,4609.0,7743.12,1422.34,Media,Mantener sistema actual,0.66,0.4,FAO-56 detecta inicio etapa media con Kc=0.34. Incrementar lamina un 28% respecto evento anterior.
06558124-c6be-4a67-84f2-e09093deae98,PAR-074,CIC-2025-OI,2025-12-22,2025-12-25,22.73,3.46,3.979,15.13,Media,MILPIN-v2.0,rechazada,4068.5,6835.08,1255.54,Alta,Gravedad -> Microaspersion,0.38,0.45,Deficit acumulado 15.1 mm supera umbral critico. Riego urgente antes de 6 dias para evitar dano.
fe179a78-9b2f-4b41-965a-a9e59dff6548,PAR-074,CIC-2025-OI,2026-03-10,2026-03-13,28.56,6.04,2.114,23.03,Alta,MILPIN-v2.0,rechazada,5116.0,8594.88,1578.8,Baja,Mantener sistema actual,0.49,0.45,ETo proyectada 6.0 mm/dia (horizonte 7 dias). Kc=0.35 etapa Final. Aplicar lamina 29 mm.
4f4841ca-cd64-4824-b370-effe60854907,PAR-074,CIC-2025-OI,2026-01-19,2026-01-23,18.07,3.59,2.657,8.76,Media,MILPIN-v2.0,aceptada,3234.7,5434.3,998.23,Baja,Microaspersion -> Goteo,0.41,0.69,Deficit acumulado 8.8 mm supera umbral critico. Riego urgente antes de 3 dias para evitar dano.
4107824a-0e3c-4007-8042-8f5f956f0b5e,PAR-074,CIC-2025-OI,2026-01-11,2026-01-15,14.29,3.35,3.384,8.11,Alta,MILPIN-v1.2,rechazada,2555.9,4293.91,788.75,Baja,Gravedad -> Microaspersion,0.59,0.47,Deficit acumulado 8.1 mm supera umbral critico. Riego urgente antes de 3 dias para evitar dano.
cfb36511-8580-4a7c-ac1b-edf9e43635a8,PAR-074,CIC-2026-PV,2026-07-25,2026-07-30,18.62,7.97,2.71,8.82,Media,MILPIN-v1.3,aceptada,0.0,0.0,0.0,Baja,Aspersion -> Goteo,0.96,0.82,Balance hidrico acumulado indica deficit de 8.8 mm. Riego preventivo recomendado en 4 dias.
974ae1c9-f522-48a8-b57f-aed5ccd50a9e,PAR-074,CIC-2026-PV,2026-04-15,2026-04-16,14.36,7.44,7.849,9.47,Alta,MILPIN-v2.0,aceptada,0.0,0.0,0.0,Media,Microaspersion -> Goteo,0.93,0.8,FAO-56 detecta inicio etapa media con Kc=1.05. Incrementar lamina un 0% respecto evento anterior.
d9bc58e0-b760-4dac-8ec3-2c23f694b2ac,PAR-074,CIC-2026-PV,2026-04-20,2026-04-24,31.88,7.27,8.215,24.98,Alta,MILPIN-v1.3,aceptada,0.0,0.0,0.0,Baja,Gravedad -> Microaspersion,0.81,0.79,FAO-56 detecta inicio etapa media con Kc=1.13. Incrementar lamina un 0% respecto evento anterior.
1d5513f7-e8d9-4a6e-a23a-f1855488bfa8,PAR-074,CIC-2026-PV,2026-04-05,2026-04-08,30.07,7.76,5.859,26.48,Media,MILPIN-v2.0,aceptada,0.0,0.0,0.0,Media,Mantener sistema actual,0.93,0.82,Patron historico + indices climaticos: riego optimo en 4 dias evita estres hidrico en etapa Desarrollo.
2b4e8858-2125-4659-98d2-72f5f21088fc,PAR-074,CIC-2026-PV,2026-04-17,2026-04-18,20.87,7.52,8.159,11.88,Baja,MILPIN-v1.2,rechazada,0.0,0.0,0.0,Alta,Gravedad -> Goteo,0.84,0.83,Optimizacion turno nocturno 22-06 h: reduce evaporacion estimada 12-15%. Deficit actual 11.9 mm.
3f9faa17-db7f-4cf9-9fbf-d0b0291cde52,PAR-075,CIC-2025-PV,2025-05-14,2025-05-18,16.5,8.27,10.007,10.79,Media,MILPIN-v1.2,aceptada,1149.2,1930.66,354.64,Media,Gravedad -> Microaspersion,0.51,0.61,Deficit acumulado 10.8 mm supera umbral critico. Riego urgente antes de 5 dias para evitar dano.
45b16aeb-5e70-43b1-91d4-90ab6441dc66,PAR-075,CIC-2025-PV,2025-04-29,2025-05-04,21.14,7.77,9.402,13.62,Alta,MILPIN-v1.3,sin_respuesta,1471.9,2472.79,454.23,Baja,Gravedad -> Microaspersion,0.64,0.52,FAO-56 detecta inicio etapa media con Kc=1.21. Incrementar lamina un 28% respecto evento anterior.
091b71c0-6960-46e2-9f4f-c15117f3e226,PAR-075,CIC-2025-PV,2025-03-25,2025-03-30,29.56,5.84,2.237,25.32,Media,MILPIN-v1.3,modificada,2060.3,3461.3,635.81,Baja,Mantener sistema actual,0.45,0.47,FAO-56 detecta inicio etapa media con Kc=0.38. Incrementar lamina un 28% respecto evento anterior.
f61b8ef7-e3c1-41ba-884b-8b2cc4e28b68,PAR-075,CIC-2025-PV,2025-04-25,2025-04-26,14.06,7.5,8.7,8.23,Media,MILPIN-v1.2,rechazada,979.6,1645.73,302.3,Baja,Microaspersion -> Goteo,0.6,0.74,FAO-56 detecta inicio etapa media con Kc=1.16. Incrementar lamina un 28% respecto evento anterior.
6855bd2d-f81d-41f4-b5a9-125ac229e6bc,PAR-075,CIC-2025-PV,2025-03-18,2025-03-19,11.25,6.09,2.01,5.3,Alta,MILPIN-v2.0,modificada,784.0,1317.12,241.94,Media,Mantener sistema actual,0.6,0.53,ETo proyectada 6.1 mm/dia (horizonte 7 dias). Kc=0.33 etapa Inicial. Aplicar lamina 11 mm.
c83558f5-8120-4ddb-96e3-131cfaa121cb,PAR-075,CIC-2025-PV,2025-05-24,2025-05-29,31.95,8.72,10.202,23.38,Media,MILPIN-v1.3,rechazada,2225.0,3738.0,686.63,Alta,Microaspersion -> Goteo,0.68,0.57,Balance hidrico acumulado indica deficit de 23.4 mm. Riego preventivo recomendado en 4 dias.
80ed1a87-f8cf-4191-94b9-eef1c1bbde82,PAR-075,CIC-2025-OI,2026-02-14,2026-02-15,11.62,4.16,3.12,7.47,Alta,MILPIN-v1.2,aceptada,810.1,1360.97,250.0,Alta,Gravedad -> Goteo,0.39,0.66,Score optimizacion 0.39: migracion Gravedad -> Goteo proyecta ahorro 28% consumo anual con payback < 2 ciclos.
b350adcb-3203-4758-9b14-96916256832a,PAR-075,CIC-2025-OI,2026-02-25,2026-02-27,25.97,4.72,2.832,17.45,Alta,MILPIN-v1.3,sin_respuesta,1807.7,3036.94,557.86,Alta,Aspersion -> Goteo,0.41,0.57,Optimizacion turno nocturno 22-06 h: reduce evaporacion estimada 12-15%. Deficit actual 17.4 mm.
f1293a88-1c74-4389-93d7-beab28ee98b1,PAR-075,CIC-2025-OI,2025-12-31,2026-01-05,12.07,2.95,3.54,5.84,Media,MILPIN-v1.2,rechazada,841.1,1413.05,259.56,Alta,Microaspersion -> Goteo,0.55,0.52,FAO-56 detecta inicio etapa media con Kc=1.20. Incrementar lamina un 28% respecto evento anterior.
167e893f-ed1d-49e6-8330-7a979f29dd03,PAR-075,CIC-2025-OI,2025-11-09,2025-11-10,16.0,3.64,1.019,11.2,Alta,MILPIN-v2.0,aceptada,1114.9,1873.03,344.06,Media,Mantener sistema actual,0.64,0.56,Balance hidrico acumulado indica deficit de 11.2 mm. Riego preventivo recomendado en 5 dias.
8fbe576a-3107-43d2-88ef-dff91a2d8f9e,PAR-075,CIC-2025-OI,2026-03-22,2026-03-25,32.57,6.14,3.5,24.39,Alta,MILPIN-v1.3,modificada,2269.0,3811.92,700.21,Baja,Microaspersion -> Goteo,0.49,0.61,ETo proyectada 6.1 mm/dia (horizonte 7 dias). Kc=0.57 etapa Final. Aplicar lamina 33 mm.
9a23d4c5-8b1b-4b9d-a0f3-b94f96470690,PAR-075,CIC-2026-PV,2026-07-12,2026-07-14,18.58,7.67,4.679,12.23,Baja,MILPIN-v1.3,aceptada,420.5,706.44,129.77,Alta,Aspersion -> Goteo,0.87,0.93,Patron historico + indices climaticos: riego optimo en 5 dias evita estres hidrico en etapa Final.
52342476-60f7-4645-9fc2-59caea38e4de,PAR-075,CIC-2026-PV,2026-07-04,2026-07-07,18.02,7.72,4.786,13.49,Alta,MILPIN-v1.2,aceptada,407.5,684.6,125.75,Alta,Gravedad -> Microaspersion,0.74,0.89,Optimizacion turno nocturno 22-06 h: reduce evaporacion estimada 12-15%. Deficit actual 13.5 mm.
79343678-1fd7-46d9-9911-c4c7d25b3617,PAR-075,CIC-2026-PV,2026-06-01,2026-06-05,25.58,9.26,11.297,17.21,Media,MILPIN-v1.2,aceptada,578.6,972.05,178.56,Media,Gravedad -> Goteo,0.95,0.88,Patron historico + indices climaticos: riego optimo en 6 dias evita estres hidrico en etapa Media.
3267348e-e3bc-4ae2-bd84-2f2e1756b4c2,PAR-075,CIC-2026-PV,2026-05-23,2026-05-27,31.15,8.42,10.357,25.86,Media,MILPIN-v2.0,aceptada,705.8,1185.74,217.81,Alta,Aspersion -> Goteo,0.73,0.78,ETo proyectada 8.4 mm/dia (horizonte 7 dias). Kc=1.23 etapa Media. Aplicar lamina 31 mm.
5bc9758e-bd80-45bd-86f1-b1b2a9ab9b7c,PAR-075,CIC-2026-PV,2026-06-11,2026-06-14,10.55,8.85,9.646,7.39,Media,MILPIN-v2.0,rechazada,239.6,402.53,73.94,Baja,Mantener sistema actual,0.8,0.94,Score optimizacion 0.80: migracion Mantener sistema actual proyecta ahorro 11% consumo anual con payback < 2 ciclos.
ad586f8d-7c2f-4f77-9ade-a22b193c753b,PAR-075,CIC-2026-PV,2026-05-04,2026-05-07,13.55,8.32,9.901,8.62,Baja,MILPIN-v1.3,aceptada,306.4,514.75,94.56,Baja,Gravedad -> Microaspersion,0.9,0.92,Score optimizacion 0.90: migracion Gravedad -> Microaspersion proyecta ahorro 11% consumo anual con payback < 2 ciclos.
b2f5d71d-9d6d-43a4-9c2e-8387917a2ffe,PAR-075,CIC-2026-PV,2026-06-20,2026-06-23,32.01,8.88,7.992,25.61,Baja,MILPIN-v1.2,modificada,723.7,1215.82,223.33,Alta,Aspersion -> Goteo,0.9,0.87,Balance hidrico acumulado indica deficit de 25.6 mm. Riego preventivo recomendado en 4 dias.
54c993bd-1d71-4610-8222-0ed61bb32992,PAR-075,CIC-2026-PV,2026-05-29,2026-06-03,32.16,8.44,10.381,23.24,Baja,MILPIN-v2.0,aceptada,728.6,1224.05,224.85,Alta,Aspersion -> Goteo,0.91,0.89,Optimizacion turno nocturno 22-06 h: reduce evaporacion estimada 12-15%. Deficit actual 23.2 mm.
8f1a4617-e77b-4ab9-a2c3-0f8b415d8e22,PAR-075,CIC-2026-PV,2026-08-12,2026-08-15,33.11,7.68,4.685,27.82,Media,MILPIN-v1.2,aceptada,749.8,1259.66,231.39,Alta,Mantener sistema actual,0.82,0.92,Optimizacion turno nocturno 22-06 h: reduce evaporacion estimada 12-15%. Deficit actual 27.8 mm.
fee3cafe-47fb-42a6-ae3c-753e981b91a7,PAR-076,CIC-2025-PV,2025-10-01,2025-10-03,8.89,4.89,4.45,5.88,Media,MILPIN-v1.3,rechazada,1349.0,2266.32,416.3,Baja,Aspersion -> Goteo,0.45,0.67,ETo proyectada 4.9 mm/dia (horizonte 7 dias). Kc=0.91 etapa Final. Aplicar lamina 9 mm.
9d134630-e421-4358-b965-6abf16e5c8d8,PAR-076,CIC-2025-PV,2025-09-11,2025-09-14,31.05,6.37,5.733,24.25,Media,MILPIN-v1.2,aceptada,4710.9,7914.31,1453.78,Media,Microaspersion -> Goteo,0.58,0.76,Deficit acumulado 24.2 mm supera umbral critico. Riego urgente antes de 5 dias para evitar dano.
2537b556-7ca0-45fa-995e-9ad25f6bf05b,PAR-076,CIC-2025-PV,2025-04-16,2025-04-21,14.05,7.2,6.12,8.01,Alta,MILPIN-v1.3,aceptada,2133.6,3584.45,658.43,Media,Microaspersion -> Goteo,0.51,0.48,ETo proyectada 7.2 mm/dia (horizonte 7 dias). Kc=0.85 etapa Desarrollo. Aplicar lamina 14 mm.
50ee3cc0-93ad-4530-9b65-2af7dbd93ac0,PAR-076,CIC-2025-OI,2025-11-11,2025-11-16,13.35,3.82,2.33,9.34,Media,MILPIN-v2.0,aceptada,2027.0,3405.36,625.53,Alta,Aspersion -> Goteo,0.45,0.53,Deficit acumulado 9.3 mm supera umbral critico. Riego urgente antes de 3 dias para evitar dano.
9d06d401-8b29-47e5-b301-511651fc2dac,PAR-076,CIC-2025-OI,2026-01-06,2026-01-07,24.69,3.58,3.831,16.06,Baja,MILPIN-v1.3,sin_respuesta,3745.2,6291.94,1155.77,Media,Aspersion -> Goteo,0.41,0.4,Optimizacion turno nocturno 22-06 h: reduce evaporacion estimada 12-15%. Deficit actual 16.1 mm.
cad8f644-00b2-4a1a-bbc3-5f24346a3001,PAR-076,CIC-2025-OI,2026-01-05,2026-01-06,23.28,3.36,3.528,14.65,Media,MILPIN-v1.3,rechazada,3532.2,5934.1,1090.04,Baja,Aspersion -> Goteo,0.58,0.63,ETo proyectada 3.4 mm/dia (horizonte 7 dias). Kc=1.05 etapa Media. Aplicar lamina 23 mm.
1d616885-3714-4122-92f6-143909690d15,PAR-076,CIC-2026-PV,2026-03-18,2026-03-20,27.86,5.7,3.477,18.35,Media,MILPIN-v1.2,aceptada,1072.1,1801.13,330.85,Media,Microaspersion -> Goteo,0.94,0.96,Patron historico + indices climaticos: riego optimo en 5 dias evita estres hidrico en etapa Inicial.
c9a45a23-2aa2-4261-bd2e-cc45f4b916d6,PAR-076,CIC-2026-PV,2026-06-01,2026-06-05,19.19,8.9,9.256,11.87,Alta,MILPIN-v1.3,aceptada,738.4,1240.51,227.87,Baja,Gravedad -> Microaspersion,0.95,0.8,ETo proyectada 8.9 mm/dia (horizonte 7 dias). Kc=1.04 etapa Media. Aplicar lamina 19 mm.
5f1a8396-e680-4b1c-a4f1-fe4ba2cac466,PAR-076,CIC-2026-PV,2026-09-06,2026-09-07,18.21,6.19,5.385,13.78,Media,MILPIN-v1.2,aceptada,702.9,1180.87,216.91,Alta,Aspersion -> Goteo,0.92,0.79,Deficit acumulado 13.8 mm supera umbral critico. Riego urgente antes de 3 dias para evitar dano.
76ab7ab8-e1b1-47fb-b544-15ebc05dbcb1,PAR-076,CIC-2026-PV,2026-08-20,2026-08-21,32.8,7.63,6.714,27.62,Alta,MILPIN-v1.3,aceptada,1263.8,2123.18,390.01,Alta,Gravedad -> Goteo,0.9,0.81,Patron historico + indices climaticos: riego optimo en 3 dias evita estres hidrico en etapa Final.
da87d0a6-f42e-4d5d-a5b4-22c396a6c67d,PAR-076,CIC-2026-PV,2026-06-24,2026-06-26,18.84,8.95,8.771,13.87,Baja,MILPIN-v1.3,aceptada,727.8,1222.7,224.6,Alta,Gravedad -> Microaspersion,0.75,0.89,Patron historico + indices climaticos: riego optimo en 6 dias evita estres hidrico en etapa Final.
ddbec502-06cc-4b65-ac83-8018131e449d,PAR-076,CIC-2026-PV,2026-04-02,2026-04-06,20.55,7.54,5.504,10.63,Baja,MILPIN-v1.2,aceptada,791.7,1330.06,244.32,Baja,Microaspersion -> Goteo,0.93,0.84,Balance hidrico acumulado indica deficit de 10.6 mm. Riego preventivo recomendado en 3 dias.
83727a22-7045-473a-8ed4-fd2e5dc78d9c,PAR-076,CIC-2026-PV,2026-05-17,2026-05-18,20.17,8.38,8.715,15.99,Baja,MILPIN-v1.2,aceptada,777.5,1306.2,239.94,Media,Gravedad -> Microaspersion,0.77,0.75,Optimizacion turno nocturno 22-06 h: reduce evaporacion estimada 12-15%. Deficit actual 16.0 mm.
b293c726-ad0d-4fe7-85af-1e67da42b434,PAR-076,CIC-2026-PV,2026-07-02,2026-07-03,24.07,8.03,7.082,17.35,Media,MILPIN-v2.0,rechazada,926.6,1556.69,285.95,Media,Mantener sistema actual,0.74,0.88,Score optimizacion 0.74: migracion Mantener sistema actual proyecta ahorro 9% consumo anual con payback < 2 ciclos.
c2c0af64-ca7b-48f9-b6ab-94c656839caf,PAR-076,CIC-2026-PV,2026-03-27,2026-03-31,26.63,5.88,3.663,18.39,Media,MILPIN-v1.3,rechazada,1025.9,1723.51,316.59,Media,Gravedad -> Microaspersion,0.92,0.8,Patron historico + indices climaticos: riego optimo en 4 dias evita estres hidrico en etapa Desarrollo.
31113f27-f351-4d19-9fbd-ed3b1b7d9738,PAR-077,CIC-2025-PV,2025-05-05,2025-05-10,31.47,8.33,9.663,27.28,Media,MILPIN-v1.3,sin_respuesta,2380.7,3999.58,734.68,Media,Microaspersion -> Goteo,0.65,0.75,Optimizacion turno nocturno 22-06 h: reduce evaporacion estimada 12-15%. Deficit actual 27.3 mm.
1c2b5fde-c6aa-4b8f-97fc-e2fffc034575,PAR-077,CIC-2025-PV,2025-05-10,2025-05-14,22.84,8.7,10.701,16.55,Alta,MILPIN-v1.2,rechazada,1727.5,2902.2,533.11,Baja,Gravedad -> Microaspersion,0.61,0.64,Patron historico + indices climaticos: riego optimo en 5 dias evita estres hidrico en etapa Media.
3821956a-f350-4736-819a-081df4c6aa79,PAR-077,CIC-2025-PV,2025-08-10,2025-08-12,25.17,7.25,4.277,19.76,Alta,MILPIN-v1.3,aceptada,1902.8,3196.7,587.2,Baja,Gravedad -> Microaspersion,0.51,0.43,Patron historico + indices climaticos: riego optimo en 2 dias evita estres hidrico en etapa Final.
43399503-4fd5-4c5d-af10-fe61ae968487,PAR-077,CIC-2025-PV,2025-03-14,2025-03-18,22.45,6.14,1.719,14.74,Alta,MILPIN-v1.2,aceptada,1699.2,2854.66,524.37,Baja,Microaspersion -> Goteo,0.57,0.42,Optimizacion turno nocturno 22-06 h: reduce evaporacion estimada 12-15%. Deficit actual 14.7 mm.
5aba92a6-8914-4a0f-8e1b-2dce2b2f0978,PAR-077,CIC-2025-OI,2026-01-31,2026-02-03,14.5,3.38,3.481,9.08,Media,MILPIN-v2.0,modificada,1097.4,1843.63,338.66,Media,Aspersion -> Goteo,0.59,0.65,Score optimizacion 0.59: migracion Aspersion -> Goteo proyecta ahorro 28% consumo anual con payback < 2 ciclos.
01462d10-9e50-4297-a33c-7cca9b967b42,PAR-077,CIC-2025-OI,2026-02-27,2026-03-04,16.54,4.21,2.484,13.17,Alta,MILPIN-v2.0,sin_respuesta,1251.4,2102.35,386.18,Media,Gravedad -> Microaspersion,0.68,0.53,Balance hidrico acumulado indica deficit de 13.2 mm. Riego preventivo recomendado en 5 dias.
a6546091-0400-4cc7-9a31-a10184c79e9b,PAR-077,CIC-2025-OI,2026-01-26,2026-01-30,21.61,3.21,3.691,14.69,Alta,MILPIN-v1.3,rechazada,1635.5,2747.64,504.72,Baja,Aspersion -> Goteo,0.34,0.49,FAO-56 detecta inicio etapa media con Kc=1.15. Incrementar lamina un 28% respecto evento anterior.
71b606c4-9079-40cb-b546-86950050613c,PAR-077,CIC-2026-PV,2026-06-01,2026-06-06,24.82,8.87,10.91,21.0,Media,MILPIN-v1.3,modificada,476.1,799.85,146.92,Media,Aspersion -> Goteo,0.86,0.79,ETo proyectada 8.9 mm/dia (horizonte 7 dias). Kc=1.23 etapa Media. Aplicar lamina 25 mm.
4da4516e-2f56-4d46-aa1b-1e5021546898,PAR-077,CIC-2026-PV,2026-03-25,2026-03-30,21.44,5.93,2.212,14.29,Baja,MILPIN-v2.0,aceptada,412.4,692.83,127.27,Media,Microaspersion -> Goteo,0.89,0.77,Optimizacion turno nocturno 22-06 h: reduce evaporacion estimada 12-15%. Deficit actual 14.3 mm.
400b5f5e-b543-4dd0-a451-baa4290f029a,PAR-077,CIC-2026-PV,2026-08-01,2026-08-05,26.92,7.52,4.512,18.13,Alta,MILPIN-v1.3,aceptada,516.8,868.22,159.48,Alta,Microaspersion -> Goteo,0.9,0.97,Balance hidrico acumulado indica deficit de 18.1 mm. Riego preventivo recomendado en 3 dias.
3a1c8c8c-e8eb-494d-bd27-51d5800a28fb,PAR-077,CIC-2026-PV,2026-07-10,2026-07-11,26.95,7.79,4.518,18.13,Baja,MILPIN-v1.2,aceptada,518.6,871.25,160.04,Alta,Microaspersion -> Goteo,0.92,0.92,ETo proyectada 7.8 mm/dia (horizonte 7 dias). Kc=0.58 etapa Final. Aplicar lamina 27 mm.
21734f3c-a080-45b4-9180-1e1be00aee7d,PAR-077,CIC-2026-PV,2026-04-05,2026-04-07,34.44,7.43,5.097,26.08,Baja,MILPIN-v2.0,aceptada,660.2,1109.14,203.74,Media,Gravedad -> Goteo,0.95,0.83,Score optimizacion 0.95: migracion Gravedad -> Goteo proyecta ahorro 9% consumo anual con payback < 2 ciclos.
34630612-062e-4936-9cb1-8462ca45dad8,PAR-078,CIC-2025-PV,2025-07-03,2025-07-04,21.65,7.9,6.952,12.96,Alta,MILPIN-v1.3,aceptada,4033.0,6775.44,1244.58,Alta,Aspersion -> Goteo,0.39,0.68,Patron historico + indices climaticos: riego optimo en 4 dias evita estres hidrico en etapa Media.
3da60c1e-cbde-41f4-be7d-070fec3fd45f,PAR-078,CIC-2025-PV,2025-08-17,2025-08-20,24.3,7.41,6.298,19.27,Alta,MILPIN-v2.0,modificada,4525.7,7603.18,1396.63,Alta,Gravedad -> Microaspersion,0.62,0.58,Score optimizacion 0.62: migracion Gravedad -> Microaspersion proyecta ahorro 28% consumo anual con payback < 2 ciclos.
6e88b5ca-a84e-48e3-893b-eda2b5cf058c,PAR-078,CIC-2025-PV,2025-04-30,2025-05-02,27.47,7.16,6.086,22.31,Media,MILPIN-v1.3,rechazada,5118.6,8599.25,1579.6,Alta,Microaspersion -> Goteo,0.44,0.65,Deficit acumulado 22.3 mm supera umbral critico. Riego urgente antes de 3 dias para evitar dano.
46cdb1c7-1991-411f-8151-eeaa0d62e033,PAR-078,CIC-2025-PV,2025-08-27,2025-08-29,13.76,7.74,6.734,6.86,Baja,MILPIN-v1.3,modificada,2563.7,4307.02,791.16,Baja,Mantener sistema actual,0.69,0.44,Deficit acumulado 6.9 mm supera umbral critico. Riego urgente antes de 2 dias para evitar dano.
24f4e8d4-526e-4344-9559-5520bff9e97f,PAR-078,CIC-2025-OI,2026-03-03,2026-03-07,22.33,6.11,5.438,17.93,Alta,MILPIN-v1.2,modificada,4159.4,6987.79,1283.59,Media,Aspersion -> Goteo,0.34,0.63,Score optimizacion 0.34: migracion Aspersion -> Goteo proyecta ahorro 28% consumo anual con payback < 2 ciclos.
2b5b0c01-8c12-4d75-a908-d4b35ca58d8b,PAR-078,CIC-2025-OI,2026-02-26,2026-03-03,25.63,4.81,3.896,19.66,Media,MILPIN-v1.2,rechazada,4774.2,8020.66,1473.32,Baja,Microaspersion -> Goteo,0.59,0.53,Optimizacion turno nocturno 22-06 h: reduce evaporacion estimada 12-15%. Deficit actual 19.7 mm.
e4114d31-d494-44cc-8ee0-48a2e1068274,PAR-078,CIC-2025-OI,2025-12-27,2025-12-29,23.33,3.44,2.89,18.37,Media,MILPIN-v1.2,aceptada,4346.9,7302.79,1341.45,Alta,Aspersion -> Goteo,0.58,0.46,FAO-56 detecta inicio etapa media con Kc=0.84. Incrementar lamina un 28% respecto evento anterior.
b5468090-cfd0-4973-b52b-4f839b95e7c6,PAR-078,CIC-2025-OI,2026-02-27,2026-03-02,17.75,4.59,3.81,9.55,Alta,MILPIN-v1.3,modificada,3309.2,5559.46,1021.22,Alta,Microaspersion -> Goteo,0.42,0.44,Patron historico + indices climaticos: riego optimo en 4 dias evita estres hidrico en etapa Media.
76bcfdf4-0a3f-450f-92e5-325f90d8df4c,PAR-078,CIC-2025-OI,2026-03-23,2026-03-26,27.77,6.21,5.03,23.02,Media,MILPIN-v1.3,rechazada,5171.0,8687.28,1595.77,Media,Gravedad -> Goteo,0.53,0.57,Deficit acumulado 23.0 mm supera umbral critico. Riego urgente antes de 3 dias para evitar dano.
8d2a63e3-3158-465e-b8b0-181ac0337fe2,PAR-078,CIC-2026-PV,2026-05-17,2026-05-22,12.15,8.53,7.08,6.66,Media,MILPIN-v1.2,rechazada,736.8,1237.82,227.38,Media,Aspersion -> Goteo,0.84,0.88,Deficit acumulado 6.7 mm supera umbral critico. Riego urgente antes de 2 dias para evitar dano.
22bd185b-6eb8-4f50-88b9-b19aa51cd5b5,PAR-078,CIC-2026-PV,2026-04-05,2026-04-08,21.53,7.46,3.849,14.51,Media,MILPIN-v2.0,aceptada,1303.6,2190.05,402.29,Alta,Microaspersion -> Goteo,0.82,0.91,ETo proyectada 7.5 mm/dia (horizonte 7 dias). Kc=0.52 etapa Desarrollo. Aplicar lamina 22 mm.
5a00e015-32f0-4323-b3dc-53734781972f,PAR-078,CIC-2026-PV,2026-04-09,2026-04-13,17.42,7.55,4.009,12.54,Baja,MILPIN-v2.0,modificada,1055.1,1772.57,325.6,Media,Aspersion -> Goteo,0.73,0.89,FAO-56 detecta inicio etapa media con Kc=0.53. Incrementar lamina un 11% respecto evento anterior.
ac34c555-09e6-44b0-9032-127b1341ebd4,PAR-078,CIC-2026-PV,2026-08-01,2026-08-04,31.91,7.75,6.433,23.73,Media,MILPIN-v1.2,aceptada,1931.5,3244.92,596.06,Baja,Microaspersion -> Goteo,0.91,0.85,Deficit acumulado 23.7 mm supera umbral critico. Riego urgente antes de 2 dias para evitar dano.
083ee24f-36e6-4e6d-bc4c-aa5bd69e1895,PAR-078,CIC-2026-PV,2026-07-21,2026-07-25,32.57,7.89,6.628,22.87,Alta,MILPIN-v2.0,modificada,1970.7,3310.78,608.16,Media,Gravedad -> Microaspersion,0.86,0.9,FAO-56 detecta inicio etapa media con Kc=0.84. Incrementar lamina un 11% respecto evento anterior.
825733e6-92de-4bff-912a-108959242454,PAR-078,CIC-2026-PV,2026-09-12,2026-09-16,17.67,6.25,4.244,9.79,Baja,MILPIN-v1.2,modificada,1072.6,1801.97,331.0,Alta,Mantener sistema actual,0.81,0.92,Patron historico + indices climaticos: riego optimo en 3 dias evita estres hidrico en etapa Final.
1618cc9e-fd3a-411f-b4cd-516be68133bb,PAR-079,CIC-2025-PV,2025-03-28,2025-03-30,20.74,5.67,3.317,13.81,Media,MILPIN-v1.2,rechazada,1898.2,3188.98,585.78,Alta,Mantener sistema actual,0.33,0.47,Patron historico + indices climaticos: riego optimo en 2 dias evita estres hidrico en etapa Desarrollo.
b8c332aa-75c4-4ae9-9557-1485c141de91,PAR-079,CIC-2025-PV,2025-08-24,2025-08-26,17.58,7.75,2.402,10.14,Alta,MILPIN-v1.3,aceptada,1609.3,2703.62,496.63,Media,Gravedad -> Goteo,0.36,0.74,Optimizacion turno nocturno 22-06 h: reduce evaporacion estimada 12-15%. Deficit actual 10.1 mm.
6d4ed9c0-8643-4fe5-99b9-2ddecc4024d8,PAR-079,CIC-2025-PV,2025-10-10,2025-10-14,11.89,4.8,1.632,8.77,Media,MILPIN-v1.3,modificada,1087.1,1826.33,335.48,Alta,Microaspersion -> Goteo,0.61,0.46,Patron historico + indices climaticos: riego optimo en 4 dias evita estres hidrico en etapa Final.
e469a545-b85f-43a6-bc80-313ee1bf24a6,PAR-079,CIC-2025-PV,2025-07-01,2025-07-02,20.61,8.14,2.93,12.99,Baja,MILPIN-v1.3,rechazada,1885.3,3167.3,581.8,Alta,Mantener sistema actual,0.64,0.69,Patron historico + indices climaticos: riego optimo en 5 dias evita estres hidrico en etapa Final.
e7d6ca80-81b0-468e-bbfd-4399e116254c,PAR-079,CIC-2025-PV,2025-05-26,2025-05-29,22.35,8.47,7.623,18.82,Media,MILPIN-v2.0,aceptada,2043.7,3433.42,630.69,Baja,Gravedad -> Microaspersion,0.54,0.61,Patron historico + indices climaticos: riego optimo en 4 dias evita estres hidrico en etapa Final.
e38c424b-a534-443a-9508-840c3e56804c,PAR-079,CIC-2025-OI,2025-12-25,2025-12-26,23.3,3.21,3.756,16.56,Alta,MILPIN-v1.3,aceptada,2131.4,3580.75,657.75,Alta,Mantener sistema actual,0.4,0.44,Patron historico + indices climaticos: riego optimo en 3 dias evita estres hidrico en etapa Media.
4af77bbb-7873-452f-953b-19a5fcd94805,PAR-079,CIC-2025-OI,2026-01-13,2026-01-16,33.38,3.69,3.653,25.58,Baja,MILPIN-v1.3,rechazada,3051.6,5126.69,941.72,Baja,Gravedad -> Microaspersion,0.44,0.58,Balance hidrico acumulado indica deficit de 25.6 mm. Riego preventivo recomendado en 5 dias.
28706f41-57e0-4c15-ab68-459a34421a9b,PAR-079,CIC-2025-OI,2026-02-21,2026-02-22,21.73,4.2,1.302,18.34,Media,MILPIN-v1.3,sin_respuesta,1988.1,3340.01,613.53,Baja,Gravedad -> Microaspersion,0.4,0.39,Patron historico + indices climaticos: riego optimo en 4 dias evita estres hidrico en etapa Final.
6253af29-eec5-4487-9d0a-54aeff63f219,PAR-079,CIC-2025-OI,2025-12-23,2025-12-26,32.69,3.05,3.568,24.42,Media,MILPIN-v1.2,aceptada,2989.6,5022.53,922.59,Baja,Gravedad -> Microaspersion,0.69,0.6,ETo proyectada 3.0 mm/dia (horizonte 7 dias). Kc=1.17 etapa Media. Aplicar lamina 33 mm.
1e09126a-b2d8-4f6e-b2cf-b3844aaf8484,PAR-079,CIC-2025-OI,2026-03-09,2026-03-12,11.09,5.91,2.305,6.56,Alta,MILPIN-v2.0,aceptada,1014.4,1704.19,313.04,Alta,Mantener sistema actual,0.45,0.74,Deficit acumulado 6.6 mm supera umbral critico. Riego urgente antes de 4 dias para evitar dano.
21c94e74-3927-4415-8adc-df36858eb126,PAR-079,CIC-2025-OI,2026-01-24,2026-01-25,21.7,3.83,1.838,18.41,Alta,MILPIN-v2.0,modificada,1983.8,3332.78,612.2,Media,Gravedad -> Microaspersion,0.65,0.61,Deficit acumulado 18.4 mm supera umbral critico. Riego urgente antes de 3 dias para evitar dano.
32331924-1eb3-4696-96e7-2fcaffc87497,PAR-079,CIC-2026-PV,2026-10-03,2026-10-05,28.11,4.96,1.686,19.37,Alta,MILPIN-v1.3,aceptada,836.7,1405.66,258.21,Baja,Mantener sistema actual,0.9,0.9,Deficit acumulado 19.4 mm supera umbral critico. Riego urgente antes de 6 dias para evitar dano.
c6e4e5af-da52-4975-9ca6-dda28e29cd97,PAR-079,CIC-2026-PV,2026-06-21,2026-06-25,33.57,8.95,3.043,27.86,Media,MILPIN-v1.3,aceptada,997.2,1675.3,307.74,Alta,Gravedad -> Goteo,0.86,0.91,Score optimizacion 0.86: migracion Gravedad -> Goteo proyecta ahorro 11% consumo anual con payback < 2 ciclos.
4a2a7ae5-59b1-4935-93a7-0621cb8d7b66,PAR-079,CIC-2026-PV,2026-08-18,2026-08-20,20.35,7.72,2.779,15.82,Media,MILPIN-v1.2,aceptada,605.6,1017.41,186.89,Media,Mantener sistema actual,0.89,0.81,Optimizacion turno nocturno 22-06 h: reduce evaporacion estimada 12-15%. Deficit actual 15.8 mm.
5e27e257-25f9-469d-bd7a-d8041f1585ab,PAR-079,CIC-2026-PV,2026-05-06,2026-05-08,17.06,8.55,10.004,9.7,Media,MILPIN-v1.2,aceptada,505.0,848.4,155.84,Alta,Microaspersion -> Goteo,0.72,0.84,Optimizacion turno nocturno 22-06 h: reduce evaporacion estimada 12-15%. Deficit actual 9.7 mm.
69b0b3d2-abb8-46dc-bd11-25fa3ec6f3be,PAR-079,CIC-2026-PV,2026-07-04,2026-07-05,12.12,7.87,2.676,6.84,Baja,MILPIN-v1.3,aceptada,359.5,603.96,110.94,Media,Mantener sistema actual,0.75,0.93,Balance hidrico acumulado indica deficit de 6.8 mm. Riego preventivo recomendado en 5 dias.
07e043f4-ca14-4f43-b8b5-d5944e1d539f,PAR-080,CIC-2025-PV,2025-06-17,2025-06-21,36.19,9.07,9.088,27.71,Media,MILPIN-v2.0,sin_respuesta,3124.9,5249.83,964.34,Media,Aspersion -> Goteo,0.55,0.59,ETo proyectada 9.1 mm/dia (horizonte 7 dias). Kc=1.00 etapa Final. Aplicar lamina 36 mm.
401af0d8-b939-4d68-a111-c16181c254a9,PAR-080,CIC-2025-PV,2025-05-26,2025-05-30,28.72,8.4,8.652,19.36,Alta,MILPIN-v1.3,aceptada,2478.5,4163.88,764.87,Alta,Microaspersion -> Goteo,0.4,0.7,Optimizacion turno nocturno 22-06 h: reduce evaporacion estimada 12-15%. Deficit actual 19.4 mm.
a7329bdd-b0fb-4e03-971a-e5747ee8879e,PAR-080,CIC-2025-PV,2025-08-05,2025-08-07,24.45,7.57,6.662,20.23,Alta,MILPIN-v1.3,rechazada,2110.9,3546.31,651.42,Media,Microaspersion -> Goteo,0.5,0.67,Optimizacion turno nocturno 22-06 h: reduce evaporacion estimada 12-15%. Deficit actual 20.2 mm.
730e4192-887f-4d36-87bf-517dd8095f7b,PAR-080,CIC-2025-PV,2025-05-11,2025-05-14,18.45,8.67,8.843,12.28,Baja,MILPIN-v1.2,modificada,1591.8,2674.22,491.23,Media,Gravedad -> Microaspersion,0.59,0.52,Optimizacion turno nocturno 22-06 h: reduce evaporacion estimada 12-15%. Deficit actual 12.3 mm.
a2794baf-111a-452f-9862-15cea07503a3,PAR-080,CIC-2025-PV,2025-04-10,2025-04-14,21.53,7.81,6.271,18.19,Media,MILPIN-v2.0,aceptada,1858.4,3122.11,573.5,Media,Gravedad -> Goteo,0.68,0.58,FAO-56 detecta inicio etapa media con Kc=0.80. Incrementar lamina un 28% respecto evento anterior.
add8c93e-836b-41da-b49f-1f3e03ad7468,PAR-080,CIC-2025-PV,2025-07-05,2025-07-07,18.16,8.03,7.388,12.92,Alta,MILPIN-v1.3,rechazada,1567.5,2633.4,483.73,Baja,Gravedad -> Microaspersion,0.51,0.66,Deficit acumulado 12.9 mm supera umbral critico. Riego urgente antes de 2 dias para evitar dano.
4e1cb933-04bb-47d4-96f0-5c10cde008aa,PAR-080,CIC-2025-OI,2026-03-29,2026-04-03,36.85,6.16,5.421,27.83,Alta,MILPIN-v1.3,aceptada,3181.5,5344.92,981.81,Alta,Microaspersion -> Goteo,0.59,0.54,Optimizacion turno nocturno 22-06 h: reduce evaporacion estimada 12-15%. Deficit actual 27.8 mm.
c5fa0051-802d-47b9-9c15-e74ba4265b22,PAR-080,CIC-2025-OI,2025-12-27,2025-12-30,21.49,3.48,3.724,13.67,Alta,MILPIN-v1.3,sin_respuesta,1854.4,3115.39,572.27,Media,Mantener sistema actual,0.54,0.68,ETo proyectada 3.5 mm/dia (horizonte 7 dias). Kc=1.07 etapa Media. Aplicar lamina 21 mm.
67b1f144-0dec-4cd0-894b-9d373778c061,PAR-080,CIC-2025-OI,2026-02-17,2026-02-18,30.61,4.37,4.02,25.25,Alta,MILPIN-v1.2,rechazada,2642.2,4438.9,815.38,Baja,Aspersion -> Goteo,0.68,0.58,Optimizacion turno nocturno 22-06 h: reduce evaporacion estimada 12-15%. Deficit actual 25.2 mm.
926cc2ce-f856-47a8-9e0b-514722b57cfb,PAR-080,CIC-2026-PV,2026-09-27,2026-09-29,31.36,6.85,6.439,22.0,Baja,MILPIN-v2.0,aceptada,0.0,0.0,0.0,Baja,Microaspersion -> Goteo,0.88,0.83,Deficit acumulado 22.0 mm supera umbral critico. Riego urgente antes de 3 dias para evitar dano.
b39b73e7-6302-4afb-83de-0f36b7ca3e15,PAR-080,CIC-2026-PV,2026-08-14,2026-08-18,28.29,7.47,6.798,21.92,Media,MILPIN-v2.0,rechazada,0.0,0.0,0.0,Baja,Microaspersion -> Goteo,0.93,0.78,ETo proyectada 7.5 mm/dia (horizonte 7 dias). Kc=0.91 etapa Final. Aplicar lamina 28 mm.
87a0dc09-8986-417d-850c-d9c885d0e322,PAR-080,CIC-2026-PV,2026-06-02,2026-06-05,30.17,9.18,9.639,22.3,Media,MILPIN-v1.2,aceptada,0.0,0.0,0.0,Baja,Gravedad -> Goteo,0.96,0.76,ETo proyectada 9.2 mm/dia (horizonte 7 dias). Kc=1.05 etapa Media. Aplicar lamina 30 mm.
14534c36-4368-42fc-926c-0f987b5bc381,PAR-080,CIC-2026-PV,2026-07-30,2026-08-02,36.68,8.21,7.143,27.15,Alta,MILPIN-v1.2,rechazada,0.0,0.0,0.0,Baja,Microaspersion -> Goteo,0.9,0.77,FAO-56 detecta inicio etapa media con Kc=0.87. Incrementar lamina un 0% respecto evento anterior.
839deb57-4db0-4213-bd86-010f8165e76f,PAR-080,CIC-2026-PV,2026-08-01,2026-08-04,21.46,7.22,6.715,16.54,Alta,MILPIN-v1.2,aceptada,0.0,0.0,0.0,Media,Mantener sistema actual,0.85,0.75,ETo proyectada 7.2 mm/dia (horizonte 7 dias). Kc=0.93 etapa Final. Aplicar lamina 21 mm.
da35d4c2-2613-4f71-88de-affcccca86b8,PAR-080,CIC-2026-PV,2026-09-18,2026-09-19,17.45,6.31,5.427,14.25,Media,MILPIN-v2.0,modificada,0.0,0.0,0.0,Alta,Gravedad -> Microaspersion,0.76,0.78,Score optimizacion 0.76: migracion Gravedad -> Microaspersion proyecta ahorro 0% consumo anual con payback < 2 ciclos.
